[Policy] m=12 h=8 rounds=200 T_target=12 policy=irl1+freeze cap=64 scale=1000 freeze=1 homotopy=1 sigma=0.8 shrink=0.9
[OC-Shortest/pow2] m=12 h=8 SEG=4 bits=48 words=1 threads=24
[DP-fwdX] L=0 states=1 -> 1
[DP-fwdX] L=16 states=179 -> 218
[DP-fwdX] L=32 states=1870 -> 2034
[DP-bwdX] L=96 states=1 -> 1
[DP-bwdX] L=80 states=179 -> 218
[DP-bwdX] L=64 states=1870 -> 2034
[DP-fwdX] L=0 states=1 -> 1
[DP-fwdX] L=16 states=179 -> 218
[DP-bwdX] L=48 states=1 -> 1
[DP-bwdX] L=32 states=94 -> 103
[DP-fwdX] L=0 states=1 -> 1
[DP-bwdX] L=16 states=10 -> 11
[DP-fwdX] L=0 states=1 -> 1
[DP-fwdX] L=0 states=1 -> 1
[DP-fwdX] L=0 states=1 -> 1
[DP-fwdX] L=16 states=19 -> 31
[DP-bwdX] L=16 states=4 -> 6
[DP-fwdX] L=16 states=1 -> 3
[DP-fwdX] L=32 states=22 -> 29
[DP-bwdX] L=48 states=1 -> 1
[DP-bwdX] L=32 states=12 -> 16
[DP-fwdX] L=32 states=4 -> 6
[DP-bwdX] L=32 states=2 -> 3
[DP-bwdX] L=48 states=1 -> 1
[DP-bwdX] L=48 states=1 -> 1
[DP-bwdX] L=48 states=1 -> 1
[DP-bwdX] L=48 states=1 -> 1
[DP-fwdX] L=48 states=1 -> 1
[DP-fwdX] L=64 states=94 -> 103
[DP-bwdX] L=96 states=1 -> 1
[DP-bwdX] L=80 states=179 -> 218
[DP-fwdX] L=48 states=1 -> 1
[DP-bwdX] L=64 states=22 -> 29
[DP-fwdX] L=48 states=1 -> 1
[DP-fwdX] L=48 states=1 -> 1
[DP-fwdX] L=48 states=1 -> 1
[DP-fwdX] L=64 states=12 -> 16
[DP-bwdX] L=64 states=4 -> 6
[DP-fwdX] L=64 states=1 -> 1
[DP-fwdX] L=80 states=10 -> 11
[DP-bwdX] L=96 states=1 -> 1
[DP-bwdX] L=80 states=19 -> 31
[DP-fwdX] L=80 states=2 -> 3
[DP-bwdX] L=80 states=2 -> 5
[DP-bwdX] L=96 states=1 -> 1
[DP-bwdX] L=96 states=1 -> 1
[DP-bwdX] L=96 states=1 -> 1
[DP-bwdX] L=96 states=1 -> 1
[Init-Homotopy] round1 maxL=20  set T_prime0=16 (T_target=12)
  [Round 1] T_prime=16  T_target=12  HPWL_w=756000  HPWL_eq=756  maxL=20  WNS(T')=-4  WNS*(T)=-8  picked=172  solve_ms=84.991
[OC-Shortest/pow2] m=12 h=8 SEG=4 bits=48 words=1 threads=24
[DP-fwdX] L=0 states=1 -> 1
[DP-fwdX] L=16 states=179 -> 218
[DP-fwdX] L=32 states=1870 -> 2034
[DP-bwdX] L=96 states=1 -> 1
[DP-bwdX] L=80 states=179 -> 218
[DP-bwdX] L=64 states=1870 -> 2034
[DP-fwdX] L=0 states=1 -> 1
[DP-fwdX] L=16 states=179 -> 218
[DP-bwdX] L=48 states=1 -> 1
[DP-bwdX] L=32 states=94 -> 103
[DP-fwdX] L=0 states=1 -> 1
[DP-bwdX] L=16 states=32 -> 31
[DP-fwdX] L=0 states=1 -> 1
[DP-fwdX] L=0 states=1 -> 1
[DP-fwdX] L=0 states=1 -> 1
[DP-fwdX] L=16 states=19 -> 32
[DP-bwdX] L=16 states=4 -> 5
[DP-fwdX] L=16 states=1 -> 2
[DP-fwdX] L=32 states=150 -> 204
[DP-bwdX] L=48 states=1 -> 1
[DP-bwdX] L=32 states=12 -> 16
[DP-fwdX] L=32 states=4 -> 6
[DP-bwdX] L=32 states=2 -> 3
[DP-bwdX] L=48 states=1 -> 1
[DP-bwdX] L=48 states=1 -> 1
[DP-bwdX] L=48 states=1 -> 1
[DP-bwdX] L=48 states=1 -> 1
[DP-fwdX] L=48 states=1 -> 1
[DP-fwdX] L=64 states=94 -> 103
[DP-bwdX] L=96 states=1 -> 1
[DP-bwdX] L=80 states=179 -> 218
[DP-fwdX] L=48 states=1 -> 1
[DP-bwdX] L=64 states=163 -> 226
[DP-fwdX] L=48 states=1 -> 1
[DP-fwdX] L=48 states=1 -> 1
[DP-fwdX] L=48 states=1 -> 1
[DP-fwdX] L=64 states=12 -> 16
[DP-bwdX] L=64 states=4 -> 6
[DP-fwdX] L=64 states=1 -> 1
[DP-fwdX] L=80 states=21 -> 22
[DP-bwdX] L=96 states=1 -> 1
[DP-bwdX] L=80 states=19 -> 32
[DP-fwdX] L=80 states=4 -> 5
[DP-bwdX] L=80 states=3 -> 7
[DP-bwdX] L=96 states=1 -> 1
[DP-bwdX] L=96 states=1 -> 1
[DP-bwdX] L=96 states=1 -> 1
[DP-bwdX] L=96 states=1 -> 1
  [Round 2] T_prime=16  T_target=12  HPWL_w=788000  HPWL_eq=776  maxL=27  WNS(T')=-11  WNS*(T)=-15  picked=172  solve_ms=88.5207
[OC-Shortest/pow2] m=12 h=8 SEG=4 bits=48 words=1 threads=24
[DP-fwdX] L=0 states=1 -> 1
[DP-fwdX] L=16 states=179 -> 218
[DP-fwdX] L=32 states=1870 -> 2034
[DP-bwdX] L=96 states=1 -> 1
[DP-bwdX] L=80 states=179 -> 218
[DP-bwdX] L=64 states=1870 -> 2034
[DP-fwdX] L=0 states=1 -> 1
[DP-fwdX] L=16 states=179 -> 218
[DP-bwdX] L=48 states=1 -> 1
[DP-bwdX] L=32 states=94 -> 103
[DP-fwdX] L=0 states=1 -> 1
[DP-bwdX] L=16 states=10 -> 11
[DP-fwdX] L=0 states=1 -> 1
[DP-fwdX] L=0 states=1 -> 1
[DP-fwdX] L=0 states=1 -> 1
[DP-fwdX] L=16 states=19 -> 31
[DP-bwdX] L=16 states=4 -> 6
[DP-fwdX] L=16 states=1 -> 3
[DP-fwdX] L=32 states=22 -> 29
[DP-bwdX] L=48 states=1 -> 1
[DP-bwdX] L=32 states=12 -> 16
[DP-fwdX] L=32 states=5 -> 9
[DP-bwdX] L=32 states=3 -> 6
[DP-bwdX] L=48 states=1 -> 1
[DP-bwdX] L=48 states=1 -> 1
[DP-bwdX] L=48 states=1 -> 1
[DP-bwdX] L=48 states=1 -> 1
[DP-fwdX] L=48 states=1 -> 1
[DP-fwdX] L=64 states=94 -> 103
[DP-bwdX] L=96 states=1 -> 1
[DP-bwdX] L=80 states=179 -> 218
[DP-fwdX] L=48 states=1 -> 1
[DP-bwdX] L=64 states=22 -> 29
[DP-fwdX] L=48 states=1 -> 1
[DP-fwdX] L=48 states=1 -> 1
[DP-fwdX] L=48 states=1 -> 1
[DP-fwdX] L=64 states=15 -> 21
[DP-bwdX] L=64 states=5 -> 9
[DP-fwdX] L=64 states=1 -> 2
[DP-fwdX] L=80 states=10 -> 11
[DP-bwdX] L=96 states=1 -> 1
[DP-bwdX] L=80 states=19 -> 31
[DP-fwdX] L=80 states=2 -> 3
[DP-bwdX] L=80 states=2 -> 5
[DP-bwdX] L=96 states=1 -> 1
[DP-bwdX] L=96 states=1 -> 1
[DP-bwdX] L=96 states=1 -> 1
[DP-bwdX] L=96 states=1 -> 1
  [Round 3] T_prime=16  T_target=12  HPWL_w=796000  HPWL_eq=779  maxL=21  WNS(T')=-5  WNS*(T)=-9  picked=172  solve_ms=92.1623
[OC-Shortest/pow2] m=12 h=8 SEG=4 bits=48 words=1 threads=24
[DP-fwdX] L=0 states=1 -> 1
[DP-fwdX] L=16 states=179 -> 218
[DP-fwdX] L=32 states=1870 -> 2034
[DP-bwdX] L=96 states=1 -> 1
[DP-bwdX] L=80 states=179 -> 218
[DP-bwdX] L=64 states=1870 -> 2034
[DP-fwdX] L=0 states=1 -> 1
[DP-fwdX] L=16 states=179 -> 218
[DP-bwdX] L=48 states=1 -> 1
[DP-bwdX] L=32 states=94 -> 103
[DP-fwdX] L=0 states=1 -> 1
[DP-bwdX] L=16 states=29 -> 29
[DP-fwdX] L=0 states=1 -> 1
[DP-fwdX] L=0 states=1 -> 1
[DP-fwdX] L=0 states=1 -> 1
[DP-fwdX] L=16 states=19 -> 32
[DP-bwdX] L=16 states=4 -> 5
[DP-fwdX] L=16 states=1 -> 2
[DP-fwdX] L=32 states=126 -> 174
[DP-bwdX] L=48 states=1 -> 1
[DP-bwdX] L=32 states=12 -> 16
[DP-fwdX] L=32 states=4 -> 6
[DP-bwdX] L=32 states=2 -> 3
[DP-bwdX] L=48 states=1 -> 1
[DP-bwdX] L=48 states=1 -> 1
[DP-bwdX] L=48 states=1 -> 1
[DP-bwdX] L=48 states=1 -> 1
[DP-fwdX] L=48 states=1 -> 1
[DP-fwdX] L=64 states=94 -> 103
[DP-bwdX] L=96 states=1 -> 1
[DP-bwdX] L=80 states=179 -> 218
[DP-fwdX] L=48 states=1 -> 1
[DP-bwdX] L=64 states=97 -> 135
[DP-fwdX] L=48 states=1 -> 1
[DP-fwdX] L=48 states=1 -> 1
[DP-fwdX] L=48 states=1 -> 1
[DP-fwdX] L=64 states=12 -> 16
[DP-bwdX] L=64 states=4 -> 6
[DP-fwdX] L=64 states=1 -> 1
[DP-fwdX] L=80 states=13 -> 14
[DP-bwdX] L=96 states=1 -> 1
[DP-bwdX] L=80 states=19 -> 32
[DP-fwdX] L=80 states=4 -> 5
[DP-bwdX] L=80 states=3 -> 7
[DP-bwdX] L=96 states=1 -> 1
[DP-bwdX] L=96 states=1 -> 1
[DP-bwdX] L=96 states=1 -> 1
[DP-bwdX] L=96 states=1 -> 1
  [Round 4] T_prime=16  T_target=12  HPWL_w=798000  HPWL_eq=777  maxL=27  WNS(T')=-11  WNS*(T)=-15  picked=172  solve_ms=124.939
[OC-Shortest/pow2] m=12 h=8 SEG=4 bits=48 words=1 threads=24
[DP-fwdX] L=0 states=1 -> 1
[DP-fwdX] L=16 states=179 -> 218
[DP-fwdX] L=32 states=1870 -> 2034
[DP-bwdX] L=96 states=1 -> 1
[DP-bwdX] L=80 states=179 -> 218
[DP-bwdX] L=64 states=1870 -> 2034
[DP-fwdX] L=0 states=1 -> 1
[DP-fwdX] L=16 states=179 -> 218
[DP-bwdX] L=48 states=1 -> 1
[DP-bwdX] L=32 states=94 -> 103
[DP-fwdX] L=0 states=1 -> 1
[DP-bwdX] L=16 states=10 -> 11
[DP-fwdX] L=0 states=1 -> 1
[DP-fwdX] L=0 states=1 -> 1
[DP-fwdX] L=0 states=1 -> 1
[DP-fwdX] L=16 states=19 -> 31
[DP-bwdX] L=16 states=4 -> 6
[DP-fwdX] L=16 states=1 -> 3
[DP-fwdX] L=32 states=22 -> 29
[DP-bwdX] L=48 states=1 -> 1
[DP-bwdX] L=32 states=15 -> 21
[DP-fwdX] L=32 states=5 -> 9
[DP-bwdX] L=32 states=3 -> 6
[DP-bwdX] L=48 states=1 -> 1
[DP-bwdX] L=48 states=1 -> 1
[DP-bwdX] L=48 states=1 -> 1
[DP-bwdX] L=48 states=1 -> 1
[DP-fwdX] L=48 states=1 -> 1
[DP-fwdX] L=64 states=94 -> 103
[DP-bwdX] L=96 states=1 -> 1
[DP-bwdX] L=80 states=179 -> 218
[DP-fwdX] L=48 states=1 -> 1
[DP-bwdX] L=64 states=22 -> 29
[DP-fwdX] L=48 states=1 -> 1
[DP-fwdX] L=48 states=1 -> 1
[DP-fwdX] L=48 states=1 -> 1
[DP-fwdX] L=64 states=15 -> 21
[DP-bwdX] L=64 states=5 -> 9
[DP-fwdX] L=64 states=1 -> 2
[DP-fwdX] L=80 states=10 -> 11
[DP-bwdX] L=96 states=1 -> 1
[DP-bwdX] L=80 states=19 -> 31
[DP-fwdX] L=80 states=2 -> 3
[DP-bwdX] L=80 states=2 -> 5
[DP-bwdX] L=96 states=1 -> 1
[DP-bwdX] L=96 states=1 -> 1
[DP-bwdX] L=96 states=1 -> 1
[DP-bwdX] L=96 states=1 -> 1
  [Round 5] T_prime=16  T_target=12  HPWL_w=798000  HPWL_eq=780  maxL=21  WNS(T')=-5  WNS*(T)=-9  picked=172  solve_ms=87.7706
[OC-Shortest/pow2] m=12 h=8 SEG=4 bits=48 words=1 threads=24
[DP-fwdX] L=0 states=1 -> 1
[DP-fwdX] L=16 states=179 -> 218
[DP-fwdX] L=32 states=1870 -> 2034
[DP-bwdX] L=96 states=1 -> 1
[DP-bwdX] L=80 states=179 -> 218
[DP-bwdX] L=64 states=1870 -> 2034
[DP-fwdX] L=0 states=1 -> 1
[DP-fwdX] L=16 states=179 -> 218
[DP-bwdX] L=48 states=1 -> 1
[DP-bwdX] L=32 states=94 -> 103
[DP-fwdX] L=0 states=1 -> 1
[DP-bwdX] L=16 states=29 -> 29
[DP-fwdX] L=0 states=1 -> 1
[DP-fwdX] L=0 states=1 -> 1
[DP-fwdX] L=0 states=1 -> 1
[DP-fwdX] L=16 states=19 -> 32
[DP-bwdX] L=16 states=4 -> 5
[DP-fwdX] L=16 states=1 -> 2
[DP-fwdX] L=32 states=126 -> 174
[DP-bwdX] L=48 states=1 -> 1
[DP-bwdX] L=32 states=12 -> 16
[DP-fwdX] L=32 states=4 -> 6
[DP-bwdX] L=32 states=2 -> 3
[DP-bwdX] L=48 states=1 -> 1
[DP-bwdX] L=48 states=1 -> 1
[DP-bwdX] L=48 states=1 -> 1
[DP-bwdX] L=48 states=1 -> 1
[DP-fwdX] L=48 states=1 -> 1
[DP-fwdX] L=64 states=94 -> 103
[DP-bwdX] L=96 states=1 -> 1
[DP-bwdX] L=80 states=179 -> 218
[DP-fwdX] L=48 states=1 -> 1
[DP-bwdX] L=64 states=97 -> 135
[DP-fwdX] L=48 states=1 -> 1
[DP-fwdX] L=48 states=1 -> 1
[DP-fwdX] L=48 states=1 -> 1
[DP-fwdX] L=64 states=12 -> 16
[DP-bwdX] L=64 states=4 -> 6
[DP-fwdX] L=64 states=1 -> 1
[DP-fwdX] L=80 states=13 -> 14
[DP-bwdX] L=96 states=1 -> 1
[DP-bwdX] L=80 states=19 -> 32
[DP-fwdX] L=80 states=4 -> 5
[DP-bwdX] L=80 states=3 -> 7
[DP-bwdX] L=96 states=1 -> 1
[DP-bwdX] L=96 states=1 -> 1
[DP-bwdX] L=96 states=1 -> 1
[DP-bwdX] L=96 states=1 -> 1
  [Round 6] T_prime=16  T_target=12  HPWL_w=798000  HPWL_eq=777  maxL=27  WNS(T')=-11  WNS*(T)=-15  picked=172  solve_ms=92.2011
[OC-Shortest/pow2] m=12 h=8 SEG=4 bits=48 words=1 threads=24
[DP-fwdX] L=0 states=1 -> 1
[DP-fwdX] L=16 states=179 -> 218
[DP-fwdX] L=32 states=1870 -> 2034
[DP-bwdX] L=96 states=1 -> 1
[DP-bwdX] L=80 states=179 -> 218
[DP-bwdX] L=64 states=1870 -> 2034
[DP-fwdX] L=0 states=1 -> 1
[DP-fwdX] L=16 states=179 -> 218
[DP-bwdX] L=48 states=1 -> 1
[DP-bwdX] L=32 states=94 -> 103
[DP-fwdX] L=0 states=1 -> 1
[DP-bwdX] L=16 states=10 -> 11
[DP-fwdX] L=0 states=1 -> 1
[DP-fwdX] L=0 states=1 -> 1
[DP-fwdX] L=0 states=1 -> 1
[DP-fwdX] L=16 states=19 -> 31
[DP-bwdX] L=16 states=4 -> 6
[DP-fwdX] L=16 states=1 -> 3
[DP-fwdX] L=32 states=22 -> 29
[DP-bwdX] L=48 states=1 -> 1
[DP-bwdX] L=32 states=15 -> 21
[DP-fwdX] L=32 states=5 -> 9
[DP-bwdX] L=32 states=3 -> 6
[DP-bwdX] L=48 states=1 -> 1
[DP-bwdX] L=48 states=1 -> 1
[DP-bwdX] L=48 states=1 -> 1
[DP-bwdX] L=48 states=1 -> 1
[DP-fwdX] L=48 states=1 -> 1
[DP-fwdX] L=64 states=94 -> 103
[DP-bwdX] L=96 states=1 -> 1
[DP-bwdX] L=80 states=179 -> 218
[DP-fwdX] L=48 states=1 -> 1
[DP-bwdX] L=64 states=22 -> 29
[DP-fwdX] L=48 states=1 -> 1
[DP-fwdX] L=48 states=1 -> 1
[DP-fwdX] L=48 states=1 -> 1
[DP-fwdX] L=64 states=15 -> 21
[DP-bwdX] L=64 states=5 -> 9
[DP-fwdX] L=64 states=1 -> 2
[DP-fwdX] L=80 states=10 -> 11
[DP-bwdX] L=96 states=1 -> 1
[DP-bwdX] L=80 states=19 -> 31
[DP-fwdX] L=80 states=2 -> 3
[DP-bwdX] L=80 states=2 -> 5
[DP-bwdX] L=96 states=1 -> 1
[DP-bwdX] L=96 states=1 -> 1
[DP-bwdX] L=96 states=1 -> 1
[DP-bwdX] L=96 states=1 -> 1
  [Round 7] T_prime=16  T_target=12  HPWL_w=798000  HPWL_eq=780  maxL=21  WNS(T')=-5  WNS*(T)=-9  picked=172  solve_ms=86.7721
[OC-Shortest/pow2] m=12 h=8 SEG=4 bits=48 words=1 threads=24
[DP-fwdX] L=0 states=1 -> 1
[DP-fwdX] L=16 states=179 -> 218
[DP-fwdX] L=32 states=1870 -> 2034
[DP-bwdX] L=96 states=1 -> 1
[DP-bwdX] L=80 states=179 -> 218
[DP-bwdX] L=64 states=1870 -> 2034
[DP-fwdX] L=0 states=1 -> 1
[DP-fwdX] L=16 states=179 -> 218
[DP-bwdX] L=48 states=1 -> 1
[DP-bwdX] L=32 states=94 -> 103
[DP-fwdX] L=0 states=1 -> 1
[DP-bwdX] L=16 states=29 -> 29
[DP-fwdX] L=0 states=1 -> 1
[DP-fwdX] L=0 states=1 -> 1
[DP-fwdX] L=0 states=1 -> 1
[DP-fwdX] L=16 states=19 -> 32
[DP-bwdX] L=16 states=4 -> 5
[DP-fwdX] L=16 states=1 -> 2
[DP-fwdX] L=32 states=126 -> 174
[DP-bwdX] L=48 states=1 -> 1
[DP-bwdX] L=32 states=12 -> 16
[DP-fwdX] L=32 states=4 -> 6
[DP-bwdX] L=32 states=2 -> 3
[DP-bwdX] L=48 states=1 -> 1
[DP-bwdX] L=48 states=1 -> 1
[DP-bwdX] L=48 states=1 -> 1
[DP-bwdX] L=48 states=1 -> 1
[DP-fwdX] L=48 states=1 -> 1
[DP-fwdX] L=64 states=94 -> 103
[DP-bwdX] L=96 states=1 -> 1
[DP-bwdX] L=80 states=179 -> 218
[DP-fwdX] L=48 states=1 -> 1
[DP-bwdX] L=64 states=97 -> 135
[DP-fwdX] L=48 states=1 -> 1
[DP-fwdX] L=48 states=1 -> 1
[DP-fwdX] L=48 states=1 -> 1
[DP-fwdX] L=64 states=12 -> 16
[DP-bwdX] L=64 states=4 -> 6
[DP-fwdX] L=64 states=1 -> 1
[DP-fwdX] L=80 states=13 -> 14
[DP-bwdX] L=96 states=1 -> 1
[DP-bwdX] L=80 states=19 -> 32
[DP-fwdX] L=80 states=4 -> 5
[DP-bwdX] L=80 states=3 -> 7
[DP-bwdX] L=96 states=1 -> 1
[DP-bwdX] L=96 states=1 -> 1
[DP-bwdX] L=96 states=1 -> 1
[DP-bwdX] L=96 states=1 -> 1
  [Round 8] T_prime=16  T_target=12  HPWL_w=798000  HPWL_eq=777  maxL=27  WNS(T')=-11  WNS*(T)=-15  picked=172  solve_ms=89.0429
[OC-Shortest/pow2] m=12 h=8 SEG=4 bits=48 words=1 threads=24
[DP-fwdX] L=0 states=1 -> 1
[DP-fwdX] L=16 states=179 -> 218
[DP-fwdX] L=32 states=1870 -> 2034
[DP-bwdX] L=96 states=1 -> 1
[DP-bwdX] L=80 states=179 -> 218
[DP-bwdX] L=64 states=1870 -> 2034
[DP-fwdX] L=0 states=1 -> 1
[DP-fwdX] L=16 states=179 -> 218
[DP-bwdX] L=48 states=1 -> 1
[DP-bwdX] L=32 states=94 -> 103
[DP-fwdX] L=0 states=1 -> 1
[DP-bwdX] L=16 states=10 -> 11
[DP-fwdX] L=0 states=1 -> 1
[DP-fwdX] L=0 states=1 -> 1
[DP-fwdX] L=0 states=1 -> 1
[DP-fwdX] L=16 states=19 -> 31
[DP-bwdX] L=16 states=4 -> 6
[DP-fwdX] L=16 states=1 -> 3
[DP-fwdX] L=32 states=22 -> 29
[DP-bwdX] L=48 states=1 -> 1
[DP-bwdX] L=32 states=15 -> 21
[DP-fwdX] L=32 states=5 -> 9
[DP-bwdX] L=32 states=3 -> 6
[DP-bwdX] L=48 states=1 -> 1
[DP-bwdX] L=48 states=1 -> 1
[DP-bwdX] L=48 states=1 -> 1
[DP-bwdX] L=48 states=1 -> 1
[DP-fwdX] L=48 states=1 -> 1
[DP-fwdX] L=64 states=94 -> 103
[DP-bwdX] L=96 states=1 -> 1
[DP-bwdX] L=80 states=179 -> 218
[DP-fwdX] L=48 states=1 -> 1
[DP-bwdX] L=64 states=22 -> 29
[DP-fwdX] L=48 states=1 -> 1
[DP-fwdX] L=48 states=1 -> 1
[DP-fwdX] L=48 states=1 -> 1
[DP-fwdX] L=64 states=15 -> 21
[DP-bwdX] L=64 states=5 -> 9
[DP-fwdX] L=64 states=1 -> 2
[DP-fwdX] L=80 states=10 -> 11
[DP-bwdX] L=96 states=1 -> 1
[DP-bwdX] L=80 states=19 -> 31
[DP-fwdX] L=80 states=2 -> 3
[DP-bwdX] L=80 states=2 -> 5
[DP-bwdX] L=96 states=1 -> 1
[DP-bwdX] L=96 states=1 -> 1
[DP-bwdX] L=96 states=1 -> 1
[DP-bwdX] L=96 states=1 -> 1
  [Round 9] T_prime=16  T_target=12  HPWL_w=798000  HPWL_eq=780  maxL=21  WNS(T')=-5  WNS*(T)=-9  picked=172  solve_ms=83.5921
[OC-Shortest/pow2] m=12 h=8 SEG=4 bits=48 words=1 threads=24
[DP-fwdX] L=0 states=1 -> 1
[DP-fwdX] L=16 states=179 -> 218
[DP-fwdX] L=32 states=1870 -> 2034
[DP-bwdX] L=96 states=1 -> 1
[DP-bwdX] L=80 states=179 -> 218
[DP-bwdX] L=64 states=1870 -> 2034
[DP-fwdX] L=0 states=1 -> 1
[DP-fwdX] L=16 states=179 -> 218
[DP-bwdX] L=48 states=1 -> 1
[DP-bwdX] L=32 states=94 -> 103
[DP-fwdX] L=0 states=1 -> 1
[DP-bwdX] L=16 states=29 -> 29
[DP-fwdX] L=0 states=1 -> 1
[DP-fwdX] L=0 states=1 -> 1
[DP-fwdX] L=0 states=1 -> 1
[DP-fwdX] L=16 states=19 -> 32
[DP-bwdX] L=16 states=4 -> 5
[DP-fwdX] L=16 states=1 -> 2
[DP-fwdX] L=32 states=126 -> 174
[DP-bwdX] L=48 states=1 -> 1
[DP-bwdX] L=32 states=12 -> 16
[DP-fwdX] L=32 states=4 -> 6
[DP-bwdX] L=32 states=2 -> 3
[DP-bwdX] L=48 states=1 -> 1
[DP-bwdX] L=48 states=1 -> 1
[DP-bwdX] L=48 states=1 -> 1
[DP-bwdX] L=48 states=1 -> 1
[DP-fwdX] L=48 states=1 -> 1
[DP-fwdX] L=64 states=94 -> 103
[DP-bwdX] L=96 states=1 -> 1
[DP-bwdX] L=80 states=179 -> 218
[DP-fwdX] L=48 states=1 -> 1
[DP-bwdX] L=64 states=97 -> 135
[DP-fwdX] L=48 states=1 -> 1
[DP-fwdX] L=48 states=1 -> 1
[DP-fwdX] L=48 states=1 -> 1
[DP-fwdX] L=64 states=12 -> 16
[DP-bwdX] L=64 states=4 -> 6
[DP-fwdX] L=64 states=1 -> 1
[DP-fwdX] L=80 states=13 -> 14
[DP-bwdX] L=96 states=1 -> 1
[DP-bwdX] L=80 states=19 -> 32
[DP-fwdX] L=80 states=4 -> 5
[DP-bwdX] L=80 states=3 -> 7
[DP-bwdX] L=96 states=1 -> 1
[DP-bwdX] L=96 states=1 -> 1
[DP-bwdX] L=96 states=1 -> 1
[DP-bwdX] L=96 states=1 -> 1
  [Round 10] T_prime=16  T_target=12  HPWL_w=798000  HPWL_eq=777  maxL=27  WNS(T')=-11  WNS*(T)=-15  picked=172  solve_ms=86.1205
[OC-Shortest/pow2] m=12 h=8 SEG=4 bits=48 words=1 threads=24
[DP-fwdX] L=0 states=1 -> 1
[DP-fwdX] L=16 states=179 -> 218
[DP-fwdX] L=32 states=1870 -> 2034
[DP-bwdX] L=96 states=1 -> 1
[DP-bwdX] L=80 states=179 -> 218
[DP-bwdX] L=64 states=1870 -> 2034
[DP-fwdX] L=0 states=1 -> 1
[DP-fwdX] L=16 states=179 -> 218
[DP-bwdX] L=48 states=1 -> 1
[DP-bwdX] L=32 states=94 -> 103
[DP-fwdX] L=0 states=1 -> 1
[DP-bwdX] L=16 states=10 -> 11
[DP-fwdX] L=0 states=1 -> 1
[DP-fwdX] L=0 states=1 -> 1
[DP-fwdX] L=0 states=1 -> 1
[DP-fwdX] L=16 states=19 -> 31
[DP-bwdX] L=16 states=4 -> 6
[DP-fwdX] L=16 states=1 -> 3
[DP-fwdX] L=32 states=22 -> 29
[DP-bwdX] L=48 states=1 -> 1
[DP-bwdX] L=32 states=15 -> 21
[DP-fwdX] L=32 states=5 -> 9
[DP-bwdX] L=32 states=3 -> 6
[DP-bwdX] L=48 states=1 -> 1
[DP-bwdX] L=48 states=1 -> 1
[DP-bwdX] L=48 states=1 -> 1
[DP-bwdX] L=48 states=1 -> 1
[DP-fwdX] L=48 states=1 -> 1
[DP-fwdX] L=64 states=94 -> 103
[DP-bwdX] L=96 states=1 -> 1
[DP-bwdX] L=80 states=179 -> 218
[DP-fwdX] L=48 states=1 -> 1
[DP-bwdX] L=64 states=22 -> 29
[DP-fwdX] L=48 states=1 -> 1
[DP-fwdX] L=48 states=1 -> 1
[DP-fwdX] L=48 states=1 -> 1
[DP-fwdX] L=64 states=15 -> 21
[DP-bwdX] L=64 states=5 -> 9
[DP-fwdX] L=64 states=1 -> 2
[DP-fwdX] L=80 states=10 -> 11
[DP-bwdX] L=96 states=1 -> 1
[DP-bwdX] L=80 states=19 -> 31
[DP-fwdX] L=80 states=2 -> 3
[DP-bwdX] L=80 states=2 -> 5
[DP-bwdX] L=96 states=1 -> 1
[DP-bwdX] L=96 states=1 -> 1
[DP-bwdX] L=96 states=1 -> 1
[DP-bwdX] L=96 states=1 -> 1
  [Round 11] T_prime=16  T_target=12  HPWL_w=798000  HPWL_eq=780  maxL=21  WNS(T')=-5  WNS*(T)=-9  picked=172  solve_ms=88.5055
[OC-Shortest/pow2] m=12 h=8 SEG=4 bits=48 words=1 threads=24
[DP-fwdX] L=0 states=1 -> 1
[DP-fwdX] L=16 states=179 -> 218
[DP-fwdX] L=32 states=1870 -> 2034
[DP-bwdX] L=96 states=1 -> 1
[DP-bwdX] L=80 states=179 -> 218
[DP-bwdX] L=64 states=1870 -> 2034
[DP-fwdX] L=0 states=1 -> 1
[DP-fwdX] L=16 states=179 -> 218
[DP-bwdX] L=48 states=1 -> 1
[DP-bwdX] L=32 states=94 -> 103
[DP-fwdX] L=0 states=1 -> 1
[DP-bwdX] L=16 states=29 -> 29
[DP-fwdX] L=0 states=1 -> 1
[DP-fwdX] L=0 states=1 -> 1
[DP-fwdX] L=0 states=1 -> 1
[DP-fwdX] L=16 states=19 -> 32
[DP-bwdX] L=16 states=4 -> 5
[DP-fwdX] L=16 states=1 -> 2
[DP-fwdX] L=32 states=126 -> 174
[DP-bwdX] L=48 states=1 -> 1
[DP-bwdX] L=32 states=12 -> 16
[DP-fwdX] L=32 states=4 -> 6
[DP-bwdX] L=32 states=2 -> 3
[DP-bwdX] L=48 states=1 -> 1
[DP-bwdX] L=48 states=1 -> 1
[DP-bwdX] L=48 states=1 -> 1
[DP-bwdX] L=48 states=1 -> 1
[DP-fwdX] L=48 states=1 -> 1
[DP-fwdX] L=64 states=94 -> 103
[DP-bwdX] L=96 states=1 -> 1
[DP-bwdX] L=80 states=179 -> 218
[DP-fwdX] L=48 states=1 -> 1
[DP-bwdX] L=64 states=97 -> 135
[DP-fwdX] L=48 states=1 -> 1
[DP-fwdX] L=48 states=1 -> 1
[DP-fwdX] L=48 states=1 -> 1
[DP-fwdX] L=64 states=12 -> 16
[DP-bwdX] L=64 states=4 -> 6
[DP-fwdX] L=64 states=1 -> 1
[DP-fwdX] L=80 states=13 -> 14
[DP-bwdX] L=96 states=1 -> 1
[DP-bwdX] L=80 states=19 -> 32
[DP-fwdX] L=80 states=4 -> 5
[DP-bwdX] L=80 states=3 -> 7
[DP-bwdX] L=96 states=1 -> 1
[DP-bwdX] L=96 states=1 -> 1
[DP-bwdX] L=96 states=1 -> 1
[DP-bwdX] L=96 states=1 -> 1
  [Round 12] T_prime=16  T_target=12  HPWL_w=798000  HPWL_eq=777  maxL=27  WNS(T')=-11  WNS*(T)=-15  picked=172  solve_ms=203.276
[OC-Shortest/pow2] m=12 h=8 SEG=4 bits=48 words=1 threads=24
[DP-fwdX] L=0 states=1 -> 1
[DP-fwdX] L=16 states=179 -> 218
[DP-fwdX] L=32 states=1870 -> 2034
[DP-bwdX] L=96 states=1 -> 1
[DP-bwdX] L=80 states=179 -> 218
[DP-bwdX] L=64 states=1870 -> 2034
[DP-fwdX] L=0 states=1 -> 1
[DP-fwdX] L=16 states=179 -> 218
[DP-bwdX] L=48 states=1 -> 1
[DP-bwdX] L=32 states=94 -> 103
[DP-fwdX] L=0 states=1 -> 1
[DP-bwdX] L=16 states=10 -> 11
[DP-fwdX] L=0 states=1 -> 1
[DP-fwdX] L=0 states=1 -> 1
[DP-fwdX] L=0 states=1 -> 1
[DP-fwdX] L=16 states=19 -> 31
[DP-bwdX] L=16 states=4 -> 6
[DP-fwdX] L=16 states=1 -> 3
[DP-fwdX] L=32 states=22 -> 29
[DP-bwdX] L=48 states=1 -> 1
[DP-bwdX] L=32 states=15 -> 21
[DP-fwdX] L=32 states=5 -> 9
[DP-bwdX] L=32 states=3 -> 6
[DP-bwdX] L=48 states=1 -> 1
[DP-bwdX] L=48 states=1 -> 1
[DP-bwdX] L=48 states=1 -> 1
[DP-bwdX] L=48 states=1 -> 1
[DP-fwdX] L=48 states=1 -> 1
[DP-fwdX] L=64 states=94 -> 103
[DP-bwdX] L=96 states=1 -> 1
[DP-bwdX] L=80 states=179 -> 218
[DP-fwdX] L=48 states=1 -> 1
[DP-bwdX] L=64 states=22 -> 29
[DP-fwdX] L=48 states=1 -> 1
[DP-fwdX] L=48 states=1 -> 1
[DP-fwdX] L=48 states=1 -> 1
[DP-fwdX] L=64 states=15 -> 21
[DP-bwdX] L=64 states=5 -> 9
[DP-fwdX] L=64 states=1 -> 2
[DP-fwdX] L=80 states=10 -> 11
[DP-bwdX] L=96 states=1 -> 1
[DP-bwdX] L=80 states=19 -> 31
[DP-fwdX] L=80 states=2 -> 3
[DP-bwdX] L=80 states=2 -> 5
[DP-bwdX] L=96 states=1 -> 1
[DP-bwdX] L=96 states=1 -> 1
[DP-bwdX] L=96 states=1 -> 1
[DP-bwdX] L=96 states=1 -> 1
  [Round 13] T_prime=16  T_target=12  HPWL_w=798000  HPWL_eq=780  maxL=21  WNS(T')=-5  WNS*(T)=-9  picked=172  solve_ms=107.751
[OC-Shortest/pow2] m=12 h=8 SEG=4 bits=48 words=1 threads=24
[DP-fwdX] L=0 states=1 -> 1
[DP-fwdX] L=16 states=179 -> 218
[DP-fwdX] L=32 states=1870 -> 2034
[DP-bwdX] L=96 states=1 -> 1
[DP-bwdX] L=80 states=179 -> 218
[DP-bwdX] L=64 states=1870 -> 2034
[DP-fwdX] L=0 states=1 -> 1
[DP-fwdX] L=16 states=179 -> 218
[DP-bwdX] L=48 states=1 -> 1
[DP-bwdX] L=32 states=94 -> 103
[DP-fwdX] L=0 states=1 -> 1
[DP-bwdX] L=16 states=29 -> 29
[DP-fwdX] L=0 states=1 -> 1
[DP-fwdX] L=0 states=1 -> 1
[DP-fwdX] L=0 states=1 -> 1
[DP-fwdX] L=16 states=19 -> 32
[DP-bwdX] L=16 states=4 -> 5
[DP-fwdX] L=16 states=1 -> 2
[DP-fwdX] L=32 states=126 -> 174
[DP-bwdX] L=48 states=1 -> 1
[DP-bwdX] L=32 states=12 -> 16
[DP-fwdX] L=32 states=4 -> 6
[DP-bwdX] L=32 states=2 -> 3
[DP-bwdX] L=48 states=1 -> 1
[DP-bwdX] L=48 states=1 -> 1
[DP-bwdX] L=48 states=1 -> 1
[DP-bwdX] L=48 states=1 -> 1
[DP-fwdX] L=48 states=1 -> 1
[DP-fwdX] L=64 states=94 -> 103
[DP-bwdX] L=96 states=1 -> 1
[DP-bwdX] L=80 states=179 -> 218
[DP-fwdX] L=48 states=1 -> 1
[DP-bwdX] L=64 states=97 -> 135
[DP-fwdX] L=48 states=1 -> 1
[DP-fwdX] L=48 states=1 -> 1
[DP-fwdX] L=48 states=1 -> 1
[DP-fwdX] L=64 states=12 -> 16
[DP-bwdX] L=64 states=4 -> 6
[DP-fwdX] L=64 states=1 -> 1
[DP-fwdX] L=80 states=13 -> 14
[DP-bwdX] L=96 states=1 -> 1
[DP-bwdX] L=80 states=19 -> 32
[DP-fwdX] L=80 states=4 -> 5
[DP-bwdX] L=80 states=3 -> 7
[DP-bwdX] L=96 states=1 -> 1
[DP-bwdX] L=96 states=1 -> 1
[DP-bwdX] L=96 states=1 -> 1
[DP-bwdX] L=96 states=1 -> 1
  [Round 14] T_prime=16  T_target=12  HPWL_w=798000  HPWL_eq=777  maxL=27  WNS(T')=-11  WNS*(T)=-15  picked=172  solve_ms=97.3751
[OC-Shortest/pow2] m=12 h=8 SEG=4 bits=48 words=1 threads=24
[DP-fwdX] L=0 states=1 -> 1
[DP-fwdX] L=16 states=179 -> 218
[DP-fwdX] L=32 states=1870 -> 2034
[DP-bwdX] L=96 states=1 -> 1
[DP-bwdX] L=80 states=179 -> 218
[DP-bwdX] L=64 states=1870 -> 2034
[DP-fwdX] L=0 states=1 -> 1
[DP-fwdX] L=16 states=179 -> 218
[DP-bwdX] L=48 states=1 -> 1
[DP-bwdX] L=32 states=94 -> 103
[DP-fwdX] L=0 states=1 -> 1
[DP-bwdX] L=16 states=10 -> 11
[DP-fwdX] L=0 states=1 -> 1
[DP-fwdX] L=0 states=1 -> 1
[DP-fwdX] L=0 states=1 -> 1
[DP-fwdX] L=16 states=19 -> 31
[DP-bwdX] L=16 states=4 -> 6
[DP-fwdX] L=16 states=1 -> 3
[DP-fwdX] L=32 states=22 -> 29
[DP-bwdX] L=48 states=1 -> 1
[DP-bwdX] L=32 states=15 -> 21
[DP-fwdX] L=32 states=5 -> 9
[DP-bwdX] L=32 states=3 -> 6
[DP-bwdX] L=48 states=1 -> 1
[DP-bwdX] L=48 states=1 -> 1
[DP-bwdX] L=48 states=1 -> 1
[DP-bwdX] L=48 states=1 -> 1
[DP-fwdX] L=48 states=1 -> 1
[DP-fwdX] L=64 states=94 -> 103
[DP-bwdX] L=96 states=1 -> 1
[DP-bwdX] L=80 states=179 -> 218
[DP-fwdX] L=48 states=1 -> 1
[DP-bwdX] L=64 states=22 -> 29
[DP-fwdX] L=48 states=1 -> 1
[DP-fwdX] L=48 states=1 -> 1
[DP-fwdX] L=48 states=1 -> 1
[DP-fwdX] L=64 states=15 -> 21
[DP-bwdX] L=64 states=5 -> 9
[DP-fwdX] L=64 states=1 -> 2
[DP-fwdX] L=80 states=10 -> 11
[DP-bwdX] L=96 states=1 -> 1
[DP-bwdX] L=80 states=19 -> 31
[DP-fwdX] L=80 states=2 -> 3
[DP-bwdX] L=80 states=2 -> 5
[DP-bwdX] L=96 states=1 -> 1
[DP-bwdX] L=96 states=1 -> 1
[DP-bwdX] L=96 states=1 -> 1
[DP-bwdX] L=96 states=1 -> 1
  [Round 15] T_prime=16  T_target=12  HPWL_w=798000  HPWL_eq=780  maxL=21  WNS(T')=-5  WNS*(T)=-9  picked=172  solve_ms=81.6332
[OC-Shortest/pow2] m=12 h=8 SEG=4 bits=48 words=1 threads=24
[DP-fwdX] L=0 states=1 -> 1
[DP-fwdX] L=16 states=179 -> 218
[DP-fwdX] L=32 states=1870 -> 2034
[DP-bwdX] L=96 states=1 -> 1
[DP-bwdX] L=80 states=179 -> 218
[DP-bwdX] L=64 states=1870 -> 2034
[DP-fwdX] L=0 states=1 -> 1
[DP-fwdX] L=16 states=179 -> 218
[DP-bwdX] L=48 states=1 -> 1
[DP-bwdX] L=32 states=94 -> 103
[DP-fwdX] L=0 states=1 -> 1
[DP-bwdX] L=16 states=29 -> 29
[DP-fwdX] L=0 states=1 -> 1
[DP-fwdX] L=0 states=1 -> 1
[DP-fwdX] L=0 states=1 -> 1
[DP-fwdX] L=16 states=19 -> 32
[DP-bwdX] L=16 states=4 -> 5
[DP-fwdX] L=16 states=1 -> 2
[DP-fwdX] L=32 states=126 -> 174
[DP-bwdX] L=48 states=1 -> 1
[DP-bwdX] L=32 states=12 -> 16
[DP-fwdX] L=32 states=4 -> 6
[DP-bwdX] L=32 states=2 -> 3
[DP-bwdX] L=48 states=1 -> 1
[DP-bwdX] L=48 states=1 -> 1
[DP-bwdX] L=48 states=1 -> 1
[DP-bwdX] L=48 states=1 -> 1
[DP-fwdX] L=48 states=1 -> 1
[DP-fwdX] L=64 states=94 -> 103
[DP-bwdX] L=96 states=1 -> 1
[DP-bwdX] L=80 states=179 -> 218
[DP-fwdX] L=48 states=1 -> 1
[DP-bwdX] L=64 states=97 -> 135
[DP-fwdX] L=48 states=1 -> 1
[DP-fwdX] L=48 states=1 -> 1
[DP-fwdX] L=48 states=1 -> 1
[DP-fwdX] L=64 states=12 -> 16
[DP-bwdX] L=64 states=4 -> 6
[DP-fwdX] L=64 states=1 -> 1
[DP-fwdX] L=80 states=13 -> 14
[DP-bwdX] L=96 states=1 -> 1
[DP-bwdX] L=80 states=19 -> 32
[DP-fwdX] L=80 states=4 -> 5
[DP-bwdX] L=80 states=3 -> 7
[DP-bwdX] L=96 states=1 -> 1
[DP-bwdX] L=96 states=1 -> 1
[DP-bwdX] L=96 states=1 -> 1
[DP-bwdX] L=96 states=1 -> 1
  [Round 16] T_prime=16  T_target=12  HPWL_w=798000  HPWL_eq=777  maxL=27  WNS(T')=-11  WNS*(T)=-15  picked=172  solve_ms=83.6685
[OC-Shortest/pow2] m=12 h=8 SEG=4 bits=48 words=1 threads=24
[DP-fwdX] L=0 states=1 -> 1
[DP-fwdX] L=16 states=179 -> 218
[DP-fwdX] L=32 states=1870 -> 2034
[DP-bwdX] L=96 states=1 -> 1
[DP-bwdX] L=80 states=179 -> 218
[DP-bwdX] L=64 states=1870 -> 2034
[DP-fwdX] L=0 states=1 -> 1
[DP-fwdX] L=16 states=179 -> 218
[DP-bwdX] L=48 states=1 -> 1
[DP-bwdX] L=32 states=94 -> 103
[DP-fwdX] L=0 states=1 -> 1
[DP-bwdX] L=16 states=10 -> 11
[DP-fwdX] L=0 states=1 -> 1
[DP-fwdX] L=0 states=1 -> 1
[DP-fwdX] L=0 states=1 -> 1
[DP-fwdX] L=16 states=19 -> 31
[DP-bwdX] L=16 states=4 -> 6
[DP-fwdX] L=16 states=1 -> 3
[DP-fwdX] L=32 states=22 -> 29
[DP-bwdX] L=48 states=1 -> 1
[DP-bwdX] L=32 states=15 -> 21
[DP-fwdX] L=32 states=5 -> 9
[DP-bwdX] L=32 states=3 -> 6
[DP-bwdX] L=48 states=1 -> 1
[DP-bwdX] L=48 states=1 -> 1
[DP-bwdX] L=48 states=1 -> 1
[DP-bwdX] L=48 states=1 -> 1
[DP-fwdX] L=48 states=1 -> 1
[DP-fwdX] L=64 states=94 -> 103
[DP-bwdX] L=96 states=1 -> 1
[DP-bwdX] L=80 states=179 -> 218
[DP-fwdX] L=48 states=1 -> 1
[DP-bwdX] L=64 states=22 -> 29
[DP-fwdX] L=48 states=1 -> 1
[DP-fwdX] L=48 states=1 -> 1
[DP-fwdX] L=48 states=1 -> 1
[DP-fwdX] L=64 states=15 -> 21
[DP-bwdX] L=64 states=5 -> 9
[DP-fwdX] L=64 states=1 -> 2
[DP-fwdX] L=80 states=10 -> 11
[DP-bwdX] L=96 states=1 -> 1
[DP-bwdX] L=80 states=19 -> 31
[DP-fwdX] L=80 states=2 -> 3
[DP-bwdX] L=80 states=2 -> 5
[DP-bwdX] L=96 states=1 -> 1
[DP-bwdX] L=96 states=1 -> 1
[DP-bwdX] L=96 states=1 -> 1
[DP-bwdX] L=96 states=1 -> 1
  [Round 17] T_prime=16  T_target=12  HPWL_w=798000  HPWL_eq=780  maxL=21  WNS(T')=-5  WNS*(T)=-9  picked=172  solve_ms=81.639
[OC-Shortest/pow2] m=12 h=8 SEG=4 bits=48 words=1 threads=24
[DP-fwdX] L=0 states=1 -> 1
[DP-fwdX] L=16 states=179 -> 218
[DP-fwdX] L=32 states=1870 -> 2034
[DP-bwdX] L=96 states=1 -> 1
[DP-bwdX] L=80 states=179 -> 218
[DP-bwdX] L=64 states=1870 -> 2034
[DP-fwdX] L=0 states=1 -> 1
[DP-fwdX] L=16 states=179 -> 218
[DP-bwdX] L=48 states=1 -> 1
[DP-bwdX] L=32 states=94 -> 103
[DP-fwdX] L=0 states=1 -> 1
[DP-bwdX] L=16 states=29 -> 29
[DP-fwdX] L=0 states=1 -> 1
[DP-fwdX] L=0 states=1 -> 1
[DP-fwdX] L=0 states=1 -> 1
[DP-fwdX] L=16 states=19 -> 32
[DP-bwdX] L=16 states=4 -> 5
[DP-fwdX] L=16 states=1 -> 2
[DP-fwdX] L=32 states=126 -> 174
[DP-bwdX] L=48 states=1 -> 1
[DP-bwdX] L=32 states=12 -> 16
[DP-fwdX] L=32 states=4 -> 6
[DP-bwdX] L=32 states=2 -> 3
[DP-bwdX] L=48 states=1 -> 1
[DP-bwdX] L=48 states=1 -> 1
[DP-bwdX] L=48 states=1 -> 1
[DP-bwdX] L=48 states=1 -> 1
[DP-fwdX] L=48 states=1 -> 1
[DP-fwdX] L=64 states=94 -> 103
[DP-bwdX] L=96 states=1 -> 1
[DP-bwdX] L=80 states=179 -> 218
[DP-fwdX] L=48 states=1 -> 1
[DP-bwdX] L=64 states=97 -> 135
[DP-fwdX] L=48 states=1 -> 1
[DP-fwdX] L=48 states=1 -> 1
[DP-fwdX] L=48 states=1 -> 1
[DP-fwdX] L=64 states=12 -> 16
[DP-bwdX] L=64 states=4 -> 6
[DP-fwdX] L=64 states=1 -> 1
[DP-fwdX] L=80 states=13 -> 14
[DP-bwdX] L=96 states=1 -> 1
[DP-bwdX] L=80 states=19 -> 32
[DP-fwdX] L=80 states=4 -> 5
[DP-bwdX] L=80 states=3 -> 7
[DP-bwdX] L=96 states=1 -> 1
[DP-bwdX] L=96 states=1 -> 1
[DP-bwdX] L=96 states=1 -> 1
[DP-bwdX] L=96 states=1 -> 1
  [Round 18] T_prime=16  T_target=12  HPWL_w=798000  HPWL_eq=777  maxL=27  WNS(T')=-11  WNS*(T)=-15  picked=172  solve_ms=82.7712
[OC-Shortest/pow2] m=12 h=8 SEG=4 bits=48 words=1 threads=24
[DP-fwdX] L=0 states=1 -> 1
[DP-fwdX] L=16 states=179 -> 218
[DP-fwdX] L=32 states=1870 -> 2034
[DP-bwdX] L=96 states=1 -> 1
[DP-bwdX] L=80 states=179 -> 218
[DP-bwdX] L=64 states=1870 -> 2034
[DP-fwdX] L=0 states=1 -> 1
[DP-fwdX] L=16 states=179 -> 218
[DP-bwdX] L=48 states=1 -> 1
[DP-bwdX] L=32 states=94 -> 103
[DP-fwdX] L=0 states=1 -> 1
[DP-bwdX] L=16 states=10 -> 11
[DP-fwdX] L=0 states=1 -> 1
[DP-fwdX] L=0 states=1 -> 1
[DP-fwdX] L=0 states=1 -> 1
[DP-fwdX] L=16 states=19 -> 31
[DP-bwdX] L=16 states=4 -> 6
[DP-fwdX] L=16 states=1 -> 3
[DP-fwdX] L=32 states=22 -> 29
[DP-bwdX] L=48 states=1 -> 1
[DP-bwdX] L=32 states=15 -> 21
[DP-fwdX] L=32 states=5 -> 9
[DP-bwdX] L=32 states=3 -> 6
[DP-bwdX] L=48 states=1 -> 1
[DP-bwdX] L=48 states=1 -> 1
[DP-bwdX] L=48 states=1 -> 1
[DP-bwdX] L=48 states=1 -> 1
[DP-fwdX] L=48 states=1 -> 1
[DP-fwdX] L=64 states=94 -> 103
[DP-bwdX] L=96 states=1 -> 1
[DP-bwdX] L=80 states=179 -> 218
[DP-fwdX] L=48 states=1 -> 1
[DP-bwdX] L=64 states=22 -> 29
[DP-fwdX] L=48 states=1 -> 1
[DP-fwdX] L=48 states=1 -> 1
[DP-fwdX] L=48 states=1 -> 1
[DP-fwdX] L=64 states=15 -> 21
[DP-bwdX] L=64 states=5 -> 9
[DP-fwdX] L=64 states=1 -> 2
[DP-fwdX] L=80 states=10 -> 11
[DP-bwdX] L=96 states=1 -> 1
[DP-bwdX] L=80 states=19 -> 31
[DP-fwdX] L=80 states=2 -> 3
[DP-bwdX] L=80 states=2 -> 5
[DP-bwdX] L=96 states=1 -> 1
[DP-bwdX] L=96 states=1 -> 1
[DP-bwdX] L=96 states=1 -> 1
[DP-bwdX] L=96 states=1 -> 1
  [Round 19] T_prime=16  T_target=12  HPWL_w=798000  HPWL_eq=780  maxL=21  WNS(T')=-5  WNS*(T)=-9  picked=172  solve_ms=85.199
[OC-Shortest/pow2] m=12 h=8 SEG=4 bits=48 words=1 threads=24
[DP-fwdX] L=0 states=1 -> 1
[DP-fwdX] L=16 states=179 -> 218
[DP-fwdX] L=32 states=1870 -> 2034
[DP-bwdX] L=96 states=1 -> 1
[DP-bwdX] L=80 states=179 -> 218
[DP-bwdX] L=64 states=1870 -> 2034
[DP-fwdX] L=0 states=1 -> 1
[DP-fwdX] L=16 states=179 -> 218
[DP-bwdX] L=48 states=1 -> 1
[DP-bwdX] L=32 states=94 -> 103
[DP-fwdX] L=0 states=1 -> 1
[DP-bwdX] L=16 states=29 -> 29
[DP-fwdX] L=0 states=1 -> 1
[DP-fwdX] L=0 states=1 -> 1
[DP-fwdX] L=0 states=1 -> 1
[DP-fwdX] L=16 states=19 -> 32
[DP-bwdX] L=16 states=4 -> 5
[DP-fwdX] L=16 states=1 -> 2
[DP-fwdX] L=32 states=126 -> 174
[DP-bwdX] L=48 states=1 -> 1
[DP-bwdX] L=32 states=12 -> 16
[DP-fwdX] L=32 states=4 -> 6
[DP-bwdX] L=32 states=2 -> 3
[DP-bwdX] L=48 states=1 -> 1
[DP-bwdX] L=48 states=1 -> 1
[DP-bwdX] L=48 states=1 -> 1
[DP-bwdX] L=48 states=1 -> 1
[DP-fwdX] L=48 states=1 -> 1
[DP-fwdX] L=64 states=94 -> 103
[DP-bwdX] L=96 states=1 -> 1
[DP-bwdX] L=80 states=179 -> 218
[DP-fwdX] L=48 states=1 -> 1
[DP-bwdX] L=64 states=97 -> 135
[DP-fwdX] L=48 states=1 -> 1
[DP-fwdX] L=48 states=1 -> 1
[DP-fwdX] L=48 states=1 -> 1
[DP-fwdX] L=64 states=12 -> 16
[DP-bwdX] L=64 states=4 -> 6
[DP-fwdX] L=64 states=1 -> 1
[DP-fwdX] L=80 states=13 -> 14
[DP-bwdX] L=96 states=1 -> 1
[DP-bwdX] L=80 states=19 -> 32
[DP-fwdX] L=80 states=4 -> 5
[DP-bwdX] L=80 states=3 -> 7
[DP-bwdX] L=96 states=1 -> 1
[DP-bwdX] L=96 states=1 -> 1
[DP-bwdX] L=96 states=1 -> 1
[DP-bwdX] L=96 states=1 -> 1
  [Round 20] T_prime=16  T_target=12  HPWL_w=798000  HPWL_eq=777  maxL=27  WNS(T')=-11  WNS*(T)=-15  picked=172  solve_ms=87.5813
[OC-Shortest/pow2] m=12 h=8 SEG=4 bits=48 words=1 threads=24
[DP-fwdX] L=0 states=1 -> 1
[DP-fwdX] L=16 states=179 -> 218
[DP-fwdX] L=32 states=1870 -> 2034
[DP-bwdX] L=96 states=1 -> 1
[DP-bwdX] L=80 states=179 -> 218
[DP-bwdX] L=64 states=1870 -> 2034
[DP-fwdX] L=0 states=1 -> 1
[DP-fwdX] L=16 states=179 -> 218
[DP-bwdX] L=48 states=1 -> 1
[DP-bwdX] L=32 states=94 -> 103
[DP-fwdX] L=0 states=1 -> 1
[DP-bwdX] L=16 states=10 -> 11
[DP-fwdX] L=0 states=1 -> 1
[DP-fwdX] L=0 states=1 -> 1
[DP-fwdX] L=0 states=1 -> 1
[DP-fwdX] L=16 states=19 -> 31
[DP-bwdX] L=16 states=4 -> 6
[DP-fwdX] L=16 states=1 -> 3
[DP-fwdX] L=32 states=22 -> 29
[DP-bwdX] L=48 states=1 -> 1
[DP-bwdX] L=32 states=15 -> 21
[DP-fwdX] L=32 states=5 -> 9
[DP-bwdX] L=32 states=3 -> 6
[DP-bwdX] L=48 states=1 -> 1
[DP-bwdX] L=48 states=1 -> 1
[DP-bwdX] L=48 states=1 -> 1
[DP-bwdX] L=48 states=1 -> 1
[DP-fwdX] L=48 states=1 -> 1
[DP-fwdX] L=64 states=94 -> 103
[DP-bwdX] L=96 states=1 -> 1
[DP-bwdX] L=80 states=179 -> 218
[DP-fwdX] L=48 states=1 -> 1
[DP-bwdX] L=64 states=22 -> 29
[DP-fwdX] L=48 states=1 -> 1
[DP-fwdX] L=48 states=1 -> 1
[DP-fwdX] L=48 states=1 -> 1
[DP-fwdX] L=64 states=15 -> 21
[DP-bwdX] L=64 states=5 -> 9
[DP-fwdX] L=64 states=1 -> 2
[DP-fwdX] L=80 states=10 -> 11
[DP-bwdX] L=96 states=1 -> 1
[DP-bwdX] L=80 states=19 -> 31
[DP-fwdX] L=80 states=2 -> 3
[DP-bwdX] L=80 states=2 -> 5
[DP-bwdX] L=96 states=1 -> 1
[DP-bwdX] L=96 states=1 -> 1
[DP-bwdX] L=96 states=1 -> 1
[DP-bwdX] L=96 states=1 -> 1
  [Round 21] T_prime=16  T_target=12  HPWL_w=798000  HPWL_eq=780  maxL=21  WNS(T')=-5  WNS*(T)=-9  picked=172  solve_ms=91.9358
[OC-Shortest/pow2] m=12 h=8 SEG=4 bits=48 words=1 threads=24
[DP-fwdX] L=0 states=1 -> 1
[DP-fwdX] L=16 states=179 -> 218
[DP-fwdX] L=32 states=1870 -> 2034
[DP-bwdX] L=96 states=1 -> 1
[DP-bwdX] L=80 states=179 -> 218
[DP-bwdX] L=64 states=1870 -> 2034
[DP-fwdX] L=0 states=1 -> 1
[DP-fwdX] L=16 states=179 -> 218
[DP-bwdX] L=48 states=1 -> 1
[DP-bwdX] L=32 states=94 -> 103
[DP-fwdX] L=0 states=1 -> 1
[DP-bwdX] L=16 states=29 -> 29
[DP-fwdX] L=0 states=1 -> 1
[DP-fwdX] L=0 states=1 -> 1
[DP-fwdX] L=0 states=1 -> 1
[DP-fwdX] L=16 states=19 -> 32
[DP-bwdX] L=16 states=4 -> 5
[DP-fwdX] L=16 states=1 -> 2
[DP-fwdX] L=32 states=126 -> 174
[DP-bwdX] L=48 states=1 -> 1
[DP-bwdX] L=32 states=12 -> 16
[DP-fwdX] L=32 states=4 -> 6
[DP-bwdX] L=32 states=2 -> 3
[DP-bwdX] L=48 states=1 -> 1
[DP-bwdX] L=48 states=1 -> 1
[DP-bwdX] L=48 states=1 -> 1
[DP-bwdX] L=48 states=1 -> 1
[DP-fwdX] L=48 states=1 -> 1
[DP-fwdX] L=64 states=94 -> 103
[DP-bwdX] L=96 states=1 -> 1
[DP-bwdX] L=80 states=179 -> 218
[DP-fwdX] L=48 states=1 -> 1
[DP-bwdX] L=64 states=97 -> 135
[DP-fwdX] L=48 states=1 -> 1
[DP-fwdX] L=48 states=1 -> 1
[DP-fwdX] L=48 states=1 -> 1
[DP-fwdX] L=64 states=12 -> 16
[DP-bwdX] L=64 states=4 -> 6
[DP-fwdX] L=64 states=1 -> 1
[DP-fwdX] L=80 states=13 -> 14
[DP-bwdX] L=96 states=1 -> 1
[DP-bwdX] L=80 states=19 -> 32
[DP-fwdX] L=80 states=4 -> 5
[DP-bwdX] L=80 states=3 -> 7
[DP-bwdX] L=96 states=1 -> 1
[DP-bwdX] L=96 states=1 -> 1
[DP-bwdX] L=96 states=1 -> 1
[DP-bwdX] L=96 states=1 -> 1
  [Round 22] T_prime=16  T_target=12  HPWL_w=798000  HPWL_eq=777  maxL=27  WNS(T')=-11  WNS*(T)=-15  picked=172  solve_ms=82.8646
[OC-Shortest/pow2] m=12 h=8 SEG=4 bits=48 words=1 threads=24
[DP-fwdX] L=0 states=1 -> 1
[DP-fwdX] L=16 states=179 -> 218
[DP-fwdX] L=32 states=1870 -> 2034
[DP-bwdX] L=96 states=1 -> 1
[DP-bwdX] L=80 states=179 -> 218
[DP-bwdX] L=64 states=1870 -> 2034
[DP-fwdX] L=0 states=1 -> 1
[DP-fwdX] L=16 states=179 -> 218
[DP-bwdX] L=48 states=1 -> 1
[DP-bwdX] L=32 states=94 -> 103
[DP-fwdX] L=0 states=1 -> 1
[DP-bwdX] L=16 states=10 -> 11
[DP-fwdX] L=0 states=1 -> 1
[DP-fwdX] L=0 states=1 -> 1
[DP-fwdX] L=0 states=1 -> 1
[DP-fwdX] L=16 states=19 -> 31
[DP-bwdX] L=16 states=4 -> 6
[DP-fwdX] L=16 states=1 -> 3
[DP-fwdX] L=32 states=22 -> 29
[DP-bwdX] L=48 states=1 -> 1
[DP-bwdX] L=32 states=15 -> 21
[DP-fwdX] L=32 states=5 -> 9
[DP-bwdX] L=32 states=3 -> 6
[DP-bwdX] L=48 states=1 -> 1
[DP-bwdX] L=48 states=1 -> 1
[DP-bwdX] L=48 states=1 -> 1
[DP-bwdX] L=48 states=1 -> 1
[DP-fwdX] L=48 states=1 -> 1
[DP-fwdX] L=64 states=94 -> 103
[DP-bwdX] L=96 states=1 -> 1
[DP-bwdX] L=80 states=179 -> 218
[DP-fwdX] L=48 states=1 -> 1
[DP-bwdX] L=64 states=22 -> 29
[DP-fwdX] L=48 states=1 -> 1
[DP-fwdX] L=48 states=1 -> 1
[DP-fwdX] L=48 states=1 -> 1
[DP-fwdX] L=64 states=15 -> 21
[DP-bwdX] L=64 states=5 -> 9
[DP-fwdX] L=64 states=1 -> 2
[DP-fwdX] L=80 states=10 -> 11
[DP-bwdX] L=96 states=1 -> 1
[DP-bwdX] L=80 states=19 -> 31
[DP-fwdX] L=80 states=2 -> 3
[DP-bwdX] L=80 states=2 -> 5
[DP-bwdX] L=96 states=1 -> 1
[DP-bwdX] L=96 states=1 -> 1
[DP-bwdX] L=96 states=1 -> 1
[DP-bwdX] L=96 states=1 -> 1
  [Round 23] T_prime=16  T_target=12  HPWL_w=798000  HPWL_eq=780  maxL=21  WNS(T')=-5  WNS*(T)=-9  picked=172  solve_ms=89.0446
[OC-Shortest/pow2] m=12 h=8 SEG=4 bits=48 words=1 threads=24
[DP-fwdX] L=0 states=1 -> 1
[DP-fwdX] L=16 states=179 -> 218
[DP-fwdX] L=32 states=1870 -> 2034
[DP-bwdX] L=96 states=1 -> 1
[DP-bwdX] L=80 states=179 -> 218
[DP-bwdX] L=64 states=1870 -> 2034
[DP-fwdX] L=0 states=1 -> 1
[DP-fwdX] L=16 states=179 -> 218
[DP-bwdX] L=48 states=1 -> 1
[DP-bwdX] L=32 states=94 -> 103
[DP-fwdX] L=0 states=1 -> 1
[DP-bwdX] L=16 states=29 -> 29
[DP-fwdX] L=0 states=1 -> 1
[DP-fwdX] L=0 states=1 -> 1
[DP-fwdX] L=0 states=1 -> 1
[DP-fwdX] L=16 states=19 -> 32
[DP-bwdX] L=16 states=4 -> 5
[DP-fwdX] L=16 states=1 -> 2
[DP-fwdX] L=32 states=126 -> 174
[DP-bwdX] L=48 states=1 -> 1
[DP-bwdX] L=32 states=12 -> 16
[DP-fwdX] L=32 states=4 -> 6
[DP-bwdX] L=32 states=2 -> 3
[DP-bwdX] L=48 states=1 -> 1
[DP-bwdX] L=48 states=1 -> 1
[DP-bwdX] L=48 states=1 -> 1
[DP-bwdX] L=48 states=1 -> 1
[DP-fwdX] L=48 states=1 -> 1
[DP-fwdX] L=64 states=94 -> 103
[DP-bwdX] L=96 states=1 -> 1
[DP-bwdX] L=80 states=179 -> 218
[DP-fwdX] L=48 states=1 -> 1
[DP-bwdX] L=64 states=97 -> 135
[DP-fwdX] L=48 states=1 -> 1
[DP-fwdX] L=48 states=1 -> 1
[DP-fwdX] L=48 states=1 -> 1
[DP-fwdX] L=64 states=12 -> 16
[DP-bwdX] L=64 states=4 -> 6
[DP-fwdX] L=64 states=1 -> 1
[DP-fwdX] L=80 states=13 -> 14
[DP-bwdX] L=96 states=1 -> 1
[DP-bwdX] L=80 states=19 -> 32
[DP-fwdX] L=80 states=4 -> 5
[DP-bwdX] L=80 states=3 -> 7
[DP-bwdX] L=96 states=1 -> 1
[DP-bwdX] L=96 states=1 -> 1
[DP-bwdX] L=96 states=1 -> 1
[DP-bwdX] L=96 states=1 -> 1
  [Round 24] T_prime=16  T_target=12  HPWL_w=798000  HPWL_eq=777  maxL=27  WNS(T')=-11  WNS*(T)=-15  picked=172  solve_ms=98.1478
[OC-Shortest/pow2] m=12 h=8 SEG=4 bits=48 words=1 threads=24
[DP-fwdX] L=0 states=1 -> 1
[DP-fwdX] L=16 states=179 -> 218
[DP-fwdX] L=32 states=1870 -> 2034
[DP-bwdX] L=96 states=1 -> 1
[DP-bwdX] L=80 states=179 -> 218
[DP-bwdX] L=64 states=1870 -> 2034
[DP-fwdX] L=0 states=1 -> 1
[DP-fwdX] L=16 states=179 -> 218
[DP-bwdX] L=48 states=1 -> 1
[DP-bwdX] L=32 states=94 -> 103
[DP-fwdX] L=0 states=1 -> 1
[DP-bwdX] L=16 states=10 -> 11
[DP-fwdX] L=0 states=1 -> 1
[DP-fwdX] L=0 states=1 -> 1
[DP-fwdX] L=0 states=1 -> 1
[DP-fwdX] L=16 states=19 -> 31
[DP-bwdX] L=16 states=4 -> 6
[DP-fwdX] L=16 states=1 -> 3
[DP-fwdX] L=32 states=22 -> 29
[DP-bwdX] L=48 states=1 -> 1
[DP-bwdX] L=32 states=15 -> 21
[DP-fwdX] L=32 states=5 -> 9
[DP-bwdX] L=32 states=3 -> 6
[DP-bwdX] L=48 states=1 -> 1
[DP-bwdX] L=48 states=1 -> 1
[DP-bwdX] L=48 states=1 -> 1
[DP-bwdX] L=48 states=1 -> 1
[DP-fwdX] L=48 states=1 -> 1
[DP-fwdX] L=64 states=94 -> 103
[DP-bwdX] L=96 states=1 -> 1
[DP-bwdX] L=80 states=179 -> 218
[DP-fwdX] L=48 states=1 -> 1
[DP-bwdX] L=64 states=22 -> 29
[DP-fwdX] L=48 states=1 -> 1
[DP-fwdX] L=48 states=1 -> 1
[DP-fwdX] L=48 states=1 -> 1
[DP-fwdX] L=64 states=15 -> 21
[DP-bwdX] L=64 states=5 -> 9
[DP-fwdX] L=64 states=1 -> 2
[DP-fwdX] L=80 states=10 -> 11
[DP-bwdX] L=96 states=1 -> 1
[DP-bwdX] L=80 states=19 -> 31
[DP-fwdX] L=80 states=2 -> 3
[DP-bwdX] L=80 states=2 -> 5
[DP-bwdX] L=96 states=1 -> 1
[DP-bwdX] L=96 states=1 -> 1
[DP-bwdX] L=96 states=1 -> 1
[DP-bwdX] L=96 states=1 -> 1
  [Round 25] T_prime=16  T_target=12  HPWL_w=798000  HPWL_eq=780  maxL=21  WNS(T')=-5  WNS*(T)=-9  picked=172  solve_ms=91.0694
[OC-Shortest/pow2] m=12 h=8 SEG=4 bits=48 words=1 threads=24
[DP-fwdX] L=0 states=1 -> 1
[DP-fwdX] L=16 states=179 -> 218
[DP-fwdX] L=32 states=1870 -> 2034
[DP-bwdX] L=96 states=1 -> 1
[DP-bwdX] L=80 states=179 -> 218
[DP-bwdX] L=64 states=1870 -> 2034
[DP-fwdX] L=0 states=1 -> 1
[DP-fwdX] L=16 states=179 -> 218
[DP-bwdX] L=48 states=1 -> 1
[DP-bwdX] L=32 states=94 -> 103
[DP-fwdX] L=0 states=1 -> 1
[DP-bwdX] L=16 states=29 -> 29
[DP-fwdX] L=0 states=1 -> 1
[DP-fwdX] L=0 states=1 -> 1
[DP-fwdX] L=0 states=1 -> 1
[DP-fwdX] L=16 states=19 -> 32
[DP-bwdX] L=16 states=4 -> 5
[DP-fwdX] L=16 states=1 -> 2
[DP-fwdX] L=32 states=126 -> 174
[DP-bwdX] L=48 states=1 -> 1
[DP-bwdX] L=32 states=12 -> 16
[DP-fwdX] L=32 states=4 -> 6
[DP-bwdX] L=32 states=2 -> 3
[DP-bwdX] L=48 states=1 -> 1
[DP-bwdX] L=48 states=1 -> 1
[DP-bwdX] L=48 states=1 -> 1
[DP-bwdX] L=48 states=1 -> 1
[DP-fwdX] L=48 states=1 -> 1
[DP-fwdX] L=64 states=94 -> 103
[DP-bwdX] L=96 states=1 -> 1
[DP-bwdX] L=80 states=179 -> 218
[DP-fwdX] L=48 states=1 -> 1
[DP-bwdX] L=64 states=97 -> 135
[DP-fwdX] L=48 states=1 -> 1
[DP-fwdX] L=48 states=1 -> 1
[DP-fwdX] L=48 states=1 -> 1
[DP-fwdX] L=64 states=12 -> 16
[DP-bwdX] L=64 states=4 -> 6
[DP-fwdX] L=64 states=1 -> 1
[DP-fwdX] L=80 states=13 -> 14
[DP-bwdX] L=96 states=1 -> 1
[DP-bwdX] L=80 states=19 -> 32
[DP-fwdX] L=80 states=4 -> 5
[DP-bwdX] L=80 states=3 -> 7
[DP-bwdX] L=96 states=1 -> 1
[DP-bwdX] L=96 states=1 -> 1
[DP-bwdX] L=96 states=1 -> 1
[DP-bwdX] L=96 states=1 -> 1
  [Round 26] T_prime=16  T_target=12  HPWL_w=798000  HPWL_eq=777  maxL=27  WNS(T')=-11  WNS*(T)=-15  picked=172  solve_ms=92.1562
[OC-Shortest/pow2] m=12 h=8 SEG=4 bits=48 words=1 threads=24
[DP-fwdX] L=0 states=1 -> 1
[DP-fwdX] L=16 states=179 -> 218
[DP-fwdX] L=32 states=1870 -> 2034
[DP-bwdX] L=96 states=1 -> 1
[DP-bwdX] L=80 states=179 -> 218
[DP-bwdX] L=64 states=1870 -> 2034
[DP-fwdX] L=0 states=1 -> 1
[DP-fwdX] L=16 states=179 -> 218
[DP-bwdX] L=48 states=1 -> 1
[DP-bwdX] L=32 states=94 -> 103
[DP-fwdX] L=0 states=1 -> 1
[DP-bwdX] L=16 states=10 -> 11
[DP-fwdX] L=0 states=1 -> 1
[DP-fwdX] L=0 states=1 -> 1
[DP-fwdX] L=0 states=1 -> 1
[DP-fwdX] L=16 states=19 -> 31
[DP-bwdX] L=16 states=4 -> 6
[DP-fwdX] L=16 states=1 -> 3
[DP-fwdX] L=32 states=22 -> 29
[DP-bwdX] L=48 states=1 -> 1
[DP-bwdX] L=32 states=15 -> 21
[DP-fwdX] L=32 states=5 -> 9
[DP-bwdX] L=32 states=3 -> 6
[DP-bwdX] L=48 states=1 -> 1
[DP-bwdX] L=48 states=1 -> 1
[DP-bwdX] L=48 states=1 -> 1
[DP-bwdX] L=48 states=1 -> 1
[DP-fwdX] L=48 states=1 -> 1
[DP-fwdX] L=64 states=94 -> 103
[DP-bwdX] L=96 states=1 -> 1
[DP-bwdX] L=80 states=179 -> 218
[DP-fwdX] L=48 states=1 -> 1
[DP-bwdX] L=64 states=22 -> 29
[DP-fwdX] L=48 states=1 -> 1
[DP-fwdX] L=48 states=1 -> 1
[DP-fwdX] L=48 states=1 -> 1
[DP-fwdX] L=64 states=15 -> 21
[DP-bwdX] L=64 states=5 -> 9
[DP-fwdX] L=64 states=1 -> 2
[DP-fwdX] L=80 states=10 -> 11
[DP-bwdX] L=96 states=1 -> 1
[DP-bwdX] L=80 states=19 -> 31
[DP-fwdX] L=80 states=2 -> 3
[DP-bwdX] L=80 states=2 -> 5
[DP-bwdX] L=96 states=1 -> 1
[DP-bwdX] L=96 states=1 -> 1
[DP-bwdX] L=96 states=1 -> 1
[DP-bwdX] L=96 states=1 -> 1
  [Round 27] T_prime=16  T_target=12  HPWL_w=798000  HPWL_eq=780  maxL=21  WNS(T')=-5  WNS*(T)=-9  picked=172  solve_ms=79.6033
[OC-Shortest/pow2] m=12 h=8 SEG=4 bits=48 words=1 threads=24
[DP-fwdX] L=0 states=1 -> 1
[DP-fwdX] L=16 states=179 -> 218
[DP-fwdX] L=32 states=1870 -> 2034
[DP-bwdX] L=96 states=1 -> 1
[DP-bwdX] L=80 states=179 -> 218
[DP-bwdX] L=64 states=1870 -> 2034
[DP-fwdX] L=0 states=1 -> 1
[DP-fwdX] L=16 states=179 -> 218
[DP-bwdX] L=48 states=1 -> 1
[DP-bwdX] L=32 states=94 -> 103
[DP-fwdX] L=0 states=1 -> 1
[DP-bwdX] L=16 states=29 -> 29
[DP-fwdX] L=0 states=1 -> 1
[DP-fwdX] L=0 states=1 -> 1
[DP-fwdX] L=0 states=1 -> 1
[DP-fwdX] L=16 states=19 -> 32
[DP-bwdX] L=16 states=4 -> 5
[DP-fwdX] L=16 states=1 -> 2
[DP-fwdX] L=32 states=126 -> 174
[DP-bwdX] L=48 states=1 -> 1
[DP-bwdX] L=32 states=12 -> 16
[DP-fwdX] L=32 states=4 -> 6
[DP-bwdX] L=32 states=2 -> 3
[DP-bwdX] L=48 states=1 -> 1
[DP-bwdX] L=48 states=1 -> 1
[DP-bwdX] L=48 states=1 -> 1
[DP-bwdX] L=48 states=1 -> 1
[DP-fwdX] L=48 states=1 -> 1
[DP-fwdX] L=64 states=94 -> 103
[DP-bwdX] L=96 states=1 -> 1
[DP-bwdX] L=80 states=179 -> 218
[DP-fwdX] L=48 states=1 -> 1
[DP-bwdX] L=64 states=97 -> 135
[DP-fwdX] L=48 states=1 -> 1
[DP-fwdX] L=48 states=1 -> 1
[DP-fwdX] L=48 states=1 -> 1
[DP-fwdX] L=64 states=12 -> 16
[DP-bwdX] L=64 states=4 -> 6
[DP-fwdX] L=64 states=1 -> 1
[DP-fwdX] L=80 states=13 -> 14
[DP-bwdX] L=96 states=1 -> 1
[DP-bwdX] L=80 states=19 -> 32
[DP-fwdX] L=80 states=4 -> 5
[DP-bwdX] L=80 states=3 -> 7
[DP-bwdX] L=96 states=1 -> 1
[DP-bwdX] L=96 states=1 -> 1
[DP-bwdX] L=96 states=1 -> 1
[DP-bwdX] L=96 states=1 -> 1
  [Round 28] T_prime=16  T_target=12  HPWL_w=798000  HPWL_eq=777  maxL=27  WNS(T')=-11  WNS*(T)=-15  picked=172  solve_ms=85.5845
[OC-Shortest/pow2] m=12 h=8 SEG=4 bits=48 words=1 threads=24
[DP-fwdX] L=0 states=1 -> 1
[DP-fwdX] L=16 states=179 -> 218
[DP-fwdX] L=32 states=1870 -> 2034
[DP-bwdX] L=96 states=1 -> 1
[DP-bwdX] L=80 states=179 -> 218
[DP-bwdX] L=64 states=1870 -> 2034
[DP-fwdX] L=0 states=1 -> 1
[DP-fwdX] L=16 states=179 -> 218
[DP-bwdX] L=48 states=1 -> 1
[DP-bwdX] L=32 states=94 -> 103
[DP-fwdX] L=0 states=1 -> 1
[DP-bwdX] L=16 states=10 -> 11
[DP-fwdX] L=0 states=1 -> 1
[DP-fwdX] L=0 states=1 -> 1
[DP-fwdX] L=0 states=1 -> 1
[DP-fwdX] L=16 states=19 -> 31
[DP-bwdX] L=16 states=4 -> 6
[DP-fwdX] L=16 states=1 -> 3
[DP-fwdX] L=32 states=22 -> 29
[DP-bwdX] L=48 states=1 -> 1
[DP-bwdX] L=32 states=15 -> 21
[DP-fwdX] L=32 states=5 -> 9
[DP-bwdX] L=32 states=3 -> 6
[DP-bwdX] L=48 states=1 -> 1
[DP-bwdX] L=48 states=1 -> 1
[DP-bwdX] L=48 states=1 -> 1
[DP-bwdX] L=48 states=1 -> 1
[DP-fwdX] L=48 states=1 -> 1
[DP-fwdX] L=64 states=94 -> 103
[DP-bwdX] L=96 states=1 -> 1
[DP-bwdX] L=80 states=179 -> 218
[DP-fwdX] L=48 states=1 -> 1
[DP-bwdX] L=64 states=22 -> 29
[DP-fwdX] L=48 states=1 -> 1
[DP-fwdX] L=48 states=1 -> 1
[DP-fwdX] L=48 states=1 -> 1
[DP-fwdX] L=64 states=15 -> 21
[DP-bwdX] L=64 states=5 -> 9
[DP-fwdX] L=64 states=1 -> 2
[DP-fwdX] L=80 states=10 -> 11
[DP-bwdX] L=96 states=1 -> 1
[DP-bwdX] L=80 states=19 -> 31
[DP-fwdX] L=80 states=2 -> 3
[DP-bwdX] L=80 states=2 -> 5
[DP-bwdX] L=96 states=1 -> 1
[DP-bwdX] L=96 states=1 -> 1
[DP-bwdX] L=96 states=1 -> 1
[DP-bwdX] L=96 states=1 -> 1
  [Round 29] T_prime=16  T_target=12  HPWL_w=798000  HPWL_eq=780  maxL=21  WNS(T')=-5  WNS*(T)=-9  picked=172  solve_ms=80.5009
[OC-Shortest/pow2] m=12 h=8 SEG=4 bits=48 words=1 threads=24
[DP-fwdX] L=0 states=1 -> 1
[DP-fwdX] L=16 states=179 -> 218
[DP-fwdX] L=32 states=1870 -> 2034
[DP-bwdX] L=96 states=1 -> 1
[DP-bwdX] L=80 states=179 -> 218
[DP-bwdX] L=64 states=1870 -> 2034
[DP-fwdX] L=0 states=1 -> 1
[DP-fwdX] L=16 states=179 -> 218
[DP-bwdX] L=48 states=1 -> 1
[DP-bwdX] L=32 states=94 -> 103
[DP-fwdX] L=0 states=1 -> 1
[DP-bwdX] L=16 states=29 -> 29
[DP-fwdX] L=0 states=1 -> 1
[DP-fwdX] L=0 states=1 -> 1
[DP-fwdX] L=0 states=1 -> 1
[DP-fwdX] L=16 states=19 -> 32
[DP-bwdX] L=16 states=4 -> 5
[DP-fwdX] L=16 states=1 -> 2
[DP-fwdX] L=32 states=126 -> 174
[DP-bwdX] L=48 states=1 -> 1
[DP-bwdX] L=32 states=12 -> 16
[DP-fwdX] L=32 states=4 -> 6
[DP-bwdX] L=32 states=2 -> 3
[DP-bwdX] L=48 states=1 -> 1
[DP-bwdX] L=48 states=1 -> 1
[DP-bwdX] L=48 states=1 -> 1
[DP-bwdX] L=48 states=1 -> 1
[DP-fwdX] L=48 states=1 -> 1
[DP-fwdX] L=64 states=94 -> 103
[DP-bwdX] L=96 states=1 -> 1
[DP-bwdX] L=80 states=179 -> 218
[DP-fwdX] L=48 states=1 -> 1
[DP-bwdX] L=64 states=97 -> 135
[DP-fwdX] L=48 states=1 -> 1
[DP-fwdX] L=48 states=1 -> 1
[DP-fwdX] L=48 states=1 -> 1
[DP-fwdX] L=64 states=12 -> 16
[DP-bwdX] L=64 states=4 -> 6
[DP-fwdX] L=64 states=1 -> 1
[DP-fwdX] L=80 states=13 -> 14
[DP-bwdX] L=96 states=1 -> 1
[DP-bwdX] L=80 states=19 -> 32
[DP-fwdX] L=80 states=4 -> 5
[DP-bwdX] L=80 states=3 -> 7
[DP-bwdX] L=96 states=1 -> 1
[DP-bwdX] L=96 states=1 -> 1
[DP-bwdX] L=96 states=1 -> 1
[DP-bwdX] L=96 states=1 -> 1
  [Round 30] T_prime=16  T_target=12  HPWL_w=798000  HPWL_eq=777  maxL=27  WNS(T')=-11  WNS*(T)=-15  picked=172  solve_ms=81.3338
[OC-Shortest/pow2] m=12 h=8 SEG=4 bits=48 words=1 threads=24
[DP-fwdX] L=0 states=1 -> 1
[DP-fwdX] L=16 states=179 -> 218
[DP-fwdX] L=32 states=1870 -> 2034
[DP-bwdX] L=96 states=1 -> 1
[DP-bwdX] L=80 states=179 -> 218
[DP-bwdX] L=64 states=1870 -> 2034
[DP-fwdX] L=0 states=1 -> 1
[DP-fwdX] L=16 states=179 -> 218
[DP-bwdX] L=48 states=1 -> 1
[DP-bwdX] L=32 states=94 -> 103
[DP-fwdX] L=0 states=1 -> 1
[DP-bwdX] L=16 states=10 -> 11
[DP-fwdX] L=0 states=1 -> 1
[DP-fwdX] L=0 states=1 -> 1
[DP-fwdX] L=0 states=1 -> 1
[DP-fwdX] L=16 states=19 -> 31
[DP-bwdX] L=16 states=4 -> 6
[DP-fwdX] L=16 states=1 -> 3
[DP-fwdX] L=32 states=22 -> 29
[DP-bwdX] L=48 states=1 -> 1
[DP-bwdX] L=32 states=15 -> 21
[DP-fwdX] L=32 states=5 -> 9
[DP-bwdX] L=32 states=3 -> 6
[DP-bwdX] L=48 states=1 -> 1
[DP-bwdX] L=48 states=1 -> 1
[DP-bwdX] L=48 states=1 -> 1
[DP-bwdX] L=48 states=1 -> 1
[DP-fwdX] L=48 states=1 -> 1
[DP-fwdX] L=64 states=94 -> 103
[DP-bwdX] L=96 states=1 -> 1
[DP-bwdX] L=80 states=179 -> 218
[DP-fwdX] L=48 states=1 -> 1
[DP-bwdX] L=64 states=22 -> 29
[DP-fwdX] L=48 states=1 -> 1
[DP-fwdX] L=48 states=1 -> 1
[DP-fwdX] L=48 states=1 -> 1
[DP-fwdX] L=64 states=15 -> 21
[DP-bwdX] L=64 states=5 -> 9
[DP-fwdX] L=64 states=1 -> 2
[DP-fwdX] L=80 states=10 -> 11
[DP-bwdX] L=96 states=1 -> 1
[DP-bwdX] L=80 states=19 -> 31
[DP-fwdX] L=80 states=2 -> 3
[DP-bwdX] L=80 states=2 -> 5
[DP-bwdX] L=96 states=1 -> 1
[DP-bwdX] L=96 states=1 -> 1
[DP-bwdX] L=96 states=1 -> 1
[DP-bwdX] L=96 states=1 -> 1
  [Round 31] T_prime=16  T_target=12  HPWL_w=798000  HPWL_eq=780  maxL=21  WNS(T')=-5  WNS*(T)=-9  picked=172  solve_ms=79.869
[OC-Shortest/pow2] m=12 h=8 SEG=4 bits=48 words=1 threads=24
[DP-fwdX] L=0 states=1 -> 1
[DP-fwdX] L=16 states=179 -> 218
[DP-fwdX] L=32 states=1870 -> 2034
[DP-bwdX] L=96 states=1 -> 1
[DP-bwdX] L=80 states=179 -> 218
[DP-bwdX] L=64 states=1870 -> 2034
[DP-fwdX] L=0 states=1 -> 1
[DP-fwdX] L=16 states=179 -> 218
[DP-bwdX] L=48 states=1 -> 1
[DP-bwdX] L=32 states=94 -> 103
[DP-fwdX] L=0 states=1 -> 1
[DP-bwdX] L=16 states=29 -> 29
[DP-fwdX] L=0 states=1 -> 1
[DP-fwdX] L=0 states=1 -> 1
[DP-fwdX] L=0 states=1 -> 1
[DP-fwdX] L=16 states=19 -> 32
[DP-bwdX] L=16 states=4 -> 5
[DP-fwdX] L=16 states=1 -> 2
[DP-fwdX] L=32 states=126 -> 174
[DP-bwdX] L=48 states=1 -> 1
[DP-bwdX] L=32 states=12 -> 16
[DP-fwdX] L=32 states=4 -> 6
[DP-bwdX] L=32 states=2 -> 3
[DP-bwdX] L=48 states=1 -> 1
[DP-bwdX] L=48 states=1 -> 1
[DP-bwdX] L=48 states=1 -> 1
[DP-bwdX] L=48 states=1 -> 1
[DP-fwdX] L=48 states=1 -> 1
[DP-fwdX] L=64 states=94 -> 103
[DP-bwdX] L=96 states=1 -> 1
[DP-bwdX] L=80 states=179 -> 218
[DP-fwdX] L=48 states=1 -> 1
[DP-bwdX] L=64 states=97 -> 135
[DP-fwdX] L=48 states=1 -> 1
[DP-fwdX] L=48 states=1 -> 1
[DP-fwdX] L=48 states=1 -> 1
[DP-fwdX] L=64 states=12 -> 16
[DP-bwdX] L=64 states=4 -> 6
[DP-fwdX] L=64 states=1 -> 1
[DP-fwdX] L=80 states=13 -> 14
[DP-bwdX] L=96 states=1 -> 1
[DP-bwdX] L=80 states=19 -> 32
[DP-fwdX] L=80 states=4 -> 5
[DP-bwdX] L=80 states=3 -> 7
[DP-bwdX] L=96 states=1 -> 1
[DP-bwdX] L=96 states=1 -> 1
[DP-bwdX] L=96 states=1 -> 1
[DP-bwdX] L=96 states=1 -> 1
  [Round 32] T_prime=16  T_target=12  HPWL_w=798000  HPWL_eq=777  maxL=27  WNS(T')=-11  WNS*(T)=-15  picked=172  solve_ms=128.415
[OC-Shortest/pow2] m=12 h=8 SEG=4 bits=48 words=1 threads=24
[DP-fwdX] L=0 states=1 -> 1
[DP-fwdX] L=16 states=179 -> 218
[DP-fwdX] L=32 states=1870 -> 2034
[DP-bwdX] L=96 states=1 -> 1
[DP-bwdX] L=80 states=179 -> 218
[DP-bwdX] L=64 states=1870 -> 2034
[DP-fwdX] L=0 states=1 -> 1
[DP-fwdX] L=16 states=179 -> 218
[DP-bwdX] L=48 states=1 -> 1
[DP-bwdX] L=32 states=94 -> 103
[DP-fwdX] L=0 states=1 -> 1
[DP-bwdX] L=16 states=10 -> 11
[DP-fwdX] L=0 states=1 -> 1
[DP-fwdX] L=0 states=1 -> 1
[DP-fwdX] L=0 states=1 -> 1
[DP-fwdX] L=16 states=19 -> 31
[DP-bwdX] L=16 states=4 -> 6
[DP-fwdX] L=16 states=1 -> 3
[DP-fwdX] L=32 states=22 -> 29
[DP-bwdX] L=48 states=1 -> 1
[DP-bwdX] L=32 states=15 -> 21
[DP-fwdX] L=32 states=5 -> 9
[DP-bwdX] L=32 states=3 -> 6
[DP-bwdX] L=48 states=1 -> 1
[DP-bwdX] L=48 states=1 -> 1
[DP-bwdX] L=48 states=1 -> 1
[DP-bwdX] L=48 states=1 -> 1
[DP-fwdX] L=48 states=1 -> 1
[DP-fwdX] L=64 states=94 -> 103
[DP-bwdX] L=96 states=1 -> 1
[DP-bwdX] L=80 states=179 -> 218
[DP-fwdX] L=48 states=1 -> 1
[DP-bwdX] L=64 states=22 -> 29
[DP-fwdX] L=48 states=1 -> 1
[DP-fwdX] L=48 states=1 -> 1
[DP-fwdX] L=48 states=1 -> 1
[DP-fwdX] L=64 states=15 -> 21
[DP-bwdX] L=64 states=5 -> 9
[DP-fwdX] L=64 states=1 -> 2
[DP-fwdX] L=80 states=10 -> 11
[DP-bwdX] L=96 states=1 -> 1
[DP-bwdX] L=80 states=19 -> 31
[DP-fwdX] L=80 states=2 -> 3
[DP-bwdX] L=80 states=2 -> 5
[DP-bwdX] L=96 states=1 -> 1
[DP-bwdX] L=96 states=1 -> 1
[DP-bwdX] L=96 states=1 -> 1
[DP-bwdX] L=96 states=1 -> 1
  [Round 33] T_prime=16  T_target=12  HPWL_w=798000  HPWL_eq=780  maxL=21  WNS(T')=-5  WNS*(T)=-9  picked=172  solve_ms=81.4459
[OC-Shortest/pow2] m=12 h=8 SEG=4 bits=48 words=1 threads=24
[DP-fwdX] L=0 states=1 -> 1
[DP-fwdX] L=16 states=179 -> 218
[DP-fwdX] L=32 states=1870 -> 2034
[DP-bwdX] L=96 states=1 -> 1
[DP-bwdX] L=80 states=179 -> 218
[DP-bwdX] L=64 states=1870 -> 2034
[DP-fwdX] L=0 states=1 -> 1
[DP-fwdX] L=16 states=179 -> 218
[DP-bwdX] L=48 states=1 -> 1
[DP-bwdX] L=32 states=94 -> 103
[DP-fwdX] L=0 states=1 -> 1
[DP-bwdX] L=16 states=29 -> 29
[DP-fwdX] L=0 states=1 -> 1
[DP-fwdX] L=0 states=1 -> 1
[DP-fwdX] L=0 states=1 -> 1
[DP-fwdX] L=16 states=19 -> 32
[DP-bwdX] L=16 states=4 -> 5
[DP-fwdX] L=16 states=1 -> 2
[DP-fwdX] L=32 states=126 -> 174
[DP-bwdX] L=48 states=1 -> 1
[DP-bwdX] L=32 states=12 -> 16
[DP-fwdX] L=32 states=4 -> 6
[DP-bwdX] L=32 states=2 -> 3
[DP-bwdX] L=48 states=1 -> 1
[DP-bwdX] L=48 states=1 -> 1
[DP-bwdX] L=48 states=1 -> 1
[DP-bwdX] L=48 states=1 -> 1
[DP-fwdX] L=48 states=1 -> 1
[DP-fwdX] L=64 states=94 -> 103
[DP-bwdX] L=96 states=1 -> 1
[DP-bwdX] L=80 states=179 -> 218
[DP-fwdX] L=48 states=1 -> 1
[DP-bwdX] L=64 states=97 -> 135
[DP-fwdX] L=48 states=1 -> 1
[DP-fwdX] L=48 states=1 -> 1
[DP-fwdX] L=48 states=1 -> 1
[DP-fwdX] L=64 states=12 -> 16
[DP-bwdX] L=64 states=4 -> 6
[DP-fwdX] L=64 states=1 -> 1
[DP-fwdX] L=80 states=13 -> 14
[DP-bwdX] L=96 states=1 -> 1
[DP-bwdX] L=80 states=19 -> 32
[DP-fwdX] L=80 states=4 -> 5
[DP-bwdX] L=80 states=3 -> 7
[DP-bwdX] L=96 states=1 -> 1
[DP-bwdX] L=96 states=1 -> 1
[DP-bwdX] L=96 states=1 -> 1
[DP-bwdX] L=96 states=1 -> 1
  [Round 34] T_prime=16  T_target=12  HPWL_w=798000  HPWL_eq=777  maxL=27  WNS(T')=-11  WNS*(T)=-15  picked=172  solve_ms=94.8226
[OC-Shortest/pow2] m=12 h=8 SEG=4 bits=48 words=1 threads=24
[DP-fwdX] L=0 states=1 -> 1
[DP-fwdX] L=16 states=179 -> 218
[DP-fwdX] L=32 states=1870 -> 2034
[DP-bwdX] L=96 states=1 -> 1
[DP-bwdX] L=80 states=179 -> 218
[DP-bwdX] L=64 states=1870 -> 2034
[DP-fwdX] L=0 states=1 -> 1
[DP-fwdX] L=16 states=179 -> 218
[DP-bwdX] L=48 states=1 -> 1
[DP-bwdX] L=32 states=94 -> 103
[DP-fwdX] L=0 states=1 -> 1
[DP-bwdX] L=16 states=10 -> 11
[DP-fwdX] L=0 states=1 -> 1
[DP-fwdX] L=0 states=1 -> 1
[DP-fwdX] L=0 states=1 -> 1
[DP-fwdX] L=16 states=19 -> 31
[DP-bwdX] L=16 states=4 -> 6
[DP-fwdX] L=16 states=1 -> 3
[DP-fwdX] L=32 states=22 -> 29
[DP-bwdX] L=48 states=1 -> 1
[DP-bwdX] L=32 states=15 -> 21
[DP-fwdX] L=32 states=5 -> 9
[DP-bwdX] L=32 states=3 -> 6
[DP-bwdX] L=48 states=1 -> 1
[DP-bwdX] L=48 states=1 -> 1
[DP-bwdX] L=48 states=1 -> 1
[DP-bwdX] L=48 states=1 -> 1
[DP-fwdX] L=48 states=1 -> 1
[DP-fwdX] L=64 states=94 -> 103
[DP-bwdX] L=96 states=1 -> 1
[DP-bwdX] L=80 states=179 -> 218
[DP-fwdX] L=48 states=1 -> 1
[DP-bwdX] L=64 states=22 -> 29
[DP-fwdX] L=48 states=1 -> 1
[DP-fwdX] L=48 states=1 -> 1
[DP-fwdX] L=48 states=1 -> 1
[DP-fwdX] L=64 states=15 -> 21
[DP-bwdX] L=64 states=5 -> 9
[DP-fwdX] L=64 states=1 -> 2
[DP-fwdX] L=80 states=10 -> 11
[DP-bwdX] L=96 states=1 -> 1
[DP-bwdX] L=80 states=19 -> 31
[DP-fwdX] L=80 states=2 -> 3
[DP-bwdX] L=80 states=2 -> 5
[DP-bwdX] L=96 states=1 -> 1
[DP-bwdX] L=96 states=1 -> 1
[DP-bwdX] L=96 states=1 -> 1
[DP-bwdX] L=96 states=1 -> 1
  [Round 35] T_prime=16  T_target=12  HPWL_w=798000  HPWL_eq=780  maxL=21  WNS(T')=-5  WNS*(T)=-9  picked=172  solve_ms=81.7781
[OC-Shortest/pow2] m=12 h=8 SEG=4 bits=48 words=1 threads=24
[DP-fwdX] L=0 states=1 -> 1
[DP-fwdX] L=16 states=179 -> 218
[DP-fwdX] L=32 states=1870 -> 2034
[DP-bwdX] L=96 states=1 -> 1
[DP-bwdX] L=80 states=179 -> 218
[DP-bwdX] L=64 states=1870 -> 2034
[DP-fwdX] L=0 states=1 -> 1
[DP-fwdX] L=16 states=179 -> 218
[DP-bwdX] L=48 states=1 -> 1
[DP-bwdX] L=32 states=94 -> 103
[DP-fwdX] L=0 states=1 -> 1
[DP-bwdX] L=16 states=29 -> 29
[DP-fwdX] L=0 states=1 -> 1
[DP-fwdX] L=0 states=1 -> 1
[DP-fwdX] L=0 states=1 -> 1
[DP-fwdX] L=16 states=19 -> 32
[DP-bwdX] L=16 states=4 -> 5
[DP-fwdX] L=16 states=1 -> 2
[DP-fwdX] L=32 states=126 -> 174
[DP-bwdX] L=48 states=1 -> 1
[DP-bwdX] L=32 states=12 -> 16
[DP-fwdX] L=32 states=4 -> 6
[DP-bwdX] L=32 states=2 -> 3
[DP-bwdX] L=48 states=1 -> 1
[DP-bwdX] L=48 states=1 -> 1
[DP-bwdX] L=48 states=1 -> 1
[DP-bwdX] L=48 states=1 -> 1
[DP-fwdX] L=48 states=1 -> 1
[DP-fwdX] L=64 states=94 -> 103
[DP-bwdX] L=96 states=1 -> 1
[DP-bwdX] L=80 states=179 -> 218
[DP-fwdX] L=48 states=1 -> 1
[DP-bwdX] L=64 states=97 -> 135
[DP-fwdX] L=48 states=1 -> 1
[DP-fwdX] L=48 states=1 -> 1
[DP-fwdX] L=48 states=1 -> 1
[DP-fwdX] L=64 states=12 -> 16
[DP-bwdX] L=64 states=4 -> 6
[DP-fwdX] L=64 states=1 -> 1
[DP-fwdX] L=80 states=13 -> 14
[DP-bwdX] L=96 states=1 -> 1
[DP-bwdX] L=80 states=19 -> 32
[DP-fwdX] L=80 states=4 -> 5
[DP-bwdX] L=80 states=3 -> 7
[DP-bwdX] L=96 states=1 -> 1
[DP-bwdX] L=96 states=1 -> 1
[DP-bwdX] L=96 states=1 -> 1
[DP-bwdX] L=96 states=1 -> 1
  [Round 36] T_prime=16  T_target=12  HPWL_w=798000  HPWL_eq=777  maxL=27  WNS(T')=-11  WNS*(T)=-15  picked=172  solve_ms=98.6668
[OC-Shortest/pow2] m=12 h=8 SEG=4 bits=48 words=1 threads=24
[DP-fwdX] L=0 states=1 -> 1
[DP-fwdX] L=16 states=179 -> 218
[DP-fwdX] L=32 states=1870 -> 2034
[DP-bwdX] L=96 states=1 -> 1
[DP-bwdX] L=80 states=179 -> 218
[DP-bwdX] L=64 states=1870 -> 2034
[DP-fwdX] L=0 states=1 -> 1
[DP-fwdX] L=16 states=179 -> 218
[DP-bwdX] L=48 states=1 -> 1
[DP-bwdX] L=32 states=94 -> 103
[DP-fwdX] L=0 states=1 -> 1
[DP-bwdX] L=16 states=10 -> 11
[DP-fwdX] L=0 states=1 -> 1
[DP-fwdX] L=0 states=1 -> 1
[DP-fwdX] L=0 states=1 -> 1
[DP-fwdX] L=16 states=19 -> 31
[DP-bwdX] L=16 states=4 -> 6
[DP-fwdX] L=16 states=1 -> 3
[DP-fwdX] L=32 states=22 -> 29
[DP-bwdX] L=48 states=1 -> 1
[DP-bwdX] L=32 states=15 -> 21
[DP-fwdX] L=32 states=5 -> 9
[DP-bwdX] L=32 states=3 -> 6
[DP-bwdX] L=48 states=1 -> 1
[DP-bwdX] L=48 states=1 -> 1
[DP-bwdX] L=48 states=1 -> 1
[DP-bwdX] L=48 states=1 -> 1
[DP-fwdX] L=48 states=1 -> 1
[DP-fwdX] L=64 states=94 -> 103
[DP-bwdX] L=96 states=1 -> 1
[DP-bwdX] L=80 states=179 -> 218
[DP-fwdX] L=48 states=1 -> 1
[DP-bwdX] L=64 states=22 -> 29
[DP-fwdX] L=48 states=1 -> 1
[DP-fwdX] L=48 states=1 -> 1
[DP-fwdX] L=48 states=1 -> 1
[DP-fwdX] L=64 states=15 -> 21
[DP-bwdX] L=64 states=5 -> 9
[DP-fwdX] L=64 states=1 -> 2
[DP-fwdX] L=80 states=10 -> 11
[DP-bwdX] L=96 states=1 -> 1
[DP-bwdX] L=80 states=19 -> 31
[DP-fwdX] L=80 states=2 -> 3
[DP-bwdX] L=80 states=2 -> 5
[DP-bwdX] L=96 states=1 -> 1
[DP-bwdX] L=96 states=1 -> 1
[DP-bwdX] L=96 states=1 -> 1
[DP-bwdX] L=96 states=1 -> 1
  [Round 37] T_prime=16  T_target=12  HPWL_w=798000  HPWL_eq=780  maxL=21  WNS(T')=-5  WNS*(T)=-9  picked=172  solve_ms=160.748
[OC-Shortest/pow2] m=12 h=8 SEG=4 bits=48 words=1 threads=24
[DP-fwdX] L=0 states=1 -> 1
[DP-fwdX] L=16 states=179 -> 218
[DP-fwdX] L=32 states=1870 -> 2034
[DP-bwdX] L=96 states=1 -> 1
[DP-bwdX] L=80 states=179 -> 218
[DP-bwdX] L=64 states=1870 -> 2034
[DP-fwdX] L=0 states=1 -> 1
[DP-fwdX] L=16 states=179 -> 218
[DP-bwdX] L=48 states=1 -> 1
[DP-bwdX] L=32 states=94 -> 103
[DP-fwdX] L=0 states=1 -> 1
[DP-bwdX] L=16 states=29 -> 29
[DP-fwdX] L=0 states=1 -> 1
[DP-fwdX] L=0 states=1 -> 1
[DP-fwdX] L=0 states=1 -> 1
[DP-fwdX] L=16 states=19 -> 32
[DP-bwdX] L=16 states=4 -> 5
[DP-fwdX] L=16 states=1 -> 2
[DP-fwdX] L=32 states=126 -> 174
[DP-bwdX] L=48 states=1 -> 1
[DP-bwdX] L=32 states=12 -> 16
[DP-fwdX] L=32 states=4 -> 6
[DP-bwdX] L=32 states=2 -> 3
[DP-bwdX] L=48 states=1 -> 1
[DP-bwdX] L=48 states=1 -> 1
[DP-bwdX] L=48 states=1 -> 1
[DP-bwdX] L=48 states=1 -> 1
[DP-fwdX] L=48 states=1 -> 1
[DP-fwdX] L=64 states=94 -> 103
[DP-bwdX] L=96 states=1 -> 1
[DP-bwdX] L=80 states=179 -> 218
[DP-fwdX] L=48 states=1 -> 1
[DP-bwdX] L=64 states=97 -> 135
[DP-fwdX] L=48 states=1 -> 1
[DP-fwdX] L=48 states=1 -> 1
[DP-fwdX] L=48 states=1 -> 1
[DP-fwdX] L=64 states=12 -> 16
[DP-bwdX] L=64 states=4 -> 6
[DP-fwdX] L=64 states=1 -> 1
[DP-fwdX] L=80 states=13 -> 14
[DP-bwdX] L=96 states=1 -> 1
[DP-bwdX] L=80 states=19 -> 32
[DP-fwdX] L=80 states=4 -> 5
[DP-bwdX] L=80 states=3 -> 7
[DP-bwdX] L=96 states=1 -> 1
[DP-bwdX] L=96 states=1 -> 1
[DP-bwdX] L=96 states=1 -> 1
[DP-bwdX] L=96 states=1 -> 1
  [Round 38] T_prime=16  T_target=12  HPWL_w=798000  HPWL_eq=777  maxL=27  WNS(T')=-11  WNS*(T)=-15  picked=172  solve_ms=84.8991
[OC-Shortest/pow2] m=12 h=8 SEG=4 bits=48 words=1 threads=24
[DP-fwdX] L=0 states=1 -> 1
[DP-fwdX] L=16 states=179 -> 218
[DP-fwdX] L=32 states=1870 -> 2034
[DP-bwdX] L=96 states=1 -> 1
[DP-bwdX] L=80 states=179 -> 218
[DP-bwdX] L=64 states=1870 -> 2034
[DP-fwdX] L=0 states=1 -> 1
[DP-fwdX] L=16 states=179 -> 218
[DP-bwdX] L=48 states=1 -> 1
[DP-bwdX] L=32 states=94 -> 103
[DP-fwdX] L=0 states=1 -> 1
[DP-bwdX] L=16 states=10 -> 11
[DP-fwdX] L=0 states=1 -> 1
[DP-fwdX] L=0 states=1 -> 1
[DP-fwdX] L=0 states=1 -> 1
[DP-fwdX] L=16 states=19 -> 31
[DP-bwdX] L=16 states=4 -> 6
[DP-fwdX] L=16 states=1 -> 3
[DP-fwdX] L=32 states=22 -> 29
[DP-bwdX] L=48 states=1 -> 1
[DP-bwdX] L=32 states=15 -> 21
[DP-fwdX] L=32 states=5 -> 9
[DP-bwdX] L=32 states=3 -> 6
[DP-bwdX] L=48 states=1 -> 1
[DP-bwdX] L=48 states=1 -> 1
[DP-bwdX] L=48 states=1 -> 1
[DP-bwdX] L=48 states=1 -> 1
[DP-fwdX] L=48 states=1 -> 1
[DP-fwdX] L=64 states=94 -> 103
[DP-bwdX] L=96 states=1 -> 1
[DP-bwdX] L=80 states=179 -> 218
[DP-fwdX] L=48 states=1 -> 1
[DP-bwdX] L=64 states=22 -> 29
[DP-fwdX] L=48 states=1 -> 1
[DP-fwdX] L=48 states=1 -> 1
[DP-fwdX] L=48 states=1 -> 1
[DP-fwdX] L=64 states=15 -> 21
[DP-bwdX] L=64 states=5 -> 9
[DP-fwdX] L=64 states=1 -> 2
[DP-fwdX] L=80 states=10 -> 11
[DP-bwdX] L=96 states=1 -> 1
[DP-bwdX] L=80 states=19 -> 31
[DP-fwdX] L=80 states=2 -> 3
[DP-bwdX] L=80 states=2 -> 5
[DP-bwdX] L=96 states=1 -> 1
[DP-bwdX] L=96 states=1 -> 1
[DP-bwdX] L=96 states=1 -> 1
[DP-bwdX] L=96 states=1 -> 1
  [Round 39] T_prime=16  T_target=12  HPWL_w=798000  HPWL_eq=780  maxL=21  WNS(T')=-5  WNS*(T)=-9  picked=172  solve_ms=84.7288
[OC-Shortest/pow2] m=12 h=8 SEG=4 bits=48 words=1 threads=24
[DP-fwdX] L=0 states=1 -> 1
[DP-fwdX] L=16 states=179 -> 218
[DP-fwdX] L=32 states=1870 -> 2034
[DP-bwdX] L=96 states=1 -> 1
[DP-bwdX] L=80 states=179 -> 218
[DP-bwdX] L=64 states=1870 -> 2034
[DP-fwdX] L=0 states=1 -> 1
[DP-fwdX] L=16 states=179 -> 218
[DP-bwdX] L=48 states=1 -> 1
[DP-bwdX] L=32 states=94 -> 103
[DP-fwdX] L=0 states=1 -> 1
[DP-bwdX] L=16 states=29 -> 29
[DP-fwdX] L=0 states=1 -> 1
[DP-fwdX] L=0 states=1 -> 1
[DP-fwdX] L=0 states=1 -> 1
[DP-fwdX] L=16 states=19 -> 32
[DP-bwdX] L=16 states=4 -> 5
[DP-fwdX] L=16 states=1 -> 2
[DP-fwdX] L=32 states=126 -> 174
[DP-bwdX] L=48 states=1 -> 1
[DP-bwdX] L=32 states=12 -> 16
[DP-fwdX] L=32 states=4 -> 6
[DP-bwdX] L=32 states=2 -> 3
[DP-bwdX] L=48 states=1 -> 1
[DP-bwdX] L=48 states=1 -> 1
[DP-bwdX] L=48 states=1 -> 1
[DP-bwdX] L=48 states=1 -> 1
[DP-fwdX] L=48 states=1 -> 1
[DP-fwdX] L=64 states=94 -> 103
[DP-bwdX] L=96 states=1 -> 1
[DP-bwdX] L=80 states=179 -> 218
[DP-fwdX] L=48 states=1 -> 1
[DP-bwdX] L=64 states=97 -> 135
[DP-fwdX] L=48 states=1 -> 1
[DP-fwdX] L=48 states=1 -> 1
[DP-fwdX] L=48 states=1 -> 1
[DP-fwdX] L=64 states=12 -> 16
[DP-bwdX] L=64 states=4 -> 6
[DP-fwdX] L=64 states=1 -> 1
[DP-fwdX] L=80 states=13 -> 14
[DP-bwdX] L=96 states=1 -> 1
[DP-bwdX] L=80 states=19 -> 32
[DP-fwdX] L=80 states=4 -> 5
[DP-bwdX] L=80 states=3 -> 7
[DP-bwdX] L=96 states=1 -> 1
[DP-bwdX] L=96 states=1 -> 1
[DP-bwdX] L=96 states=1 -> 1
[DP-bwdX] L=96 states=1 -> 1
  [Round 40] T_prime=16  T_target=12  HPWL_w=798000  HPWL_eq=777  maxL=27  WNS(T')=-11  WNS*(T)=-15  picked=172  solve_ms=85.2354
[OC-Shortest/pow2] m=12 h=8 SEG=4 bits=48 words=1 threads=24
[DP-fwdX] L=0 states=1 -> 1
[DP-fwdX] L=16 states=179 -> 218
[DP-fwdX] L=32 states=1870 -> 2034
[DP-bwdX] L=96 states=1 -> 1
[DP-bwdX] L=80 states=179 -> 218
[DP-bwdX] L=64 states=1870 -> 2034
[DP-fwdX] L=0 states=1 -> 1
[DP-fwdX] L=16 states=179 -> 218
[DP-bwdX] L=48 states=1 -> 1
[DP-bwdX] L=32 states=94 -> 103
[DP-fwdX] L=0 states=1 -> 1
[DP-bwdX] L=16 states=10 -> 11
[DP-fwdX] L=0 states=1 -> 1
[DP-fwdX] L=0 states=1 -> 1
[DP-fwdX] L=0 states=1 -> 1
[DP-fwdX] L=16 states=19 -> 31
[DP-bwdX] L=16 states=4 -> 6
[DP-fwdX] L=16 states=1 -> 3
[DP-fwdX] L=32 states=22 -> 29
[DP-bwdX] L=48 states=1 -> 1
[DP-bwdX] L=32 states=15 -> 21
[DP-fwdX] L=32 states=5 -> 9
[DP-bwdX] L=32 states=3 -> 6
[DP-bwdX] L=48 states=1 -> 1
[DP-bwdX] L=48 states=1 -> 1
[DP-bwdX] L=48 states=1 -> 1
[DP-bwdX] L=48 states=1 -> 1
[DP-fwdX] L=48 states=1 -> 1
[DP-fwdX] L=64 states=94 -> 103
[DP-bwdX] L=96 states=1 -> 1
[DP-bwdX] L=80 states=179 -> 218
[DP-fwdX] L=48 states=1 -> 1
[DP-bwdX] L=64 states=22 -> 29
[DP-fwdX] L=48 states=1 -> 1
[DP-fwdX] L=48 states=1 -> 1
[DP-fwdX] L=48 states=1 -> 1
[DP-fwdX] L=64 states=15 -> 21
[DP-bwdX] L=64 states=5 -> 9
[DP-fwdX] L=64 states=1 -> 2
[DP-fwdX] L=80 states=10 -> 11
[DP-bwdX] L=96 states=1 -> 1
[DP-bwdX] L=80 states=19 -> 31
[DP-fwdX] L=80 states=2 -> 3
[DP-bwdX] L=80 states=2 -> 5
[DP-bwdX] L=96 states=1 -> 1
[DP-bwdX] L=96 states=1 -> 1
[DP-bwdX] L=96 states=1 -> 1
[DP-bwdX] L=96 states=1 -> 1
  [Round 41] T_prime=16  T_target=12  HPWL_w=798000  HPWL_eq=780  maxL=21  WNS(T')=-5  WNS*(T)=-9  picked=172  solve_ms=81.4755
[OC-Shortest/pow2] m=12 h=8 SEG=4 bits=48 words=1 threads=24
[DP-fwdX] L=0 states=1 -> 1
[DP-fwdX] L=16 states=179 -> 218
[DP-fwdX] L=32 states=1870 -> 2034
[DP-bwdX] L=96 states=1 -> 1
[DP-bwdX] L=80 states=179 -> 218
[DP-bwdX] L=64 states=1870 -> 2034
[DP-fwdX] L=0 states=1 -> 1
[DP-fwdX] L=16 states=179 -> 218
[DP-bwdX] L=48 states=1 -> 1
[DP-bwdX] L=32 states=94 -> 103
[DP-fwdX] L=0 states=1 -> 1
[DP-bwdX] L=16 states=29 -> 29
[DP-fwdX] L=0 states=1 -> 1
[DP-fwdX] L=0 states=1 -> 1
[DP-fwdX] L=0 states=1 -> 1
[DP-fwdX] L=16 states=19 -> 32
[DP-bwdX] L=16 states=4 -> 5
[DP-fwdX] L=16 states=1 -> 2
[DP-fwdX] L=32 states=126 -> 174
[DP-bwdX] L=48 states=1 -> 1
[DP-bwdX] L=32 states=12 -> 16
[DP-fwdX] L=32 states=4 -> 6
[DP-bwdX] L=32 states=2 -> 3
[DP-bwdX] L=48 states=1 -> 1
[DP-bwdX] L=48 states=1 -> 1
[DP-bwdX] L=48 states=1 -> 1
[DP-bwdX] L=48 states=1 -> 1
[DP-fwdX] L=48 states=1 -> 1
[DP-fwdX] L=64 states=94 -> 103
[DP-bwdX] L=96 states=1 -> 1
[DP-bwdX] L=80 states=179 -> 218
[DP-fwdX] L=48 states=1 -> 1
[DP-bwdX] L=64 states=97 -> 135
[DP-fwdX] L=48 states=1 -> 1
[DP-fwdX] L=48 states=1 -> 1
[DP-fwdX] L=48 states=1 -> 1
[DP-fwdX] L=64 states=12 -> 16
[DP-bwdX] L=64 states=4 -> 6
[DP-fwdX] L=64 states=1 -> 1
[DP-fwdX] L=80 states=13 -> 14
[DP-bwdX] L=96 states=1 -> 1
[DP-bwdX] L=80 states=19 -> 32
[DP-fwdX] L=80 states=4 -> 5
[DP-bwdX] L=80 states=3 -> 7
[DP-bwdX] L=96 states=1 -> 1
[DP-bwdX] L=96 states=1 -> 1
[DP-bwdX] L=96 states=1 -> 1
[DP-bwdX] L=96 states=1 -> 1
  [Round 42] T_prime=16  T_target=12  HPWL_w=798000  HPWL_eq=777  maxL=27  WNS(T')=-11  WNS*(T)=-15  picked=172  solve_ms=83.9873
[OC-Shortest/pow2] m=12 h=8 SEG=4 bits=48 words=1 threads=24
[DP-fwdX] L=0 states=1 -> 1
[DP-fwdX] L=16 states=179 -> 218
[DP-fwdX] L=32 states=1870 -> 2034
[DP-bwdX] L=96 states=1 -> 1
[DP-bwdX] L=80 states=179 -> 218
[DP-bwdX] L=64 states=1870 -> 2034
[DP-fwdX] L=0 states=1 -> 1
[DP-fwdX] L=16 states=179 -> 218
[DP-bwdX] L=48 states=1 -> 1
[DP-bwdX] L=32 states=94 -> 103
[DP-fwdX] L=0 states=1 -> 1
[DP-bwdX] L=16 states=10 -> 11
[DP-fwdX] L=0 states=1 -> 1
[DP-fwdX] L=0 states=1 -> 1
[DP-fwdX] L=0 states=1 -> 1
[DP-fwdX] L=16 states=19 -> 31
[DP-bwdX] L=16 states=4 -> 6
[DP-fwdX] L=16 states=1 -> 3
[DP-fwdX] L=32 states=22 -> 29
[DP-bwdX] L=48 states=1 -> 1
[DP-bwdX] L=32 states=15 -> 21
[DP-fwdX] L=32 states=5 -> 9
[DP-bwdX] L=32 states=3 -> 6
[DP-bwdX] L=48 states=1 -> 1
[DP-bwdX] L=48 states=1 -> 1
[DP-bwdX] L=48 states=1 -> 1
[DP-bwdX] L=48 states=1 -> 1
[DP-fwdX] L=48 states=1 -> 1
[DP-fwdX] L=64 states=94 -> 103
[DP-bwdX] L=96 states=1 -> 1
[DP-bwdX] L=80 states=179 -> 218
[DP-fwdX] L=48 states=1 -> 1
[DP-bwdX] L=64 states=22 -> 29
[DP-fwdX] L=48 states=1 -> 1
[DP-fwdX] L=48 states=1 -> 1
[DP-fwdX] L=48 states=1 -> 1
[DP-fwdX] L=64 states=15 -> 21
[DP-bwdX] L=64 states=5 -> 9
[DP-fwdX] L=64 states=1 -> 2
[DP-fwdX] L=80 states=10 -> 11
[DP-bwdX] L=96 states=1 -> 1
[DP-bwdX] L=80 states=19 -> 31
[DP-fwdX] L=80 states=2 -> 3
[DP-bwdX] L=80 states=2 -> 5
[DP-bwdX] L=96 states=1 -> 1
[DP-bwdX] L=96 states=1 -> 1
[DP-bwdX] L=96 states=1 -> 1
[DP-bwdX] L=96 states=1 -> 1
  [Round 43] T_prime=16  T_target=12  HPWL_w=798000  HPWL_eq=780  maxL=21  WNS(T')=-5  WNS*(T)=-9  picked=172  solve_ms=83.8385
[OC-Shortest/pow2] m=12 h=8 SEG=4 bits=48 words=1 threads=24
[DP-fwdX] L=0 states=1 -> 1
[DP-fwdX] L=16 states=179 -> 218
[DP-fwdX] L=32 states=1870 -> 2034
[DP-bwdX] L=96 states=1 -> 1
[DP-bwdX] L=80 states=179 -> 218
[DP-bwdX] L=64 states=1870 -> 2034
[DP-fwdX] L=0 states=1 -> 1
[DP-fwdX] L=16 states=179 -> 218
[DP-bwdX] L=48 states=1 -> 1
[DP-bwdX] L=32 states=94 -> 103
[DP-fwdX] L=0 states=1 -> 1
[DP-bwdX] L=16 states=29 -> 29
[DP-fwdX] L=0 states=1 -> 1
[DP-fwdX] L=0 states=1 -> 1
[DP-fwdX] L=0 states=1 -> 1
[DP-fwdX] L=16 states=19 -> 32
[DP-bwdX] L=16 states=4 -> 5
[DP-fwdX] L=16 states=1 -> 2
[DP-fwdX] L=32 states=126 -> 174
[DP-bwdX] L=48 states=1 -> 1
[DP-bwdX] L=32 states=12 -> 16
[DP-fwdX] L=32 states=4 -> 6
[DP-bwdX] L=32 states=2 -> 3
[DP-bwdX] L=48 states=1 -> 1
[DP-bwdX] L=48 states=1 -> 1
[DP-bwdX] L=48 states=1 -> 1
[DP-bwdX] L=48 states=1 -> 1
[DP-fwdX] L=48 states=1 -> 1
[DP-fwdX] L=64 states=94 -> 103
[DP-bwdX] L=96 states=1 -> 1
[DP-bwdX] L=80 states=179 -> 218
[DP-fwdX] L=48 states=1 -> 1
[DP-bwdX] L=64 states=97 -> 135
[DP-fwdX] L=48 states=1 -> 1
[DP-fwdX] L=48 states=1 -> 1
[DP-fwdX] L=48 states=1 -> 1
[DP-fwdX] L=64 states=12 -> 16
[DP-bwdX] L=64 states=4 -> 6
[DP-fwdX] L=64 states=1 -> 1
[DP-fwdX] L=80 states=13 -> 14
[DP-bwdX] L=96 states=1 -> 1
[DP-bwdX] L=80 states=19 -> 32
[DP-fwdX] L=80 states=4 -> 5
[DP-bwdX] L=80 states=3 -> 7
[DP-bwdX] L=96 states=1 -> 1
[DP-bwdX] L=96 states=1 -> 1
[DP-bwdX] L=96 states=1 -> 1
[DP-bwdX] L=96 states=1 -> 1
  [Round 44] T_prime=16  T_target=12  HPWL_w=798000  HPWL_eq=777  maxL=27  WNS(T')=-11  WNS*(T)=-15  picked=172  solve_ms=88.595
[OC-Shortest/pow2] m=12 h=8 SEG=4 bits=48 words=1 threads=24
[DP-fwdX] L=0 states=1 -> 1
[DP-fwdX] L=16 states=179 -> 218
[DP-fwdX] L=32 states=1870 -> 2034
[DP-bwdX] L=96 states=1 -> 1
[DP-bwdX] L=80 states=179 -> 218
[DP-bwdX] L=64 states=1870 -> 2034
[DP-fwdX] L=0 states=1 -> 1
[DP-fwdX] L=16 states=179 -> 218
[DP-bwdX] L=48 states=1 -> 1
[DP-bwdX] L=32 states=94 -> 103
[DP-fwdX] L=0 states=1 -> 1
[DP-bwdX] L=16 states=10 -> 11
[DP-fwdX] L=0 states=1 -> 1
[DP-fwdX] L=0 states=1 -> 1
[DP-fwdX] L=0 states=1 -> 1
[DP-fwdX] L=16 states=19 -> 31
[DP-bwdX] L=16 states=4 -> 6
[DP-fwdX] L=16 states=1 -> 3
[DP-fwdX] L=32 states=22 -> 29
[DP-bwdX] L=48 states=1 -> 1
[DP-bwdX] L=32 states=15 -> 21
[DP-fwdX] L=32 states=5 -> 9
[DP-bwdX] L=32 states=3 -> 6
[DP-bwdX] L=48 states=1 -> 1
[DP-bwdX] L=48 states=1 -> 1
[DP-bwdX] L=48 states=1 -> 1
[DP-bwdX] L=48 states=1 -> 1
[DP-fwdX] L=48 states=1 -> 1
[DP-fwdX] L=64 states=94 -> 103
[DP-bwdX] L=96 states=1 -> 1
[DP-bwdX] L=80 states=179 -> 218
[DP-fwdX] L=48 states=1 -> 1
[DP-bwdX] L=64 states=22 -> 29
[DP-fwdX] L=48 states=1 -> 1
[DP-fwdX] L=48 states=1 -> 1
[DP-fwdX] L=48 states=1 -> 1
[DP-fwdX] L=64 states=15 -> 21
[DP-bwdX] L=64 states=5 -> 9
[DP-fwdX] L=64 states=1 -> 2
[DP-fwdX] L=80 states=10 -> 11
[DP-bwdX] L=96 states=1 -> 1
[DP-bwdX] L=80 states=19 -> 31
[DP-fwdX] L=80 states=2 -> 3
[DP-bwdX] L=80 states=2 -> 5
[DP-bwdX] L=96 states=1 -> 1
[DP-bwdX] L=96 states=1 -> 1
[DP-bwdX] L=96 states=1 -> 1
[DP-bwdX] L=96 states=1 -> 1
  [Round 45] T_prime=16  T_target=12  HPWL_w=798000  HPWL_eq=780  maxL=21  WNS(T')=-5  WNS*(T)=-9  picked=172  solve_ms=91.1935
[OC-Shortest/pow2] m=12 h=8 SEG=4 bits=48 words=1 threads=24
[DP-fwdX] L=0 states=1 -> 1
[DP-fwdX] L=16 states=179 -> 218
[DP-fwdX] L=32 states=1870 -> 2034
[DP-bwdX] L=96 states=1 -> 1
[DP-bwdX] L=80 states=179 -> 218
[DP-bwdX] L=64 states=1870 -> 2034
[DP-fwdX] L=0 states=1 -> 1
[DP-fwdX] L=16 states=179 -> 218
[DP-bwdX] L=48 states=1 -> 1
[DP-bwdX] L=32 states=94 -> 103
[DP-fwdX] L=0 states=1 -> 1
[DP-bwdX] L=16 states=29 -> 29
[DP-fwdX] L=0 states=1 -> 1
[DP-fwdX] L=0 states=1 -> 1
[DP-fwdX] L=0 states=1 -> 1
[DP-fwdX] L=16 states=19 -> 32
[DP-bwdX] L=16 states=4 -> 5
[DP-fwdX] L=16 states=1 -> 2
[DP-fwdX] L=32 states=126 -> 174
[DP-bwdX] L=48 states=1 -> 1
[DP-bwdX] L=32 states=12 -> 16
[DP-fwdX] L=32 states=4 -> 6
[DP-bwdX] L=32 states=2 -> 3
[DP-bwdX] L=48 states=1 -> 1
[DP-bwdX] L=48 states=1 -> 1
[DP-bwdX] L=48 states=1 -> 1
[DP-bwdX] L=48 states=1 -> 1
[DP-fwdX] L=48 states=1 -> 1
[DP-fwdX] L=64 states=94 -> 103
[DP-bwdX] L=96 states=1 -> 1
[DP-bwdX] L=80 states=179 -> 218
[DP-fwdX] L=48 states=1 -> 1
[DP-bwdX] L=64 states=97 -> 135
[DP-fwdX] L=48 states=1 -> 1
[DP-fwdX] L=48 states=1 -> 1
[DP-fwdX] L=48 states=1 -> 1
[DP-fwdX] L=64 states=12 -> 16
[DP-bwdX] L=64 states=4 -> 6
[DP-fwdX] L=64 states=1 -> 1
[DP-fwdX] L=80 states=13 -> 14
[DP-bwdX] L=96 states=1 -> 1
[DP-bwdX] L=80 states=19 -> 32
[DP-fwdX] L=80 states=4 -> 5
[DP-bwdX] L=80 states=3 -> 7
[DP-bwdX] L=96 states=1 -> 1
[DP-bwdX] L=96 states=1 -> 1
[DP-bwdX] L=96 states=1 -> 1
[DP-bwdX] L=96 states=1 -> 1
  [Round 46] T_prime=16  T_target=12  HPWL_w=798000  HPWL_eq=777  maxL=27  WNS(T')=-11  WNS*(T)=-15  picked=172  solve_ms=88.1089
[OC-Shortest/pow2] m=12 h=8 SEG=4 bits=48 words=1 threads=24
[DP-fwdX] L=0 states=1 -> 1
[DP-fwdX] L=16 states=179 -> 218
[DP-fwdX] L=32 states=1870 -> 2034
[DP-bwdX] L=96 states=1 -> 1
[DP-bwdX] L=80 states=179 -> 218
[DP-bwdX] L=64 states=1870 -> 2034
[DP-fwdX] L=0 states=1 -> 1
[DP-fwdX] L=16 states=179 -> 218
[DP-bwdX] L=48 states=1 -> 1
[DP-bwdX] L=32 states=94 -> 103
[DP-fwdX] L=0 states=1 -> 1
[DP-bwdX] L=16 states=10 -> 11
[DP-fwdX] L=0 states=1 -> 1
[DP-fwdX] L=0 states=1 -> 1
[DP-fwdX] L=0 states=1 -> 1
[DP-fwdX] L=16 states=19 -> 31
[DP-bwdX] L=16 states=4 -> 6
[DP-fwdX] L=16 states=1 -> 3
[DP-fwdX] L=32 states=22 -> 29
[DP-bwdX] L=48 states=1 -> 1
[DP-bwdX] L=32 states=15 -> 21
[DP-fwdX] L=32 states=5 -> 9
[DP-bwdX] L=32 states=3 -> 6
[DP-bwdX] L=48 states=1 -> 1
[DP-bwdX] L=48 states=1 -> 1
[DP-bwdX] L=48 states=1 -> 1
[DP-bwdX] L=48 states=1 -> 1
[DP-fwdX] L=48 states=1 -> 1
[DP-fwdX] L=64 states=94 -> 103
[DP-bwdX] L=96 states=1 -> 1
[DP-bwdX] L=80 states=179 -> 218
[DP-fwdX] L=48 states=1 -> 1
[DP-bwdX] L=64 states=22 -> 29
[DP-fwdX] L=48 states=1 -> 1
[DP-fwdX] L=48 states=1 -> 1
[DP-fwdX] L=48 states=1 -> 1
[DP-fwdX] L=64 states=15 -> 21
[DP-bwdX] L=64 states=5 -> 9
[DP-fwdX] L=64 states=1 -> 2
[DP-fwdX] L=80 states=10 -> 11
[DP-bwdX] L=96 states=1 -> 1
[DP-bwdX] L=80 states=19 -> 31
[DP-fwdX] L=80 states=2 -> 3
[DP-bwdX] L=80 states=2 -> 5
[DP-bwdX] L=96 states=1 -> 1
[DP-bwdX] L=96 states=1 -> 1
[DP-bwdX] L=96 states=1 -> 1
[DP-bwdX] L=96 states=1 -> 1
  [Round 47] T_prime=16  T_target=12  HPWL_w=798000  HPWL_eq=780  maxL=21  WNS(T')=-5  WNS*(T)=-9  picked=172  solve_ms=272.671
[OC-Shortest/pow2] m=12 h=8 SEG=4 bits=48 words=1 threads=24
[DP-fwdX] L=0 states=1 -> 1
[DP-fwdX] L=16 states=179 -> 218
[DP-fwdX] L=32 states=1870 -> 2034
[DP-bwdX] L=96 states=1 -> 1
[DP-bwdX] L=80 states=179 -> 218
[DP-bwdX] L=64 states=1870 -> 2034
[DP-fwdX] L=0 states=1 -> 1
[DP-fwdX] L=16 states=179 -> 218
[DP-bwdX] L=48 states=1 -> 1
[DP-bwdX] L=32 states=94 -> 103
[DP-fwdX] L=0 states=1 -> 1
[DP-bwdX] L=16 states=29 -> 29
[DP-fwdX] L=0 states=1 -> 1
[DP-fwdX] L=0 states=1 -> 1
[DP-fwdX] L=0 states=1 -> 1
[DP-fwdX] L=16 states=19 -> 32
[DP-bwdX] L=16 states=4 -> 5
[DP-fwdX] L=16 states=1 -> 2
[DP-fwdX] L=32 states=126 -> 174
[DP-bwdX] L=48 states=1 -> 1
[DP-bwdX] L=32 states=12 -> 16
[DP-fwdX] L=32 states=4 -> 6
[DP-bwdX] L=32 states=2 -> 3
[DP-bwdX] L=48 states=1 -> 1
[DP-bwdX] L=48 states=1 -> 1
[DP-bwdX] L=48 states=1 -> 1
[DP-bwdX] L=48 states=1 -> 1
[DP-fwdX] L=48 states=1 -> 1
[DP-fwdX] L=64 states=94 -> 103
[DP-bwdX] L=96 states=1 -> 1
[DP-bwdX] L=80 states=179 -> 218
[DP-fwdX] L=48 states=1 -> 1
[DP-bwdX] L=64 states=97 -> 135
[DP-fwdX] L=48 states=1 -> 1
[DP-fwdX] L=48 states=1 -> 1
[DP-fwdX] L=48 states=1 -> 1
[DP-fwdX] L=64 states=12 -> 16
[DP-bwdX] L=64 states=4 -> 6
[DP-fwdX] L=64 states=1 -> 1
[DP-fwdX] L=80 states=13 -> 14
[DP-bwdX] L=96 states=1 -> 1
[DP-bwdX] L=80 states=19 -> 32
[DP-fwdX] L=80 states=4 -> 5
[DP-bwdX] L=80 states=3 -> 7
[DP-bwdX] L=96 states=1 -> 1
[DP-bwdX] L=96 states=1 -> 1
[DP-bwdX] L=96 states=1 -> 1
[DP-bwdX] L=96 states=1 -> 1
  [Round 48] T_prime=16  T_target=12  HPWL_w=798000  HPWL_eq=777  maxL=27  WNS(T')=-11  WNS*(T)=-15  picked=172  solve_ms=90.2435
[OC-Shortest/pow2] m=12 h=8 SEG=4 bits=48 words=1 threads=24
[DP-fwdX] L=0 states=1 -> 1
[DP-fwdX] L=16 states=179 -> 218
[DP-fwdX] L=32 states=1870 -> 2034
[DP-bwdX] L=96 states=1 -> 1
[DP-bwdX] L=80 states=179 -> 218
[DP-bwdX] L=64 states=1870 -> 2034
[DP-fwdX] L=0 states=1 -> 1
[DP-fwdX] L=16 states=179 -> 218
[DP-bwdX] L=48 states=1 -> 1
[DP-bwdX] L=32 states=94 -> 103
[DP-fwdX] L=0 states=1 -> 1
[DP-bwdX] L=16 states=10 -> 11
[DP-fwdX] L=0 states=1 -> 1
[DP-fwdX] L=0 states=1 -> 1
[DP-fwdX] L=0 states=1 -> 1
[DP-fwdX] L=16 states=19 -> 31
[DP-bwdX] L=16 states=4 -> 6
[DP-fwdX] L=16 states=1 -> 3
[DP-fwdX] L=32 states=22 -> 29
[DP-bwdX] L=48 states=1 -> 1
[DP-bwdX] L=32 states=15 -> 21
[DP-fwdX] L=32 states=5 -> 9
[DP-bwdX] L=32 states=3 -> 6
[DP-bwdX] L=48 states=1 -> 1
[DP-bwdX] L=48 states=1 -> 1
[DP-bwdX] L=48 states=1 -> 1
[DP-bwdX] L=48 states=1 -> 1
[DP-fwdX] L=48 states=1 -> 1
[DP-fwdX] L=64 states=94 -> 103
[DP-bwdX] L=96 states=1 -> 1
[DP-bwdX] L=80 states=179 -> 218
[DP-fwdX] L=48 states=1 -> 1
[DP-bwdX] L=64 states=22 -> 29
[DP-fwdX] L=48 states=1 -> 1
[DP-fwdX] L=48 states=1 -> 1
[DP-fwdX] L=48 states=1 -> 1
[DP-fwdX] L=64 states=15 -> 21
[DP-bwdX] L=64 states=5 -> 9
[DP-fwdX] L=64 states=1 -> 2
[DP-fwdX] L=80 states=10 -> 11
[DP-bwdX] L=96 states=1 -> 1
[DP-bwdX] L=80 states=19 -> 31
[DP-fwdX] L=80 states=2 -> 3
[DP-bwdX] L=80 states=2 -> 5
[DP-bwdX] L=96 states=1 -> 1
[DP-bwdX] L=96 states=1 -> 1
[DP-bwdX] L=96 states=1 -> 1
[DP-bwdX] L=96 states=1 -> 1
  [Round 49] T_prime=16  T_target=12  HPWL_w=798000  HPWL_eq=780  maxL=21  WNS(T')=-5  WNS*(T)=-9  picked=172  solve_ms=81.8507
[OC-Shortest/pow2] m=12 h=8 SEG=4 bits=48 words=1 threads=24
[DP-fwdX] L=0 states=1 -> 1
[DP-fwdX] L=16 states=179 -> 218
[DP-fwdX] L=32 states=1870 -> 2034
[DP-bwdX] L=96 states=1 -> 1
[DP-bwdX] L=80 states=179 -> 218
[DP-bwdX] L=64 states=1870 -> 2034
[DP-fwdX] L=0 states=1 -> 1
[DP-fwdX] L=16 states=179 -> 218
[DP-bwdX] L=48 states=1 -> 1
[DP-bwdX] L=32 states=94 -> 103
[DP-fwdX] L=0 states=1 -> 1
[DP-bwdX] L=16 states=29 -> 29
[DP-fwdX] L=0 states=1 -> 1
[DP-fwdX] L=0 states=1 -> 1
[DP-fwdX] L=0 states=1 -> 1
[DP-fwdX] L=16 states=19 -> 32
[DP-bwdX] L=16 states=4 -> 5
[DP-fwdX] L=16 states=1 -> 2
[DP-fwdX] L=32 states=126 -> 174
[DP-bwdX] L=48 states=1 -> 1
[DP-bwdX] L=32 states=12 -> 16
[DP-fwdX] L=32 states=4 -> 6
[DP-bwdX] L=32 states=2 -> 3
[DP-bwdX] L=48 states=1 -> 1
[DP-bwdX] L=48 states=1 -> 1
[DP-bwdX] L=48 states=1 -> 1
[DP-bwdX] L=48 states=1 -> 1
[DP-fwdX] L=48 states=1 -> 1
[DP-fwdX] L=64 states=94 -> 103
[DP-bwdX] L=96 states=1 -> 1
[DP-bwdX] L=80 states=179 -> 218
[DP-fwdX] L=48 states=1 -> 1
[DP-bwdX] L=64 states=97 -> 135
[DP-fwdX] L=48 states=1 -> 1
[DP-fwdX] L=48 states=1 -> 1
[DP-fwdX] L=48 states=1 -> 1
[DP-fwdX] L=64 states=12 -> 16
[DP-bwdX] L=64 states=4 -> 6
[DP-fwdX] L=64 states=1 -> 1
[DP-fwdX] L=80 states=13 -> 14
[DP-bwdX] L=96 states=1 -> 1
[DP-bwdX] L=80 states=19 -> 32
[DP-fwdX] L=80 states=4 -> 5
[DP-bwdX] L=80 states=3 -> 7
[DP-bwdX] L=96 states=1 -> 1
[DP-bwdX] L=96 states=1 -> 1
[DP-bwdX] L=96 states=1 -> 1
[DP-bwdX] L=96 states=1 -> 1
  [Round 50] T_prime=16  T_target=12  HPWL_w=798000  HPWL_eq=777  maxL=27  WNS(T')=-11  WNS*(T)=-15  picked=172  solve_ms=87.1282
[OC-Shortest/pow2] m=12 h=8 SEG=4 bits=48 words=1 threads=24
[DP-fwdX] L=0 states=1 -> 1
[DP-fwdX] L=16 states=179 -> 218
[DP-fwdX] L=32 states=1870 -> 2034
[DP-bwdX] L=96 states=1 -> 1
[DP-bwdX] L=80 states=179 -> 218
[DP-bwdX] L=64 states=1870 -> 2034
[DP-fwdX] L=0 states=1 -> 1
[DP-fwdX] L=16 states=179 -> 218
[DP-bwdX] L=48 states=1 -> 1
[DP-bwdX] L=32 states=94 -> 103
[DP-fwdX] L=0 states=1 -> 1
[DP-bwdX] L=16 states=10 -> 11
[DP-fwdX] L=0 states=1 -> 1
[DP-fwdX] L=0 states=1 -> 1
[DP-fwdX] L=0 states=1 -> 1
[DP-fwdX] L=16 states=19 -> 31
[DP-bwdX] L=16 states=4 -> 6
[DP-fwdX] L=16 states=1 -> 3
[DP-fwdX] L=32 states=22 -> 29
[DP-bwdX] L=48 states=1 -> 1
[DP-bwdX] L=32 states=15 -> 21
[DP-fwdX] L=32 states=5 -> 9
[DP-bwdX] L=32 states=3 -> 6
[DP-bwdX] L=48 states=1 -> 1
[DP-bwdX] L=48 states=1 -> 1
[DP-bwdX] L=48 states=1 -> 1
[DP-bwdX] L=48 states=1 -> 1
[DP-fwdX] L=48 states=1 -> 1
[DP-fwdX] L=64 states=94 -> 103
[DP-bwdX] L=96 states=1 -> 1
[DP-bwdX] L=80 states=179 -> 218
[DP-fwdX] L=48 states=1 -> 1
[DP-bwdX] L=64 states=22 -> 29
[DP-fwdX] L=48 states=1 -> 1
[DP-fwdX] L=48 states=1 -> 1
[DP-fwdX] L=48 states=1 -> 1
[DP-fwdX] L=64 states=15 -> 21
[DP-bwdX] L=64 states=5 -> 9
[DP-fwdX] L=64 states=1 -> 2
[DP-fwdX] L=80 states=10 -> 11
[DP-bwdX] L=96 states=1 -> 1
[DP-bwdX] L=80 states=19 -> 31
[DP-fwdX] L=80 states=2 -> 3
[DP-bwdX] L=80 states=2 -> 5
[DP-bwdX] L=96 states=1 -> 1
[DP-bwdX] L=96 states=1 -> 1
[DP-bwdX] L=96 states=1 -> 1
[DP-bwdX] L=96 states=1 -> 1
  [Round 51] T_prime=16  T_target=12  HPWL_w=798000  HPWL_eq=780  maxL=21  WNS(T')=-5  WNS*(T)=-9  picked=172  solve_ms=98.0707
[OC-Shortest/pow2] m=12 h=8 SEG=4 bits=48 words=1 threads=24
[DP-fwdX] L=0 states=1 -> 1
[DP-fwdX] L=16 states=179 -> 218
[DP-fwdX] L=32 states=1870 -> 2034
[DP-bwdX] L=96 states=1 -> 1
[DP-bwdX] L=80 states=179 -> 218
[DP-bwdX] L=64 states=1870 -> 2034
[DP-fwdX] L=0 states=1 -> 1
[DP-fwdX] L=16 states=179 -> 218
[DP-bwdX] L=48 states=1 -> 1
[DP-bwdX] L=32 states=94 -> 103
[DP-fwdX] L=0 states=1 -> 1
[DP-bwdX] L=16 states=29 -> 29
[DP-fwdX] L=0 states=1 -> 1
[DP-fwdX] L=0 states=1 -> 1
[DP-fwdX] L=0 states=1 -> 1
[DP-fwdX] L=16 states=19 -> 32
[DP-bwdX] L=16 states=4 -> 5
[DP-fwdX] L=16 states=1 -> 2
[DP-fwdX] L=32 states=126 -> 174
[DP-bwdX] L=48 states=1 -> 1
[DP-bwdX] L=32 states=12 -> 16
[DP-fwdX] L=32 states=4 -> 6
[DP-bwdX] L=32 states=2 -> 3
[DP-bwdX] L=48 states=1 -> 1
[DP-bwdX] L=48 states=1 -> 1
[DP-bwdX] L=48 states=1 -> 1
[DP-bwdX] L=48 states=1 -> 1
[DP-fwdX] L=48 states=1 -> 1
[DP-fwdX] L=64 states=94 -> 103
[DP-bwdX] L=96 states=1 -> 1
[DP-bwdX] L=80 states=179 -> 218
[DP-fwdX] L=48 states=1 -> 1
[DP-bwdX] L=64 states=97 -> 135
[DP-fwdX] L=48 states=1 -> 1
[DP-fwdX] L=48 states=1 -> 1
[DP-fwdX] L=48 states=1 -> 1
[DP-fwdX] L=64 states=12 -> 16
[DP-bwdX] L=64 states=4 -> 6
[DP-fwdX] L=64 states=1 -> 1
[DP-fwdX] L=80 states=13 -> 14
[DP-bwdX] L=96 states=1 -> 1
[DP-bwdX] L=80 states=19 -> 32
[DP-fwdX] L=80 states=4 -> 5
[DP-bwdX] L=80 states=3 -> 7
[DP-bwdX] L=96 states=1 -> 1
[DP-bwdX] L=96 states=1 -> 1
[DP-bwdX] L=96 states=1 -> 1
[DP-bwdX] L=96 states=1 -> 1
  [Round 52] T_prime=16  T_target=12  HPWL_w=798000  HPWL_eq=777  maxL=27  WNS(T')=-11  WNS*(T)=-15  picked=172  solve_ms=82.8733
[OC-Shortest/pow2] m=12 h=8 SEG=4 bits=48 words=1 threads=24
[DP-fwdX] L=0 states=1 -> 1
[DP-fwdX] L=16 states=179 -> 218
[DP-fwdX] L=32 states=1870 -> 2034
[DP-bwdX] L=96 states=1 -> 1
[DP-bwdX] L=80 states=179 -> 218
[DP-bwdX] L=64 states=1870 -> 2034
[DP-fwdX] L=0 states=1 -> 1
[DP-fwdX] L=16 states=179 -> 218
[DP-bwdX] L=48 states=1 -> 1
[DP-bwdX] L=32 states=94 -> 103
[DP-fwdX] L=0 states=1 -> 1
[DP-bwdX] L=16 states=10 -> 11
[DP-fwdX] L=0 states=1 -> 1
[DP-fwdX] L=0 states=1 -> 1
[DP-fwdX] L=0 states=1 -> 1
[DP-fwdX] L=16 states=19 -> 31
[DP-bwdX] L=16 states=4 -> 6
[DP-fwdX] L=16 states=1 -> 3
[DP-fwdX] L=32 states=22 -> 29
[DP-bwdX] L=48 states=1 -> 1
[DP-bwdX] L=32 states=15 -> 21
[DP-fwdX] L=32 states=5 -> 9
[DP-bwdX] L=32 states=3 -> 6
[DP-bwdX] L=48 states=1 -> 1
[DP-bwdX] L=48 states=1 -> 1
[DP-bwdX] L=48 states=1 -> 1
[DP-bwdX] L=48 states=1 -> 1
[DP-fwdX] L=48 states=1 -> 1
[DP-fwdX] L=64 states=94 -> 103
[DP-bwdX] L=96 states=1 -> 1
[DP-bwdX] L=80 states=179 -> 218
[DP-fwdX] L=48 states=1 -> 1
[DP-bwdX] L=64 states=22 -> 29
[DP-fwdX] L=48 states=1 -> 1
[DP-fwdX] L=48 states=1 -> 1
[DP-fwdX] L=48 states=1 -> 1
[DP-fwdX] L=64 states=15 -> 21
[DP-bwdX] L=64 states=5 -> 9
[DP-fwdX] L=64 states=1 -> 2
[DP-fwdX] L=80 states=10 -> 11
[DP-bwdX] L=96 states=1 -> 1
[DP-bwdX] L=80 states=19 -> 31
[DP-fwdX] L=80 states=2 -> 3
[DP-bwdX] L=80 states=2 -> 5
[DP-bwdX] L=96 states=1 -> 1
[DP-bwdX] L=96 states=1 -> 1
[DP-bwdX] L=96 states=1 -> 1
[DP-bwdX] L=96 states=1 -> 1
  [Round 53] T_prime=16  T_target=12  HPWL_w=798000  HPWL_eq=780  maxL=21  WNS(T')=-5  WNS*(T)=-9  picked=172  solve_ms=92.4467
[OC-Shortest/pow2] m=12 h=8 SEG=4 bits=48 words=1 threads=24
[DP-fwdX] L=0 states=1 -> 1
[DP-fwdX] L=16 states=179 -> 218
[DP-fwdX] L=32 states=1870 -> 2034
[DP-bwdX] L=96 states=1 -> 1
[DP-bwdX] L=80 states=179 -> 218
[DP-bwdX] L=64 states=1870 -> 2034
[DP-fwdX] L=0 states=1 -> 1
[DP-fwdX] L=16 states=179 -> 218
[DP-bwdX] L=48 states=1 -> 1
[DP-bwdX] L=32 states=94 -> 103
[DP-fwdX] L=0 states=1 -> 1
[DP-bwdX] L=16 states=29 -> 29
[DP-fwdX] L=0 states=1 -> 1
[DP-fwdX] L=0 states=1 -> 1
[DP-fwdX] L=0 states=1 -> 1
[DP-fwdX] L=16 states=19 -> 32
[DP-bwdX] L=16 states=4 -> 5
[DP-fwdX] L=16 states=1 -> 2
[DP-fwdX] L=32 states=126 -> 174
[DP-bwdX] L=48 states=1 -> 1
[DP-bwdX] L=32 states=12 -> 16
[DP-fwdX] L=32 states=4 -> 6
[DP-bwdX] L=32 states=2 -> 3
[DP-bwdX] L=48 states=1 -> 1
[DP-bwdX] L=48 states=1 -> 1
[DP-bwdX] L=48 states=1 -> 1
[DP-bwdX] L=48 states=1 -> 1
[DP-fwdX] L=48 states=1 -> 1
[DP-fwdX] L=64 states=94 -> 103
[DP-bwdX] L=96 states=1 -> 1
[DP-bwdX] L=80 states=179 -> 218
[DP-fwdX] L=48 states=1 -> 1
[DP-bwdX] L=64 states=97 -> 135
[DP-fwdX] L=48 states=1 -> 1
[DP-fwdX] L=48 states=1 -> 1
[DP-fwdX] L=48 states=1 -> 1
[DP-fwdX] L=64 states=12 -> 16
[DP-bwdX] L=64 states=4 -> 6
[DP-fwdX] L=64 states=1 -> 1
[DP-fwdX] L=80 states=13 -> 14
[DP-bwdX] L=96 states=1 -> 1
[DP-bwdX] L=80 states=19 -> 32
[DP-fwdX] L=80 states=4 -> 5
[DP-bwdX] L=80 states=3 -> 7
[DP-bwdX] L=96 states=1 -> 1
[DP-bwdX] L=96 states=1 -> 1
[DP-bwdX] L=96 states=1 -> 1
[DP-bwdX] L=96 states=1 -> 1
  [Round 54] T_prime=16  T_target=12  HPWL_w=798000  HPWL_eq=777  maxL=27  WNS(T')=-11  WNS*(T)=-15  picked=172  solve_ms=88.3144
[OC-Shortest/pow2] m=12 h=8 SEG=4 bits=48 words=1 threads=24
[DP-fwdX] L=0 states=1 -> 1
[DP-fwdX] L=16 states=179 -> 218
[DP-fwdX] L=32 states=1870 -> 2034
[DP-bwdX] L=96 states=1 -> 1
[DP-bwdX] L=80 states=179 -> 218
[DP-bwdX] L=64 states=1870 -> 2034
[DP-fwdX] L=0 states=1 -> 1
[DP-fwdX] L=16 states=179 -> 218
[DP-bwdX] L=48 states=1 -> 1
[DP-bwdX] L=32 states=94 -> 103
[DP-fwdX] L=0 states=1 -> 1
[DP-bwdX] L=16 states=10 -> 11
[DP-fwdX] L=0 states=1 -> 1
[DP-fwdX] L=0 states=1 -> 1
[DP-fwdX] L=0 states=1 -> 1
[DP-fwdX] L=16 states=19 -> 31
[DP-bwdX] L=16 states=4 -> 6
[DP-fwdX] L=16 states=1 -> 3
[DP-fwdX] L=32 states=22 -> 29
[DP-bwdX] L=48 states=1 -> 1
[DP-bwdX] L=32 states=15 -> 21
[DP-fwdX] L=32 states=5 -> 9
[DP-bwdX] L=32 states=3 -> 6
[DP-bwdX] L=48 states=1 -> 1
[DP-bwdX] L=48 states=1 -> 1
[DP-bwdX] L=48 states=1 -> 1
[DP-bwdX] L=48 states=1 -> 1
[DP-fwdX] L=48 states=1 -> 1
[DP-fwdX] L=64 states=94 -> 103
[DP-bwdX] L=96 states=1 -> 1
[DP-bwdX] L=80 states=179 -> 218
[DP-fwdX] L=48 states=1 -> 1
[DP-bwdX] L=64 states=22 -> 29
[DP-fwdX] L=48 states=1 -> 1
[DP-fwdX] L=48 states=1 -> 1
[DP-fwdX] L=48 states=1 -> 1
[DP-fwdX] L=64 states=15 -> 21
[DP-bwdX] L=64 states=5 -> 9
[DP-fwdX] L=64 states=1 -> 2
[DP-fwdX] L=80 states=10 -> 11
[DP-bwdX] L=96 states=1 -> 1
[DP-bwdX] L=80 states=19 -> 31
[DP-fwdX] L=80 states=2 -> 3
[DP-bwdX] L=80 states=2 -> 5
[DP-bwdX] L=96 states=1 -> 1
[DP-bwdX] L=96 states=1 -> 1
[DP-bwdX] L=96 states=1 -> 1
[DP-bwdX] L=96 states=1 -> 1
  [Round 55] T_prime=16  T_target=12  HPWL_w=798000  HPWL_eq=780  maxL=21  WNS(T')=-5  WNS*(T)=-9  picked=172  solve_ms=82.9018
[OC-Shortest/pow2] m=12 h=8 SEG=4 bits=48 words=1 threads=24
[DP-fwdX] L=0 states=1 -> 1
[DP-fwdX] L=16 states=179 -> 218
[DP-fwdX] L=32 states=1870 -> 2034
[DP-bwdX] L=96 states=1 -> 1
[DP-bwdX] L=80 states=179 -> 218
[DP-bwdX] L=64 states=1870 -> 2034
[DP-fwdX] L=0 states=1 -> 1
[DP-fwdX] L=16 states=179 -> 218
[DP-bwdX] L=48 states=1 -> 1
[DP-bwdX] L=32 states=94 -> 103
[DP-fwdX] L=0 states=1 -> 1
[DP-bwdX] L=16 states=29 -> 29
[DP-fwdX] L=0 states=1 -> 1
[DP-fwdX] L=0 states=1 -> 1
[DP-fwdX] L=0 states=1 -> 1
[DP-fwdX] L=16 states=19 -> 32
[DP-bwdX] L=16 states=4 -> 5
[DP-fwdX] L=16 states=1 -> 2
[DP-fwdX] L=32 states=126 -> 174
[DP-bwdX] L=48 states=1 -> 1
[DP-bwdX] L=32 states=12 -> 16
[DP-fwdX] L=32 states=4 -> 6
[DP-bwdX] L=32 states=2 -> 3
[DP-bwdX] L=48 states=1 -> 1
[DP-bwdX] L=48 states=1 -> 1
[DP-bwdX] L=48 states=1 -> 1
[DP-bwdX] L=48 states=1 -> 1
[DP-fwdX] L=48 states=1 -> 1
[DP-fwdX] L=64 states=94 -> 103
[DP-bwdX] L=96 states=1 -> 1
[DP-bwdX] L=80 states=179 -> 218
[DP-fwdX] L=48 states=1 -> 1
[DP-bwdX] L=64 states=97 -> 135
[DP-fwdX] L=48 states=1 -> 1
[DP-fwdX] L=48 states=1 -> 1
[DP-fwdX] L=48 states=1 -> 1
[DP-fwdX] L=64 states=12 -> 16
[DP-bwdX] L=64 states=4 -> 6
[DP-fwdX] L=64 states=1 -> 1
[DP-fwdX] L=80 states=13 -> 14
[DP-bwdX] L=96 states=1 -> 1
[DP-bwdX] L=80 states=19 -> 32
[DP-fwdX] L=80 states=4 -> 5
[DP-bwdX] L=80 states=3 -> 7
[DP-bwdX] L=96 states=1 -> 1
[DP-bwdX] L=96 states=1 -> 1
[DP-bwdX] L=96 states=1 -> 1
[DP-bwdX] L=96 states=1 -> 1
  [Round 56] T_prime=16  T_target=12  HPWL_w=798000  HPWL_eq=777  maxL=27  WNS(T')=-11  WNS*(T)=-15  picked=172  solve_ms=114.313
[OC-Shortest/pow2] m=12 h=8 SEG=4 bits=48 words=1 threads=24
[DP-fwdX] L=0 states=1 -> 1
[DP-fwdX] L=16 states=179 -> 218
[DP-fwdX] L=32 states=1870 -> 2034
[DP-bwdX] L=96 states=1 -> 1
[DP-bwdX] L=80 states=179 -> 218
[DP-bwdX] L=64 states=1870 -> 2034
[DP-fwdX] L=0 states=1 -> 1
[DP-fwdX] L=16 states=179 -> 218
[DP-bwdX] L=48 states=1 -> 1
[DP-bwdX] L=32 states=94 -> 103
[DP-fwdX] L=0 states=1 -> 1
[DP-bwdX] L=16 states=10 -> 11
[DP-fwdX] L=0 states=1 -> 1
[DP-fwdX] L=0 states=1 -> 1
[DP-fwdX] L=0 states=1 -> 1
[DP-fwdX] L=16 states=19 -> 31
[DP-bwdX] L=16 states=4 -> 6
[DP-fwdX] L=16 states=1 -> 3
[DP-fwdX] L=32 states=22 -> 29
[DP-bwdX] L=48 states=1 -> 1
[DP-bwdX] L=32 states=15 -> 21
[DP-fwdX] L=32 states=5 -> 9
[DP-bwdX] L=32 states=3 -> 6
[DP-bwdX] L=48 states=1 -> 1
[DP-bwdX] L=48 states=1 -> 1
[DP-bwdX] L=48 states=1 -> 1
[DP-bwdX] L=48 states=1 -> 1
[DP-fwdX] L=48 states=1 -> 1
[DP-fwdX] L=64 states=94 -> 103
[DP-bwdX] L=96 states=1 -> 1
[DP-bwdX] L=80 states=179 -> 218
[DP-fwdX] L=48 states=1 -> 1
[DP-bwdX] L=64 states=22 -> 29
[DP-fwdX] L=48 states=1 -> 1
[DP-fwdX] L=48 states=1 -> 1
[DP-fwdX] L=48 states=1 -> 1
[DP-fwdX] L=64 states=15 -> 21
[DP-bwdX] L=64 states=5 -> 9
[DP-fwdX] L=64 states=1 -> 2
[DP-fwdX] L=80 states=10 -> 11
[DP-bwdX] L=96 states=1 -> 1
[DP-bwdX] L=80 states=19 -> 31
[DP-fwdX] L=80 states=2 -> 3
[DP-bwdX] L=80 states=2 -> 5
[DP-bwdX] L=96 states=1 -> 1
[DP-bwdX] L=96 states=1 -> 1
[DP-bwdX] L=96 states=1 -> 1
[DP-bwdX] L=96 states=1 -> 1
  [Round 57] T_prime=16  T_target=12  HPWL_w=798000  HPWL_eq=780  maxL=21  WNS(T')=-5  WNS*(T)=-9  picked=172  solve_ms=95.4334
[OC-Shortest/pow2] m=12 h=8 SEG=4 bits=48 words=1 threads=24
[DP-fwdX] L=0 states=1 -> 1
[DP-fwdX] L=16 states=179 -> 218
[DP-fwdX] L=32 states=1870 -> 2034
[DP-bwdX] L=96 states=1 -> 1
[DP-bwdX] L=80 states=179 -> 218
[DP-bwdX] L=64 states=1870 -> 2034
[DP-fwdX] L=0 states=1 -> 1
[DP-fwdX] L=16 states=179 -> 218
[DP-bwdX] L=48 states=1 -> 1
[DP-bwdX] L=32 states=94 -> 103
[DP-fwdX] L=0 states=1 -> 1
[DP-bwdX] L=16 states=29 -> 29
[DP-fwdX] L=0 states=1 -> 1
[DP-fwdX] L=0 states=1 -> 1
[DP-fwdX] L=0 states=1 -> 1
[DP-fwdX] L=16 states=19 -> 32
[DP-bwdX] L=16 states=4 -> 5
[DP-fwdX] L=16 states=1 -> 2
[DP-fwdX] L=32 states=126 -> 174
[DP-bwdX] L=48 states=1 -> 1
[DP-bwdX] L=32 states=12 -> 16
[DP-fwdX] L=32 states=4 -> 6
[DP-bwdX] L=32 states=2 -> 3
[DP-bwdX] L=48 states=1 -> 1
[DP-bwdX] L=48 states=1 -> 1
[DP-bwdX] L=48 states=1 -> 1
[DP-bwdX] L=48 states=1 -> 1
[DP-fwdX] L=48 states=1 -> 1
[DP-fwdX] L=64 states=94 -> 103
[DP-bwdX] L=96 states=1 -> 1
[DP-bwdX] L=80 states=179 -> 218
[DP-fwdX] L=48 states=1 -> 1
[DP-bwdX] L=64 states=97 -> 135
[DP-fwdX] L=48 states=1 -> 1
[DP-fwdX] L=48 states=1 -> 1
[DP-fwdX] L=48 states=1 -> 1
[DP-fwdX] L=64 states=12 -> 16
[DP-bwdX] L=64 states=4 -> 6
[DP-fwdX] L=64 states=1 -> 1
[DP-fwdX] L=80 states=13 -> 14
[DP-bwdX] L=96 states=1 -> 1
[DP-bwdX] L=80 states=19 -> 32
[DP-fwdX] L=80 states=4 -> 5
[DP-bwdX] L=80 states=3 -> 7
[DP-bwdX] L=96 states=1 -> 1
[DP-bwdX] L=96 states=1 -> 1
[DP-bwdX] L=96 states=1 -> 1
[DP-bwdX] L=96 states=1 -> 1
  [Round 58] T_prime=16  T_target=12  HPWL_w=798000  HPWL_eq=777  maxL=27  WNS(T')=-11  WNS*(T)=-15  picked=172  solve_ms=88.2388
[OC-Shortest/pow2] m=12 h=8 SEG=4 bits=48 words=1 threads=24
[DP-fwdX] L=0 states=1 -> 1
[DP-fwdX] L=16 states=179 -> 218
[DP-fwdX] L=32 states=1870 -> 2034
[DP-bwdX] L=96 states=1 -> 1
[DP-bwdX] L=80 states=179 -> 218
[DP-bwdX] L=64 states=1870 -> 2034
[DP-fwdX] L=0 states=1 -> 1
[DP-fwdX] L=16 states=179 -> 218
[DP-bwdX] L=48 states=1 -> 1
[DP-bwdX] L=32 states=94 -> 103
[DP-fwdX] L=0 states=1 -> 1
[DP-bwdX] L=16 states=10 -> 11
[DP-fwdX] L=0 states=1 -> 1
[DP-fwdX] L=0 states=1 -> 1
[DP-fwdX] L=0 states=1 -> 1
[DP-fwdX] L=16 states=19 -> 31
[DP-bwdX] L=16 states=4 -> 6
[DP-fwdX] L=16 states=1 -> 3
[DP-fwdX] L=32 states=22 -> 29
[DP-bwdX] L=48 states=1 -> 1
[DP-bwdX] L=32 states=15 -> 21
[DP-fwdX] L=32 states=5 -> 9
[DP-bwdX] L=32 states=3 -> 6
[DP-bwdX] L=48 states=1 -> 1
[DP-bwdX] L=48 states=1 -> 1
[DP-bwdX] L=48 states=1 -> 1
[DP-bwdX] L=48 states=1 -> 1
[DP-fwdX] L=48 states=1 -> 1
[DP-fwdX] L=64 states=94 -> 103
[DP-bwdX] L=96 states=1 -> 1
[DP-bwdX] L=80 states=179 -> 218
[DP-fwdX] L=48 states=1 -> 1
[DP-bwdX] L=64 states=22 -> 29
[DP-fwdX] L=48 states=1 -> 1
[DP-fwdX] L=48 states=1 -> 1
[DP-fwdX] L=48 states=1 -> 1
[DP-fwdX] L=64 states=15 -> 21
[DP-bwdX] L=64 states=5 -> 9
[DP-fwdX] L=64 states=1 -> 2
[DP-fwdX] L=80 states=10 -> 11
[DP-bwdX] L=96 states=1 -> 1
[DP-bwdX] L=80 states=19 -> 31
[DP-fwdX] L=80 states=2 -> 3
[DP-bwdX] L=80 states=2 -> 5
[DP-bwdX] L=96 states=1 -> 1
[DP-bwdX] L=96 states=1 -> 1
[DP-bwdX] L=96 states=1 -> 1
[DP-bwdX] L=96 states=1 -> 1
  [Round 59] T_prime=16  T_target=12  HPWL_w=798000  HPWL_eq=780  maxL=21  WNS(T')=-5  WNS*(T)=-9  picked=172  solve_ms=83.4328
[OC-Shortest/pow2] m=12 h=8 SEG=4 bits=48 words=1 threads=24
[DP-fwdX] L=0 states=1 -> 1
[DP-fwdX] L=16 states=179 -> 218
[DP-fwdX] L=32 states=1870 -> 2034
[DP-bwdX] L=96 states=1 -> 1
[DP-bwdX] L=80 states=179 -> 218
[DP-bwdX] L=64 states=1870 -> 2034
[DP-fwdX] L=0 states=1 -> 1
[DP-fwdX] L=16 states=179 -> 218
[DP-bwdX] L=48 states=1 -> 1
[DP-bwdX] L=32 states=94 -> 103
[DP-fwdX] L=0 states=1 -> 1
[DP-bwdX] L=16 states=29 -> 29
[DP-fwdX] L=0 states=1 -> 1
[DP-fwdX] L=0 states=1 -> 1
[DP-fwdX] L=0 states=1 -> 1
[DP-fwdX] L=16 states=19 -> 32
[DP-bwdX] L=16 states=4 -> 5
[DP-fwdX] L=16 states=1 -> 2
[DP-fwdX] L=32 states=126 -> 174
[DP-bwdX] L=48 states=1 -> 1
[DP-bwdX] L=32 states=12 -> 16
[DP-fwdX] L=32 states=4 -> 6
[DP-bwdX] L=32 states=2 -> 3
[DP-bwdX] L=48 states=1 -> 1
[DP-bwdX] L=48 states=1 -> 1
[DP-bwdX] L=48 states=1 -> 1
[DP-bwdX] L=48 states=1 -> 1
[DP-fwdX] L=48 states=1 -> 1
[DP-fwdX] L=64 states=94 -> 103
[DP-bwdX] L=96 states=1 -> 1
[DP-bwdX] L=80 states=179 -> 218
[DP-fwdX] L=48 states=1 -> 1
[DP-bwdX] L=64 states=97 -> 135
[DP-fwdX] L=48 states=1 -> 1
[DP-fwdX] L=48 states=1 -> 1
[DP-fwdX] L=48 states=1 -> 1
[DP-fwdX] L=64 states=12 -> 16
[DP-bwdX] L=64 states=4 -> 6
[DP-fwdX] L=64 states=1 -> 1
[DP-fwdX] L=80 states=13 -> 14
[DP-bwdX] L=96 states=1 -> 1
[DP-bwdX] L=80 states=19 -> 32
[DP-fwdX] L=80 states=4 -> 5
[DP-bwdX] L=80 states=3 -> 7
[DP-bwdX] L=96 states=1 -> 1
[DP-bwdX] L=96 states=1 -> 1
[DP-bwdX] L=96 states=1 -> 1
[DP-bwdX] L=96 states=1 -> 1
  [Round 60] T_prime=16  T_target=12  HPWL_w=798000  HPWL_eq=777  maxL=27  WNS(T')=-11  WNS*(T)=-15  picked=172  solve_ms=87.8256
[OC-Shortest/pow2] m=12 h=8 SEG=4 bits=48 words=1 threads=24
[DP-fwdX] L=0 states=1 -> 1
[DP-fwdX] L=16 states=179 -> 218
[DP-fwdX] L=32 states=1870 -> 2034
[DP-bwdX] L=96 states=1 -> 1
[DP-bwdX] L=80 states=179 -> 218
[DP-bwdX] L=64 states=1870 -> 2034
[DP-fwdX] L=0 states=1 -> 1
[DP-fwdX] L=16 states=179 -> 218
[DP-bwdX] L=48 states=1 -> 1
[DP-bwdX] L=32 states=94 -> 103
[DP-fwdX] L=0 states=1 -> 1
[DP-bwdX] L=16 states=10 -> 11
[DP-fwdX] L=0 states=1 -> 1
[DP-fwdX] L=0 states=1 -> 1
[DP-fwdX] L=0 states=1 -> 1
[DP-fwdX] L=16 states=19 -> 31
[DP-bwdX] L=16 states=4 -> 6
[DP-fwdX] L=16 states=1 -> 3
[DP-fwdX] L=32 states=22 -> 29
[DP-bwdX] L=48 states=1 -> 1
[DP-bwdX] L=32 states=15 -> 21
[DP-fwdX] L=32 states=5 -> 9
[DP-bwdX] L=32 states=3 -> 6
[DP-bwdX] L=48 states=1 -> 1
[DP-bwdX] L=48 states=1 -> 1
[DP-bwdX] L=48 states=1 -> 1
[DP-bwdX] L=48 states=1 -> 1
[DP-fwdX] L=48 states=1 -> 1
[DP-fwdX] L=64 states=94 -> 103
[DP-bwdX] L=96 states=1 -> 1
[DP-bwdX] L=80 states=179 -> 218
[DP-fwdX] L=48 states=1 -> 1
[DP-bwdX] L=64 states=22 -> 29
[DP-fwdX] L=48 states=1 -> 1
[DP-fwdX] L=48 states=1 -> 1
[DP-fwdX] L=48 states=1 -> 1
[DP-fwdX] L=64 states=15 -> 21
[DP-bwdX] L=64 states=5 -> 9
[DP-fwdX] L=64 states=1 -> 2
[DP-fwdX] L=80 states=10 -> 11
[DP-bwdX] L=96 states=1 -> 1
[DP-bwdX] L=80 states=19 -> 31
[DP-fwdX] L=80 states=2 -> 3
[DP-bwdX] L=80 states=2 -> 5
[DP-bwdX] L=96 states=1 -> 1
[DP-bwdX] L=96 states=1 -> 1
[DP-bwdX] L=96 states=1 -> 1
[DP-bwdX] L=96 states=1 -> 1
  [Round 61] T_prime=16  T_target=12  HPWL_w=798000  HPWL_eq=780  maxL=21  WNS(T')=-5  WNS*(T)=-9  picked=172  solve_ms=82.557
[OC-Shortest/pow2] m=12 h=8 SEG=4 bits=48 words=1 threads=24
[DP-fwdX] L=0 states=1 -> 1
[DP-fwdX] L=16 states=179 -> 218
[DP-fwdX] L=32 states=1870 -> 2034
[DP-bwdX] L=96 states=1 -> 1
[DP-bwdX] L=80 states=179 -> 218
[DP-bwdX] L=64 states=1870 -> 2034
[DP-fwdX] L=0 states=1 -> 1
[DP-fwdX] L=16 states=179 -> 218
[DP-bwdX] L=48 states=1 -> 1
[DP-bwdX] L=32 states=94 -> 103
[DP-fwdX] L=0 states=1 -> 1
[DP-bwdX] L=16 states=29 -> 29
[DP-fwdX] L=0 states=1 -> 1
[DP-fwdX] L=0 states=1 -> 1
[DP-fwdX] L=0 states=1 -> 1
[DP-fwdX] L=16 states=19 -> 32
[DP-bwdX] L=16 states=4 -> 5
[DP-fwdX] L=16 states=1 -> 2
[DP-fwdX] L=32 states=126 -> 174
[DP-bwdX] L=48 states=1 -> 1
[DP-bwdX] L=32 states=12 -> 16
[DP-fwdX] L=32 states=4 -> 6
[DP-bwdX] L=32 states=2 -> 3
[DP-bwdX] L=48 states=1 -> 1
[DP-bwdX] L=48 states=1 -> 1
[DP-bwdX] L=48 states=1 -> 1
[DP-bwdX] L=48 states=1 -> 1
[DP-fwdX] L=48 states=1 -> 1
[DP-fwdX] L=64 states=94 -> 103
[DP-bwdX] L=96 states=1 -> 1
[DP-bwdX] L=80 states=179 -> 218
[DP-fwdX] L=48 states=1 -> 1
[DP-bwdX] L=64 states=97 -> 135
[DP-fwdX] L=48 states=1 -> 1
[DP-fwdX] L=48 states=1 -> 1
[DP-fwdX] L=48 states=1 -> 1
[DP-fwdX] L=64 states=12 -> 16
[DP-bwdX] L=64 states=4 -> 6
[DP-fwdX] L=64 states=1 -> 1
[DP-fwdX] L=80 states=13 -> 14
[DP-bwdX] L=96 states=1 -> 1
[DP-bwdX] L=80 states=19 -> 32
[DP-fwdX] L=80 states=4 -> 5
[DP-bwdX] L=80 states=3 -> 7
[DP-bwdX] L=96 states=1 -> 1
[DP-bwdX] L=96 states=1 -> 1
[DP-bwdX] L=96 states=1 -> 1
[DP-bwdX] L=96 states=1 -> 1
  [Round 62] T_prime=16  T_target=12  HPWL_w=798000  HPWL_eq=777  maxL=27  WNS(T')=-11  WNS*(T)=-15  picked=172  solve_ms=84.0891
[OC-Shortest/pow2] m=12 h=8 SEG=4 bits=48 words=1 threads=24
[DP-fwdX] L=0 states=1 -> 1
[DP-fwdX] L=16 states=179 -> 218
[DP-fwdX] L=32 states=1870 -> 2034
[DP-bwdX] L=96 states=1 -> 1
[DP-bwdX] L=80 states=179 -> 218
[DP-bwdX] L=64 states=1870 -> 2034
[DP-fwdX] L=0 states=1 -> 1
[DP-fwdX] L=16 states=179 -> 218
[DP-bwdX] L=48 states=1 -> 1
[DP-bwdX] L=32 states=94 -> 103
[DP-fwdX] L=0 states=1 -> 1
[DP-bwdX] L=16 states=10 -> 11
[DP-fwdX] L=0 states=1 -> 1
[DP-fwdX] L=0 states=1 -> 1
[DP-fwdX] L=0 states=1 -> 1
[DP-fwdX] L=16 states=19 -> 31
[DP-bwdX] L=16 states=4 -> 6
[DP-fwdX] L=16 states=1 -> 3
[DP-fwdX] L=32 states=22 -> 29
[DP-bwdX] L=48 states=1 -> 1
[DP-bwdX] L=32 states=15 -> 21
[DP-fwdX] L=32 states=5 -> 9
[DP-bwdX] L=32 states=3 -> 6
[DP-bwdX] L=48 states=1 -> 1
[DP-bwdX] L=48 states=1 -> 1
[DP-bwdX] L=48 states=1 -> 1
[DP-bwdX] L=48 states=1 -> 1
[DP-fwdX] L=48 states=1 -> 1
[DP-fwdX] L=64 states=94 -> 103
[DP-bwdX] L=96 states=1 -> 1
[DP-bwdX] L=80 states=179 -> 218
[DP-fwdX] L=48 states=1 -> 1
[DP-bwdX] L=64 states=22 -> 29
[DP-fwdX] L=48 states=1 -> 1
[DP-fwdX] L=48 states=1 -> 1
[DP-fwdX] L=48 states=1 -> 1
[DP-fwdX] L=64 states=15 -> 21
[DP-bwdX] L=64 states=5 -> 9
[DP-fwdX] L=64 states=1 -> 2
[DP-fwdX] L=80 states=10 -> 11
[DP-bwdX] L=96 states=1 -> 1
[DP-bwdX] L=80 states=19 -> 31
[DP-fwdX] L=80 states=2 -> 3
[DP-bwdX] L=80 states=2 -> 5
[DP-bwdX] L=96 states=1 -> 1
[DP-bwdX] L=96 states=1 -> 1
[DP-bwdX] L=96 states=1 -> 1
[DP-bwdX] L=96 states=1 -> 1
  [Round 63] T_prime=16  T_target=12  HPWL_w=798000  HPWL_eq=780  maxL=21  WNS(T')=-5  WNS*(T)=-9  picked=172  solve_ms=84.0064
[OC-Shortest/pow2] m=12 h=8 SEG=4 bits=48 words=1 threads=24
[DP-fwdX] L=0 states=1 -> 1
[DP-fwdX] L=16 states=179 -> 218
[DP-fwdX] L=32 states=1870 -> 2034
[DP-bwdX] L=96 states=1 -> 1
[DP-bwdX] L=80 states=179 -> 218
[DP-bwdX] L=64 states=1870 -> 2034
[DP-fwdX] L=0 states=1 -> 1
[DP-fwdX] L=16 states=179 -> 218
[DP-bwdX] L=48 states=1 -> 1
[DP-bwdX] L=32 states=94 -> 103
[DP-fwdX] L=0 states=1 -> 1
[DP-bwdX] L=16 states=29 -> 29
[DP-fwdX] L=0 states=1 -> 1
[DP-fwdX] L=0 states=1 -> 1
[DP-fwdX] L=0 states=1 -> 1
[DP-fwdX] L=16 states=19 -> 32
[DP-bwdX] L=16 states=4 -> 5
[DP-fwdX] L=16 states=1 -> 2
[DP-fwdX] L=32 states=126 -> 174
[DP-bwdX] L=48 states=1 -> 1
[DP-bwdX] L=32 states=12 -> 16
[DP-fwdX] L=32 states=4 -> 6
[DP-bwdX] L=32 states=2 -> 3
[DP-bwdX] L=48 states=1 -> 1
[DP-bwdX] L=48 states=1 -> 1
[DP-bwdX] L=48 states=1 -> 1
[DP-bwdX] L=48 states=1 -> 1
[DP-fwdX] L=48 states=1 -> 1
[DP-fwdX] L=64 states=94 -> 103
[DP-bwdX] L=96 states=1 -> 1
[DP-bwdX] L=80 states=179 -> 218
[DP-fwdX] L=48 states=1 -> 1
[DP-bwdX] L=64 states=97 -> 135
[DP-fwdX] L=48 states=1 -> 1
[DP-fwdX] L=48 states=1 -> 1
[DP-fwdX] L=48 states=1 -> 1
[DP-fwdX] L=64 states=12 -> 16
[DP-bwdX] L=64 states=4 -> 6
[DP-fwdX] L=64 states=1 -> 1
[DP-fwdX] L=80 states=13 -> 14
[DP-bwdX] L=96 states=1 -> 1
[DP-bwdX] L=80 states=19 -> 32
[DP-fwdX] L=80 states=4 -> 5
[DP-bwdX] L=80 states=3 -> 7
[DP-bwdX] L=96 states=1 -> 1
[DP-bwdX] L=96 states=1 -> 1
[DP-bwdX] L=96 states=1 -> 1
[DP-bwdX] L=96 states=1 -> 1
  [Round 64] T_prime=16  T_target=12  HPWL_w=798000  HPWL_eq=777  maxL=27  WNS(T')=-11  WNS*(T)=-15  picked=172  solve_ms=85.8279
[OC-Shortest/pow2] m=12 h=8 SEG=4 bits=48 words=1 threads=24
[DP-fwdX] L=0 states=1 -> 1
[DP-fwdX] L=16 states=179 -> 218
[DP-fwdX] L=32 states=1870 -> 2034
[DP-bwdX] L=96 states=1 -> 1
[DP-bwdX] L=80 states=179 -> 218
[DP-bwdX] L=64 states=1870 -> 2034
[DP-fwdX] L=0 states=1 -> 1
[DP-fwdX] L=16 states=179 -> 218
[DP-bwdX] L=48 states=1 -> 1
[DP-bwdX] L=32 states=94 -> 103
[DP-fwdX] L=0 states=1 -> 1
[DP-bwdX] L=16 states=10 -> 11
[DP-fwdX] L=0 states=1 -> 1
[DP-fwdX] L=0 states=1 -> 1
[DP-fwdX] L=0 states=1 -> 1
[DP-fwdX] L=16 states=19 -> 31
[DP-bwdX] L=16 states=4 -> 6
[DP-fwdX] L=16 states=1 -> 3
[DP-fwdX] L=32 states=22 -> 29
[DP-bwdX] L=48 states=1 -> 1
[DP-bwdX] L=32 states=15 -> 21
[DP-fwdX] L=32 states=5 -> 9
[DP-bwdX] L=32 states=3 -> 6
[DP-bwdX] L=48 states=1 -> 1
[DP-bwdX] L=48 states=1 -> 1
[DP-bwdX] L=48 states=1 -> 1
[DP-bwdX] L=48 states=1 -> 1
[DP-fwdX] L=48 states=1 -> 1
[DP-fwdX] L=64 states=94 -> 103
[DP-bwdX] L=96 states=1 -> 1
[DP-bwdX] L=80 states=179 -> 218
[DP-fwdX] L=48 states=1 -> 1
[DP-bwdX] L=64 states=22 -> 29
[DP-fwdX] L=48 states=1 -> 1
[DP-fwdX] L=48 states=1 -> 1
[DP-fwdX] L=48 states=1 -> 1
[DP-fwdX] L=64 states=15 -> 21
[DP-bwdX] L=64 states=5 -> 9
[DP-fwdX] L=64 states=1 -> 2
[DP-fwdX] L=80 states=10 -> 11
[DP-bwdX] L=96 states=1 -> 1
[DP-bwdX] L=80 states=19 -> 31
[DP-fwdX] L=80 states=2 -> 3
[DP-bwdX] L=80 states=2 -> 5
[DP-bwdX] L=96 states=1 -> 1
[DP-bwdX] L=96 states=1 -> 1
[DP-bwdX] L=96 states=1 -> 1
[DP-bwdX] L=96 states=1 -> 1
  [Round 65] T_prime=16  T_target=12  HPWL_w=798000  HPWL_eq=780  maxL=21  WNS(T')=-5  WNS*(T)=-9  picked=172  solve_ms=80.7005
[OC-Shortest/pow2] m=12 h=8 SEG=4 bits=48 words=1 threads=24
[DP-fwdX] L=0 states=1 -> 1
[DP-fwdX] L=16 states=179 -> 218
[DP-fwdX] L=32 states=1870 -> 2034
[DP-bwdX] L=96 states=1 -> 1
[DP-bwdX] L=80 states=179 -> 218
[DP-bwdX] L=64 states=1870 -> 2034
[DP-fwdX] L=0 states=1 -> 1
[DP-fwdX] L=16 states=179 -> 218
[DP-bwdX] L=48 states=1 -> 1
[DP-bwdX] L=32 states=94 -> 103
[DP-fwdX] L=0 states=1 -> 1
[DP-bwdX] L=16 states=29 -> 29
[DP-fwdX] L=0 states=1 -> 1
[DP-fwdX] L=0 states=1 -> 1
[DP-fwdX] L=0 states=1 -> 1
[DP-fwdX] L=16 states=19 -> 32
[DP-bwdX] L=16 states=4 -> 5
[DP-fwdX] L=16 states=1 -> 2
[DP-fwdX] L=32 states=126 -> 174
[DP-bwdX] L=48 states=1 -> 1
[DP-bwdX] L=32 states=12 -> 16
[DP-fwdX] L=32 states=4 -> 6
[DP-bwdX] L=32 states=2 -> 3
[DP-bwdX] L=48 states=1 -> 1
[DP-bwdX] L=48 states=1 -> 1
[DP-bwdX] L=48 states=1 -> 1
[DP-bwdX] L=48 states=1 -> 1
[DP-fwdX] L=48 states=1 -> 1
[DP-fwdX] L=64 states=94 -> 103
[DP-bwdX] L=96 states=1 -> 1
[DP-bwdX] L=80 states=179 -> 218
[DP-fwdX] L=48 states=1 -> 1
[DP-bwdX] L=64 states=97 -> 135
[DP-fwdX] L=48 states=1 -> 1
[DP-fwdX] L=48 states=1 -> 1
[DP-fwdX] L=48 states=1 -> 1
[DP-fwdX] L=64 states=12 -> 16
[DP-bwdX] L=64 states=4 -> 6
[DP-fwdX] L=64 states=1 -> 1
[DP-fwdX] L=80 states=13 -> 14
[DP-bwdX] L=96 states=1 -> 1
[DP-bwdX] L=80 states=19 -> 32
[DP-fwdX] L=80 states=4 -> 5
[DP-bwdX] L=80 states=3 -> 7
[DP-bwdX] L=96 states=1 -> 1
[DP-bwdX] L=96 states=1 -> 1
[DP-bwdX] L=96 states=1 -> 1
[DP-bwdX] L=96 states=1 -> 1
  [Round 66] T_prime=16  T_target=12  HPWL_w=798000  HPWL_eq=777  maxL=27  WNS(T')=-11  WNS*(T)=-15  picked=172  solve_ms=122.773
[OC-Shortest/pow2] m=12 h=8 SEG=4 bits=48 words=1 threads=24
[DP-fwdX] L=0 states=1 -> 1
[DP-fwdX] L=16 states=179 -> 218
[DP-fwdX] L=32 states=1870 -> 2034
[DP-bwdX] L=96 states=1 -> 1
[DP-bwdX] L=80 states=179 -> 218
[DP-bwdX] L=64 states=1870 -> 2034
[DP-fwdX] L=0 states=1 -> 1
[DP-fwdX] L=16 states=179 -> 218
[DP-bwdX] L=48 states=1 -> 1
[DP-bwdX] L=32 states=94 -> 103
[DP-fwdX] L=0 states=1 -> 1
[DP-bwdX] L=16 states=10 -> 11
[DP-fwdX] L=0 states=1 -> 1
[DP-fwdX] L=0 states=1 -> 1
[DP-fwdX] L=0 states=1 -> 1
[DP-fwdX] L=16 states=19 -> 31
[DP-bwdX] L=16 states=4 -> 6
[DP-fwdX] L=16 states=1 -> 3
[DP-fwdX] L=32 states=22 -> 29
[DP-bwdX] L=48 states=1 -> 1
[DP-bwdX] L=32 states=15 -> 21
[DP-fwdX] L=32 states=5 -> 9
[DP-bwdX] L=32 states=3 -> 6
[DP-bwdX] L=48 states=1 -> 1
[DP-bwdX] L=48 states=1 -> 1
[DP-bwdX] L=48 states=1 -> 1
[DP-bwdX] L=48 states=1 -> 1
[DP-fwdX] L=48 states=1 -> 1
[DP-fwdX] L=64 states=94 -> 103
[DP-bwdX] L=96 states=1 -> 1
[DP-bwdX] L=80 states=179 -> 218
[DP-fwdX] L=48 states=1 -> 1
[DP-bwdX] L=64 states=22 -> 29
[DP-fwdX] L=48 states=1 -> 1
[DP-fwdX] L=48 states=1 -> 1
[DP-fwdX] L=48 states=1 -> 1
[DP-fwdX] L=64 states=15 -> 21
[DP-bwdX] L=64 states=5 -> 9
[DP-fwdX] L=64 states=1 -> 2
[DP-fwdX] L=80 states=10 -> 11
[DP-bwdX] L=96 states=1 -> 1
[DP-bwdX] L=80 states=19 -> 31
[DP-fwdX] L=80 states=2 -> 3
[DP-bwdX] L=80 states=2 -> 5
[DP-bwdX] L=96 states=1 -> 1
[DP-bwdX] L=96 states=1 -> 1
[DP-bwdX] L=96 states=1 -> 1
[DP-bwdX] L=96 states=1 -> 1
  [Round 67] T_prime=16  T_target=12  HPWL_w=798000  HPWL_eq=780  maxL=21  WNS(T')=-5  WNS*(T)=-9  picked=172  solve_ms=179.216
[OC-Shortest/pow2] m=12 h=8 SEG=4 bits=48 words=1 threads=24
[DP-fwdX] L=0 states=1 -> 1
[DP-fwdX] L=16 states=179 -> 218
[DP-fwdX] L=32 states=1870 -> 2034
[DP-bwdX] L=96 states=1 -> 1
[DP-bwdX] L=80 states=179 -> 218
[DP-bwdX] L=64 states=1870 -> 2034
[DP-fwdX] L=0 states=1 -> 1
[DP-fwdX] L=16 states=179 -> 218
[DP-bwdX] L=48 states=1 -> 1
[DP-bwdX] L=32 states=94 -> 103
[DP-fwdX] L=0 states=1 -> 1
[DP-bwdX] L=16 states=29 -> 29
[DP-fwdX] L=0 states=1 -> 1
[DP-fwdX] L=0 states=1 -> 1
[DP-fwdX] L=0 states=1 -> 1
[DP-fwdX] L=16 states=19 -> 32
[DP-bwdX] L=16 states=4 -> 5
[DP-fwdX] L=16 states=1 -> 2
[DP-fwdX] L=32 states=126 -> 174
[DP-bwdX] L=48 states=1 -> 1
[DP-bwdX] L=32 states=12 -> 16
[DP-fwdX] L=32 states=4 -> 6
[DP-bwdX] L=32 states=2 -> 3
[DP-bwdX] L=48 states=1 -> 1
[DP-bwdX] L=48 states=1 -> 1
[DP-bwdX] L=48 states=1 -> 1
[DP-bwdX] L=48 states=1 -> 1
[DP-fwdX] L=48 states=1 -> 1
[DP-fwdX] L=64 states=94 -> 103
[DP-bwdX] L=96 states=1 -> 1
[DP-bwdX] L=80 states=179 -> 218
[DP-fwdX] L=48 states=1 -> 1
[DP-bwdX] L=64 states=97 -> 135
[DP-fwdX] L=48 states=1 -> 1
[DP-fwdX] L=48 states=1 -> 1
[DP-fwdX] L=48 states=1 -> 1
[DP-fwdX] L=64 states=12 -> 16
[DP-bwdX] L=64 states=4 -> 6
[DP-fwdX] L=64 states=1 -> 1
[DP-fwdX] L=80 states=13 -> 14
[DP-bwdX] L=96 states=1 -> 1
[DP-bwdX] L=80 states=19 -> 32
[DP-fwdX] L=80 states=4 -> 5
[DP-bwdX] L=80 states=3 -> 7
[DP-bwdX] L=96 states=1 -> 1
[DP-bwdX] L=96 states=1 -> 1
[DP-bwdX] L=96 states=1 -> 1
[DP-bwdX] L=96 states=1 -> 1
  [Round 68] T_prime=16  T_target=12  HPWL_w=798000  HPWL_eq=777  maxL=27  WNS(T')=-11  WNS*(T)=-15  picked=172  solve_ms=83.3993
[OC-Shortest/pow2] m=12 h=8 SEG=4 bits=48 words=1 threads=24
[DP-fwdX] L=0 states=1 -> 1
[DP-fwdX] L=16 states=179 -> 218
[DP-fwdX] L=32 states=1870 -> 2034
[DP-bwdX] L=96 states=1 -> 1
[DP-bwdX] L=80 states=179 -> 218
[DP-bwdX] L=64 states=1870 -> 2034
[DP-fwdX] L=0 states=1 -> 1
[DP-fwdX] L=16 states=179 -> 218
[DP-bwdX] L=48 states=1 -> 1
[DP-bwdX] L=32 states=94 -> 103
[DP-fwdX] L=0 states=1 -> 1
[DP-bwdX] L=16 states=10 -> 11
[DP-fwdX] L=0 states=1 -> 1
[DP-fwdX] L=0 states=1 -> 1
[DP-fwdX] L=0 states=1 -> 1
[DP-fwdX] L=16 states=19 -> 31
[DP-bwdX] L=16 states=4 -> 6
[DP-fwdX] L=16 states=1 -> 3
[DP-fwdX] L=32 states=22 -> 29
[DP-bwdX] L=48 states=1 -> 1
[DP-bwdX] L=32 states=15 -> 21
[DP-fwdX] L=32 states=5 -> 9
[DP-bwdX] L=32 states=3 -> 6
[DP-bwdX] L=48 states=1 -> 1
[DP-bwdX] L=48 states=1 -> 1
[DP-bwdX] L=48 states=1 -> 1
[DP-bwdX] L=48 states=1 -> 1
[DP-fwdX] L=48 states=1 -> 1
[DP-fwdX] L=64 states=94 -> 103
[DP-bwdX] L=96 states=1 -> 1
[DP-bwdX] L=80 states=179 -> 218
[DP-fwdX] L=48 states=1 -> 1
[DP-bwdX] L=64 states=22 -> 29
[DP-fwdX] L=48 states=1 -> 1
[DP-fwdX] L=48 states=1 -> 1
[DP-fwdX] L=48 states=1 -> 1
[DP-fwdX] L=64 states=15 -> 21
[DP-bwdX] L=64 states=5 -> 9
[DP-fwdX] L=64 states=1 -> 2
[DP-fwdX] L=80 states=10 -> 11
[DP-bwdX] L=96 states=1 -> 1
[DP-bwdX] L=80 states=19 -> 31
[DP-fwdX] L=80 states=2 -> 3
[DP-bwdX] L=80 states=2 -> 5
[DP-bwdX] L=96 states=1 -> 1
[DP-bwdX] L=96 states=1 -> 1
[DP-bwdX] L=96 states=1 -> 1
[DP-bwdX] L=96 states=1 -> 1
  [Round 69] T_prime=16  T_target=12  HPWL_w=798000  HPWL_eq=780  maxL=21  WNS(T')=-5  WNS*(T)=-9  picked=172  solve_ms=80.2606
[OC-Shortest/pow2] m=12 h=8 SEG=4 bits=48 words=1 threads=24
[DP-fwdX] L=0 states=1 -> 1
[DP-fwdX] L=16 states=179 -> 218
[DP-fwdX] L=32 states=1870 -> 2034
[DP-bwdX] L=96 states=1 -> 1
[DP-bwdX] L=80 states=179 -> 218
[DP-bwdX] L=64 states=1870 -> 2034
[DP-fwdX] L=0 states=1 -> 1
[DP-fwdX] L=16 states=179 -> 218
[DP-bwdX] L=48 states=1 -> 1
[DP-bwdX] L=32 states=94 -> 103
[DP-fwdX] L=0 states=1 -> 1
[DP-bwdX] L=16 states=29 -> 29
[DP-fwdX] L=0 states=1 -> 1
[DP-fwdX] L=0 states=1 -> 1
[DP-fwdX] L=0 states=1 -> 1
[DP-fwdX] L=16 states=19 -> 32
[DP-bwdX] L=16 states=4 -> 5
[DP-fwdX] L=16 states=1 -> 2
[DP-fwdX] L=32 states=126 -> 174
[DP-bwdX] L=48 states=1 -> 1
[DP-bwdX] L=32 states=12 -> 16
[DP-fwdX] L=32 states=4 -> 6
[DP-bwdX] L=32 states=2 -> 3
[DP-bwdX] L=48 states=1 -> 1
[DP-bwdX] L=48 states=1 -> 1
[DP-bwdX] L=48 states=1 -> 1
[DP-bwdX] L=48 states=1 -> 1
[DP-fwdX] L=48 states=1 -> 1
[DP-fwdX] L=64 states=94 -> 103
[DP-bwdX] L=96 states=1 -> 1
[DP-bwdX] L=80 states=179 -> 218
[DP-fwdX] L=48 states=1 -> 1
[DP-bwdX] L=64 states=97 -> 135
[DP-fwdX] L=48 states=1 -> 1
[DP-fwdX] L=48 states=1 -> 1
[DP-fwdX] L=48 states=1 -> 1
[DP-fwdX] L=64 states=12 -> 16
[DP-bwdX] L=64 states=4 -> 6
[DP-fwdX] L=64 states=1 -> 1
[DP-fwdX] L=80 states=13 -> 14
[DP-bwdX] L=96 states=1 -> 1
[DP-bwdX] L=80 states=19 -> 32
[DP-fwdX] L=80 states=4 -> 5
[DP-bwdX] L=80 states=3 -> 7
[DP-bwdX] L=96 states=1 -> 1
[DP-bwdX] L=96 states=1 -> 1
[DP-bwdX] L=96 states=1 -> 1
[DP-bwdX] L=96 states=1 -> 1
  [Round 70] T_prime=16  T_target=12  HPWL_w=798000  HPWL_eq=777  maxL=27  WNS(T')=-11  WNS*(T)=-15  picked=172  solve_ms=81.3633
[OC-Shortest/pow2] m=12 h=8 SEG=4 bits=48 words=1 threads=24
[DP-fwdX] L=0 states=1 -> 1
[DP-fwdX] L=16 states=179 -> 218
[DP-fwdX] L=32 states=1870 -> 2034
[DP-bwdX] L=96 states=1 -> 1
[DP-bwdX] L=80 states=179 -> 218
[DP-bwdX] L=64 states=1870 -> 2034
[DP-fwdX] L=0 states=1 -> 1
[DP-fwdX] L=16 states=179 -> 218
[DP-bwdX] L=48 states=1 -> 1
[DP-bwdX] L=32 states=94 -> 103
[DP-fwdX] L=0 states=1 -> 1
[DP-bwdX] L=16 states=10 -> 11
[DP-fwdX] L=0 states=1 -> 1
[DP-fwdX] L=0 states=1 -> 1
[DP-fwdX] L=0 states=1 -> 1
[DP-fwdX] L=16 states=19 -> 31
[DP-bwdX] L=16 states=4 -> 6
[DP-fwdX] L=16 states=1 -> 3
[DP-fwdX] L=32 states=22 -> 29
[DP-bwdX] L=48 states=1 -> 1
[DP-bwdX] L=32 states=15 -> 21
[DP-fwdX] L=32 states=5 -> 9
[DP-bwdX] L=32 states=3 -> 6
[DP-bwdX] L=48 states=1 -> 1
[DP-bwdX] L=48 states=1 -> 1
[DP-bwdX] L=48 states=1 -> 1
[DP-bwdX] L=48 states=1 -> 1
[DP-fwdX] L=48 states=1 -> 1
[DP-fwdX] L=64 states=94 -> 103
[DP-bwdX] L=96 states=1 -> 1
[DP-bwdX] L=80 states=179 -> 218
[DP-fwdX] L=48 states=1 -> 1
[DP-bwdX] L=64 states=22 -> 29
[DP-fwdX] L=48 states=1 -> 1
[DP-fwdX] L=48 states=1 -> 1
[DP-fwdX] L=48 states=1 -> 1
[DP-fwdX] L=64 states=15 -> 21
[DP-bwdX] L=64 states=5 -> 9
[DP-fwdX] L=64 states=1 -> 2
[DP-fwdX] L=80 states=10 -> 11
[DP-bwdX] L=96 states=1 -> 1
[DP-bwdX] L=80 states=19 -> 31
[DP-fwdX] L=80 states=2 -> 3
[DP-bwdX] L=80 states=2 -> 5
[DP-bwdX] L=96 states=1 -> 1
[DP-bwdX] L=96 states=1 -> 1
[DP-bwdX] L=96 states=1 -> 1
[DP-bwdX] L=96 states=1 -> 1
  [Round 71] T_prime=16  T_target=12  HPWL_w=798000  HPWL_eq=780  maxL=21  WNS(T')=-5  WNS*(T)=-9  picked=172  solve_ms=79.4637
[OC-Shortest/pow2] m=12 h=8 SEG=4 bits=48 words=1 threads=24
[DP-fwdX] L=0 states=1 -> 1
[DP-fwdX] L=16 states=179 -> 218
[DP-fwdX] L=32 states=1870 -> 2034
[DP-bwdX] L=96 states=1 -> 1
[DP-bwdX] L=80 states=179 -> 218
[DP-bwdX] L=64 states=1870 -> 2034
[DP-fwdX] L=0 states=1 -> 1
[DP-fwdX] L=16 states=179 -> 218
[DP-bwdX] L=48 states=1 -> 1
[DP-bwdX] L=32 states=94 -> 103
[DP-fwdX] L=0 states=1 -> 1
[DP-bwdX] L=16 states=29 -> 29
[DP-fwdX] L=0 states=1 -> 1
[DP-fwdX] L=0 states=1 -> 1
[DP-fwdX] L=0 states=1 -> 1
[DP-fwdX] L=16 states=19 -> 32
[DP-bwdX] L=16 states=4 -> 5
[DP-fwdX] L=16 states=1 -> 2
[DP-fwdX] L=32 states=126 -> 174
[DP-bwdX] L=48 states=1 -> 1
[DP-bwdX] L=32 states=12 -> 16
[DP-fwdX] L=32 states=4 -> 6
[DP-bwdX] L=32 states=2 -> 3
[DP-bwdX] L=48 states=1 -> 1
[DP-bwdX] L=48 states=1 -> 1
[DP-bwdX] L=48 states=1 -> 1
[DP-bwdX] L=48 states=1 -> 1
[DP-fwdX] L=48 states=1 -> 1
[DP-fwdX] L=64 states=94 -> 103
[DP-bwdX] L=96 states=1 -> 1
[DP-bwdX] L=80 states=179 -> 218
[DP-fwdX] L=48 states=1 -> 1
[DP-bwdX] L=64 states=97 -> 135
[DP-fwdX] L=48 states=1 -> 1
[DP-fwdX] L=48 states=1 -> 1
[DP-fwdX] L=48 states=1 -> 1
[DP-fwdX] L=64 states=12 -> 16
[DP-bwdX] L=64 states=4 -> 6
[DP-fwdX] L=64 states=1 -> 1
[DP-fwdX] L=80 states=13 -> 14
[DP-bwdX] L=96 states=1 -> 1
[DP-bwdX] L=80 states=19 -> 32
[DP-fwdX] L=80 states=4 -> 5
[DP-bwdX] L=80 states=3 -> 7
[DP-bwdX] L=96 states=1 -> 1
[DP-bwdX] L=96 states=1 -> 1
[DP-bwdX] L=96 states=1 -> 1
[DP-bwdX] L=96 states=1 -> 1
  [Round 72] T_prime=16  T_target=12  HPWL_w=798000  HPWL_eq=777  maxL=27  WNS(T')=-11  WNS*(T)=-15  picked=172  solve_ms=81.3718
[OC-Shortest/pow2] m=12 h=8 SEG=4 bits=48 words=1 threads=24
[DP-fwdX] L=0 states=1 -> 1
[DP-fwdX] L=16 states=179 -> 218
[DP-fwdX] L=32 states=1870 -> 2034
[DP-bwdX] L=96 states=1 -> 1
[DP-bwdX] L=80 states=179 -> 218
[DP-bwdX] L=64 states=1870 -> 2034
[DP-fwdX] L=0 states=1 -> 1
[DP-fwdX] L=16 states=179 -> 218
[DP-bwdX] L=48 states=1 -> 1
[DP-bwdX] L=32 states=94 -> 103
[DP-fwdX] L=0 states=1 -> 1
[DP-bwdX] L=16 states=10 -> 11
[DP-fwdX] L=0 states=1 -> 1
[DP-fwdX] L=0 states=1 -> 1
[DP-fwdX] L=0 states=1 -> 1
[DP-fwdX] L=16 states=19 -> 31
[DP-bwdX] L=16 states=4 -> 6
[DP-fwdX] L=16 states=1 -> 3
[DP-fwdX] L=32 states=22 -> 29
[DP-bwdX] L=48 states=1 -> 1
[DP-bwdX] L=32 states=15 -> 21
[DP-fwdX] L=32 states=5 -> 9
[DP-bwdX] L=32 states=3 -> 6
[DP-bwdX] L=48 states=1 -> 1
[DP-bwdX] L=48 states=1 -> 1
[DP-bwdX] L=48 states=1 -> 1
[DP-bwdX] L=48 states=1 -> 1
[DP-fwdX] L=48 states=1 -> 1
[DP-fwdX] L=64 states=94 -> 103
[DP-bwdX] L=96 states=1 -> 1
[DP-bwdX] L=80 states=179 -> 218
[DP-fwdX] L=48 states=1 -> 1
[DP-bwdX] L=64 states=22 -> 29
[DP-fwdX] L=48 states=1 -> 1
[DP-fwdX] L=48 states=1 -> 1
[DP-fwdX] L=48 states=1 -> 1
[DP-fwdX] L=64 states=15 -> 21
[DP-bwdX] L=64 states=5 -> 9
[DP-fwdX] L=64 states=1 -> 2
[DP-fwdX] L=80 states=10 -> 11
[DP-bwdX] L=96 states=1 -> 1
[DP-bwdX] L=80 states=19 -> 31
[DP-fwdX] L=80 states=2 -> 3
[DP-bwdX] L=80 states=2 -> 5
[DP-bwdX] L=96 states=1 -> 1
[DP-bwdX] L=96 states=1 -> 1
[DP-bwdX] L=96 states=1 -> 1
[DP-bwdX] L=96 states=1 -> 1
  [Round 73] T_prime=16  T_target=12  HPWL_w=798000  HPWL_eq=780  maxL=21  WNS(T')=-5  WNS*(T)=-9  picked=172  solve_ms=85.8388
[OC-Shortest/pow2] m=12 h=8 SEG=4 bits=48 words=1 threads=24
[DP-fwdX] L=0 states=1 -> 1
[DP-fwdX] L=16 states=179 -> 218
[DP-fwdX] L=32 states=1870 -> 2034
[DP-bwdX] L=96 states=1 -> 1
[DP-bwdX] L=80 states=179 -> 218
[DP-bwdX] L=64 states=1870 -> 2034
[DP-fwdX] L=0 states=1 -> 1
[DP-fwdX] L=16 states=179 -> 218
[DP-bwdX] L=48 states=1 -> 1
[DP-bwdX] L=32 states=94 -> 103
[DP-fwdX] L=0 states=1 -> 1
[DP-bwdX] L=16 states=29 -> 29
[DP-fwdX] L=0 states=1 -> 1
[DP-fwdX] L=0 states=1 -> 1
[DP-fwdX] L=0 states=1 -> 1
[DP-fwdX] L=16 states=19 -> 32
[DP-bwdX] L=16 states=4 -> 5
[DP-fwdX] L=16 states=1 -> 2
[DP-fwdX] L=32 states=126 -> 174
[DP-bwdX] L=48 states=1 -> 1
[DP-bwdX] L=32 states=12 -> 16
[DP-fwdX] L=32 states=4 -> 6
[DP-bwdX] L=32 states=2 -> 3
[DP-bwdX] L=48 states=1 -> 1
[DP-bwdX] L=48 states=1 -> 1
[DP-bwdX] L=48 states=1 -> 1
[DP-bwdX] L=48 states=1 -> 1
[DP-fwdX] L=48 states=1 -> 1
[DP-fwdX] L=64 states=94 -> 103
[DP-bwdX] L=96 states=1 -> 1
[DP-bwdX] L=80 states=179 -> 218
[DP-fwdX] L=48 states=1 -> 1
[DP-bwdX] L=64 states=97 -> 135
[DP-fwdX] L=48 states=1 -> 1
[DP-fwdX] L=48 states=1 -> 1
[DP-fwdX] L=48 states=1 -> 1
[DP-fwdX] L=64 states=12 -> 16
[DP-bwdX] L=64 states=4 -> 6
[DP-fwdX] L=64 states=1 -> 1
[DP-fwdX] L=80 states=13 -> 14
[DP-bwdX] L=96 states=1 -> 1
[DP-bwdX] L=80 states=19 -> 32
[DP-fwdX] L=80 states=4 -> 5
[DP-bwdX] L=80 states=3 -> 7
[DP-bwdX] L=96 states=1 -> 1
[DP-bwdX] L=96 states=1 -> 1
[DP-bwdX] L=96 states=1 -> 1
[DP-bwdX] L=96 states=1 -> 1
  [Round 74] T_prime=16  T_target=12  HPWL_w=798000  HPWL_eq=777  maxL=27  WNS(T')=-11  WNS*(T)=-15  picked=172  solve_ms=82.2764
[OC-Shortest/pow2] m=12 h=8 SEG=4 bits=48 words=1 threads=24
[DP-fwdX] L=0 states=1 -> 1
[DP-fwdX] L=16 states=179 -> 218
[DP-fwdX] L=32 states=1870 -> 2034
[DP-bwdX] L=96 states=1 -> 1
[DP-bwdX] L=80 states=179 -> 218
[DP-bwdX] L=64 states=1870 -> 2034
[DP-fwdX] L=0 states=1 -> 1
[DP-fwdX] L=16 states=179 -> 218
[DP-bwdX] L=48 states=1 -> 1
[DP-bwdX] L=32 states=94 -> 103
[DP-fwdX] L=0 states=1 -> 1
[DP-bwdX] L=16 states=10 -> 11
[DP-fwdX] L=0 states=1 -> 1
[DP-fwdX] L=0 states=1 -> 1
[DP-fwdX] L=0 states=1 -> 1
[DP-fwdX] L=16 states=19 -> 31
[DP-bwdX] L=16 states=4 -> 6
[DP-fwdX] L=16 states=1 -> 3
[DP-fwdX] L=32 states=22 -> 29
[DP-bwdX] L=48 states=1 -> 1
[DP-bwdX] L=32 states=15 -> 21
[DP-fwdX] L=32 states=5 -> 9
[DP-bwdX] L=32 states=3 -> 6
[DP-bwdX] L=48 states=1 -> 1
[DP-bwdX] L=48 states=1 -> 1
[DP-bwdX] L=48 states=1 -> 1
[DP-bwdX] L=48 states=1 -> 1
[DP-fwdX] L=48 states=1 -> 1
[DP-fwdX] L=64 states=94 -> 103
[DP-bwdX] L=96 states=1 -> 1
[DP-bwdX] L=80 states=179 -> 218
[DP-fwdX] L=48 states=1 -> 1
[DP-bwdX] L=64 states=22 -> 29
[DP-fwdX] L=48 states=1 -> 1
[DP-fwdX] L=48 states=1 -> 1
[DP-fwdX] L=48 states=1 -> 1
[DP-fwdX] L=64 states=15 -> 21
[DP-bwdX] L=64 states=5 -> 9
[DP-fwdX] L=64 states=1 -> 2
[DP-fwdX] L=80 states=10 -> 11
[DP-bwdX] L=96 states=1 -> 1
[DP-bwdX] L=80 states=19 -> 31
[DP-fwdX] L=80 states=2 -> 3
[DP-bwdX] L=80 states=2 -> 5
[DP-bwdX] L=96 states=1 -> 1
[DP-bwdX] L=96 states=1 -> 1
[DP-bwdX] L=96 states=1 -> 1
[DP-bwdX] L=96 states=1 -> 1
  [Round 75] T_prime=16  T_target=12  HPWL_w=798000  HPWL_eq=780  maxL=21  WNS(T')=-5  WNS*(T)=-9  picked=172  solve_ms=80.7521
[OC-Shortest/pow2] m=12 h=8 SEG=4 bits=48 words=1 threads=24
[DP-fwdX] L=0 states=1 -> 1
[DP-fwdX] L=16 states=179 -> 218
[DP-fwdX] L=32 states=1870 -> 2034
[DP-bwdX] L=96 states=1 -> 1
[DP-bwdX] L=80 states=179 -> 218
[DP-bwdX] L=64 states=1870 -> 2034
[DP-fwdX] L=0 states=1 -> 1
[DP-fwdX] L=16 states=179 -> 218
[DP-bwdX] L=48 states=1 -> 1
[DP-bwdX] L=32 states=94 -> 103
[DP-fwdX] L=0 states=1 -> 1
[DP-bwdX] L=16 states=29 -> 29
[DP-fwdX] L=0 states=1 -> 1
[DP-fwdX] L=0 states=1 -> 1
[DP-fwdX] L=0 states=1 -> 1
[DP-fwdX] L=16 states=19 -> 32
[DP-bwdX] L=16 states=4 -> 5
[DP-fwdX] L=16 states=1 -> 2
[DP-fwdX] L=32 states=126 -> 174
[DP-bwdX] L=48 states=1 -> 1
[DP-bwdX] L=32 states=12 -> 16
[DP-fwdX] L=32 states=4 -> 6
[DP-bwdX] L=32 states=2 -> 3
[DP-bwdX] L=48 states=1 -> 1
[DP-bwdX] L=48 states=1 -> 1
[DP-bwdX] L=48 states=1 -> 1
[DP-bwdX] L=48 states=1 -> 1
[DP-fwdX] L=48 states=1 -> 1
[DP-fwdX] L=64 states=94 -> 103
[DP-bwdX] L=96 states=1 -> 1
[DP-bwdX] L=80 states=179 -> 218
[DP-fwdX] L=48 states=1 -> 1
[DP-bwdX] L=64 states=97 -> 135
[DP-fwdX] L=48 states=1 -> 1
[DP-fwdX] L=48 states=1 -> 1
[DP-fwdX] L=48 states=1 -> 1
[DP-fwdX] L=64 states=12 -> 16
[DP-bwdX] L=64 states=4 -> 6
[DP-fwdX] L=64 states=1 -> 1
[DP-fwdX] L=80 states=13 -> 14
[DP-bwdX] L=96 states=1 -> 1
[DP-bwdX] L=80 states=19 -> 32
[DP-fwdX] L=80 states=4 -> 5
[DP-bwdX] L=80 states=3 -> 7
[DP-bwdX] L=96 states=1 -> 1
[DP-bwdX] L=96 states=1 -> 1
[DP-bwdX] L=96 states=1 -> 1
[DP-bwdX] L=96 states=1 -> 1
  [Round 76] T_prime=16  T_target=12  HPWL_w=798000  HPWL_eq=777  maxL=27  WNS(T')=-11  WNS*(T)=-15  picked=172  solve_ms=83.8925
[OC-Shortest/pow2] m=12 h=8 SEG=4 bits=48 words=1 threads=24
[DP-fwdX] L=0 states=1 -> 1
[DP-fwdX] L=16 states=179 -> 218
[DP-fwdX] L=32 states=1870 -> 2034
[DP-bwdX] L=96 states=1 -> 1
[DP-bwdX] L=80 states=179 -> 218
[DP-bwdX] L=64 states=1870 -> 2034
[DP-fwdX] L=0 states=1 -> 1
[DP-fwdX] L=16 states=179 -> 218
[DP-bwdX] L=48 states=1 -> 1
[DP-bwdX] L=32 states=94 -> 103
[DP-fwdX] L=0 states=1 -> 1
[DP-bwdX] L=16 states=10 -> 11
[DP-fwdX] L=0 states=1 -> 1
[DP-fwdX] L=0 states=1 -> 1
[DP-fwdX] L=0 states=1 -> 1
[DP-fwdX] L=16 states=19 -> 31
[DP-bwdX] L=16 states=4 -> 6
[DP-fwdX] L=16 states=1 -> 3
[DP-fwdX] L=32 states=22 -> 29
[DP-bwdX] L=48 states=1 -> 1
[DP-bwdX] L=32 states=15 -> 21
[DP-fwdX] L=32 states=5 -> 9
[DP-bwdX] L=32 states=3 -> 6
[DP-bwdX] L=48 states=1 -> 1
[DP-bwdX] L=48 states=1 -> 1
[DP-bwdX] L=48 states=1 -> 1
[DP-bwdX] L=48 states=1 -> 1
[DP-fwdX] L=48 states=1 -> 1
[DP-fwdX] L=64 states=94 -> 103
[DP-bwdX] L=96 states=1 -> 1
[DP-bwdX] L=80 states=179 -> 218
[DP-fwdX] L=48 states=1 -> 1
[DP-bwdX] L=64 states=22 -> 29
[DP-fwdX] L=48 states=1 -> 1
[DP-fwdX] L=48 states=1 -> 1
[DP-fwdX] L=48 states=1 -> 1
[DP-fwdX] L=64 states=15 -> 21
[DP-bwdX] L=64 states=5 -> 9
[DP-fwdX] L=64 states=1 -> 2
[DP-fwdX] L=80 states=10 -> 11
[DP-bwdX] L=96 states=1 -> 1
[DP-bwdX] L=80 states=19 -> 31
[DP-fwdX] L=80 states=2 -> 3
[DP-bwdX] L=80 states=2 -> 5
[DP-bwdX] L=96 states=1 -> 1
[DP-bwdX] L=96 states=1 -> 1
[DP-bwdX] L=96 states=1 -> 1
[DP-bwdX] L=96 states=1 -> 1
  [Round 77] T_prime=16  T_target=12  HPWL_w=798000  HPWL_eq=780  maxL=21  WNS(T')=-5  WNS*(T)=-9  picked=172  solve_ms=82.0017
[OC-Shortest/pow2] m=12 h=8 SEG=4 bits=48 words=1 threads=24
[DP-fwdX] L=0 states=1 -> 1
[DP-fwdX] L=16 states=179 -> 218
[DP-fwdX] L=32 states=1870 -> 2034
[DP-bwdX] L=96 states=1 -> 1
[DP-bwdX] L=80 states=179 -> 218
[DP-bwdX] L=64 states=1870 -> 2034
[DP-fwdX] L=0 states=1 -> 1
[DP-fwdX] L=16 states=179 -> 218
[DP-bwdX] L=48 states=1 -> 1
[DP-bwdX] L=32 states=94 -> 103
[DP-fwdX] L=0 states=1 -> 1
[DP-bwdX] L=16 states=29 -> 29
[DP-fwdX] L=0 states=1 -> 1
[DP-fwdX] L=0 states=1 -> 1
[DP-fwdX] L=0 states=1 -> 1
[DP-fwdX] L=16 states=19 -> 32
[DP-bwdX] L=16 states=4 -> 5
[DP-fwdX] L=16 states=1 -> 2
[DP-fwdX] L=32 states=126 -> 174
[DP-bwdX] L=48 states=1 -> 1
[DP-bwdX] L=32 states=12 -> 16
[DP-fwdX] L=32 states=4 -> 6
[DP-bwdX] L=32 states=2 -> 3
[DP-bwdX] L=48 states=1 -> 1
[DP-bwdX] L=48 states=1 -> 1
[DP-bwdX] L=48 states=1 -> 1
[DP-bwdX] L=48 states=1 -> 1
[DP-fwdX] L=48 states=1 -> 1
[DP-fwdX] L=64 states=94 -> 103
[DP-bwdX] L=96 states=1 -> 1
[DP-bwdX] L=80 states=179 -> 218
[DP-fwdX] L=48 states=1 -> 1
[DP-bwdX] L=64 states=97 -> 135
[DP-fwdX] L=48 states=1 -> 1
[DP-fwdX] L=48 states=1 -> 1
[DP-fwdX] L=48 states=1 -> 1
[DP-fwdX] L=64 states=12 -> 16
[DP-bwdX] L=64 states=4 -> 6
[DP-fwdX] L=64 states=1 -> 1
[DP-fwdX] L=80 states=13 -> 14
[DP-bwdX] L=96 states=1 -> 1
[DP-bwdX] L=80 states=19 -> 32
[DP-fwdX] L=80 states=4 -> 5
[DP-bwdX] L=80 states=3 -> 7
[DP-bwdX] L=96 states=1 -> 1
[DP-bwdX] L=96 states=1 -> 1
[DP-bwdX] L=96 states=1 -> 1
[DP-bwdX] L=96 states=1 -> 1
  [Round 78] T_prime=16  T_target=12  HPWL_w=798000  HPWL_eq=777  maxL=27  WNS(T')=-11  WNS*(T)=-15  picked=172  solve_ms=98.3364
[OC-Shortest/pow2] m=12 h=8 SEG=4 bits=48 words=1 threads=24
[DP-fwdX] L=0 states=1 -> 1
[DP-fwdX] L=16 states=179 -> 218
[DP-fwdX] L=32 states=1870 -> 2034
[DP-bwdX] L=96 states=1 -> 1
[DP-bwdX] L=80 states=179 -> 218
[DP-bwdX] L=64 states=1870 -> 2034
[DP-fwdX] L=0 states=1 -> 1
[DP-fwdX] L=16 states=179 -> 218
[DP-bwdX] L=48 states=1 -> 1
[DP-bwdX] L=32 states=94 -> 103
[DP-fwdX] L=0 states=1 -> 1
[DP-bwdX] L=16 states=10 -> 11
[DP-fwdX] L=0 states=1 -> 1
[DP-fwdX] L=0 states=1 -> 1
[DP-fwdX] L=0 states=1 -> 1
[DP-fwdX] L=16 states=19 -> 31
[DP-bwdX] L=16 states=4 -> 6
[DP-fwdX] L=16 states=1 -> 3
[DP-fwdX] L=32 states=22 -> 29
[DP-bwdX] L=48 states=1 -> 1
[DP-bwdX] L=32 states=15 -> 21
[DP-fwdX] L=32 states=5 -> 9
[DP-bwdX] L=32 states=3 -> 6
[DP-bwdX] L=48 states=1 -> 1
[DP-bwdX] L=48 states=1 -> 1
[DP-bwdX] L=48 states=1 -> 1
[DP-bwdX] L=48 states=1 -> 1
[DP-fwdX] L=48 states=1 -> 1
[DP-fwdX] L=64 states=94 -> 103
[DP-bwdX] L=96 states=1 -> 1
[DP-bwdX] L=80 states=179 -> 218
[DP-fwdX] L=48 states=1 -> 1
[DP-bwdX] L=64 states=22 -> 29
[DP-fwdX] L=48 states=1 -> 1
[DP-fwdX] L=48 states=1 -> 1
[DP-fwdX] L=48 states=1 -> 1
[DP-fwdX] L=64 states=15 -> 21
[DP-bwdX] L=64 states=5 -> 9
[DP-fwdX] L=64 states=1 -> 2
[DP-fwdX] L=80 states=10 -> 11
[DP-bwdX] L=96 states=1 -> 1
[DP-bwdX] L=80 states=19 -> 31
[DP-fwdX] L=80 states=2 -> 3
[DP-bwdX] L=80 states=2 -> 5
[DP-bwdX] L=96 states=1 -> 1
[DP-bwdX] L=96 states=1 -> 1
[DP-bwdX] L=96 states=1 -> 1
[DP-bwdX] L=96 states=1 -> 1
  [Round 79] T_prime=16  T_target=12  HPWL_w=798000  HPWL_eq=780  maxL=21  WNS(T')=-5  WNS*(T)=-9  picked=172  solve_ms=129.874
[OC-Shortest/pow2] m=12 h=8 SEG=4 bits=48 words=1 threads=24
[DP-fwdX] L=0 states=1 -> 1
[DP-fwdX] L=16 states=179 -> 218
[DP-fwdX] L=32 states=1870 -> 2034
[DP-bwdX] L=96 states=1 -> 1
[DP-bwdX] L=80 states=179 -> 218
[DP-bwdX] L=64 states=1870 -> 2034
[DP-fwdX] L=0 states=1 -> 1
[DP-fwdX] L=16 states=179 -> 218
[DP-bwdX] L=48 states=1 -> 1
[DP-bwdX] L=32 states=94 -> 103
[DP-fwdX] L=0 states=1 -> 1
[DP-bwdX] L=16 states=29 -> 29
[DP-fwdX] L=0 states=1 -> 1
[DP-fwdX] L=0 states=1 -> 1
[DP-fwdX] L=0 states=1 -> 1
[DP-fwdX] L=16 states=19 -> 32
[DP-bwdX] L=16 states=4 -> 5
[DP-fwdX] L=16 states=1 -> 2
[DP-fwdX] L=32 states=126 -> 174
[DP-bwdX] L=48 states=1 -> 1
[DP-bwdX] L=32 states=12 -> 16
[DP-fwdX] L=32 states=4 -> 6
[DP-bwdX] L=32 states=2 -> 3
[DP-bwdX] L=48 states=1 -> 1
[DP-bwdX] L=48 states=1 -> 1
[DP-bwdX] L=48 states=1 -> 1
[DP-bwdX] L=48 states=1 -> 1
[DP-fwdX] L=48 states=1 -> 1
[DP-fwdX] L=64 states=94 -> 103
[DP-bwdX] L=96 states=1 -> 1
[DP-bwdX] L=80 states=179 -> 218
[DP-fwdX] L=48 states=1 -> 1
[DP-bwdX] L=64 states=97 -> 135
[DP-fwdX] L=48 states=1 -> 1
[DP-fwdX] L=48 states=1 -> 1
[DP-fwdX] L=48 states=1 -> 1
[DP-fwdX] L=64 states=12 -> 16
[DP-bwdX] L=64 states=4 -> 6
[DP-fwdX] L=64 states=1 -> 1
[DP-fwdX] L=80 states=13 -> 14
[DP-bwdX] L=96 states=1 -> 1
[DP-bwdX] L=80 states=19 -> 32
[DP-fwdX] L=80 states=4 -> 5
[DP-bwdX] L=80 states=3 -> 7
[DP-bwdX] L=96 states=1 -> 1
[DP-bwdX] L=96 states=1 -> 1
[DP-bwdX] L=96 states=1 -> 1
[DP-bwdX] L=96 states=1 -> 1
  [Round 80] T_prime=16  T_target=12  HPWL_w=798000  HPWL_eq=777  maxL=27  WNS(T')=-11  WNS*(T)=-15  picked=172  solve_ms=82.7311
[OC-Shortest/pow2] m=12 h=8 SEG=4 bits=48 words=1 threads=24
[DP-fwdX] L=0 states=1 -> 1
[DP-fwdX] L=16 states=179 -> 218
[DP-fwdX] L=32 states=1870 -> 2034
[DP-bwdX] L=96 states=1 -> 1
[DP-bwdX] L=80 states=179 -> 218
[DP-bwdX] L=64 states=1870 -> 2034
[DP-fwdX] L=0 states=1 -> 1
[DP-fwdX] L=16 states=179 -> 218
[DP-bwdX] L=48 states=1 -> 1
[DP-bwdX] L=32 states=94 -> 103
[DP-fwdX] L=0 states=1 -> 1
[DP-bwdX] L=16 states=10 -> 11
[DP-fwdX] L=0 states=1 -> 1
[DP-fwdX] L=0 states=1 -> 1
[DP-fwdX] L=0 states=1 -> 1
[DP-fwdX] L=16 states=19 -> 31
[DP-bwdX] L=16 states=4 -> 6
[DP-fwdX] L=16 states=1 -> 3
[DP-fwdX] L=32 states=22 -> 29
[DP-bwdX] L=48 states=1 -> 1
[DP-bwdX] L=32 states=15 -> 21
[DP-fwdX] L=32 states=5 -> 9
[DP-bwdX] L=32 states=3 -> 6
[DP-bwdX] L=48 states=1 -> 1
[DP-bwdX] L=48 states=1 -> 1
[DP-bwdX] L=48 states=1 -> 1
[DP-bwdX] L=48 states=1 -> 1
[DP-fwdX] L=48 states=1 -> 1
[DP-fwdX] L=64 states=94 -> 103
[DP-bwdX] L=96 states=1 -> 1
[DP-bwdX] L=80 states=179 -> 218
[DP-fwdX] L=48 states=1 -> 1
[DP-bwdX] L=64 states=22 -> 29
[DP-fwdX] L=48 states=1 -> 1
[DP-fwdX] L=48 states=1 -> 1
[DP-fwdX] L=48 states=1 -> 1
[DP-fwdX] L=64 states=15 -> 21
[DP-bwdX] L=64 states=5 -> 9
[DP-fwdX] L=64 states=1 -> 2
[DP-fwdX] L=80 states=10 -> 11
[DP-bwdX] L=96 states=1 -> 1
[DP-bwdX] L=80 states=19 -> 31
[DP-fwdX] L=80 states=2 -> 3
[DP-bwdX] L=80 states=2 -> 5
[DP-bwdX] L=96 states=1 -> 1
[DP-bwdX] L=96 states=1 -> 1
[DP-bwdX] L=96 states=1 -> 1
[DP-bwdX] L=96 states=1 -> 1
  [Round 81] T_prime=16  T_target=12  HPWL_w=798000  HPWL_eq=780  maxL=21  WNS(T')=-5  WNS*(T)=-9  picked=172  solve_ms=123.49
[OC-Shortest/pow2] m=12 h=8 SEG=4 bits=48 words=1 threads=24
[DP-fwdX] L=0 states=1 -> 1
[DP-fwdX] L=16 states=179 -> 218
[DP-fwdX] L=32 states=1870 -> 2034
[DP-bwdX] L=96 states=1 -> 1
[DP-bwdX] L=80 states=179 -> 218
[DP-bwdX] L=64 states=1870 -> 2034
[DP-fwdX] L=0 states=1 -> 1
[DP-fwdX] L=16 states=179 -> 218
[DP-bwdX] L=48 states=1 -> 1
[DP-bwdX] L=32 states=94 -> 103
[DP-fwdX] L=0 states=1 -> 1
[DP-bwdX] L=16 states=29 -> 29
[DP-fwdX] L=0 states=1 -> 1
[DP-fwdX] L=0 states=1 -> 1
[DP-fwdX] L=0 states=1 -> 1
[DP-fwdX] L=16 states=19 -> 32
[DP-bwdX] L=16 states=4 -> 5
[DP-fwdX] L=16 states=1 -> 2
[DP-fwdX] L=32 states=126 -> 174
[DP-bwdX] L=48 states=1 -> 1
[DP-bwdX] L=32 states=12 -> 16
[DP-fwdX] L=32 states=4 -> 6
[DP-bwdX] L=32 states=2 -> 3
[DP-bwdX] L=48 states=1 -> 1
[DP-bwdX] L=48 states=1 -> 1
[DP-bwdX] L=48 states=1 -> 1
[DP-bwdX] L=48 states=1 -> 1
[DP-fwdX] L=48 states=1 -> 1
[DP-fwdX] L=64 states=94 -> 103
[DP-bwdX] L=96 states=1 -> 1
[DP-bwdX] L=80 states=179 -> 218
[DP-fwdX] L=48 states=1 -> 1
[DP-bwdX] L=64 states=97 -> 135
[DP-fwdX] L=48 states=1 -> 1
[DP-fwdX] L=48 states=1 -> 1
[DP-fwdX] L=48 states=1 -> 1
[DP-fwdX] L=64 states=12 -> 16
[DP-bwdX] L=64 states=4 -> 6
[DP-fwdX] L=64 states=1 -> 1
[DP-fwdX] L=80 states=13 -> 14
[DP-bwdX] L=96 states=1 -> 1
[DP-bwdX] L=80 states=19 -> 32
[DP-fwdX] L=80 states=4 -> 5
[DP-bwdX] L=80 states=3 -> 7
[DP-bwdX] L=96 states=1 -> 1
[DP-bwdX] L=96 states=1 -> 1
[DP-bwdX] L=96 states=1 -> 1
[DP-bwdX] L=96 states=1 -> 1
  [Round 82] T_prime=16  T_target=12  HPWL_w=798000  HPWL_eq=777  maxL=27  WNS(T')=-11  WNS*(T)=-15  picked=172  solve_ms=90.1488
[OC-Shortest/pow2] m=12 h=8 SEG=4 bits=48 words=1 threads=24
[DP-fwdX] L=0 states=1 -> 1
[DP-fwdX] L=16 states=179 -> 218
[DP-fwdX] L=32 states=1870 -> 2034
[DP-bwdX] L=96 states=1 -> 1
[DP-bwdX] L=80 states=179 -> 218
[DP-bwdX] L=64 states=1870 -> 2034
[DP-fwdX] L=0 states=1 -> 1
[DP-fwdX] L=16 states=179 -> 218
[DP-bwdX] L=48 states=1 -> 1
[DP-bwdX] L=32 states=94 -> 103
[DP-fwdX] L=0 states=1 -> 1
[DP-bwdX] L=16 states=10 -> 11
[DP-fwdX] L=0 states=1 -> 1
[DP-fwdX] L=0 states=1 -> 1
[DP-fwdX] L=0 states=1 -> 1
[DP-fwdX] L=16 states=19 -> 31
[DP-bwdX] L=16 states=4 -> 6
[DP-fwdX] L=16 states=1 -> 3
[DP-fwdX] L=32 states=22 -> 29
[DP-bwdX] L=48 states=1 -> 1
[DP-bwdX] L=32 states=15 -> 21
[DP-fwdX] L=32 states=5 -> 9
[DP-bwdX] L=32 states=3 -> 6
[DP-bwdX] L=48 states=1 -> 1
[DP-bwdX] L=48 states=1 -> 1
[DP-bwdX] L=48 states=1 -> 1
[DP-bwdX] L=48 states=1 -> 1
[DP-fwdX] L=48 states=1 -> 1
[DP-fwdX] L=64 states=94 -> 103
[DP-bwdX] L=96 states=1 -> 1
[DP-bwdX] L=80 states=179 -> 218
[DP-fwdX] L=48 states=1 -> 1
[DP-bwdX] L=64 states=22 -> 29
[DP-fwdX] L=48 states=1 -> 1
[DP-fwdX] L=48 states=1 -> 1
[DP-fwdX] L=48 states=1 -> 1
[DP-fwdX] L=64 states=15 -> 21
[DP-bwdX] L=64 states=5 -> 9
[DP-fwdX] L=64 states=1 -> 2
[DP-fwdX] L=80 states=10 -> 11
[DP-bwdX] L=96 states=1 -> 1
[DP-bwdX] L=80 states=19 -> 31
[DP-fwdX] L=80 states=2 -> 3
[DP-bwdX] L=80 states=2 -> 5
[DP-bwdX] L=96 states=1 -> 1
[DP-bwdX] L=96 states=1 -> 1
[DP-bwdX] L=96 states=1 -> 1
[DP-bwdX] L=96 states=1 -> 1
  [Round 83] T_prime=16  T_target=12  HPWL_w=798000  HPWL_eq=780  maxL=21  WNS(T')=-5  WNS*(T)=-9  picked=172  solve_ms=86.4889
[OC-Shortest/pow2] m=12 h=8 SEG=4 bits=48 words=1 threads=24
[DP-fwdX] L=0 states=1 -> 1
[DP-fwdX] L=16 states=179 -> 218
[DP-fwdX] L=32 states=1870 -> 2034
[DP-bwdX] L=96 states=1 -> 1
[DP-bwdX] L=80 states=179 -> 218
[DP-bwdX] L=64 states=1870 -> 2034
[DP-fwdX] L=0 states=1 -> 1
[DP-fwdX] L=16 states=179 -> 218
[DP-bwdX] L=48 states=1 -> 1
[DP-bwdX] L=32 states=94 -> 103
[DP-fwdX] L=0 states=1 -> 1
[DP-bwdX] L=16 states=29 -> 29
[DP-fwdX] L=0 states=1 -> 1
[DP-fwdX] L=0 states=1 -> 1
[DP-fwdX] L=0 states=1 -> 1
[DP-fwdX] L=16 states=19 -> 32
[DP-bwdX] L=16 states=4 -> 5
[DP-fwdX] L=16 states=1 -> 2
[DP-fwdX] L=32 states=126 -> 174
[DP-bwdX] L=48 states=1 -> 1
[DP-bwdX] L=32 states=12 -> 16
[DP-fwdX] L=32 states=4 -> 6
[DP-bwdX] L=32 states=2 -> 3
[DP-bwdX] L=48 states=1 -> 1
[DP-bwdX] L=48 states=1 -> 1
[DP-bwdX] L=48 states=1 -> 1
[DP-bwdX] L=48 states=1 -> 1
[DP-fwdX] L=48 states=1 -> 1
[DP-fwdX] L=64 states=94 -> 103
[DP-bwdX] L=96 states=1 -> 1
[DP-bwdX] L=80 states=179 -> 218
[DP-fwdX] L=48 states=1 -> 1
[DP-bwdX] L=64 states=97 -> 135
[DP-fwdX] L=48 states=1 -> 1
[DP-fwdX] L=48 states=1 -> 1
[DP-fwdX] L=48 states=1 -> 1
[DP-fwdX] L=64 states=12 -> 16
[DP-bwdX] L=64 states=4 -> 6
[DP-fwdX] L=64 states=1 -> 1
[DP-fwdX] L=80 states=13 -> 14
[DP-bwdX] L=96 states=1 -> 1
[DP-bwdX] L=80 states=19 -> 32
[DP-fwdX] L=80 states=4 -> 5
[DP-bwdX] L=80 states=3 -> 7
[DP-bwdX] L=96 states=1 -> 1
[DP-bwdX] L=96 states=1 -> 1
[DP-bwdX] L=96 states=1 -> 1
[DP-bwdX] L=96 states=1 -> 1
  [Round 84] T_prime=16  T_target=12  HPWL_w=798000  HPWL_eq=777  maxL=27  WNS(T')=-11  WNS*(T)=-15  picked=172  solve_ms=82.9241
[OC-Shortest/pow2] m=12 h=8 SEG=4 bits=48 words=1 threads=24
[DP-fwdX] L=0 states=1 -> 1
[DP-fwdX] L=16 states=179 -> 218
[DP-fwdX] L=32 states=1870 -> 2034
[DP-bwdX] L=96 states=1 -> 1
[DP-bwdX] L=80 states=179 -> 218
[DP-bwdX] L=64 states=1870 -> 2034
[DP-fwdX] L=0 states=1 -> 1
[DP-fwdX] L=16 states=179 -> 218
[DP-bwdX] L=48 states=1 -> 1
[DP-bwdX] L=32 states=94 -> 103
[DP-fwdX] L=0 states=1 -> 1
[DP-bwdX] L=16 states=10 -> 11
[DP-fwdX] L=0 states=1 -> 1
[DP-fwdX] L=0 states=1 -> 1
[DP-fwdX] L=0 states=1 -> 1
[DP-fwdX] L=16 states=19 -> 31
[DP-bwdX] L=16 states=4 -> 6
[DP-fwdX] L=16 states=1 -> 3
[DP-fwdX] L=32 states=22 -> 29
[DP-bwdX] L=48 states=1 -> 1
[DP-bwdX] L=32 states=15 -> 21
[DP-fwdX] L=32 states=5 -> 9
[DP-bwdX] L=32 states=3 -> 6
[DP-bwdX] L=48 states=1 -> 1
[DP-bwdX] L=48 states=1 -> 1
[DP-bwdX] L=48 states=1 -> 1
[DP-bwdX] L=48 states=1 -> 1
[DP-fwdX] L=48 states=1 -> 1
[DP-fwdX] L=64 states=94 -> 103
[DP-bwdX] L=96 states=1 -> 1
[DP-bwdX] L=80 states=179 -> 218
[DP-fwdX] L=48 states=1 -> 1
[DP-bwdX] L=64 states=22 -> 29
[DP-fwdX] L=48 states=1 -> 1
[DP-fwdX] L=48 states=1 -> 1
[DP-fwdX] L=48 states=1 -> 1
[DP-fwdX] L=64 states=15 -> 21
[DP-bwdX] L=64 states=5 -> 9
[DP-fwdX] L=64 states=1 -> 2
[DP-fwdX] L=80 states=10 -> 11
[DP-bwdX] L=96 states=1 -> 1
[DP-bwdX] L=80 states=19 -> 31
[DP-fwdX] L=80 states=2 -> 3
[DP-bwdX] L=80 states=2 -> 5
[DP-bwdX] L=96 states=1 -> 1
[DP-bwdX] L=96 states=1 -> 1
[DP-bwdX] L=96 states=1 -> 1
[DP-bwdX] L=96 states=1 -> 1
  [Round 85] T_prime=16  T_target=12  HPWL_w=798000  HPWL_eq=780  maxL=21  WNS(T')=-5  WNS*(T)=-9  picked=172  solve_ms=81.6661
[OC-Shortest/pow2] m=12 h=8 SEG=4 bits=48 words=1 threads=24
[DP-fwdX] L=0 states=1 -> 1
[DP-fwdX] L=16 states=179 -> 218
[DP-fwdX] L=32 states=1870 -> 2034
[DP-bwdX] L=96 states=1 -> 1
[DP-bwdX] L=80 states=179 -> 218
[DP-bwdX] L=64 states=1870 -> 2034
[DP-fwdX] L=0 states=1 -> 1
[DP-fwdX] L=16 states=179 -> 218
[DP-bwdX] L=48 states=1 -> 1
[DP-bwdX] L=32 states=94 -> 103
[DP-fwdX] L=0 states=1 -> 1
[DP-bwdX] L=16 states=29 -> 29
[DP-fwdX] L=0 states=1 -> 1
[DP-fwdX] L=0 states=1 -> 1
[DP-fwdX] L=0 states=1 -> 1
[DP-fwdX] L=16 states=19 -> 32
[DP-bwdX] L=16 states=4 -> 5
[DP-fwdX] L=16 states=1 -> 2
[DP-fwdX] L=32 states=126 -> 174
[DP-bwdX] L=48 states=1 -> 1
[DP-bwdX] L=32 states=12 -> 16
[DP-fwdX] L=32 states=4 -> 6
[DP-bwdX] L=32 states=2 -> 3
[DP-bwdX] L=48 states=1 -> 1
[DP-bwdX] L=48 states=1 -> 1
[DP-bwdX] L=48 states=1 -> 1
[DP-bwdX] L=48 states=1 -> 1
[DP-fwdX] L=48 states=1 -> 1
[DP-fwdX] L=64 states=94 -> 103
[DP-bwdX] L=96 states=1 -> 1
[DP-bwdX] L=80 states=179 -> 218
[DP-fwdX] L=48 states=1 -> 1
[DP-bwdX] L=64 states=97 -> 135
[DP-fwdX] L=48 states=1 -> 1
[DP-fwdX] L=48 states=1 -> 1
[DP-fwdX] L=48 states=1 -> 1
[DP-fwdX] L=64 states=12 -> 16
[DP-bwdX] L=64 states=4 -> 6
[DP-fwdX] L=64 states=1 -> 1
[DP-fwdX] L=80 states=13 -> 14
[DP-bwdX] L=96 states=1 -> 1
[DP-bwdX] L=80 states=19 -> 32
[DP-fwdX] L=80 states=4 -> 5
[DP-bwdX] L=80 states=3 -> 7
[DP-bwdX] L=96 states=1 -> 1
[DP-bwdX] L=96 states=1 -> 1
[DP-bwdX] L=96 states=1 -> 1
[DP-bwdX] L=96 states=1 -> 1
  [Round 86] T_prime=16  T_target=12  HPWL_w=798000  HPWL_eq=777  maxL=27  WNS(T')=-11  WNS*(T)=-15  picked=172  solve_ms=85.2562
[OC-Shortest/pow2] m=12 h=8 SEG=4 bits=48 words=1 threads=24
[DP-fwdX] L=0 states=1 -> 1
[DP-fwdX] L=16 states=179 -> 218
[DP-fwdX] L=32 states=1870 -> 2034
[DP-bwdX] L=96 states=1 -> 1
[DP-bwdX] L=80 states=179 -> 218
[DP-bwdX] L=64 states=1870 -> 2034
[DP-fwdX] L=0 states=1 -> 1
[DP-fwdX] L=16 states=179 -> 218
[DP-bwdX] L=48 states=1 -> 1
[DP-bwdX] L=32 states=94 -> 103
[DP-fwdX] L=0 states=1 -> 1
[DP-bwdX] L=16 states=10 -> 11
[DP-fwdX] L=0 states=1 -> 1
[DP-fwdX] L=0 states=1 -> 1
[DP-fwdX] L=0 states=1 -> 1
[DP-fwdX] L=16 states=19 -> 31
[DP-bwdX] L=16 states=4 -> 6
[DP-fwdX] L=16 states=1 -> 3
[DP-fwdX] L=32 states=22 -> 29
[DP-bwdX] L=48 states=1 -> 1
[DP-bwdX] L=32 states=15 -> 21
[DP-fwdX] L=32 states=5 -> 9
[DP-bwdX] L=32 states=3 -> 6
[DP-bwdX] L=48 states=1 -> 1
[DP-bwdX] L=48 states=1 -> 1
[DP-bwdX] L=48 states=1 -> 1
[DP-bwdX] L=48 states=1 -> 1
[DP-fwdX] L=48 states=1 -> 1
[DP-fwdX] L=64 states=94 -> 103
[DP-bwdX] L=96 states=1 -> 1
[DP-bwdX] L=80 states=179 -> 218
[DP-fwdX] L=48 states=1 -> 1
[DP-bwdX] L=64 states=22 -> 29
[DP-fwdX] L=48 states=1 -> 1
[DP-fwdX] L=48 states=1 -> 1
[DP-fwdX] L=48 states=1 -> 1
[DP-fwdX] L=64 states=15 -> 21
[DP-bwdX] L=64 states=5 -> 9
[DP-fwdX] L=64 states=1 -> 2
[DP-fwdX] L=80 states=10 -> 11
[DP-bwdX] L=96 states=1 -> 1
[DP-bwdX] L=80 states=19 -> 31
[DP-fwdX] L=80 states=2 -> 3
[DP-bwdX] L=80 states=2 -> 5
[DP-bwdX] L=96 states=1 -> 1
[DP-bwdX] L=96 states=1 -> 1
[DP-bwdX] L=96 states=1 -> 1
[DP-bwdX] L=96 states=1 -> 1
  [Round 87] T_prime=16  T_target=12  HPWL_w=798000  HPWL_eq=780  maxL=21  WNS(T')=-5  WNS*(T)=-9  picked=172  solve_ms=96.2516
[OC-Shortest/pow2] m=12 h=8 SEG=4 bits=48 words=1 threads=24
[DP-fwdX] L=0 states=1 -> 1
[DP-fwdX] L=16 states=179 -> 218
[DP-fwdX] L=32 states=1870 -> 2034
[DP-bwdX] L=96 states=1 -> 1
[DP-bwdX] L=80 states=179 -> 218
[DP-bwdX] L=64 states=1870 -> 2034
[DP-fwdX] L=0 states=1 -> 1
[DP-fwdX] L=16 states=179 -> 218
[DP-bwdX] L=48 states=1 -> 1
[DP-bwdX] L=32 states=94 -> 103
[DP-fwdX] L=0 states=1 -> 1
[DP-bwdX] L=16 states=29 -> 29
[DP-fwdX] L=0 states=1 -> 1
[DP-fwdX] L=0 states=1 -> 1
[DP-fwdX] L=0 states=1 -> 1
[DP-fwdX] L=16 states=19 -> 32
[DP-bwdX] L=16 states=4 -> 5
[DP-fwdX] L=16 states=1 -> 2
[DP-fwdX] L=32 states=126 -> 174
[DP-bwdX] L=48 states=1 -> 1
[DP-bwdX] L=32 states=12 -> 16
[DP-fwdX] L=32 states=4 -> 6
[DP-bwdX] L=32 states=2 -> 3
[DP-bwdX] L=48 states=1 -> 1
[DP-bwdX] L=48 states=1 -> 1
[DP-bwdX] L=48 states=1 -> 1
[DP-bwdX] L=48 states=1 -> 1
[DP-fwdX] L=48 states=1 -> 1
[DP-fwdX] L=64 states=94 -> 103
[DP-bwdX] L=96 states=1 -> 1
[DP-bwdX] L=80 states=179 -> 218
[DP-fwdX] L=48 states=1 -> 1
[DP-bwdX] L=64 states=97 -> 135
[DP-fwdX] L=48 states=1 -> 1
[DP-fwdX] L=48 states=1 -> 1
[DP-fwdX] L=48 states=1 -> 1
[DP-fwdX] L=64 states=12 -> 16
[DP-bwdX] L=64 states=4 -> 6
[DP-fwdX] L=64 states=1 -> 1
[DP-fwdX] L=80 states=13 -> 14
[DP-bwdX] L=96 states=1 -> 1
[DP-bwdX] L=80 states=19 -> 32
[DP-fwdX] L=80 states=4 -> 5
[DP-bwdX] L=80 states=3 -> 7
[DP-bwdX] L=96 states=1 -> 1
[DP-bwdX] L=96 states=1 -> 1
[DP-bwdX] L=96 states=1 -> 1
[DP-bwdX] L=96 states=1 -> 1
  [Round 88] T_prime=16  T_target=12  HPWL_w=798000  HPWL_eq=777  maxL=27  WNS(T')=-11  WNS*(T)=-15  picked=172  solve_ms=85.1758
[OC-Shortest/pow2] m=12 h=8 SEG=4 bits=48 words=1 threads=24
[DP-fwdX] L=0 states=1 -> 1
[DP-fwdX] L=16 states=179 -> 218
[DP-fwdX] L=32 states=1870 -> 2034
[DP-bwdX] L=96 states=1 -> 1
[DP-bwdX] L=80 states=179 -> 218
[DP-bwdX] L=64 states=1870 -> 2034
[DP-fwdX] L=0 states=1 -> 1
[DP-fwdX] L=16 states=179 -> 218
[DP-bwdX] L=48 states=1 -> 1
[DP-bwdX] L=32 states=94 -> 103
[DP-fwdX] L=0 states=1 -> 1
[DP-bwdX] L=16 states=10 -> 11
[DP-fwdX] L=0 states=1 -> 1
[DP-fwdX] L=0 states=1 -> 1
[DP-fwdX] L=0 states=1 -> 1
[DP-fwdX] L=16 states=19 -> 31
[DP-bwdX] L=16 states=4 -> 6
[DP-fwdX] L=16 states=1 -> 3
[DP-fwdX] L=32 states=22 -> 29
[DP-bwdX] L=48 states=1 -> 1
[DP-bwdX] L=32 states=15 -> 21
[DP-fwdX] L=32 states=5 -> 9
[DP-bwdX] L=32 states=3 -> 6
[DP-bwdX] L=48 states=1 -> 1
[DP-bwdX] L=48 states=1 -> 1
[DP-bwdX] L=48 states=1 -> 1
[DP-bwdX] L=48 states=1 -> 1
[DP-fwdX] L=48 states=1 -> 1
[DP-fwdX] L=64 states=94 -> 103
[DP-bwdX] L=96 states=1 -> 1
[DP-bwdX] L=80 states=179 -> 218
[DP-fwdX] L=48 states=1 -> 1
[DP-bwdX] L=64 states=22 -> 29
[DP-fwdX] L=48 states=1 -> 1
[DP-fwdX] L=48 states=1 -> 1
[DP-fwdX] L=48 states=1 -> 1
[DP-fwdX] L=64 states=15 -> 21
[DP-bwdX] L=64 states=5 -> 9
[DP-fwdX] L=64 states=1 -> 2
[DP-fwdX] L=80 states=10 -> 11
[DP-bwdX] L=96 states=1 -> 1
[DP-bwdX] L=80 states=19 -> 31
[DP-fwdX] L=80 states=2 -> 3
[DP-bwdX] L=80 states=2 -> 5
[DP-bwdX] L=96 states=1 -> 1
[DP-bwdX] L=96 states=1 -> 1
[DP-bwdX] L=96 states=1 -> 1
[DP-bwdX] L=96 states=1 -> 1
  [Round 89] T_prime=16  T_target=12  HPWL_w=798000  HPWL_eq=780  maxL=21  WNS(T')=-5  WNS*(T)=-9  picked=172  solve_ms=164.62
[OC-Shortest/pow2] m=12 h=8 SEG=4 bits=48 words=1 threads=24
[DP-fwdX] L=0 states=1 -> 1
[DP-fwdX] L=16 states=179 -> 218
[DP-fwdX] L=32 states=1870 -> 2034
[DP-bwdX] L=96 states=1 -> 1
[DP-bwdX] L=80 states=179 -> 218
[DP-bwdX] L=64 states=1870 -> 2034
[DP-fwdX] L=0 states=1 -> 1
[DP-fwdX] L=16 states=179 -> 218
[DP-bwdX] L=48 states=1 -> 1
[DP-bwdX] L=32 states=94 -> 103
[DP-fwdX] L=0 states=1 -> 1
[DP-bwdX] L=16 states=29 -> 29
[DP-fwdX] L=0 states=1 -> 1
[DP-fwdX] L=0 states=1 -> 1
[DP-fwdX] L=0 states=1 -> 1
[DP-fwdX] L=16 states=19 -> 32
[DP-bwdX] L=16 states=4 -> 5
[DP-fwdX] L=16 states=1 -> 2
[DP-fwdX] L=32 states=126 -> 174
[DP-bwdX] L=48 states=1 -> 1
[DP-bwdX] L=32 states=12 -> 16
[DP-fwdX] L=32 states=4 -> 6
[DP-bwdX] L=32 states=2 -> 3
[DP-bwdX] L=48 states=1 -> 1
[DP-bwdX] L=48 states=1 -> 1
[DP-bwdX] L=48 states=1 -> 1
[DP-bwdX] L=48 states=1 -> 1
[DP-fwdX] L=48 states=1 -> 1
[DP-fwdX] L=64 states=94 -> 103
[DP-bwdX] L=96 states=1 -> 1
[DP-bwdX] L=80 states=179 -> 218
[DP-fwdX] L=48 states=1 -> 1
[DP-bwdX] L=64 states=97 -> 135
[DP-fwdX] L=48 states=1 -> 1
[DP-fwdX] L=48 states=1 -> 1
[DP-fwdX] L=48 states=1 -> 1
[DP-fwdX] L=64 states=12 -> 16
[DP-bwdX] L=64 states=4 -> 6
[DP-fwdX] L=64 states=1 -> 1
[DP-fwdX] L=80 states=13 -> 14
[DP-bwdX] L=96 states=1 -> 1
[DP-bwdX] L=80 states=19 -> 32
[DP-fwdX] L=80 states=4 -> 5
[DP-bwdX] L=80 states=3 -> 7
[DP-bwdX] L=96 states=1 -> 1
[DP-bwdX] L=96 states=1 -> 1
[DP-bwdX] L=96 states=1 -> 1
[DP-bwdX] L=96 states=1 -> 1
  [Round 90] T_prime=16  T_target=12  HPWL_w=798000  HPWL_eq=777  maxL=27  WNS(T')=-11  WNS*(T)=-15  picked=172  solve_ms=91.6634
[OC-Shortest/pow2] m=12 h=8 SEG=4 bits=48 words=1 threads=24
[DP-fwdX] L=0 states=1 -> 1
[DP-fwdX] L=16 states=179 -> 218
[DP-fwdX] L=32 states=1870 -> 2034
[DP-bwdX] L=96 states=1 -> 1
[DP-bwdX] L=80 states=179 -> 218
[DP-bwdX] L=64 states=1870 -> 2034
[DP-fwdX] L=0 states=1 -> 1
[DP-fwdX] L=16 states=179 -> 218
[DP-bwdX] L=48 states=1 -> 1
[DP-bwdX] L=32 states=94 -> 103
[DP-fwdX] L=0 states=1 -> 1
[DP-bwdX] L=16 states=10 -> 11
[DP-fwdX] L=0 states=1 -> 1
[DP-fwdX] L=0 states=1 -> 1
[DP-fwdX] L=0 states=1 -> 1
[DP-fwdX] L=16 states=19 -> 31
[DP-bwdX] L=16 states=4 -> 6
[DP-fwdX] L=16 states=1 -> 3
[DP-fwdX] L=32 states=22 -> 29
[DP-bwdX] L=48 states=1 -> 1
[DP-bwdX] L=32 states=15 -> 21
[DP-fwdX] L=32 states=5 -> 9
[DP-bwdX] L=32 states=3 -> 6
[DP-bwdX] L=48 states=1 -> 1
[DP-bwdX] L=48 states=1 -> 1
[DP-bwdX] L=48 states=1 -> 1
[DP-bwdX] L=48 states=1 -> 1
[DP-fwdX] L=48 states=1 -> 1
[DP-fwdX] L=64 states=94 -> 103
[DP-bwdX] L=96 states=1 -> 1
[DP-bwdX] L=80 states=179 -> 218
[DP-fwdX] L=48 states=1 -> 1
[DP-bwdX] L=64 states=22 -> 29
[DP-fwdX] L=48 states=1 -> 1
[DP-fwdX] L=48 states=1 -> 1
[DP-fwdX] L=48 states=1 -> 1
[DP-fwdX] L=64 states=15 -> 21
[DP-bwdX] L=64 states=5 -> 9
[DP-fwdX] L=64 states=1 -> 2
[DP-fwdX] L=80 states=10 -> 11
[DP-bwdX] L=96 states=1 -> 1
[DP-bwdX] L=80 states=19 -> 31
[DP-fwdX] L=80 states=2 -> 3
[DP-bwdX] L=80 states=2 -> 5
[DP-bwdX] L=96 states=1 -> 1
[DP-bwdX] L=96 states=1 -> 1
[DP-bwdX] L=96 states=1 -> 1
[DP-bwdX] L=96 states=1 -> 1
  [Round 91] T_prime=16  T_target=12  HPWL_w=798000  HPWL_eq=780  maxL=21  WNS(T')=-5  WNS*(T)=-9  picked=172  solve_ms=83.4141
[OC-Shortest/pow2] m=12 h=8 SEG=4 bits=48 words=1 threads=24
[DP-fwdX] L=0 states=1 -> 1
[DP-fwdX] L=16 states=179 -> 218
[DP-fwdX] L=32 states=1870 -> 2034
[DP-bwdX] L=96 states=1 -> 1
[DP-bwdX] L=80 states=179 -> 218
[DP-bwdX] L=64 states=1870 -> 2034
[DP-fwdX] L=0 states=1 -> 1
[DP-fwdX] L=16 states=179 -> 218
[DP-bwdX] L=48 states=1 -> 1
[DP-bwdX] L=32 states=94 -> 103
[DP-fwdX] L=0 states=1 -> 1
[DP-bwdX] L=16 states=29 -> 29
[DP-fwdX] L=0 states=1 -> 1
[DP-fwdX] L=0 states=1 -> 1
[DP-fwdX] L=0 states=1 -> 1
[DP-fwdX] L=16 states=19 -> 32
[DP-bwdX] L=16 states=4 -> 5
[DP-fwdX] L=16 states=1 -> 2
[DP-fwdX] L=32 states=126 -> 174
[DP-bwdX] L=48 states=1 -> 1
[DP-bwdX] L=32 states=12 -> 16
[DP-fwdX] L=32 states=4 -> 6
[DP-bwdX] L=32 states=2 -> 3
[DP-bwdX] L=48 states=1 -> 1
[DP-bwdX] L=48 states=1 -> 1
[DP-bwdX] L=48 states=1 -> 1
[DP-bwdX] L=48 states=1 -> 1
[DP-fwdX] L=48 states=1 -> 1
[DP-fwdX] L=64 states=94 -> 103
[DP-bwdX] L=96 states=1 -> 1
[DP-bwdX] L=80 states=179 -> 218
[DP-fwdX] L=48 states=1 -> 1
[DP-bwdX] L=64 states=97 -> 135
[DP-fwdX] L=48 states=1 -> 1
[DP-fwdX] L=48 states=1 -> 1
[DP-fwdX] L=48 states=1 -> 1
[DP-fwdX] L=64 states=12 -> 16
[DP-bwdX] L=64 states=4 -> 6
[DP-fwdX] L=64 states=1 -> 1
[DP-fwdX] L=80 states=13 -> 14
[DP-bwdX] L=96 states=1 -> 1
[DP-bwdX] L=80 states=19 -> 32
[DP-fwdX] L=80 states=4 -> 5
[DP-bwdX] L=80 states=3 -> 7
[DP-bwdX] L=96 states=1 -> 1
[DP-bwdX] L=96 states=1 -> 1
[DP-bwdX] L=96 states=1 -> 1
[DP-bwdX] L=96 states=1 -> 1
  [Round 92] T_prime=16  T_target=12  HPWL_w=798000  HPWL_eq=777  maxL=27  WNS(T')=-11  WNS*(T)=-15  picked=172  solve_ms=86.0255
[OC-Shortest/pow2] m=12 h=8 SEG=4 bits=48 words=1 threads=24
[DP-fwdX] L=0 states=1 -> 1
[DP-fwdX] L=16 states=179 -> 218
[DP-fwdX] L=32 states=1870 -> 2034
[DP-bwdX] L=96 states=1 -> 1
[DP-bwdX] L=80 states=179 -> 218
[DP-bwdX] L=64 states=1870 -> 2034
[DP-fwdX] L=0 states=1 -> 1
[DP-fwdX] L=16 states=179 -> 218
[DP-bwdX] L=48 states=1 -> 1
[DP-bwdX] L=32 states=94 -> 103
[DP-fwdX] L=0 states=1 -> 1
[DP-bwdX] L=16 states=10 -> 11
[DP-fwdX] L=0 states=1 -> 1
[DP-fwdX] L=0 states=1 -> 1
[DP-fwdX] L=0 states=1 -> 1
[DP-fwdX] L=16 states=19 -> 31
[DP-bwdX] L=16 states=4 -> 6
[DP-fwdX] L=16 states=1 -> 3
[DP-fwdX] L=32 states=22 -> 29
[DP-bwdX] L=48 states=1 -> 1
[DP-bwdX] L=32 states=15 -> 21
[DP-fwdX] L=32 states=5 -> 9
[DP-bwdX] L=32 states=3 -> 6
[DP-bwdX] L=48 states=1 -> 1
[DP-bwdX] L=48 states=1 -> 1
[DP-bwdX] L=48 states=1 -> 1
[DP-bwdX] L=48 states=1 -> 1
[DP-fwdX] L=48 states=1 -> 1
[DP-fwdX] L=64 states=94 -> 103
[DP-bwdX] L=96 states=1 -> 1
[DP-bwdX] L=80 states=179 -> 218
[DP-fwdX] L=48 states=1 -> 1
[DP-bwdX] L=64 states=22 -> 29
[DP-fwdX] L=48 states=1 -> 1
[DP-fwdX] L=48 states=1 -> 1
[DP-fwdX] L=48 states=1 -> 1
[DP-fwdX] L=64 states=15 -> 21
[DP-bwdX] L=64 states=5 -> 9
[DP-fwdX] L=64 states=1 -> 2
[DP-fwdX] L=80 states=10 -> 11
[DP-bwdX] L=96 states=1 -> 1
[DP-bwdX] L=80 states=19 -> 31
[DP-fwdX] L=80 states=2 -> 3
[DP-bwdX] L=80 states=2 -> 5
[DP-bwdX] L=96 states=1 -> 1
[DP-bwdX] L=96 states=1 -> 1
[DP-bwdX] L=96 states=1 -> 1
[DP-bwdX] L=96 states=1 -> 1
  [Round 93] T_prime=16  T_target=12  HPWL_w=798000  HPWL_eq=780  maxL=21  WNS(T')=-5  WNS*(T)=-9  picked=172  solve_ms=81.2663
[OC-Shortest/pow2] m=12 h=8 SEG=4 bits=48 words=1 threads=24
[DP-fwdX] L=0 states=1 -> 1
[DP-fwdX] L=16 states=179 -> 218
[DP-fwdX] L=32 states=1870 -> 2034
[DP-bwdX] L=96 states=1 -> 1
[DP-bwdX] L=80 states=179 -> 218
[DP-bwdX] L=64 states=1870 -> 2034
[DP-fwdX] L=0 states=1 -> 1
[DP-fwdX] L=16 states=179 -> 218
[DP-bwdX] L=48 states=1 -> 1
[DP-bwdX] L=32 states=94 -> 103
[DP-fwdX] L=0 states=1 -> 1
[DP-bwdX] L=16 states=29 -> 29
[DP-fwdX] L=0 states=1 -> 1
[DP-fwdX] L=0 states=1 -> 1
[DP-fwdX] L=0 states=1 -> 1
[DP-fwdX] L=16 states=19 -> 32
[DP-bwdX] L=16 states=4 -> 5
[DP-fwdX] L=16 states=1 -> 2
[DP-fwdX] L=32 states=126 -> 174
[DP-bwdX] L=48 states=1 -> 1
[DP-bwdX] L=32 states=12 -> 16
[DP-fwdX] L=32 states=4 -> 6
[DP-bwdX] L=32 states=2 -> 3
[DP-bwdX] L=48 states=1 -> 1
[DP-bwdX] L=48 states=1 -> 1
[DP-bwdX] L=48 states=1 -> 1
[DP-bwdX] L=48 states=1 -> 1
[DP-fwdX] L=48 states=1 -> 1
[DP-fwdX] L=64 states=94 -> 103
[DP-bwdX] L=96 states=1 -> 1
[DP-bwdX] L=80 states=179 -> 218
[DP-fwdX] L=48 states=1 -> 1
[DP-bwdX] L=64 states=97 -> 135
[DP-fwdX] L=48 states=1 -> 1
[DP-fwdX] L=48 states=1 -> 1
[DP-fwdX] L=48 states=1 -> 1
[DP-fwdX] L=64 states=12 -> 16
[DP-bwdX] L=64 states=4 -> 6
[DP-fwdX] L=64 states=1 -> 1
[DP-fwdX] L=80 states=13 -> 14
[DP-bwdX] L=96 states=1 -> 1
[DP-bwdX] L=80 states=19 -> 32
[DP-fwdX] L=80 states=4 -> 5
[DP-bwdX] L=80 states=3 -> 7
[DP-bwdX] L=96 states=1 -> 1
[DP-bwdX] L=96 states=1 -> 1
[DP-bwdX] L=96 states=1 -> 1
[DP-bwdX] L=96 states=1 -> 1
  [Round 94] T_prime=16  T_target=12  HPWL_w=798000  HPWL_eq=777  maxL=27  WNS(T')=-11  WNS*(T)=-15  picked=172  solve_ms=110.252
[OC-Shortest/pow2] m=12 h=8 SEG=4 bits=48 words=1 threads=24
[DP-fwdX] L=0 states=1 -> 1
[DP-fwdX] L=16 states=179 -> 218
[DP-fwdX] L=32 states=1870 -> 2034
[DP-bwdX] L=96 states=1 -> 1
[DP-bwdX] L=80 states=179 -> 218
[DP-bwdX] L=64 states=1870 -> 2034
[DP-fwdX] L=0 states=1 -> 1
[DP-fwdX] L=16 states=179 -> 218
[DP-bwdX] L=48 states=1 -> 1
[DP-bwdX] L=32 states=94 -> 103
[DP-fwdX] L=0 states=1 -> 1
[DP-bwdX] L=16 states=10 -> 11
[DP-fwdX] L=0 states=1 -> 1
[DP-fwdX] L=0 states=1 -> 1
[DP-fwdX] L=0 states=1 -> 1
[DP-fwdX] L=16 states=19 -> 31
[DP-bwdX] L=16 states=4 -> 6
[DP-fwdX] L=16 states=1 -> 3
[DP-fwdX] L=32 states=22 -> 29
[DP-bwdX] L=48 states=1 -> 1
[DP-bwdX] L=32 states=15 -> 21
[DP-fwdX] L=32 states=5 -> 9
[DP-bwdX] L=32 states=3 -> 6
[DP-bwdX] L=48 states=1 -> 1
[DP-bwdX] L=48 states=1 -> 1
[DP-bwdX] L=48 states=1 -> 1
[DP-bwdX] L=48 states=1 -> 1
[DP-fwdX] L=48 states=1 -> 1
[DP-fwdX] L=64 states=94 -> 103
[DP-bwdX] L=96 states=1 -> 1
[DP-bwdX] L=80 states=179 -> 218
[DP-fwdX] L=48 states=1 -> 1
[DP-bwdX] L=64 states=22 -> 29
[DP-fwdX] L=48 states=1 -> 1
[DP-fwdX] L=48 states=1 -> 1
[DP-fwdX] L=48 states=1 -> 1
[DP-fwdX] L=64 states=15 -> 21
[DP-bwdX] L=64 states=5 -> 9
[DP-fwdX] L=64 states=1 -> 2
[DP-fwdX] L=80 states=10 -> 11
[DP-bwdX] L=96 states=1 -> 1
[DP-bwdX] L=80 states=19 -> 31
[DP-fwdX] L=80 states=2 -> 3
[DP-bwdX] L=80 states=2 -> 5
[DP-bwdX] L=96 states=1 -> 1
[DP-bwdX] L=96 states=1 -> 1
[DP-bwdX] L=96 states=1 -> 1
[DP-bwdX] L=96 states=1 -> 1
  [Round 95] T_prime=16  T_target=12  HPWL_w=798000  HPWL_eq=780  maxL=21  WNS(T')=-5  WNS*(T)=-9  picked=172  solve_ms=80.392
[OC-Shortest/pow2] m=12 h=8 SEG=4 bits=48 words=1 threads=24
[DP-fwdX] L=0 states=1 -> 1
[DP-fwdX] L=16 states=179 -> 218
[DP-fwdX] L=32 states=1870 -> 2034
[DP-bwdX] L=96 states=1 -> 1
[DP-bwdX] L=80 states=179 -> 218
[DP-bwdX] L=64 states=1870 -> 2034
[DP-fwdX] L=0 states=1 -> 1
[DP-fwdX] L=16 states=179 -> 218
[DP-bwdX] L=48 states=1 -> 1
[DP-bwdX] L=32 states=94 -> 103
[DP-fwdX] L=0 states=1 -> 1
[DP-bwdX] L=16 states=29 -> 29
[DP-fwdX] L=0 states=1 -> 1
[DP-fwdX] L=0 states=1 -> 1
[DP-fwdX] L=0 states=1 -> 1
[DP-fwdX] L=16 states=19 -> 32
[DP-bwdX] L=16 states=4 -> 5
[DP-fwdX] L=16 states=1 -> 2
[DP-fwdX] L=32 states=126 -> 174
[DP-bwdX] L=48 states=1 -> 1
[DP-bwdX] L=32 states=12 -> 16
[DP-fwdX] L=32 states=4 -> 6
[DP-bwdX] L=32 states=2 -> 3
[DP-bwdX] L=48 states=1 -> 1
[DP-bwdX] L=48 states=1 -> 1
[DP-bwdX] L=48 states=1 -> 1
[DP-bwdX] L=48 states=1 -> 1
[DP-fwdX] L=48 states=1 -> 1
[DP-fwdX] L=64 states=94 -> 103
[DP-bwdX] L=96 states=1 -> 1
[DP-bwdX] L=80 states=179 -> 218
[DP-fwdX] L=48 states=1 -> 1
[DP-bwdX] L=64 states=97 -> 135
[DP-fwdX] L=48 states=1 -> 1
[DP-fwdX] L=48 states=1 -> 1
[DP-fwdX] L=48 states=1 -> 1
[DP-fwdX] L=64 states=12 -> 16
[DP-bwdX] L=64 states=4 -> 6
[DP-fwdX] L=64 states=1 -> 1
[DP-fwdX] L=80 states=13 -> 14
[DP-bwdX] L=96 states=1 -> 1
[DP-bwdX] L=80 states=19 -> 32
[DP-fwdX] L=80 states=4 -> 5
[DP-bwdX] L=80 states=3 -> 7
[DP-bwdX] L=96 states=1 -> 1
[DP-bwdX] L=96 states=1 -> 1
[DP-bwdX] L=96 states=1 -> 1
[DP-bwdX] L=96 states=1 -> 1
  [Round 96] T_prime=16  T_target=12  HPWL_w=798000  HPWL_eq=777  maxL=27  WNS(T')=-11  WNS*(T)=-15  picked=172  solve_ms=85.2392
[OC-Shortest/pow2] m=12 h=8 SEG=4 bits=48 words=1 threads=24
[DP-fwdX] L=0 states=1 -> 1
[DP-fwdX] L=16 states=179 -> 218
[DP-fwdX] L=32 states=1870 -> 2034
[DP-bwdX] L=96 states=1 -> 1
[DP-bwdX] L=80 states=179 -> 218
[DP-bwdX] L=64 states=1870 -> 2034
[DP-fwdX] L=0 states=1 -> 1
[DP-fwdX] L=16 states=179 -> 218
[DP-bwdX] L=48 states=1 -> 1
[DP-bwdX] L=32 states=94 -> 103
[DP-fwdX] L=0 states=1 -> 1
[DP-bwdX] L=16 states=10 -> 11
[DP-fwdX] L=0 states=1 -> 1
[DP-fwdX] L=0 states=1 -> 1
[DP-fwdX] L=0 states=1 -> 1
[DP-fwdX] L=16 states=19 -> 31
[DP-bwdX] L=16 states=4 -> 6
[DP-fwdX] L=16 states=1 -> 3
[DP-fwdX] L=32 states=22 -> 29
[DP-bwdX] L=48 states=1 -> 1
[DP-bwdX] L=32 states=15 -> 21
[DP-fwdX] L=32 states=5 -> 9
[DP-bwdX] L=32 states=3 -> 6
[DP-bwdX] L=48 states=1 -> 1
[DP-bwdX] L=48 states=1 -> 1
[DP-bwdX] L=48 states=1 -> 1
[DP-bwdX] L=48 states=1 -> 1
[DP-fwdX] L=48 states=1 -> 1
[DP-fwdX] L=64 states=94 -> 103
[DP-bwdX] L=96 states=1 -> 1
[DP-bwdX] L=80 states=179 -> 218
[DP-fwdX] L=48 states=1 -> 1
[DP-bwdX] L=64 states=22 -> 29
[DP-fwdX] L=48 states=1 -> 1
[DP-fwdX] L=48 states=1 -> 1
[DP-fwdX] L=48 states=1 -> 1
[DP-fwdX] L=64 states=15 -> 21
[DP-bwdX] L=64 states=5 -> 9
[DP-fwdX] L=64 states=1 -> 2
[DP-fwdX] L=80 states=10 -> 11
[DP-bwdX] L=96 states=1 -> 1
[DP-bwdX] L=80 states=19 -> 31
[DP-fwdX] L=80 states=2 -> 3
[DP-bwdX] L=80 states=2 -> 5
[DP-bwdX] L=96 states=1 -> 1
[DP-bwdX] L=96 states=1 -> 1
[DP-bwdX] L=96 states=1 -> 1
[DP-bwdX] L=96 states=1 -> 1
  [Round 97] T_prime=16  T_target=12  HPWL_w=798000  HPWL_eq=780  maxL=21  WNS(T')=-5  WNS*(T)=-9  picked=172  solve_ms=86.895
[OC-Shortest/pow2] m=12 h=8 SEG=4 bits=48 words=1 threads=24
[DP-fwdX] L=0 states=1 -> 1
[DP-fwdX] L=16 states=179 -> 218
[DP-fwdX] L=32 states=1870 -> 2034
[DP-bwdX] L=96 states=1 -> 1
[DP-bwdX] L=80 states=179 -> 218
[DP-bwdX] L=64 states=1870 -> 2034
[DP-fwdX] L=0 states=1 -> 1
[DP-fwdX] L=16 states=179 -> 218
[DP-bwdX] L=48 states=1 -> 1
[DP-bwdX] L=32 states=94 -> 103
[DP-fwdX] L=0 states=1 -> 1
[DP-bwdX] L=16 states=29 -> 29
[DP-fwdX] L=0 states=1 -> 1
[DP-fwdX] L=0 states=1 -> 1
[DP-fwdX] L=0 states=1 -> 1
[DP-fwdX] L=16 states=19 -> 32
[DP-bwdX] L=16 states=4 -> 5
[DP-fwdX] L=16 states=1 -> 2
[DP-fwdX] L=32 states=126 -> 174
[DP-bwdX] L=48 states=1 -> 1
[DP-bwdX] L=32 states=12 -> 16
[DP-fwdX] L=32 states=4 -> 6
[DP-bwdX] L=32 states=2 -> 3
[DP-bwdX] L=48 states=1 -> 1
[DP-bwdX] L=48 states=1 -> 1
[DP-bwdX] L=48 states=1 -> 1
[DP-bwdX] L=48 states=1 -> 1
[DP-fwdX] L=48 states=1 -> 1
[DP-fwdX] L=64 states=94 -> 103
[DP-bwdX] L=96 states=1 -> 1
[DP-bwdX] L=80 states=179 -> 218
[DP-fwdX] L=48 states=1 -> 1
[DP-bwdX] L=64 states=97 -> 135
[DP-fwdX] L=48 states=1 -> 1
[DP-fwdX] L=48 states=1 -> 1
[DP-fwdX] L=48 states=1 -> 1
[DP-fwdX] L=64 states=12 -> 16
[DP-bwdX] L=64 states=4 -> 6
[DP-fwdX] L=64 states=1 -> 1
[DP-fwdX] L=80 states=13 -> 14
[DP-bwdX] L=96 states=1 -> 1
[DP-bwdX] L=80 states=19 -> 32
[DP-fwdX] L=80 states=4 -> 5
[DP-bwdX] L=80 states=3 -> 7
[DP-bwdX] L=96 states=1 -> 1
[DP-bwdX] L=96 states=1 -> 1
[DP-bwdX] L=96 states=1 -> 1
[DP-bwdX] L=96 states=1 -> 1
  [Round 98] T_prime=16  T_target=12  HPWL_w=798000  HPWL_eq=777  maxL=27  WNS(T')=-11  WNS*(T)=-15  picked=172  solve_ms=86.9448
[OC-Shortest/pow2] m=12 h=8 SEG=4 bits=48 words=1 threads=24
[DP-fwdX] L=0 states=1 -> 1
[DP-fwdX] L=16 states=179 -> 218
[DP-fwdX] L=32 states=1870 -> 2034
[DP-bwdX] L=96 states=1 -> 1
[DP-bwdX] L=80 states=179 -> 218
[DP-bwdX] L=64 states=1870 -> 2034
[DP-fwdX] L=0 states=1 -> 1
[DP-fwdX] L=16 states=179 -> 218
[DP-bwdX] L=48 states=1 -> 1
[DP-bwdX] L=32 states=94 -> 103
[DP-fwdX] L=0 states=1 -> 1
[DP-bwdX] L=16 states=10 -> 11
[DP-fwdX] L=0 states=1 -> 1
[DP-fwdX] L=0 states=1 -> 1
[DP-fwdX] L=0 states=1 -> 1
[DP-fwdX] L=16 states=19 -> 31
[DP-bwdX] L=16 states=4 -> 6
[DP-fwdX] L=16 states=1 -> 3
[DP-fwdX] L=32 states=22 -> 29
[DP-bwdX] L=48 states=1 -> 1
[DP-bwdX] L=32 states=15 -> 21
[DP-fwdX] L=32 states=5 -> 9
[DP-bwdX] L=32 states=3 -> 6
[DP-bwdX] L=48 states=1 -> 1
[DP-bwdX] L=48 states=1 -> 1
[DP-bwdX] L=48 states=1 -> 1
[DP-bwdX] L=48 states=1 -> 1
[DP-fwdX] L=48 states=1 -> 1
[DP-fwdX] L=64 states=94 -> 103
[DP-bwdX] L=96 states=1 -> 1
[DP-bwdX] L=80 states=179 -> 218
[DP-fwdX] L=48 states=1 -> 1
[DP-bwdX] L=64 states=22 -> 29
[DP-fwdX] L=48 states=1 -> 1
[DP-fwdX] L=48 states=1 -> 1
[DP-fwdX] L=48 states=1 -> 1
[DP-fwdX] L=64 states=15 -> 21
[DP-bwdX] L=64 states=5 -> 9
[DP-fwdX] L=64 states=1 -> 2
[DP-fwdX] L=80 states=10 -> 11
[DP-bwdX] L=96 states=1 -> 1
[DP-bwdX] L=80 states=19 -> 31
[DP-fwdX] L=80 states=2 -> 3
[DP-bwdX] L=80 states=2 -> 5
[DP-bwdX] L=96 states=1 -> 1
[DP-bwdX] L=96 states=1 -> 1
[DP-bwdX] L=96 states=1 -> 1
[DP-bwdX] L=96 states=1 -> 1
  [Round 99] T_prime=16  T_target=12  HPWL_w=798000  HPWL_eq=780  maxL=21  WNS(T')=-5  WNS*(T)=-9  picked=172  solve_ms=103.297
[OC-Shortest/pow2] m=12 h=8 SEG=4 bits=48 words=1 threads=24
[DP-fwdX] L=0 states=1 -> 1
[DP-fwdX] L=16 states=179 -> 218
[DP-fwdX] L=32 states=1870 -> 2034
[DP-bwdX] L=96 states=1 -> 1
[DP-bwdX] L=80 states=179 -> 218
[DP-bwdX] L=64 states=1870 -> 2034
[DP-fwdX] L=0 states=1 -> 1
[DP-fwdX] L=16 states=179 -> 218
[DP-bwdX] L=48 states=1 -> 1
[DP-bwdX] L=32 states=94 -> 103
[DP-fwdX] L=0 states=1 -> 1
[DP-bwdX] L=16 states=29 -> 29
[DP-fwdX] L=0 states=1 -> 1
[DP-fwdX] L=0 states=1 -> 1
[DP-fwdX] L=0 states=1 -> 1
[DP-fwdX] L=16 states=19 -> 32
[DP-bwdX] L=16 states=4 -> 5
[DP-fwdX] L=16 states=1 -> 2
[DP-fwdX] L=32 states=126 -> 174
[DP-bwdX] L=48 states=1 -> 1
[DP-bwdX] L=32 states=12 -> 16
[DP-fwdX] L=32 states=4 -> 6
[DP-bwdX] L=32 states=2 -> 3
[DP-bwdX] L=48 states=1 -> 1
[DP-bwdX] L=48 states=1 -> 1
[DP-bwdX] L=48 states=1 -> 1
[DP-bwdX] L=48 states=1 -> 1
[DP-fwdX] L=48 states=1 -> 1
[DP-fwdX] L=64 states=94 -> 103
[DP-bwdX] L=96 states=1 -> 1
[DP-bwdX] L=80 states=179 -> 218
[DP-fwdX] L=48 states=1 -> 1
[DP-bwdX] L=64 states=97 -> 135
[DP-fwdX] L=48 states=1 -> 1
[DP-fwdX] L=48 states=1 -> 1
[DP-fwdX] L=48 states=1 -> 1
[DP-fwdX] L=64 states=12 -> 16
[DP-bwdX] L=64 states=4 -> 6
[DP-fwdX] L=64 states=1 -> 1
[DP-fwdX] L=80 states=13 -> 14
[DP-bwdX] L=96 states=1 -> 1
[DP-bwdX] L=80 states=19 -> 32
[DP-fwdX] L=80 states=4 -> 5
[DP-bwdX] L=80 states=3 -> 7
[DP-bwdX] L=96 states=1 -> 1
[DP-bwdX] L=96 states=1 -> 1
[DP-bwdX] L=96 states=1 -> 1
[DP-bwdX] L=96 states=1 -> 1
  [Round 100] T_prime=16  T_target=12  HPWL_w=798000  HPWL_eq=777  maxL=27  WNS(T')=-11  WNS*(T)=-15  picked=172  solve_ms=97.3181
[OC-Shortest/pow2] m=12 h=8 SEG=4 bits=48 words=1 threads=24
[DP-fwdX] L=0 states=1 -> 1
[DP-fwdX] L=16 states=179 -> 218
[DP-fwdX] L=32 states=1870 -> 2034
[DP-bwdX] L=96 states=1 -> 1
[DP-bwdX] L=80 states=179 -> 218
[DP-bwdX] L=64 states=1870 -> 2034
[DP-fwdX] L=0 states=1 -> 1
[DP-fwdX] L=16 states=179 -> 218
[DP-bwdX] L=48 states=1 -> 1
[DP-bwdX] L=32 states=94 -> 103
[DP-fwdX] L=0 states=1 -> 1
[DP-bwdX] L=16 states=10 -> 11
[DP-fwdX] L=0 states=1 -> 1
[DP-fwdX] L=0 states=1 -> 1
[DP-fwdX] L=0 states=1 -> 1
[DP-fwdX] L=16 states=19 -> 31
[DP-bwdX] L=16 states=4 -> 6
[DP-fwdX] L=16 states=1 -> 3
[DP-fwdX] L=32 states=22 -> 29
[DP-bwdX] L=48 states=1 -> 1
[DP-bwdX] L=32 states=15 -> 21
[DP-fwdX] L=32 states=5 -> 9
[DP-bwdX] L=32 states=3 -> 6
[DP-bwdX] L=48 states=1 -> 1
[DP-bwdX] L=48 states=1 -> 1
[DP-bwdX] L=48 states=1 -> 1
[DP-bwdX] L=48 states=1 -> 1
[DP-fwdX] L=48 states=1 -> 1
[DP-fwdX] L=64 states=94 -> 103
[DP-bwdX] L=96 states=1 -> 1
[DP-bwdX] L=80 states=179 -> 218
[DP-fwdX] L=48 states=1 -> 1
[DP-bwdX] L=64 states=22 -> 29
[DP-fwdX] L=48 states=1 -> 1
[DP-fwdX] L=48 states=1 -> 1
[DP-fwdX] L=48 states=1 -> 1
[DP-fwdX] L=64 states=15 -> 21
[DP-bwdX] L=64 states=5 -> 9
[DP-fwdX] L=64 states=1 -> 2
[DP-fwdX] L=80 states=10 -> 11
[DP-bwdX] L=96 states=1 -> 1
[DP-bwdX] L=80 states=19 -> 31
[DP-fwdX] L=80 states=2 -> 3
[DP-bwdX] L=80 states=2 -> 5
[DP-bwdX] L=96 states=1 -> 1
[DP-bwdX] L=96 states=1 -> 1
[DP-bwdX] L=96 states=1 -> 1
[DP-bwdX] L=96 states=1 -> 1
  [Round 101] T_prime=16  T_target=12  HPWL_w=798000  HPWL_eq=780  maxL=21  WNS(T')=-5  WNS*(T)=-9  picked=172  solve_ms=83.21
[OC-Shortest/pow2] m=12 h=8 SEG=4 bits=48 words=1 threads=24
[DP-fwdX] L=0 states=1 -> 1
[DP-fwdX] L=16 states=179 -> 218
[DP-fwdX] L=32 states=1870 -> 2034
[DP-bwdX] L=96 states=1 -> 1
[DP-bwdX] L=80 states=179 -> 218
[DP-bwdX] L=64 states=1870 -> 2034
[DP-fwdX] L=0 states=1 -> 1
[DP-fwdX] L=16 states=179 -> 218
[DP-bwdX] L=48 states=1 -> 1
[DP-bwdX] L=32 states=94 -> 103
[DP-fwdX] L=0 states=1 -> 1
[DP-bwdX] L=16 states=29 -> 29
[DP-fwdX] L=0 states=1 -> 1
[DP-fwdX] L=0 states=1 -> 1
[DP-fwdX] L=0 states=1 -> 1
[DP-fwdX] L=16 states=19 -> 32
[DP-bwdX] L=16 states=4 -> 5
[DP-fwdX] L=16 states=1 -> 2
[DP-fwdX] L=32 states=126 -> 174
[DP-bwdX] L=48 states=1 -> 1
[DP-bwdX] L=32 states=12 -> 16
[DP-fwdX] L=32 states=4 -> 6
[DP-bwdX] L=32 states=2 -> 3
[DP-bwdX] L=48 states=1 -> 1
[DP-bwdX] L=48 states=1 -> 1
[DP-bwdX] L=48 states=1 -> 1
[DP-bwdX] L=48 states=1 -> 1
[DP-fwdX] L=48 states=1 -> 1
[DP-fwdX] L=64 states=94 -> 103
[DP-bwdX] L=96 states=1 -> 1
[DP-bwdX] L=80 states=179 -> 218
[DP-fwdX] L=48 states=1 -> 1
[DP-bwdX] L=64 states=97 -> 135
[DP-fwdX] L=48 states=1 -> 1
[DP-fwdX] L=48 states=1 -> 1
[DP-fwdX] L=48 states=1 -> 1
[DP-fwdX] L=64 states=12 -> 16
[DP-bwdX] L=64 states=4 -> 6
[DP-fwdX] L=64 states=1 -> 1
[DP-fwdX] L=80 states=13 -> 14
[DP-bwdX] L=96 states=1 -> 1
[DP-bwdX] L=80 states=19 -> 32
[DP-fwdX] L=80 states=4 -> 5
[DP-bwdX] L=80 states=3 -> 7
[DP-bwdX] L=96 states=1 -> 1
[DP-bwdX] L=96 states=1 -> 1
[DP-bwdX] L=96 states=1 -> 1
[DP-bwdX] L=96 states=1 -> 1
  [Round 102] T_prime=16  T_target=12  HPWL_w=798000  HPWL_eq=777  maxL=27  WNS(T')=-11  WNS*(T)=-15  picked=172  solve_ms=104.201
[OC-Shortest/pow2] m=12 h=8 SEG=4 bits=48 words=1 threads=24
[DP-fwdX] L=0 states=1 -> 1
[DP-fwdX] L=16 states=179 -> 218
[DP-fwdX] L=32 states=1870 -> 2034
[DP-bwdX] L=96 states=1 -> 1
[DP-bwdX] L=80 states=179 -> 218
[DP-bwdX] L=64 states=1870 -> 2034
[DP-fwdX] L=0 states=1 -> 1
[DP-fwdX] L=16 states=179 -> 218
[DP-bwdX] L=48 states=1 -> 1
[DP-bwdX] L=32 states=94 -> 103
[DP-fwdX] L=0 states=1 -> 1
[DP-bwdX] L=16 states=10 -> 11
[DP-fwdX] L=0 states=1 -> 1
[DP-fwdX] L=0 states=1 -> 1
[DP-fwdX] L=0 states=1 -> 1
[DP-fwdX] L=16 states=19 -> 31
[DP-bwdX] L=16 states=4 -> 6
[DP-fwdX] L=16 states=1 -> 3
[DP-fwdX] L=32 states=22 -> 29
[DP-bwdX] L=48 states=1 -> 1
[DP-bwdX] L=32 states=15 -> 21
[DP-fwdX] L=32 states=5 -> 9
[DP-bwdX] L=32 states=3 -> 6
[DP-bwdX] L=48 states=1 -> 1
[DP-bwdX] L=48 states=1 -> 1
[DP-bwdX] L=48 states=1 -> 1
[DP-bwdX] L=48 states=1 -> 1
[DP-fwdX] L=48 states=1 -> 1
[DP-fwdX] L=64 states=94 -> 103
[DP-bwdX] L=96 states=1 -> 1
[DP-bwdX] L=80 states=179 -> 218
[DP-fwdX] L=48 states=1 -> 1
[DP-bwdX] L=64 states=22 -> 29
[DP-fwdX] L=48 states=1 -> 1
[DP-fwdX] L=48 states=1 -> 1
[DP-fwdX] L=48 states=1 -> 1
[DP-fwdX] L=64 states=15 -> 21
[DP-bwdX] L=64 states=5 -> 9
[DP-fwdX] L=64 states=1 -> 2
[DP-fwdX] L=80 states=10 -> 11
[DP-bwdX] L=96 states=1 -> 1
[DP-bwdX] L=80 states=19 -> 31
[DP-fwdX] L=80 states=2 -> 3
[DP-bwdX] L=80 states=2 -> 5
[DP-bwdX] L=96 states=1 -> 1
[DP-bwdX] L=96 states=1 -> 1
[DP-bwdX] L=96 states=1 -> 1
[DP-bwdX] L=96 states=1 -> 1
  [Round 103] T_prime=16  T_target=12  HPWL_w=798000  HPWL_eq=780  maxL=21  WNS(T')=-5  WNS*(T)=-9  picked=172  solve_ms=80.31
[OC-Shortest/pow2] m=12 h=8 SEG=4 bits=48 words=1 threads=24
[DP-fwdX] L=0 states=1 -> 1
[DP-fwdX] L=16 states=179 -> 218
[DP-fwdX] L=32 states=1870 -> 2034
[DP-bwdX] L=96 states=1 -> 1
[DP-bwdX] L=80 states=179 -> 218
[DP-bwdX] L=64 states=1870 -> 2034
[DP-fwdX] L=0 states=1 -> 1
[DP-fwdX] L=16 states=179 -> 218
[DP-bwdX] L=48 states=1 -> 1
[DP-bwdX] L=32 states=94 -> 103
[DP-fwdX] L=0 states=1 -> 1
[DP-bwdX] L=16 states=29 -> 29
[DP-fwdX] L=0 states=1 -> 1
[DP-fwdX] L=0 states=1 -> 1
[DP-fwdX] L=0 states=1 -> 1
[DP-fwdX] L=16 states=19 -> 32
[DP-bwdX] L=16 states=4 -> 5
[DP-fwdX] L=16 states=1 -> 2
[DP-fwdX] L=32 states=126 -> 174
[DP-bwdX] L=48 states=1 -> 1
[DP-bwdX] L=32 states=12 -> 16
[DP-fwdX] L=32 states=4 -> 6
[DP-bwdX] L=32 states=2 -> 3
[DP-bwdX] L=48 states=1 -> 1
[DP-bwdX] L=48 states=1 -> 1
[DP-bwdX] L=48 states=1 -> 1
[DP-bwdX] L=48 states=1 -> 1
[DP-fwdX] L=48 states=1 -> 1
[DP-fwdX] L=64 states=94 -> 103
[DP-bwdX] L=96 states=1 -> 1
[DP-bwdX] L=80 states=179 -> 218
[DP-fwdX] L=48 states=1 -> 1
[DP-bwdX] L=64 states=97 -> 135
[DP-fwdX] L=48 states=1 -> 1
[DP-fwdX] L=48 states=1 -> 1
[DP-fwdX] L=48 states=1 -> 1
[DP-fwdX] L=64 states=12 -> 16
[DP-bwdX] L=64 states=4 -> 6
[DP-fwdX] L=64 states=1 -> 1
[DP-fwdX] L=80 states=13 -> 14
[DP-bwdX] L=96 states=1 -> 1
[DP-bwdX] L=80 states=19 -> 32
[DP-fwdX] L=80 states=4 -> 5
[DP-bwdX] L=80 states=3 -> 7
[DP-bwdX] L=96 states=1 -> 1
[DP-bwdX] L=96 states=1 -> 1
[DP-bwdX] L=96 states=1 -> 1
[DP-bwdX] L=96 states=1 -> 1
  [Round 104] T_prime=16  T_target=12  HPWL_w=798000  HPWL_eq=777  maxL=27  WNS(T')=-11  WNS*(T)=-15  picked=172  solve_ms=86.2566
[OC-Shortest/pow2] m=12 h=8 SEG=4 bits=48 words=1 threads=24
[DP-fwdX] L=0 states=1 -> 1
[DP-fwdX] L=16 states=179 -> 218
[DP-fwdX] L=32 states=1870 -> 2034
[DP-bwdX] L=96 states=1 -> 1
[DP-bwdX] L=80 states=179 -> 218
[DP-bwdX] L=64 states=1870 -> 2034
[DP-fwdX] L=0 states=1 -> 1
[DP-fwdX] L=16 states=179 -> 218
[DP-bwdX] L=48 states=1 -> 1
[DP-bwdX] L=32 states=94 -> 103
[DP-fwdX] L=0 states=1 -> 1
[DP-bwdX] L=16 states=10 -> 11
[DP-fwdX] L=0 states=1 -> 1
[DP-fwdX] L=0 states=1 -> 1
[DP-fwdX] L=0 states=1 -> 1
[DP-fwdX] L=16 states=19 -> 31
[DP-bwdX] L=16 states=4 -> 6
[DP-fwdX] L=16 states=1 -> 3
[DP-fwdX] L=32 states=22 -> 29
[DP-bwdX] L=48 states=1 -> 1
[DP-bwdX] L=32 states=15 -> 21
[DP-fwdX] L=32 states=5 -> 9
[DP-bwdX] L=32 states=3 -> 6
[DP-bwdX] L=48 states=1 -> 1
[DP-bwdX] L=48 states=1 -> 1
[DP-bwdX] L=48 states=1 -> 1
[DP-bwdX] L=48 states=1 -> 1
[DP-fwdX] L=48 states=1 -> 1
[DP-fwdX] L=64 states=94 -> 103
[DP-bwdX] L=96 states=1 -> 1
[DP-bwdX] L=80 states=179 -> 218
[DP-fwdX] L=48 states=1 -> 1
[DP-bwdX] L=64 states=22 -> 29
[DP-fwdX] L=48 states=1 -> 1
[DP-fwdX] L=48 states=1 -> 1
[DP-fwdX] L=48 states=1 -> 1
[DP-fwdX] L=64 states=15 -> 21
[DP-bwdX] L=64 states=5 -> 9
[DP-fwdX] L=64 states=1 -> 2
[DP-fwdX] L=80 states=10 -> 11
[DP-bwdX] L=96 states=1 -> 1
[DP-bwdX] L=80 states=19 -> 31
[DP-fwdX] L=80 states=2 -> 3
[DP-bwdX] L=80 states=2 -> 5
[DP-bwdX] L=96 states=1 -> 1
[DP-bwdX] L=96 states=1 -> 1
[DP-bwdX] L=96 states=1 -> 1
[DP-bwdX] L=96 states=1 -> 1
  [Round 105] T_prime=16  T_target=12  HPWL_w=798000  HPWL_eq=780  maxL=21  WNS(T')=-5  WNS*(T)=-9  picked=172  solve_ms=101.351
[OC-Shortest/pow2] m=12 h=8 SEG=4 bits=48 words=1 threads=24
[DP-fwdX] L=0 states=1 -> 1
[DP-fwdX] L=16 states=179 -> 218
[DP-fwdX] L=32 states=1870 -> 2034
[DP-bwdX] L=96 states=1 -> 1
[DP-bwdX] L=80 states=179 -> 218
[DP-bwdX] L=64 states=1870 -> 2034
[DP-fwdX] L=0 states=1 -> 1
[DP-fwdX] L=16 states=179 -> 218
[DP-bwdX] L=48 states=1 -> 1
[DP-bwdX] L=32 states=94 -> 103
[DP-fwdX] L=0 states=1 -> 1
[DP-bwdX] L=16 states=29 -> 29
[DP-fwdX] L=0 states=1 -> 1
[DP-fwdX] L=0 states=1 -> 1
[DP-fwdX] L=0 states=1 -> 1
[DP-fwdX] L=16 states=19 -> 32
[DP-bwdX] L=16 states=4 -> 5
[DP-fwdX] L=16 states=1 -> 2
[DP-fwdX] L=32 states=126 -> 174
[DP-bwdX] L=48 states=1 -> 1
[DP-bwdX] L=32 states=12 -> 16
[DP-fwdX] L=32 states=4 -> 6
[DP-bwdX] L=32 states=2 -> 3
[DP-bwdX] L=48 states=1 -> 1
[DP-bwdX] L=48 states=1 -> 1
[DP-bwdX] L=48 states=1 -> 1
[DP-bwdX] L=48 states=1 -> 1
[DP-fwdX] L=48 states=1 -> 1
[DP-fwdX] L=64 states=94 -> 103
[DP-bwdX] L=96 states=1 -> 1
[DP-bwdX] L=80 states=179 -> 218
[DP-fwdX] L=48 states=1 -> 1
[DP-bwdX] L=64 states=97 -> 135
[DP-fwdX] L=48 states=1 -> 1
[DP-fwdX] L=48 states=1 -> 1
[DP-fwdX] L=48 states=1 -> 1
[DP-fwdX] L=64 states=12 -> 16
[DP-bwdX] L=64 states=4 -> 6
[DP-fwdX] L=64 states=1 -> 1
[DP-fwdX] L=80 states=13 -> 14
[DP-bwdX] L=96 states=1 -> 1
[DP-bwdX] L=80 states=19 -> 32
[DP-fwdX] L=80 states=4 -> 5
[DP-bwdX] L=80 states=3 -> 7
[DP-bwdX] L=96 states=1 -> 1
[DP-bwdX] L=96 states=1 -> 1
[DP-bwdX] L=96 states=1 -> 1
[DP-bwdX] L=96 states=1 -> 1
  [Round 106] T_prime=16  T_target=12  HPWL_w=798000  HPWL_eq=777  maxL=27  WNS(T')=-11  WNS*(T)=-15  picked=172  solve_ms=83.9677
[OC-Shortest/pow2] m=12 h=8 SEG=4 bits=48 words=1 threads=24
[DP-fwdX] L=0 states=1 -> 1
[DP-fwdX] L=16 states=179 -> 218
[DP-fwdX] L=32 states=1870 -> 2034
[DP-bwdX] L=96 states=1 -> 1
[DP-bwdX] L=80 states=179 -> 218
[DP-bwdX] L=64 states=1870 -> 2034
[DP-fwdX] L=0 states=1 -> 1
[DP-fwdX] L=16 states=179 -> 218
[DP-bwdX] L=48 states=1 -> 1
[DP-bwdX] L=32 states=94 -> 103
[DP-fwdX] L=0 states=1 -> 1
[DP-bwdX] L=16 states=10 -> 11
[DP-fwdX] L=0 states=1 -> 1
[DP-fwdX] L=0 states=1 -> 1
[DP-fwdX] L=0 states=1 -> 1
[DP-fwdX] L=16 states=19 -> 31
[DP-bwdX] L=16 states=4 -> 6
[DP-fwdX] L=16 states=1 -> 3
[DP-fwdX] L=32 states=22 -> 29
[DP-bwdX] L=48 states=1 -> 1
[DP-bwdX] L=32 states=15 -> 21
[DP-fwdX] L=32 states=5 -> 9
[DP-bwdX] L=32 states=3 -> 6
[DP-bwdX] L=48 states=1 -> 1
[DP-bwdX] L=48 states=1 -> 1
[DP-bwdX] L=48 states=1 -> 1
[DP-bwdX] L=48 states=1 -> 1
[DP-fwdX] L=48 states=1 -> 1
[DP-fwdX] L=64 states=94 -> 103
[DP-bwdX] L=96 states=1 -> 1
[DP-bwdX] L=80 states=179 -> 218
[DP-fwdX] L=48 states=1 -> 1
[DP-bwdX] L=64 states=22 -> 29
[DP-fwdX] L=48 states=1 -> 1
[DP-fwdX] L=48 states=1 -> 1
[DP-fwdX] L=48 states=1 -> 1
[DP-fwdX] L=64 states=15 -> 21
[DP-bwdX] L=64 states=5 -> 9
[DP-fwdX] L=64 states=1 -> 2
[DP-fwdX] L=80 states=10 -> 11
[DP-bwdX] L=96 states=1 -> 1
[DP-bwdX] L=80 states=19 -> 31
[DP-fwdX] L=80 states=2 -> 3
[DP-bwdX] L=80 states=2 -> 5
[DP-bwdX] L=96 states=1 -> 1
[DP-bwdX] L=96 states=1 -> 1
[DP-bwdX] L=96 states=1 -> 1
[DP-bwdX] L=96 states=1 -> 1
  [Round 107] T_prime=16  T_target=12  HPWL_w=798000  HPWL_eq=780  maxL=21  WNS(T')=-5  WNS*(T)=-9  picked=172  solve_ms=85.2034
[OC-Shortest/pow2] m=12 h=8 SEG=4 bits=48 words=1 threads=24
[DP-fwdX] L=0 states=1 -> 1
[DP-fwdX] L=16 states=179 -> 218
[DP-fwdX] L=32 states=1870 -> 2034
[DP-bwdX] L=96 states=1 -> 1
[DP-bwdX] L=80 states=179 -> 218
[DP-bwdX] L=64 states=1870 -> 2034
[DP-fwdX] L=0 states=1 -> 1
[DP-fwdX] L=16 states=179 -> 218
[DP-bwdX] L=48 states=1 -> 1
[DP-bwdX] L=32 states=94 -> 103
[DP-fwdX] L=0 states=1 -> 1
[DP-bwdX] L=16 states=29 -> 29
[DP-fwdX] L=0 states=1 -> 1
[DP-fwdX] L=0 states=1 -> 1
[DP-fwdX] L=0 states=1 -> 1
[DP-fwdX] L=16 states=19 -> 32
[DP-bwdX] L=16 states=4 -> 5
[DP-fwdX] L=16 states=1 -> 2
[DP-fwdX] L=32 states=126 -> 174
[DP-bwdX] L=48 states=1 -> 1
[DP-bwdX] L=32 states=12 -> 16
[DP-fwdX] L=32 states=4 -> 6
[DP-bwdX] L=32 states=2 -> 3
[DP-bwdX] L=48 states=1 -> 1
[DP-bwdX] L=48 states=1 -> 1
[DP-bwdX] L=48 states=1 -> 1
[DP-bwdX] L=48 states=1 -> 1
[DP-fwdX] L=48 states=1 -> 1
[DP-fwdX] L=64 states=94 -> 103
[DP-bwdX] L=96 states=1 -> 1
[DP-bwdX] L=80 states=179 -> 218
[DP-fwdX] L=48 states=1 -> 1
[DP-bwdX] L=64 states=97 -> 135
[DP-fwdX] L=48 states=1 -> 1
[DP-fwdX] L=48 states=1 -> 1
[DP-fwdX] L=48 states=1 -> 1
[DP-fwdX] L=64 states=12 -> 16
[DP-bwdX] L=64 states=4 -> 6
[DP-fwdX] L=64 states=1 -> 1
[DP-fwdX] L=80 states=13 -> 14
[DP-bwdX] L=96 states=1 -> 1
[DP-bwdX] L=80 states=19 -> 32
[DP-fwdX] L=80 states=4 -> 5
[DP-bwdX] L=80 states=3 -> 7
[DP-bwdX] L=96 states=1 -> 1
[DP-bwdX] L=96 states=1 -> 1
[DP-bwdX] L=96 states=1 -> 1
[DP-bwdX] L=96 states=1 -> 1
  [Round 108] T_prime=16  T_target=12  HPWL_w=798000  HPWL_eq=777  maxL=27  WNS(T')=-11  WNS*(T)=-15  picked=172  solve_ms=89.5123
[OC-Shortest/pow2] m=12 h=8 SEG=4 bits=48 words=1 threads=24
[DP-fwdX] L=0 states=1 -> 1
[DP-fwdX] L=16 states=179 -> 218
[DP-fwdX] L=32 states=1870 -> 2034
[DP-bwdX] L=96 states=1 -> 1
[DP-bwdX] L=80 states=179 -> 218
[DP-bwdX] L=64 states=1870 -> 2034
[DP-fwdX] L=0 states=1 -> 1
[DP-fwdX] L=16 states=179 -> 218
[DP-bwdX] L=48 states=1 -> 1
[DP-bwdX] L=32 states=94 -> 103
[DP-fwdX] L=0 states=1 -> 1
[DP-bwdX] L=16 states=10 -> 11
[DP-fwdX] L=0 states=1 -> 1
[DP-fwdX] L=0 states=1 -> 1
[DP-fwdX] L=0 states=1 -> 1
[DP-fwdX] L=16 states=19 -> 31
[DP-bwdX] L=16 states=4 -> 6
[DP-fwdX] L=16 states=1 -> 3
[DP-fwdX] L=32 states=22 -> 29
[DP-bwdX] L=48 states=1 -> 1
[DP-bwdX] L=32 states=15 -> 21
[DP-fwdX] L=32 states=5 -> 9
[DP-bwdX] L=32 states=3 -> 6
[DP-bwdX] L=48 states=1 -> 1
[DP-bwdX] L=48 states=1 -> 1
[DP-bwdX] L=48 states=1 -> 1
[DP-bwdX] L=48 states=1 -> 1
[DP-fwdX] L=48 states=1 -> 1
[DP-fwdX] L=64 states=94 -> 103
[DP-bwdX] L=96 states=1 -> 1
[DP-bwdX] L=80 states=179 -> 218
[DP-fwdX] L=48 states=1 -> 1
[DP-bwdX] L=64 states=22 -> 29
[DP-fwdX] L=48 states=1 -> 1
[DP-fwdX] L=48 states=1 -> 1
[DP-fwdX] L=48 states=1 -> 1
[DP-fwdX] L=64 states=15 -> 21
[DP-bwdX] L=64 states=5 -> 9
[DP-fwdX] L=64 states=1 -> 2
[DP-fwdX] L=80 states=10 -> 11
[DP-bwdX] L=96 states=1 -> 1
[DP-bwdX] L=80 states=19 -> 31
[DP-fwdX] L=80 states=2 -> 3
[DP-bwdX] L=80 states=2 -> 5
[DP-bwdX] L=96 states=1 -> 1
[DP-bwdX] L=96 states=1 -> 1
[DP-bwdX] L=96 states=1 -> 1
[DP-bwdX] L=96 states=1 -> 1
  [Round 109] T_prime=16  T_target=12  HPWL_w=798000  HPWL_eq=780  maxL=21  WNS(T')=-5  WNS*(T)=-9  picked=172  solve_ms=84.6842
[OC-Shortest/pow2] m=12 h=8 SEG=4 bits=48 words=1 threads=24
[DP-fwdX] L=0 states=1 -> 1
[DP-fwdX] L=16 states=179 -> 218
[DP-fwdX] L=32 states=1870 -> 2034
[DP-bwdX] L=96 states=1 -> 1
[DP-bwdX] L=80 states=179 -> 218
[DP-bwdX] L=64 states=1870 -> 2034
[DP-fwdX] L=0 states=1 -> 1
[DP-fwdX] L=16 states=179 -> 218
[DP-bwdX] L=48 states=1 -> 1
[DP-bwdX] L=32 states=94 -> 103
[DP-fwdX] L=0 states=1 -> 1
[DP-bwdX] L=16 states=29 -> 29
[DP-fwdX] L=0 states=1 -> 1
[DP-fwdX] L=0 states=1 -> 1
[DP-fwdX] L=0 states=1 -> 1
[DP-fwdX] L=16 states=19 -> 32
[DP-bwdX] L=16 states=4 -> 5
[DP-fwdX] L=16 states=1 -> 2
[DP-fwdX] L=32 states=126 -> 174
[DP-bwdX] L=48 states=1 -> 1
[DP-bwdX] L=32 states=12 -> 16
[DP-fwdX] L=32 states=4 -> 6
[DP-bwdX] L=32 states=2 -> 3
[DP-bwdX] L=48 states=1 -> 1
[DP-bwdX] L=48 states=1 -> 1
[DP-bwdX] L=48 states=1 -> 1
[DP-bwdX] L=48 states=1 -> 1
[DP-fwdX] L=48 states=1 -> 1
[DP-fwdX] L=64 states=94 -> 103
[DP-bwdX] L=96 states=1 -> 1
[DP-bwdX] L=80 states=179 -> 218
[DP-fwdX] L=48 states=1 -> 1
[DP-bwdX] L=64 states=97 -> 135
[DP-fwdX] L=48 states=1 -> 1
[DP-fwdX] L=48 states=1 -> 1
[DP-fwdX] L=48 states=1 -> 1
[DP-fwdX] L=64 states=12 -> 16
[DP-bwdX] L=64 states=4 -> 6
[DP-fwdX] L=64 states=1 -> 1
[DP-fwdX] L=80 states=13 -> 14
[DP-bwdX] L=96 states=1 -> 1
[DP-bwdX] L=80 states=19 -> 32
[DP-fwdX] L=80 states=4 -> 5
[DP-bwdX] L=80 states=3 -> 7
[DP-bwdX] L=96 states=1 -> 1
[DP-bwdX] L=96 states=1 -> 1
[DP-bwdX] L=96 states=1 -> 1
[DP-bwdX] L=96 states=1 -> 1
  [Round 110] T_prime=16  T_target=12  HPWL_w=798000  HPWL_eq=777  maxL=27  WNS(T')=-11  WNS*(T)=-15  picked=172  solve_ms=143
[OC-Shortest/pow2] m=12 h=8 SEG=4 bits=48 words=1 threads=24
[DP-fwdX] L=0 states=1 -> 1
[DP-fwdX] L=16 states=179 -> 218
[DP-fwdX] L=32 states=1870 -> 2034
[DP-bwdX] L=96 states=1 -> 1
[DP-bwdX] L=80 states=179 -> 218
[DP-bwdX] L=64 states=1870 -> 2034
[DP-fwdX] L=0 states=1 -> 1
[DP-fwdX] L=16 states=179 -> 218
[DP-bwdX] L=48 states=1 -> 1
[DP-bwdX] L=32 states=94 -> 103
[DP-fwdX] L=0 states=1 -> 1
[DP-bwdX] L=16 states=10 -> 11
[DP-fwdX] L=0 states=1 -> 1
[DP-fwdX] L=0 states=1 -> 1
[DP-fwdX] L=0 states=1 -> 1
[DP-fwdX] L=16 states=19 -> 31
[DP-bwdX] L=16 states=4 -> 6
[DP-fwdX] L=16 states=1 -> 3
[DP-fwdX] L=32 states=22 -> 29
[DP-bwdX] L=48 states=1 -> 1
[DP-bwdX] L=32 states=15 -> 21
[DP-fwdX] L=32 states=5 -> 9
[DP-bwdX] L=32 states=3 -> 6
[DP-bwdX] L=48 states=1 -> 1
[DP-bwdX] L=48 states=1 -> 1
[DP-bwdX] L=48 states=1 -> 1
[DP-bwdX] L=48 states=1 -> 1
[DP-fwdX] L=48 states=1 -> 1
[DP-fwdX] L=64 states=94 -> 103
[DP-bwdX] L=96 states=1 -> 1
[DP-bwdX] L=80 states=179 -> 218
[DP-fwdX] L=48 states=1 -> 1
[DP-bwdX] L=64 states=22 -> 29
[DP-fwdX] L=48 states=1 -> 1
[DP-fwdX] L=48 states=1 -> 1
[DP-fwdX] L=48 states=1 -> 1
[DP-fwdX] L=64 states=15 -> 21
[DP-bwdX] L=64 states=5 -> 9
[DP-fwdX] L=64 states=1 -> 2
[DP-fwdX] L=80 states=10 -> 11
[DP-bwdX] L=96 states=1 -> 1
[DP-bwdX] L=80 states=19 -> 31
[DP-fwdX] L=80 states=2 -> 3
[DP-bwdX] L=80 states=2 -> 5
[DP-bwdX] L=96 states=1 -> 1
[DP-bwdX] L=96 states=1 -> 1
[DP-bwdX] L=96 states=1 -> 1
[DP-bwdX] L=96 states=1 -> 1
  [Round 111] T_prime=16  T_target=12  HPWL_w=798000  HPWL_eq=780  maxL=21  WNS(T')=-5  WNS*(T)=-9  picked=172  solve_ms=90.1653
[OC-Shortest/pow2] m=12 h=8 SEG=4 bits=48 words=1 threads=24
[DP-fwdX] L=0 states=1 -> 1
[DP-fwdX] L=16 states=179 -> 218
[DP-fwdX] L=32 states=1870 -> 2034
[DP-bwdX] L=96 states=1 -> 1
[DP-bwdX] L=80 states=179 -> 218
[DP-bwdX] L=64 states=1870 -> 2034
[DP-fwdX] L=0 states=1 -> 1
[DP-fwdX] L=16 states=179 -> 218
[DP-bwdX] L=48 states=1 -> 1
[DP-bwdX] L=32 states=94 -> 103
[DP-fwdX] L=0 states=1 -> 1
[DP-bwdX] L=16 states=29 -> 29
[DP-fwdX] L=0 states=1 -> 1
[DP-fwdX] L=0 states=1 -> 1
[DP-fwdX] L=0 states=1 -> 1
[DP-fwdX] L=16 states=19 -> 32
[DP-bwdX] L=16 states=4 -> 5
[DP-fwdX] L=16 states=1 -> 2
[DP-fwdX] L=32 states=126 -> 174
[DP-bwdX] L=48 states=1 -> 1
[DP-bwdX] L=32 states=12 -> 16
[DP-fwdX] L=32 states=4 -> 6
[DP-bwdX] L=32 states=2 -> 3
[DP-bwdX] L=48 states=1 -> 1
[DP-bwdX] L=48 states=1 -> 1
[DP-bwdX] L=48 states=1 -> 1
[DP-bwdX] L=48 states=1 -> 1
[DP-fwdX] L=48 states=1 -> 1
[DP-fwdX] L=64 states=94 -> 103
[DP-bwdX] L=96 states=1 -> 1
[DP-bwdX] L=80 states=179 -> 218
[DP-fwdX] L=48 states=1 -> 1
[DP-bwdX] L=64 states=97 -> 135
[DP-fwdX] L=48 states=1 -> 1
[DP-fwdX] L=48 states=1 -> 1
[DP-fwdX] L=48 states=1 -> 1
[DP-fwdX] L=64 states=12 -> 16
[DP-bwdX] L=64 states=4 -> 6
[DP-fwdX] L=64 states=1 -> 1
[DP-fwdX] L=80 states=13 -> 14
[DP-bwdX] L=96 states=1 -> 1
[DP-bwdX] L=80 states=19 -> 32
[DP-fwdX] L=80 states=4 -> 5
[DP-bwdX] L=80 states=3 -> 7
[DP-bwdX] L=96 states=1 -> 1
[DP-bwdX] L=96 states=1 -> 1
[DP-bwdX] L=96 states=1 -> 1
[DP-bwdX] L=96 states=1 -> 1
  [Round 112] T_prime=16  T_target=12  HPWL_w=798000  HPWL_eq=777  maxL=27  WNS(T')=-11  WNS*(T)=-15  picked=172  solve_ms=85.7327
[OC-Shortest/pow2] m=12 h=8 SEG=4 bits=48 words=1 threads=24
[DP-fwdX] L=0 states=1 -> 1
[DP-fwdX] L=16 states=179 -> 218
[DP-fwdX] L=32 states=1870 -> 2034
[DP-bwdX] L=96 states=1 -> 1
[DP-bwdX] L=80 states=179 -> 218
[DP-bwdX] L=64 states=1870 -> 2034
[DP-fwdX] L=0 states=1 -> 1
[DP-fwdX] L=16 states=179 -> 218
[DP-bwdX] L=48 states=1 -> 1
[DP-bwdX] L=32 states=94 -> 103
[DP-fwdX] L=0 states=1 -> 1
[DP-bwdX] L=16 states=10 -> 11
[DP-fwdX] L=0 states=1 -> 1
[DP-fwdX] L=0 states=1 -> 1
[DP-fwdX] L=0 states=1 -> 1
[DP-fwdX] L=16 states=19 -> 31
[DP-bwdX] L=16 states=4 -> 6
[DP-fwdX] L=16 states=1 -> 3
[DP-fwdX] L=32 states=22 -> 29
[DP-bwdX] L=48 states=1 -> 1
[DP-bwdX] L=32 states=15 -> 21
[DP-fwdX] L=32 states=5 -> 9
[DP-bwdX] L=32 states=3 -> 6
[DP-bwdX] L=48 states=1 -> 1
[DP-bwdX] L=48 states=1 -> 1
[DP-bwdX] L=48 states=1 -> 1
[DP-bwdX] L=48 states=1 -> 1
[DP-fwdX] L=48 states=1 -> 1
[DP-fwdX] L=64 states=94 -> 103
[DP-bwdX] L=96 states=1 -> 1
[DP-bwdX] L=80 states=179 -> 218
[DP-fwdX] L=48 states=1 -> 1
[DP-bwdX] L=64 states=22 -> 29
[DP-fwdX] L=48 states=1 -> 1
[DP-fwdX] L=48 states=1 -> 1
[DP-fwdX] L=48 states=1 -> 1
[DP-fwdX] L=64 states=15 -> 21
[DP-bwdX] L=64 states=5 -> 9
[DP-fwdX] L=64 states=1 -> 2
[DP-fwdX] L=80 states=10 -> 11
[DP-bwdX] L=96 states=1 -> 1
[DP-bwdX] L=80 states=19 -> 31
[DP-fwdX] L=80 states=2 -> 3
[DP-bwdX] L=80 states=2 -> 5
[DP-bwdX] L=96 states=1 -> 1
[DP-bwdX] L=96 states=1 -> 1
[DP-bwdX] L=96 states=1 -> 1
[DP-bwdX] L=96 states=1 -> 1
  [Round 113] T_prime=16  T_target=12  HPWL_w=798000  HPWL_eq=780  maxL=21  WNS(T')=-5  WNS*(T)=-9  picked=172  solve_ms=109.703
[OC-Shortest/pow2] m=12 h=8 SEG=4 bits=48 words=1 threads=24
[DP-fwdX] L=0 states=1 -> 1
[DP-fwdX] L=16 states=179 -> 218
[DP-fwdX] L=32 states=1870 -> 2034
[DP-bwdX] L=96 states=1 -> 1
[DP-bwdX] L=80 states=179 -> 218
[DP-bwdX] L=64 states=1870 -> 2034
[DP-fwdX] L=0 states=1 -> 1
[DP-fwdX] L=16 states=179 -> 218
[DP-bwdX] L=48 states=1 -> 1
[DP-bwdX] L=32 states=94 -> 103
[DP-fwdX] L=0 states=1 -> 1
[DP-bwdX] L=16 states=29 -> 29
[DP-fwdX] L=0 states=1 -> 1
[DP-fwdX] L=0 states=1 -> 1
[DP-fwdX] L=0 states=1 -> 1
[DP-fwdX] L=16 states=19 -> 32
[DP-bwdX] L=16 states=4 -> 5
[DP-fwdX] L=16 states=1 -> 2
[DP-fwdX] L=32 states=126 -> 174
[DP-bwdX] L=48 states=1 -> 1
[DP-bwdX] L=32 states=12 -> 16
[DP-fwdX] L=32 states=4 -> 6
[DP-bwdX] L=32 states=2 -> 3
[DP-bwdX] L=48 states=1 -> 1
[DP-bwdX] L=48 states=1 -> 1
[DP-bwdX] L=48 states=1 -> 1
[DP-bwdX] L=48 states=1 -> 1
[DP-fwdX] L=48 states=1 -> 1
[DP-fwdX] L=64 states=94 -> 103
[DP-bwdX] L=96 states=1 -> 1
[DP-bwdX] L=80 states=179 -> 218
[DP-fwdX] L=48 states=1 -> 1
[DP-bwdX] L=64 states=97 -> 135
[DP-fwdX] L=48 states=1 -> 1
[DP-fwdX] L=48 states=1 -> 1
[DP-fwdX] L=48 states=1 -> 1
[DP-fwdX] L=64 states=12 -> 16
[DP-bwdX] L=64 states=4 -> 6
[DP-fwdX] L=64 states=1 -> 1
[DP-fwdX] L=80 states=13 -> 14
[DP-bwdX] L=96 states=1 -> 1
[DP-bwdX] L=80 states=19 -> 32
[DP-fwdX] L=80 states=4 -> 5
[DP-bwdX] L=80 states=3 -> 7
[DP-bwdX] L=96 states=1 -> 1
[DP-bwdX] L=96 states=1 -> 1
[DP-bwdX] L=96 states=1 -> 1
[DP-bwdX] L=96 states=1 -> 1
  [Round 114] T_prime=16  T_target=12  HPWL_w=798000  HPWL_eq=777  maxL=27  WNS(T')=-11  WNS*(T)=-15  picked=172  solve_ms=82.358
[OC-Shortest/pow2] m=12 h=8 SEG=4 bits=48 words=1 threads=24
[DP-fwdX] L=0 states=1 -> 1
[DP-fwdX] L=16 states=179 -> 218
[DP-fwdX] L=32 states=1870 -> 2034
[DP-bwdX] L=96 states=1 -> 1
[DP-bwdX] L=80 states=179 -> 218
[DP-bwdX] L=64 states=1870 -> 2034
[DP-fwdX] L=0 states=1 -> 1
[DP-fwdX] L=16 states=179 -> 218
[DP-bwdX] L=48 states=1 -> 1
[DP-bwdX] L=32 states=94 -> 103
[DP-fwdX] L=0 states=1 -> 1
[DP-bwdX] L=16 states=10 -> 11
[DP-fwdX] L=0 states=1 -> 1
[DP-fwdX] L=0 states=1 -> 1
[DP-fwdX] L=0 states=1 -> 1
[DP-fwdX] L=16 states=19 -> 31
[DP-bwdX] L=16 states=4 -> 6
[DP-fwdX] L=16 states=1 -> 3
[DP-fwdX] L=32 states=22 -> 29
[DP-bwdX] L=48 states=1 -> 1
[DP-bwdX] L=32 states=15 -> 21
[DP-fwdX] L=32 states=5 -> 9
[DP-bwdX] L=32 states=3 -> 6
[DP-bwdX] L=48 states=1 -> 1
[DP-bwdX] L=48 states=1 -> 1
[DP-bwdX] L=48 states=1 -> 1
[DP-bwdX] L=48 states=1 -> 1
[DP-fwdX] L=48 states=1 -> 1
[DP-fwdX] L=64 states=94 -> 103
[DP-bwdX] L=96 states=1 -> 1
[DP-bwdX] L=80 states=179 -> 218
[DP-fwdX] L=48 states=1 -> 1
[DP-bwdX] L=64 states=22 -> 29
[DP-fwdX] L=48 states=1 -> 1
[DP-fwdX] L=48 states=1 -> 1
[DP-fwdX] L=48 states=1 -> 1
[DP-fwdX] L=64 states=15 -> 21
[DP-bwdX] L=64 states=5 -> 9
[DP-fwdX] L=64 states=1 -> 2
[DP-fwdX] L=80 states=10 -> 11
[DP-bwdX] L=96 states=1 -> 1
[DP-bwdX] L=80 states=19 -> 31
[DP-fwdX] L=80 states=2 -> 3
[DP-bwdX] L=80 states=2 -> 5
[DP-bwdX] L=96 states=1 -> 1
[DP-bwdX] L=96 states=1 -> 1
[DP-bwdX] L=96 states=1 -> 1
[DP-bwdX] L=96 states=1 -> 1
  [Round 115] T_prime=16  T_target=12  HPWL_w=798000  HPWL_eq=780  maxL=21  WNS(T')=-5  WNS*(T)=-9  picked=172  solve_ms=84.2843
[OC-Shortest/pow2] m=12 h=8 SEG=4 bits=48 words=1 threads=24
[DP-fwdX] L=0 states=1 -> 1
[DP-fwdX] L=16 states=179 -> 218
[DP-fwdX] L=32 states=1870 -> 2034
[DP-bwdX] L=96 states=1 -> 1
[DP-bwdX] L=80 states=179 -> 218
[DP-bwdX] L=64 states=1870 -> 2034
[DP-fwdX] L=0 states=1 -> 1
[DP-fwdX] L=16 states=179 -> 218
[DP-bwdX] L=48 states=1 -> 1
[DP-bwdX] L=32 states=94 -> 103
[DP-fwdX] L=0 states=1 -> 1
[DP-bwdX] L=16 states=29 -> 29
[DP-fwdX] L=0 states=1 -> 1
[DP-fwdX] L=0 states=1 -> 1
[DP-fwdX] L=0 states=1 -> 1
[DP-fwdX] L=16 states=19 -> 32
[DP-bwdX] L=16 states=4 -> 5
[DP-fwdX] L=16 states=1 -> 2
[DP-fwdX] L=32 states=126 -> 174
[DP-bwdX] L=48 states=1 -> 1
[DP-bwdX] L=32 states=12 -> 16
[DP-fwdX] L=32 states=4 -> 6
[DP-bwdX] L=32 states=2 -> 3
[DP-bwdX] L=48 states=1 -> 1
[DP-bwdX] L=48 states=1 -> 1
[DP-bwdX] L=48 states=1 -> 1
[DP-bwdX] L=48 states=1 -> 1
[DP-fwdX] L=48 states=1 -> 1
[DP-fwdX] L=64 states=94 -> 103
[DP-bwdX] L=96 states=1 -> 1
[DP-bwdX] L=80 states=179 -> 218
[DP-fwdX] L=48 states=1 -> 1
[DP-bwdX] L=64 states=97 -> 135
[DP-fwdX] L=48 states=1 -> 1
[DP-fwdX] L=48 states=1 -> 1
[DP-fwdX] L=48 states=1 -> 1
[DP-fwdX] L=64 states=12 -> 16
[DP-bwdX] L=64 states=4 -> 6
[DP-fwdX] L=64 states=1 -> 1
[DP-fwdX] L=80 states=13 -> 14
[DP-bwdX] L=96 states=1 -> 1
[DP-bwdX] L=80 states=19 -> 32
[DP-fwdX] L=80 states=4 -> 5
[DP-bwdX] L=80 states=3 -> 7
[DP-bwdX] L=96 states=1 -> 1
[DP-bwdX] L=96 states=1 -> 1
[DP-bwdX] L=96 states=1 -> 1
[DP-bwdX] L=96 states=1 -> 1
  [Round 116] T_prime=16  T_target=12  HPWL_w=798000  HPWL_eq=777  maxL=27  WNS(T')=-11  WNS*(T)=-15  picked=172  solve_ms=82.9395
[OC-Shortest/pow2] m=12 h=8 SEG=4 bits=48 words=1 threads=24
[DP-fwdX] L=0 states=1 -> 1
[DP-fwdX] L=16 states=179 -> 218
[DP-fwdX] L=32 states=1870 -> 2034
[DP-bwdX] L=96 states=1 -> 1
[DP-bwdX] L=80 states=179 -> 218
[DP-bwdX] L=64 states=1870 -> 2034
[DP-fwdX] L=0 states=1 -> 1
[DP-fwdX] L=16 states=179 -> 218
[DP-bwdX] L=48 states=1 -> 1
[DP-bwdX] L=32 states=94 -> 103
[DP-fwdX] L=0 states=1 -> 1
[DP-bwdX] L=16 states=10 -> 11
[DP-fwdX] L=0 states=1 -> 1
[DP-fwdX] L=0 states=1 -> 1
[DP-fwdX] L=0 states=1 -> 1
[DP-fwdX] L=16 states=19 -> 31
[DP-bwdX] L=16 states=4 -> 6
[DP-fwdX] L=16 states=1 -> 3
[DP-fwdX] L=32 states=22 -> 29
[DP-bwdX] L=48 states=1 -> 1
[DP-bwdX] L=32 states=15 -> 21
[DP-fwdX] L=32 states=5 -> 9
[DP-bwdX] L=32 states=3 -> 6
[DP-bwdX] L=48 states=1 -> 1
[DP-bwdX] L=48 states=1 -> 1
[DP-bwdX] L=48 states=1 -> 1
[DP-bwdX] L=48 states=1 -> 1
[DP-fwdX] L=48 states=1 -> 1
[DP-fwdX] L=64 states=94 -> 103
[DP-bwdX] L=96 states=1 -> 1
[DP-bwdX] L=80 states=179 -> 218
[DP-fwdX] L=48 states=1 -> 1
[DP-bwdX] L=64 states=22 -> 29
[DP-fwdX] L=48 states=1 -> 1
[DP-fwdX] L=48 states=1 -> 1
[DP-fwdX] L=48 states=1 -> 1
[DP-fwdX] L=64 states=15 -> 21
[DP-bwdX] L=64 states=5 -> 9
[DP-fwdX] L=64 states=1 -> 2
[DP-fwdX] L=80 states=10 -> 11
[DP-bwdX] L=96 states=1 -> 1
[DP-bwdX] L=80 states=19 -> 31
[DP-fwdX] L=80 states=2 -> 3
[DP-bwdX] L=80 states=2 -> 5
[DP-bwdX] L=96 states=1 -> 1
[DP-bwdX] L=96 states=1 -> 1
[DP-bwdX] L=96 states=1 -> 1
[DP-bwdX] L=96 states=1 -> 1
  [Round 117] T_prime=16  T_target=12  HPWL_w=798000  HPWL_eq=780  maxL=21  WNS(T')=-5  WNS*(T)=-9  picked=172  solve_ms=83.8514
[OC-Shortest/pow2] m=12 h=8 SEG=4 bits=48 words=1 threads=24
[DP-fwdX] L=0 states=1 -> 1
[DP-fwdX] L=16 states=179 -> 218
[DP-fwdX] L=32 states=1870 -> 2034
[DP-bwdX] L=96 states=1 -> 1
[DP-bwdX] L=80 states=179 -> 218
[DP-bwdX] L=64 states=1870 -> 2034
[DP-fwdX] L=0 states=1 -> 1
[DP-fwdX] L=16 states=179 -> 218
[DP-bwdX] L=48 states=1 -> 1
[DP-bwdX] L=32 states=94 -> 103
[DP-fwdX] L=0 states=1 -> 1
[DP-bwdX] L=16 states=29 -> 29
[DP-fwdX] L=0 states=1 -> 1
[DP-fwdX] L=0 states=1 -> 1
[DP-fwdX] L=0 states=1 -> 1
[DP-fwdX] L=16 states=19 -> 32
[DP-bwdX] L=16 states=4 -> 5
[DP-fwdX] L=16 states=1 -> 2
[DP-fwdX] L=32 states=126 -> 174
[DP-bwdX] L=48 states=1 -> 1
[DP-bwdX] L=32 states=12 -> 16
[DP-fwdX] L=32 states=4 -> 6
[DP-bwdX] L=32 states=2 -> 3
[DP-bwdX] L=48 states=1 -> 1
[DP-bwdX] L=48 states=1 -> 1
[DP-bwdX] L=48 states=1 -> 1
[DP-bwdX] L=48 states=1 -> 1
[DP-fwdX] L=48 states=1 -> 1
[DP-fwdX] L=64 states=94 -> 103
[DP-bwdX] L=96 states=1 -> 1
[DP-bwdX] L=80 states=179 -> 218
[DP-fwdX] L=48 states=1 -> 1
[DP-bwdX] L=64 states=97 -> 135
[DP-fwdX] L=48 states=1 -> 1
[DP-fwdX] L=48 states=1 -> 1
[DP-fwdX] L=48 states=1 -> 1
[DP-fwdX] L=64 states=12 -> 16
[DP-bwdX] L=64 states=4 -> 6
[DP-fwdX] L=64 states=1 -> 1
[DP-fwdX] L=80 states=13 -> 14
[DP-bwdX] L=96 states=1 -> 1
[DP-bwdX] L=80 states=19 -> 32
[DP-fwdX] L=80 states=4 -> 5
[DP-bwdX] L=80 states=3 -> 7
[DP-bwdX] L=96 states=1 -> 1
[DP-bwdX] L=96 states=1 -> 1
[DP-bwdX] L=96 states=1 -> 1
[DP-bwdX] L=96 states=1 -> 1
  [Round 118] T_prime=16  T_target=12  HPWL_w=798000  HPWL_eq=777  maxL=27  WNS(T')=-11  WNS*(T)=-15  picked=172  solve_ms=84.1305
[OC-Shortest/pow2] m=12 h=8 SEG=4 bits=48 words=1 threads=24
[DP-fwdX] L=0 states=1 -> 1
[DP-fwdX] L=16 states=179 -> 218
[DP-fwdX] L=32 states=1870 -> 2034
[DP-bwdX] L=96 states=1 -> 1
[DP-bwdX] L=80 states=179 -> 218
[DP-bwdX] L=64 states=1870 -> 2034
[DP-fwdX] L=0 states=1 -> 1
[DP-fwdX] L=16 states=179 -> 218
[DP-bwdX] L=48 states=1 -> 1
[DP-bwdX] L=32 states=94 -> 103
[DP-fwdX] L=0 states=1 -> 1
[DP-bwdX] L=16 states=10 -> 11
[DP-fwdX] L=0 states=1 -> 1
[DP-fwdX] L=0 states=1 -> 1
[DP-fwdX] L=0 states=1 -> 1
[DP-fwdX] L=16 states=19 -> 31
[DP-bwdX] L=16 states=4 -> 6
[DP-fwdX] L=16 states=1 -> 3
[DP-fwdX] L=32 states=22 -> 29
[DP-bwdX] L=48 states=1 -> 1
[DP-bwdX] L=32 states=15 -> 21
[DP-fwdX] L=32 states=5 -> 9
[DP-bwdX] L=32 states=3 -> 6
[DP-bwdX] L=48 states=1 -> 1
[DP-bwdX] L=48 states=1 -> 1
[DP-bwdX] L=48 states=1 -> 1
[DP-bwdX] L=48 states=1 -> 1
[DP-fwdX] L=48 states=1 -> 1
[DP-fwdX] L=64 states=94 -> 103
[DP-bwdX] L=96 states=1 -> 1
[DP-bwdX] L=80 states=179 -> 218
[DP-fwdX] L=48 states=1 -> 1
[DP-bwdX] L=64 states=22 -> 29
[DP-fwdX] L=48 states=1 -> 1
[DP-fwdX] L=48 states=1 -> 1
[DP-fwdX] L=48 states=1 -> 1
[DP-fwdX] L=64 states=15 -> 21
[DP-bwdX] L=64 states=5 -> 9
[DP-fwdX] L=64 states=1 -> 2
[DP-fwdX] L=80 states=10 -> 11
[DP-bwdX] L=96 states=1 -> 1
[DP-bwdX] L=80 states=19 -> 31
[DP-fwdX] L=80 states=2 -> 3
[DP-bwdX] L=80 states=2 -> 5
[DP-bwdX] L=96 states=1 -> 1
[DP-bwdX] L=96 states=1 -> 1
[DP-bwdX] L=96 states=1 -> 1
[DP-bwdX] L=96 states=1 -> 1
  [Round 119] T_prime=16  T_target=12  HPWL_w=798000  HPWL_eq=780  maxL=21  WNS(T')=-5  WNS*(T)=-9  picked=172  solve_ms=84.2619
[OC-Shortest/pow2] m=12 h=8 SEG=4 bits=48 words=1 threads=24
[DP-fwdX] L=0 states=1 -> 1
[DP-fwdX] L=16 states=179 -> 218
[DP-fwdX] L=32 states=1870 -> 2034
[DP-bwdX] L=96 states=1 -> 1
[DP-bwdX] L=80 states=179 -> 218
[DP-bwdX] L=64 states=1870 -> 2034
[DP-fwdX] L=0 states=1 -> 1
[DP-fwdX] L=16 states=179 -> 218
[DP-bwdX] L=48 states=1 -> 1
[DP-bwdX] L=32 states=94 -> 103
[DP-fwdX] L=0 states=1 -> 1
[DP-bwdX] L=16 states=29 -> 29
[DP-fwdX] L=0 states=1 -> 1
[DP-fwdX] L=0 states=1 -> 1
[DP-fwdX] L=0 states=1 -> 1
[DP-fwdX] L=16 states=19 -> 32
[DP-bwdX] L=16 states=4 -> 5
[DP-fwdX] L=16 states=1 -> 2
[DP-fwdX] L=32 states=126 -> 174
[DP-bwdX] L=48 states=1 -> 1
[DP-bwdX] L=32 states=12 -> 16
[DP-fwdX] L=32 states=4 -> 6
[DP-bwdX] L=32 states=2 -> 3
[DP-bwdX] L=48 states=1 -> 1
[DP-bwdX] L=48 states=1 -> 1
[DP-bwdX] L=48 states=1 -> 1
[DP-bwdX] L=48 states=1 -> 1
[DP-fwdX] L=48 states=1 -> 1
[DP-fwdX] L=64 states=94 -> 103
[DP-bwdX] L=96 states=1 -> 1
[DP-bwdX] L=80 states=179 -> 218
[DP-fwdX] L=48 states=1 -> 1
[DP-bwdX] L=64 states=97 -> 135
[DP-fwdX] L=48 states=1 -> 1
[DP-fwdX] L=48 states=1 -> 1
[DP-fwdX] L=48 states=1 -> 1
[DP-fwdX] L=64 states=12 -> 16
[DP-bwdX] L=64 states=4 -> 6
[DP-fwdX] L=64 states=1 -> 1
[DP-fwdX] L=80 states=13 -> 14
[DP-bwdX] L=96 states=1 -> 1
[DP-bwdX] L=80 states=19 -> 32
[DP-fwdX] L=80 states=4 -> 5
[DP-bwdX] L=80 states=3 -> 7
[DP-bwdX] L=96 states=1 -> 1
[DP-bwdX] L=96 states=1 -> 1
[DP-bwdX] L=96 states=1 -> 1
[DP-bwdX] L=96 states=1 -> 1
  [Round 120] T_prime=16  T_target=12  HPWL_w=798000  HPWL_eq=777  maxL=27  WNS(T')=-11  WNS*(T)=-15  picked=172  solve_ms=82.7625
[OC-Shortest/pow2] m=12 h=8 SEG=4 bits=48 words=1 threads=24
[DP-fwdX] L=0 states=1 -> 1
[DP-fwdX] L=16 states=179 -> 218
[DP-fwdX] L=32 states=1870 -> 2034
[DP-bwdX] L=96 states=1 -> 1
[DP-bwdX] L=80 states=179 -> 218
[DP-bwdX] L=64 states=1870 -> 2034
[DP-fwdX] L=0 states=1 -> 1
[DP-fwdX] L=16 states=179 -> 218
[DP-bwdX] L=48 states=1 -> 1
[DP-bwdX] L=32 states=94 -> 103
[DP-fwdX] L=0 states=1 -> 1
[DP-bwdX] L=16 states=10 -> 11
[DP-fwdX] L=0 states=1 -> 1
[DP-fwdX] L=0 states=1 -> 1
[DP-fwdX] L=0 states=1 -> 1
[DP-fwdX] L=16 states=19 -> 31
[DP-bwdX] L=16 states=4 -> 6
[DP-fwdX] L=16 states=1 -> 3
[DP-fwdX] L=32 states=22 -> 29
[DP-bwdX] L=48 states=1 -> 1
[DP-bwdX] L=32 states=15 -> 21
[DP-fwdX] L=32 states=5 -> 9
[DP-bwdX] L=32 states=3 -> 6
[DP-bwdX] L=48 states=1 -> 1
[DP-bwdX] L=48 states=1 -> 1
[DP-bwdX] L=48 states=1 -> 1
[DP-bwdX] L=48 states=1 -> 1
[DP-fwdX] L=48 states=1 -> 1
[DP-fwdX] L=64 states=94 -> 103
[DP-bwdX] L=96 states=1 -> 1
[DP-bwdX] L=80 states=179 -> 218
[DP-fwdX] L=48 states=1 -> 1
[DP-bwdX] L=64 states=22 -> 29
[DP-fwdX] L=48 states=1 -> 1
[DP-fwdX] L=48 states=1 -> 1
[DP-fwdX] L=48 states=1 -> 1
[DP-fwdX] L=64 states=15 -> 21
[DP-bwdX] L=64 states=5 -> 9
[DP-fwdX] L=64 states=1 -> 2
[DP-fwdX] L=80 states=10 -> 11
[DP-bwdX] L=96 states=1 -> 1
[DP-bwdX] L=80 states=19 -> 31
[DP-fwdX] L=80 states=2 -> 3
[DP-bwdX] L=80 states=2 -> 5
[DP-bwdX] L=96 states=1 -> 1
[DP-bwdX] L=96 states=1 -> 1
[DP-bwdX] L=96 states=1 -> 1
[DP-bwdX] L=96 states=1 -> 1
  [Round 121] T_prime=16  T_target=12  HPWL_w=798000  HPWL_eq=780  maxL=21  WNS(T')=-5  WNS*(T)=-9  picked=172  solve_ms=110.231
[OC-Shortest/pow2] m=12 h=8 SEG=4 bits=48 words=1 threads=24
[DP-fwdX] L=0 states=1 -> 1
[DP-fwdX] L=16 states=179 -> 218
[DP-fwdX] L=32 states=1870 -> 2034
[DP-bwdX] L=96 states=1 -> 1
[DP-bwdX] L=80 states=179 -> 218
[DP-bwdX] L=64 states=1870 -> 2034
[DP-fwdX] L=0 states=1 -> 1
[DP-fwdX] L=16 states=179 -> 218
[DP-bwdX] L=48 states=1 -> 1
[DP-bwdX] L=32 states=94 -> 103
[DP-fwdX] L=0 states=1 -> 1
[DP-bwdX] L=16 states=29 -> 29
[DP-fwdX] L=0 states=1 -> 1
[DP-fwdX] L=0 states=1 -> 1
[DP-fwdX] L=0 states=1 -> 1
[DP-fwdX] L=16 states=19 -> 32
[DP-bwdX] L=16 states=4 -> 5
[DP-fwdX] L=16 states=1 -> 2
[DP-fwdX] L=32 states=126 -> 174
[DP-bwdX] L=48 states=1 -> 1
[DP-bwdX] L=32 states=12 -> 16
[DP-fwdX] L=32 states=4 -> 6
[DP-bwdX] L=32 states=2 -> 3
[DP-bwdX] L=48 states=1 -> 1
[DP-bwdX] L=48 states=1 -> 1
[DP-bwdX] L=48 states=1 -> 1
[DP-bwdX] L=48 states=1 -> 1
[DP-fwdX] L=48 states=1 -> 1
[DP-fwdX] L=64 states=94 -> 103
[DP-bwdX] L=96 states=1 -> 1
[DP-bwdX] L=80 states=179 -> 218
[DP-fwdX] L=48 states=1 -> 1
[DP-bwdX] L=64 states=97 -> 135
[DP-fwdX] L=48 states=1 -> 1
[DP-fwdX] L=48 states=1 -> 1
[DP-fwdX] L=48 states=1 -> 1
[DP-fwdX] L=64 states=12 -> 16
[DP-bwdX] L=64 states=4 -> 6
[DP-fwdX] L=64 states=1 -> 1
[DP-fwdX] L=80 states=13 -> 14
[DP-bwdX] L=96 states=1 -> 1
[DP-bwdX] L=80 states=19 -> 32
[DP-fwdX] L=80 states=4 -> 5
[DP-bwdX] L=80 states=3 -> 7
[DP-bwdX] L=96 states=1 -> 1
[DP-bwdX] L=96 states=1 -> 1
[DP-bwdX] L=96 states=1 -> 1
[DP-bwdX] L=96 states=1 -> 1
  [Round 122] T_prime=16  T_target=12  HPWL_w=798000  HPWL_eq=777  maxL=27  WNS(T')=-11  WNS*(T)=-15  picked=172  solve_ms=180.215
[OC-Shortest/pow2] m=12 h=8 SEG=4 bits=48 words=1 threads=24
[DP-fwdX] L=0 states=1 -> 1
[DP-fwdX] L=16 states=179 -> 218
[DP-fwdX] L=32 states=1870 -> 2034
[DP-bwdX] L=96 states=1 -> 1
[DP-bwdX] L=80 states=179 -> 218
[DP-bwdX] L=64 states=1870 -> 2034
[DP-fwdX] L=0 states=1 -> 1
[DP-fwdX] L=16 states=179 -> 218
[DP-bwdX] L=48 states=1 -> 1
[DP-bwdX] L=32 states=94 -> 103
[DP-fwdX] L=0 states=1 -> 1
[DP-bwdX] L=16 states=10 -> 11
[DP-fwdX] L=0 states=1 -> 1
[DP-fwdX] L=0 states=1 -> 1
[DP-fwdX] L=0 states=1 -> 1
[DP-fwdX] L=16 states=19 -> 31
[DP-bwdX] L=16 states=4 -> 6
[DP-fwdX] L=16 states=1 -> 3
[DP-fwdX] L=32 states=22 -> 29
[DP-bwdX] L=48 states=1 -> 1
[DP-bwdX] L=32 states=15 -> 21
[DP-fwdX] L=32 states=5 -> 9
[DP-bwdX] L=32 states=3 -> 6
[DP-bwdX] L=48 states=1 -> 1
[DP-bwdX] L=48 states=1 -> 1
[DP-bwdX] L=48 states=1 -> 1
[DP-bwdX] L=48 states=1 -> 1
[DP-fwdX] L=48 states=1 -> 1
[DP-fwdX] L=64 states=94 -> 103
[DP-bwdX] L=96 states=1 -> 1
[DP-bwdX] L=80 states=179 -> 218
[DP-fwdX] L=48 states=1 -> 1
[DP-bwdX] L=64 states=22 -> 29
[DP-fwdX] L=48 states=1 -> 1
[DP-fwdX] L=48 states=1 -> 1
[DP-fwdX] L=48 states=1 -> 1
[DP-fwdX] L=64 states=15 -> 21
[DP-bwdX] L=64 states=5 -> 9
[DP-fwdX] L=64 states=1 -> 2
[DP-fwdX] L=80 states=10 -> 11
[DP-bwdX] L=96 states=1 -> 1
[DP-bwdX] L=80 states=19 -> 31
[DP-fwdX] L=80 states=2 -> 3
[DP-bwdX] L=80 states=2 -> 5
[DP-bwdX] L=96 states=1 -> 1
[DP-bwdX] L=96 states=1 -> 1
[DP-bwdX] L=96 states=1 -> 1
[DP-bwdX] L=96 states=1 -> 1
  [Round 123] T_prime=16  T_target=12  HPWL_w=798000  HPWL_eq=780  maxL=21  WNS(T')=-5  WNS*(T)=-9  picked=172  solve_ms=81.8257
[OC-Shortest/pow2] m=12 h=8 SEG=4 bits=48 words=1 threads=24
[DP-fwdX] L=0 states=1 -> 1
[DP-fwdX] L=16 states=179 -> 218
[DP-fwdX] L=32 states=1870 -> 2034
[DP-bwdX] L=96 states=1 -> 1
[DP-bwdX] L=80 states=179 -> 218
[DP-bwdX] L=64 states=1870 -> 2034
[DP-fwdX] L=0 states=1 -> 1
[DP-fwdX] L=16 states=179 -> 218
[DP-bwdX] L=48 states=1 -> 1
[DP-bwdX] L=32 states=94 -> 103
[DP-fwdX] L=0 states=1 -> 1
[DP-bwdX] L=16 states=29 -> 29
[DP-fwdX] L=0 states=1 -> 1
[DP-fwdX] L=0 states=1 -> 1
[DP-fwdX] L=0 states=1 -> 1
[DP-fwdX] L=16 states=19 -> 32
[DP-bwdX] L=16 states=4 -> 5
[DP-fwdX] L=16 states=1 -> 2
[DP-fwdX] L=32 states=126 -> 174
[DP-bwdX] L=48 states=1 -> 1
[DP-bwdX] L=32 states=12 -> 16
[DP-fwdX] L=32 states=4 -> 6
[DP-bwdX] L=32 states=2 -> 3
[DP-bwdX] L=48 states=1 -> 1
[DP-bwdX] L=48 states=1 -> 1
[DP-bwdX] L=48 states=1 -> 1
[DP-bwdX] L=48 states=1 -> 1
[DP-fwdX] L=48 states=1 -> 1
[DP-fwdX] L=64 states=94 -> 103
[DP-bwdX] L=96 states=1 -> 1
[DP-bwdX] L=80 states=179 -> 218
[DP-fwdX] L=48 states=1 -> 1
[DP-bwdX] L=64 states=97 -> 135
[DP-fwdX] L=48 states=1 -> 1
[DP-fwdX] L=48 states=1 -> 1
[DP-fwdX] L=48 states=1 -> 1
[DP-fwdX] L=64 states=12 -> 16
[DP-bwdX] L=64 states=4 -> 6
[DP-fwdX] L=64 states=1 -> 1
[DP-fwdX] L=80 states=13 -> 14
[DP-bwdX] L=96 states=1 -> 1
[DP-bwdX] L=80 states=19 -> 32
[DP-fwdX] L=80 states=4 -> 5
[DP-bwdX] L=80 states=3 -> 7
[DP-bwdX] L=96 states=1 -> 1
[DP-bwdX] L=96 states=1 -> 1
[DP-bwdX] L=96 states=1 -> 1
[DP-bwdX] L=96 states=1 -> 1
  [Round 124] T_prime=16  T_target=12  HPWL_w=798000  HPWL_eq=777  maxL=27  WNS(T')=-11  WNS*(T)=-15  picked=172  solve_ms=84.4617
[OC-Shortest/pow2] m=12 h=8 SEG=4 bits=48 words=1 threads=24
[DP-fwdX] L=0 states=1 -> 1
[DP-fwdX] L=16 states=179 -> 218
[DP-fwdX] L=32 states=1870 -> 2034
[DP-bwdX] L=96 states=1 -> 1
[DP-bwdX] L=80 states=179 -> 218
[DP-bwdX] L=64 states=1870 -> 2034
[DP-fwdX] L=0 states=1 -> 1
[DP-fwdX] L=16 states=179 -> 218
[DP-bwdX] L=48 states=1 -> 1
[DP-bwdX] L=32 states=94 -> 103
[DP-fwdX] L=0 states=1 -> 1
[DP-bwdX] L=16 states=10 -> 11
[DP-fwdX] L=0 states=1 -> 1
[DP-fwdX] L=0 states=1 -> 1
[DP-fwdX] L=0 states=1 -> 1
[DP-fwdX] L=16 states=19 -> 31
[DP-bwdX] L=16 states=4 -> 6
[DP-fwdX] L=16 states=1 -> 3
[DP-fwdX] L=32 states=22 -> 29
[DP-bwdX] L=48 states=1 -> 1
[DP-bwdX] L=32 states=15 -> 21
[DP-fwdX] L=32 states=5 -> 9
[DP-bwdX] L=32 states=3 -> 6
[DP-bwdX] L=48 states=1 -> 1
[DP-bwdX] L=48 states=1 -> 1
[DP-bwdX] L=48 states=1 -> 1
[DP-bwdX] L=48 states=1 -> 1
[DP-fwdX] L=48 states=1 -> 1
[DP-fwdX] L=64 states=94 -> 103
[DP-bwdX] L=96 states=1 -> 1
[DP-bwdX] L=80 states=179 -> 218
[DP-fwdX] L=48 states=1 -> 1
[DP-bwdX] L=64 states=22 -> 29
[DP-fwdX] L=48 states=1 -> 1
[DP-fwdX] L=48 states=1 -> 1
[DP-fwdX] L=48 states=1 -> 1
[DP-fwdX] L=64 states=15 -> 21
[DP-bwdX] L=64 states=5 -> 9
[DP-fwdX] L=64 states=1 -> 2
[DP-fwdX] L=80 states=10 -> 11
[DP-bwdX] L=96 states=1 -> 1
[DP-bwdX] L=80 states=19 -> 31
[DP-fwdX] L=80 states=2 -> 3
[DP-bwdX] L=80 states=2 -> 5
[DP-bwdX] L=96 states=1 -> 1
[DP-bwdX] L=96 states=1 -> 1
[DP-bwdX] L=96 states=1 -> 1
[DP-bwdX] L=96 states=1 -> 1
  [Round 125] T_prime=16  T_target=12  HPWL_w=798000  HPWL_eq=780  maxL=21  WNS(T')=-5  WNS*(T)=-9  picked=172  solve_ms=100.467
[OC-Shortest/pow2] m=12 h=8 SEG=4 bits=48 words=1 threads=24
[DP-fwdX] L=0 states=1 -> 1
[DP-fwdX] L=16 states=179 -> 218
[DP-fwdX] L=32 states=1870 -> 2034
[DP-bwdX] L=96 states=1 -> 1
[DP-bwdX] L=80 states=179 -> 218
[DP-bwdX] L=64 states=1870 -> 2034
[DP-fwdX] L=0 states=1 -> 1
[DP-fwdX] L=16 states=179 -> 218
[DP-bwdX] L=48 states=1 -> 1
[DP-bwdX] L=32 states=94 -> 103
[DP-fwdX] L=0 states=1 -> 1
[DP-bwdX] L=16 states=29 -> 29
[DP-fwdX] L=0 states=1 -> 1
[DP-fwdX] L=0 states=1 -> 1
[DP-fwdX] L=0 states=1 -> 1
[DP-fwdX] L=16 states=19 -> 32
[DP-bwdX] L=16 states=4 -> 5
[DP-fwdX] L=16 states=1 -> 2
[DP-fwdX] L=32 states=126 -> 174
[DP-bwdX] L=48 states=1 -> 1
[DP-bwdX] L=32 states=12 -> 16
[DP-fwdX] L=32 states=4 -> 6
[DP-bwdX] L=32 states=2 -> 3
[DP-bwdX] L=48 states=1 -> 1
[DP-bwdX] L=48 states=1 -> 1
[DP-bwdX] L=48 states=1 -> 1
[DP-bwdX] L=48 states=1 -> 1
[DP-fwdX] L=48 states=1 -> 1
[DP-fwdX] L=64 states=94 -> 103
[DP-bwdX] L=96 states=1 -> 1
[DP-bwdX] L=80 states=179 -> 218
[DP-fwdX] L=48 states=1 -> 1
[DP-bwdX] L=64 states=97 -> 135
[DP-fwdX] L=48 states=1 -> 1
[DP-fwdX] L=48 states=1 -> 1
[DP-fwdX] L=48 states=1 -> 1
[DP-fwdX] L=64 states=12 -> 16
[DP-bwdX] L=64 states=4 -> 6
[DP-fwdX] L=64 states=1 -> 1
[DP-fwdX] L=80 states=13 -> 14
[DP-bwdX] L=96 states=1 -> 1
[DP-bwdX] L=80 states=19 -> 32
[DP-fwdX] L=80 states=4 -> 5
[DP-bwdX] L=80 states=3 -> 7
[DP-bwdX] L=96 states=1 -> 1
[DP-bwdX] L=96 states=1 -> 1
[DP-bwdX] L=96 states=1 -> 1
[DP-bwdX] L=96 states=1 -> 1
  [Round 126] T_prime=16  T_target=12  HPWL_w=798000  HPWL_eq=777  maxL=27  WNS(T')=-11  WNS*(T)=-15  picked=172  solve_ms=84.6741
[OC-Shortest/pow2] m=12 h=8 SEG=4 bits=48 words=1 threads=24
[DP-fwdX] L=0 states=1 -> 1
[DP-fwdX] L=16 states=179 -> 218
[DP-fwdX] L=32 states=1870 -> 2034
[DP-bwdX] L=96 states=1 -> 1
[DP-bwdX] L=80 states=179 -> 218
[DP-bwdX] L=64 states=1870 -> 2034
[DP-fwdX] L=0 states=1 -> 1
[DP-fwdX] L=16 states=179 -> 218
[DP-bwdX] L=48 states=1 -> 1
[DP-bwdX] L=32 states=94 -> 103
[DP-fwdX] L=0 states=1 -> 1
[DP-bwdX] L=16 states=10 -> 11
[DP-fwdX] L=0 states=1 -> 1
[DP-fwdX] L=0 states=1 -> 1
[DP-fwdX] L=0 states=1 -> 1
[DP-fwdX] L=16 states=19 -> 31
[DP-bwdX] L=16 states=4 -> 6
[DP-fwdX] L=16 states=1 -> 3
[DP-fwdX] L=32 states=22 -> 29
[DP-bwdX] L=48 states=1 -> 1
[DP-bwdX] L=32 states=15 -> 21
[DP-fwdX] L=32 states=5 -> 9
[DP-bwdX] L=32 states=3 -> 6
[DP-bwdX] L=48 states=1 -> 1
[DP-bwdX] L=48 states=1 -> 1
[DP-bwdX] L=48 states=1 -> 1
[DP-bwdX] L=48 states=1 -> 1
[DP-fwdX] L=48 states=1 -> 1
[DP-fwdX] L=64 states=94 -> 103
[DP-bwdX] L=96 states=1 -> 1
[DP-bwdX] L=80 states=179 -> 218
[DP-fwdX] L=48 states=1 -> 1
[DP-bwdX] L=64 states=22 -> 29
[DP-fwdX] L=48 states=1 -> 1
[DP-fwdX] L=48 states=1 -> 1
[DP-fwdX] L=48 states=1 -> 1
[DP-fwdX] L=64 states=15 -> 21
[DP-bwdX] L=64 states=5 -> 9
[DP-fwdX] L=64 states=1 -> 2
[DP-fwdX] L=80 states=10 -> 11
[DP-bwdX] L=96 states=1 -> 1
[DP-bwdX] L=80 states=19 -> 31
[DP-fwdX] L=80 states=2 -> 3
[DP-bwdX] L=80 states=2 -> 5
[DP-bwdX] L=96 states=1 -> 1
[DP-bwdX] L=96 states=1 -> 1
[DP-bwdX] L=96 states=1 -> 1
[DP-bwdX] L=96 states=1 -> 1
  [Round 127] T_prime=16  T_target=12  HPWL_w=798000  HPWL_eq=780  maxL=21  WNS(T')=-5  WNS*(T)=-9  picked=172  solve_ms=86.0494
[OC-Shortest/pow2] m=12 h=8 SEG=4 bits=48 words=1 threads=24
[DP-fwdX] L=0 states=1 -> 1
[DP-fwdX] L=16 states=179 -> 218
[DP-fwdX] L=32 states=1870 -> 2034
[DP-bwdX] L=96 states=1 -> 1
[DP-bwdX] L=80 states=179 -> 218
[DP-bwdX] L=64 states=1870 -> 2034
[DP-fwdX] L=0 states=1 -> 1
[DP-fwdX] L=16 states=179 -> 218
[DP-bwdX] L=48 states=1 -> 1
[DP-bwdX] L=32 states=94 -> 103
[DP-fwdX] L=0 states=1 -> 1
[DP-bwdX] L=16 states=29 -> 29
[DP-fwdX] L=0 states=1 -> 1
[DP-fwdX] L=0 states=1 -> 1
[DP-fwdX] L=0 states=1 -> 1
[DP-fwdX] L=16 states=19 -> 32
[DP-bwdX] L=16 states=4 -> 5
[DP-fwdX] L=16 states=1 -> 2
[DP-fwdX] L=32 states=126 -> 174
[DP-bwdX] L=48 states=1 -> 1
[DP-bwdX] L=32 states=12 -> 16
[DP-fwdX] L=32 states=4 -> 6
[DP-bwdX] L=32 states=2 -> 3
[DP-bwdX] L=48 states=1 -> 1
[DP-bwdX] L=48 states=1 -> 1
[DP-bwdX] L=48 states=1 -> 1
[DP-bwdX] L=48 states=1 -> 1
[DP-fwdX] L=48 states=1 -> 1
[DP-fwdX] L=64 states=94 -> 103
[DP-bwdX] L=96 states=1 -> 1
[DP-bwdX] L=80 states=179 -> 218
[DP-fwdX] L=48 states=1 -> 1
[DP-bwdX] L=64 states=97 -> 135
[DP-fwdX] L=48 states=1 -> 1
[DP-fwdX] L=48 states=1 -> 1
[DP-fwdX] L=48 states=1 -> 1
[DP-fwdX] L=64 states=12 -> 16
[DP-bwdX] L=64 states=4 -> 6
[DP-fwdX] L=64 states=1 -> 1
[DP-fwdX] L=80 states=13 -> 14
[DP-bwdX] L=96 states=1 -> 1
[DP-bwdX] L=80 states=19 -> 32
[DP-fwdX] L=80 states=4 -> 5
[DP-bwdX] L=80 states=3 -> 7
[DP-bwdX] L=96 states=1 -> 1
[DP-bwdX] L=96 states=1 -> 1
[DP-bwdX] L=96 states=1 -> 1
[DP-bwdX] L=96 states=1 -> 1
  [Round 128] T_prime=16  T_target=12  HPWL_w=798000  HPWL_eq=777  maxL=27  WNS(T')=-11  WNS*(T)=-15  picked=172  solve_ms=87.081
[OC-Shortest/pow2] m=12 h=8 SEG=4 bits=48 words=1 threads=24
[DP-fwdX] L=0 states=1 -> 1
[DP-fwdX] L=16 states=179 -> 218
[DP-fwdX] L=32 states=1870 -> 2034
[DP-bwdX] L=96 states=1 -> 1
[DP-bwdX] L=80 states=179 -> 218
[DP-bwdX] L=64 states=1870 -> 2034
[DP-fwdX] L=0 states=1 -> 1
[DP-fwdX] L=16 states=179 -> 218
[DP-bwdX] L=48 states=1 -> 1
[DP-bwdX] L=32 states=94 -> 103
[DP-fwdX] L=0 states=1 -> 1
[DP-bwdX] L=16 states=10 -> 11
[DP-fwdX] L=0 states=1 -> 1
[DP-fwdX] L=0 states=1 -> 1
[DP-fwdX] L=0 states=1 -> 1
[DP-fwdX] L=16 states=19 -> 31
[DP-bwdX] L=16 states=4 -> 6
[DP-fwdX] L=16 states=1 -> 3
[DP-fwdX] L=32 states=22 -> 29
[DP-bwdX] L=48 states=1 -> 1
[DP-bwdX] L=32 states=15 -> 21
[DP-fwdX] L=32 states=5 -> 9
[DP-bwdX] L=32 states=3 -> 6
[DP-bwdX] L=48 states=1 -> 1
[DP-bwdX] L=48 states=1 -> 1
[DP-bwdX] L=48 states=1 -> 1
[DP-bwdX] L=48 states=1 -> 1
[DP-fwdX] L=48 states=1 -> 1
[DP-fwdX] L=64 states=94 -> 103
[DP-bwdX] L=96 states=1 -> 1
[DP-bwdX] L=80 states=179 -> 218
[DP-fwdX] L=48 states=1 -> 1
[DP-bwdX] L=64 states=22 -> 29
[DP-fwdX] L=48 states=1 -> 1
[DP-fwdX] L=48 states=1 -> 1
[DP-fwdX] L=48 states=1 -> 1
[DP-fwdX] L=64 states=15 -> 21
[DP-bwdX] L=64 states=5 -> 9
[DP-fwdX] L=64 states=1 -> 2
[DP-fwdX] L=80 states=10 -> 11
[DP-bwdX] L=96 states=1 -> 1
[DP-bwdX] L=80 states=19 -> 31
[DP-fwdX] L=80 states=2 -> 3
[DP-bwdX] L=80 states=2 -> 5
[DP-bwdX] L=96 states=1 -> 1
[DP-bwdX] L=96 states=1 -> 1
[DP-bwdX] L=96 states=1 -> 1
[DP-bwdX] L=96 states=1 -> 1
  [Round 129] T_prime=16  T_target=12  HPWL_w=798000  HPWL_eq=780  maxL=21  WNS(T')=-5  WNS*(T)=-9  picked=172  solve_ms=82.6588
[OC-Shortest/pow2] m=12 h=8 SEG=4 bits=48 words=1 threads=24
[DP-fwdX] L=0 states=1 -> 1
[DP-fwdX] L=16 states=179 -> 218
[DP-fwdX] L=32 states=1870 -> 2034
[DP-bwdX] L=96 states=1 -> 1
[DP-bwdX] L=80 states=179 -> 218
[DP-bwdX] L=64 states=1870 -> 2034
[DP-fwdX] L=0 states=1 -> 1
[DP-fwdX] L=16 states=179 -> 218
[DP-bwdX] L=48 states=1 -> 1
[DP-bwdX] L=32 states=94 -> 103
[DP-fwdX] L=0 states=1 -> 1
[DP-bwdX] L=16 states=29 -> 29
[DP-fwdX] L=0 states=1 -> 1
[DP-fwdX] L=0 states=1 -> 1
[DP-fwdX] L=0 states=1 -> 1
[DP-fwdX] L=16 states=19 -> 32
[DP-bwdX] L=16 states=4 -> 5
[DP-fwdX] L=16 states=1 -> 2
[DP-fwdX] L=32 states=126 -> 174
[DP-bwdX] L=48 states=1 -> 1
[DP-bwdX] L=32 states=12 -> 16
[DP-fwdX] L=32 states=4 -> 6
[DP-bwdX] L=32 states=2 -> 3
[DP-bwdX] L=48 states=1 -> 1
[DP-bwdX] L=48 states=1 -> 1
[DP-bwdX] L=48 states=1 -> 1
[DP-bwdX] L=48 states=1 -> 1
[DP-fwdX] L=48 states=1 -> 1
[DP-fwdX] L=64 states=94 -> 103
[DP-bwdX] L=96 states=1 -> 1
[DP-bwdX] L=80 states=179 -> 218
[DP-fwdX] L=48 states=1 -> 1
[DP-bwdX] L=64 states=97 -> 135
[DP-fwdX] L=48 states=1 -> 1
[DP-fwdX] L=48 states=1 -> 1
[DP-fwdX] L=48 states=1 -> 1
[DP-fwdX] L=64 states=12 -> 16
[DP-bwdX] L=64 states=4 -> 6
[DP-fwdX] L=64 states=1 -> 1
[DP-fwdX] L=80 states=13 -> 14
[DP-bwdX] L=96 states=1 -> 1
[DP-bwdX] L=80 states=19 -> 32
[DP-fwdX] L=80 states=4 -> 5
[DP-bwdX] L=80 states=3 -> 7
[DP-bwdX] L=96 states=1 -> 1
[DP-bwdX] L=96 states=1 -> 1
[DP-bwdX] L=96 states=1 -> 1
[DP-bwdX] L=96 states=1 -> 1
  [Round 130] T_prime=16  T_target=12  HPWL_w=798000  HPWL_eq=777  maxL=27  WNS(T')=-11  WNS*(T)=-15  picked=172  solve_ms=87.3221
[OC-Shortest/pow2] m=12 h=8 SEG=4 bits=48 words=1 threads=24
[DP-fwdX] L=0 states=1 -> 1
[DP-fwdX] L=16 states=179 -> 218
[DP-fwdX] L=32 states=1870 -> 2034
[DP-bwdX] L=96 states=1 -> 1
[DP-bwdX] L=80 states=179 -> 218
[DP-bwdX] L=64 states=1870 -> 2034
[DP-fwdX] L=0 states=1 -> 1
[DP-fwdX] L=16 states=179 -> 218
[DP-bwdX] L=48 states=1 -> 1
[DP-bwdX] L=32 states=94 -> 103
[DP-fwdX] L=0 states=1 -> 1
[DP-bwdX] L=16 states=10 -> 11
[DP-fwdX] L=0 states=1 -> 1
[DP-fwdX] L=0 states=1 -> 1
[DP-fwdX] L=0 states=1 -> 1
[DP-fwdX] L=16 states=19 -> 31
[DP-bwdX] L=16 states=4 -> 6
[DP-fwdX] L=16 states=1 -> 3
[DP-fwdX] L=32 states=22 -> 29
[DP-bwdX] L=48 states=1 -> 1
[DP-bwdX] L=32 states=15 -> 21
[DP-fwdX] L=32 states=5 -> 9
[DP-bwdX] L=32 states=3 -> 6
[DP-bwdX] L=48 states=1 -> 1
[DP-bwdX] L=48 states=1 -> 1
[DP-bwdX] L=48 states=1 -> 1
[DP-bwdX] L=48 states=1 -> 1
[DP-fwdX] L=48 states=1 -> 1
[DP-fwdX] L=64 states=94 -> 103
[DP-bwdX] L=96 states=1 -> 1
[DP-bwdX] L=80 states=179 -> 218
[DP-fwdX] L=48 states=1 -> 1
[DP-bwdX] L=64 states=22 -> 29
[DP-fwdX] L=48 states=1 -> 1
[DP-fwdX] L=48 states=1 -> 1
[DP-fwdX] L=48 states=1 -> 1
[DP-fwdX] L=64 states=15 -> 21
[DP-bwdX] L=64 states=5 -> 9
[DP-fwdX] L=64 states=1 -> 2
[DP-fwdX] L=80 states=10 -> 11
[DP-bwdX] L=96 states=1 -> 1
[DP-bwdX] L=80 states=19 -> 31
[DP-fwdX] L=80 states=2 -> 3
[DP-bwdX] L=80 states=2 -> 5
[DP-bwdX] L=96 states=1 -> 1
[DP-bwdX] L=96 states=1 -> 1
[DP-bwdX] L=96 states=1 -> 1
[DP-bwdX] L=96 states=1 -> 1
  [Round 131] T_prime=16  T_target=12  HPWL_w=798000  HPWL_eq=780  maxL=21  WNS(T')=-5  WNS*(T)=-9  picked=172  solve_ms=82.2741
[OC-Shortest/pow2] m=12 h=8 SEG=4 bits=48 words=1 threads=24
[DP-fwdX] L=0 states=1 -> 1
[DP-fwdX] L=16 states=179 -> 218
[DP-fwdX] L=32 states=1870 -> 2034
[DP-bwdX] L=96 states=1 -> 1
[DP-bwdX] L=80 states=179 -> 218
[DP-bwdX] L=64 states=1870 -> 2034
[DP-fwdX] L=0 states=1 -> 1
[DP-fwdX] L=16 states=179 -> 218
[DP-bwdX] L=48 states=1 -> 1
[DP-bwdX] L=32 states=94 -> 103
[DP-fwdX] L=0 states=1 -> 1
[DP-bwdX] L=16 states=29 -> 29
[DP-fwdX] L=0 states=1 -> 1
[DP-fwdX] L=0 states=1 -> 1
[DP-fwdX] L=0 states=1 -> 1
[DP-fwdX] L=16 states=19 -> 32
[DP-bwdX] L=16 states=4 -> 5
[DP-fwdX] L=16 states=1 -> 2
[DP-fwdX] L=32 states=126 -> 174
[DP-bwdX] L=48 states=1 -> 1
[DP-bwdX] L=32 states=12 -> 16
[DP-fwdX] L=32 states=4 -> 6
[DP-bwdX] L=32 states=2 -> 3
[DP-bwdX] L=48 states=1 -> 1
[DP-bwdX] L=48 states=1 -> 1
[DP-bwdX] L=48 states=1 -> 1
[DP-bwdX] L=48 states=1 -> 1
[DP-fwdX] L=48 states=1 -> 1
[DP-fwdX] L=64 states=94 -> 103
[DP-bwdX] L=96 states=1 -> 1
[DP-bwdX] L=80 states=179 -> 218
[DP-fwdX] L=48 states=1 -> 1
[DP-bwdX] L=64 states=97 -> 135
[DP-fwdX] L=48 states=1 -> 1
[DP-fwdX] L=48 states=1 -> 1
[DP-fwdX] L=48 states=1 -> 1
[DP-fwdX] L=64 states=12 -> 16
[DP-bwdX] L=64 states=4 -> 6
[DP-fwdX] L=64 states=1 -> 1
[DP-fwdX] L=80 states=13 -> 14
[DP-bwdX] L=96 states=1 -> 1
[DP-bwdX] L=80 states=19 -> 32
[DP-fwdX] L=80 states=4 -> 5
[DP-bwdX] L=80 states=3 -> 7
[DP-bwdX] L=96 states=1 -> 1
[DP-bwdX] L=96 states=1 -> 1
[DP-bwdX] L=96 states=1 -> 1
[DP-bwdX] L=96 states=1 -> 1
  [Round 132] T_prime=16  T_target=12  HPWL_w=798000  HPWL_eq=777  maxL=27  WNS(T')=-11  WNS*(T)=-15  picked=172  solve_ms=94.5356
[OC-Shortest/pow2] m=12 h=8 SEG=4 bits=48 words=1 threads=24
[DP-fwdX] L=0 states=1 -> 1
[DP-fwdX] L=16 states=179 -> 218
[DP-fwdX] L=32 states=1870 -> 2034
[DP-bwdX] L=96 states=1 -> 1
[DP-bwdX] L=80 states=179 -> 218
[DP-bwdX] L=64 states=1870 -> 2034
[DP-fwdX] L=0 states=1 -> 1
[DP-fwdX] L=16 states=179 -> 218
[DP-bwdX] L=48 states=1 -> 1
[DP-bwdX] L=32 states=94 -> 103
[DP-fwdX] L=0 states=1 -> 1
[DP-bwdX] L=16 states=10 -> 11
[DP-fwdX] L=0 states=1 -> 1
[DP-fwdX] L=0 states=1 -> 1
[DP-fwdX] L=0 states=1 -> 1
[DP-fwdX] L=16 states=19 -> 31
[DP-bwdX] L=16 states=4 -> 6
[DP-fwdX] L=16 states=1 -> 3
[DP-fwdX] L=32 states=22 -> 29
[DP-bwdX] L=48 states=1 -> 1
[DP-bwdX] L=32 states=15 -> 21
[DP-fwdX] L=32 states=5 -> 9
[DP-bwdX] L=32 states=3 -> 6
[DP-bwdX] L=48 states=1 -> 1
[DP-bwdX] L=48 states=1 -> 1
[DP-bwdX] L=48 states=1 -> 1
[DP-bwdX] L=48 states=1 -> 1
[DP-fwdX] L=48 states=1 -> 1
[DP-fwdX] L=64 states=94 -> 103
[DP-bwdX] L=96 states=1 -> 1
[DP-bwdX] L=80 states=179 -> 218
[DP-fwdX] L=48 states=1 -> 1
[DP-bwdX] L=64 states=22 -> 29
[DP-fwdX] L=48 states=1 -> 1
[DP-fwdX] L=48 states=1 -> 1
[DP-fwdX] L=48 states=1 -> 1
[DP-fwdX] L=64 states=15 -> 21
[DP-bwdX] L=64 states=5 -> 9
[DP-fwdX] L=64 states=1 -> 2
[DP-fwdX] L=80 states=10 -> 11
[DP-bwdX] L=96 states=1 -> 1
[DP-bwdX] L=80 states=19 -> 31
[DP-fwdX] L=80 states=2 -> 3
[DP-bwdX] L=80 states=2 -> 5
[DP-bwdX] L=96 states=1 -> 1
[DP-bwdX] L=96 states=1 -> 1
[DP-bwdX] L=96 states=1 -> 1
[DP-bwdX] L=96 states=1 -> 1
  [Round 133] T_prime=16  T_target=12  HPWL_w=798000  HPWL_eq=780  maxL=21  WNS(T')=-5  WNS*(T)=-9  picked=172  solve_ms=150.693
[OC-Shortest/pow2] m=12 h=8 SEG=4 bits=48 words=1 threads=24
[DP-fwdX] L=0 states=1 -> 1
[DP-fwdX] L=16 states=179 -> 218
[DP-fwdX] L=32 states=1870 -> 2034
[DP-bwdX] L=96 states=1 -> 1
[DP-bwdX] L=80 states=179 -> 218
[DP-bwdX] L=64 states=1870 -> 2034
[DP-fwdX] L=0 states=1 -> 1
[DP-fwdX] L=16 states=179 -> 218
[DP-bwdX] L=48 states=1 -> 1
[DP-bwdX] L=32 states=94 -> 103
[DP-fwdX] L=0 states=1 -> 1
[DP-bwdX] L=16 states=29 -> 29
[DP-fwdX] L=0 states=1 -> 1
[DP-fwdX] L=0 states=1 -> 1
[DP-fwdX] L=0 states=1 -> 1
[DP-fwdX] L=16 states=19 -> 32
[DP-bwdX] L=16 states=4 -> 5
[DP-fwdX] L=16 states=1 -> 2
[DP-fwdX] L=32 states=126 -> 174
[DP-bwdX] L=48 states=1 -> 1
[DP-bwdX] L=32 states=12 -> 16
[DP-fwdX] L=32 states=4 -> 6
[DP-bwdX] L=32 states=2 -> 3
[DP-bwdX] L=48 states=1 -> 1
[DP-bwdX] L=48 states=1 -> 1
[DP-bwdX] L=48 states=1 -> 1
[DP-bwdX] L=48 states=1 -> 1
[DP-fwdX] L=48 states=1 -> 1
[DP-fwdX] L=64 states=94 -> 103
[DP-bwdX] L=96 states=1 -> 1
[DP-bwdX] L=80 states=179 -> 218
[DP-fwdX] L=48 states=1 -> 1
[DP-bwdX] L=64 states=97 -> 135
[DP-fwdX] L=48 states=1 -> 1
[DP-fwdX] L=48 states=1 -> 1
[DP-fwdX] L=48 states=1 -> 1
[DP-fwdX] L=64 states=12 -> 16
[DP-bwdX] L=64 states=4 -> 6
[DP-fwdX] L=64 states=1 -> 1
[DP-fwdX] L=80 states=13 -> 14
[DP-bwdX] L=96 states=1 -> 1
[DP-bwdX] L=80 states=19 -> 32
[DP-fwdX] L=80 states=4 -> 5
[DP-bwdX] L=80 states=3 -> 7
[DP-bwdX] L=96 states=1 -> 1
[DP-bwdX] L=96 states=1 -> 1
[DP-bwdX] L=96 states=1 -> 1
[DP-bwdX] L=96 states=1 -> 1
  [Round 134] T_prime=16  T_target=12  HPWL_w=798000  HPWL_eq=777  maxL=27  WNS(T')=-11  WNS*(T)=-15  picked=172  solve_ms=88.5807
[OC-Shortest/pow2] m=12 h=8 SEG=4 bits=48 words=1 threads=24
[DP-fwdX] L=0 states=1 -> 1
[DP-fwdX] L=16 states=179 -> 218
[DP-fwdX] L=32 states=1870 -> 2034
[DP-bwdX] L=96 states=1 -> 1
[DP-bwdX] L=80 states=179 -> 218
[DP-bwdX] L=64 states=1870 -> 2034
[DP-fwdX] L=0 states=1 -> 1
[DP-fwdX] L=16 states=179 -> 218
[DP-bwdX] L=48 states=1 -> 1
[DP-bwdX] L=32 states=94 -> 103
[DP-fwdX] L=0 states=1 -> 1
[DP-bwdX] L=16 states=10 -> 11
[DP-fwdX] L=0 states=1 -> 1
[DP-fwdX] L=0 states=1 -> 1
[DP-fwdX] L=0 states=1 -> 1
[DP-fwdX] L=16 states=19 -> 31
[DP-bwdX] L=16 states=4 -> 6
[DP-fwdX] L=16 states=1 -> 3
[DP-fwdX] L=32 states=22 -> 29
[DP-bwdX] L=48 states=1 -> 1
[DP-bwdX] L=32 states=15 -> 21
[DP-fwdX] L=32 states=5 -> 9
[DP-bwdX] L=32 states=3 -> 6
[DP-bwdX] L=48 states=1 -> 1
[DP-bwdX] L=48 states=1 -> 1
[DP-bwdX] L=48 states=1 -> 1
[DP-bwdX] L=48 states=1 -> 1
[DP-fwdX] L=48 states=1 -> 1
[DP-fwdX] L=64 states=94 -> 103
[DP-bwdX] L=96 states=1 -> 1
[DP-bwdX] L=80 states=179 -> 218
[DP-fwdX] L=48 states=1 -> 1
[DP-bwdX] L=64 states=22 -> 29
[DP-fwdX] L=48 states=1 -> 1
[DP-fwdX] L=48 states=1 -> 1
[DP-fwdX] L=48 states=1 -> 1
[DP-fwdX] L=64 states=15 -> 21
[DP-bwdX] L=64 states=5 -> 9
[DP-fwdX] L=64 states=1 -> 2
[DP-fwdX] L=80 states=10 -> 11
[DP-bwdX] L=96 states=1 -> 1
[DP-bwdX] L=80 states=19 -> 31
[DP-fwdX] L=80 states=2 -> 3
[DP-bwdX] L=80 states=2 -> 5
[DP-bwdX] L=96 states=1 -> 1
[DP-bwdX] L=96 states=1 -> 1
[DP-bwdX] L=96 states=1 -> 1
[DP-bwdX] L=96 states=1 -> 1
  [Round 135] T_prime=16  T_target=12  HPWL_w=798000  HPWL_eq=780  maxL=21  WNS(T')=-5  WNS*(T)=-9  picked=172  solve_ms=88.715
[OC-Shortest/pow2] m=12 h=8 SEG=4 bits=48 words=1 threads=24
[DP-fwdX] L=0 states=1 -> 1
[DP-fwdX] L=16 states=179 -> 218
[DP-fwdX] L=32 states=1870 -> 2034
[DP-bwdX] L=96 states=1 -> 1
[DP-bwdX] L=80 states=179 -> 218
[DP-bwdX] L=64 states=1870 -> 2034
[DP-fwdX] L=0 states=1 -> 1
[DP-fwdX] L=16 states=179 -> 218
[DP-bwdX] L=48 states=1 -> 1
[DP-bwdX] L=32 states=94 -> 103
[DP-fwdX] L=0 states=1 -> 1
[DP-bwdX] L=16 states=29 -> 29
[DP-fwdX] L=0 states=1 -> 1
[DP-fwdX] L=0 states=1 -> 1
[DP-fwdX] L=0 states=1 -> 1
[DP-fwdX] L=16 states=19 -> 32
[DP-bwdX] L=16 states=4 -> 5
[DP-fwdX] L=16 states=1 -> 2
[DP-fwdX] L=32 states=126 -> 174
[DP-bwdX] L=48 states=1 -> 1
[DP-bwdX] L=32 states=12 -> 16
[DP-fwdX] L=32 states=4 -> 6
[DP-bwdX] L=32 states=2 -> 3
[DP-bwdX] L=48 states=1 -> 1
[DP-bwdX] L=48 states=1 -> 1
[DP-bwdX] L=48 states=1 -> 1
[DP-bwdX] L=48 states=1 -> 1
[DP-fwdX] L=48 states=1 -> 1
[DP-fwdX] L=64 states=94 -> 103
[DP-bwdX] L=96 states=1 -> 1
[DP-bwdX] L=80 states=179 -> 218
[DP-fwdX] L=48 states=1 -> 1
[DP-bwdX] L=64 states=97 -> 135
[DP-fwdX] L=48 states=1 -> 1
[DP-fwdX] L=48 states=1 -> 1
[DP-fwdX] L=48 states=1 -> 1
[DP-fwdX] L=64 states=12 -> 16
[DP-bwdX] L=64 states=4 -> 6
[DP-fwdX] L=64 states=1 -> 1
[DP-fwdX] L=80 states=13 -> 14
[DP-bwdX] L=96 states=1 -> 1
[DP-bwdX] L=80 states=19 -> 32
[DP-fwdX] L=80 states=4 -> 5
[DP-bwdX] L=80 states=3 -> 7
[DP-bwdX] L=96 states=1 -> 1
[DP-bwdX] L=96 states=1 -> 1
[DP-bwdX] L=96 states=1 -> 1
[DP-bwdX] L=96 states=1 -> 1
  [Round 136] T_prime=16  T_target=12  HPWL_w=798000  HPWL_eq=777  maxL=27  WNS(T')=-11  WNS*(T)=-15  picked=172  solve_ms=87.3521
[OC-Shortest/pow2] m=12 h=8 SEG=4 bits=48 words=1 threads=24
[DP-fwdX] L=0 states=1 -> 1
[DP-fwdX] L=16 states=179 -> 218
[DP-fwdX] L=32 states=1870 -> 2034
[DP-bwdX] L=96 states=1 -> 1
[DP-bwdX] L=80 states=179 -> 218
[DP-bwdX] L=64 states=1870 -> 2034
[DP-fwdX] L=0 states=1 -> 1
[DP-fwdX] L=16 states=179 -> 218
[DP-bwdX] L=48 states=1 -> 1
[DP-bwdX] L=32 states=94 -> 103
[DP-fwdX] L=0 states=1 -> 1
[DP-bwdX] L=16 states=10 -> 11
[DP-fwdX] L=0 states=1 -> 1
[DP-fwdX] L=0 states=1 -> 1
[DP-fwdX] L=0 states=1 -> 1
[DP-fwdX] L=16 states=19 -> 31
[DP-bwdX] L=16 states=4 -> 6
[DP-fwdX] L=16 states=1 -> 3
[DP-fwdX] L=32 states=22 -> 29
[DP-bwdX] L=48 states=1 -> 1
[DP-bwdX] L=32 states=15 -> 21
[DP-fwdX] L=32 states=5 -> 9
[DP-bwdX] L=32 states=3 -> 6
[DP-bwdX] L=48 states=1 -> 1
[DP-bwdX] L=48 states=1 -> 1
[DP-bwdX] L=48 states=1 -> 1
[DP-bwdX] L=48 states=1 -> 1
[DP-fwdX] L=48 states=1 -> 1
[DP-fwdX] L=64 states=94 -> 103
[DP-bwdX] L=96 states=1 -> 1
[DP-bwdX] L=80 states=179 -> 218
[DP-fwdX] L=48 states=1 -> 1
[DP-bwdX] L=64 states=22 -> 29
[DP-fwdX] L=48 states=1 -> 1
[DP-fwdX] L=48 states=1 -> 1
[DP-fwdX] L=48 states=1 -> 1
[DP-fwdX] L=64 states=15 -> 21
[DP-bwdX] L=64 states=5 -> 9
[DP-fwdX] L=64 states=1 -> 2
[DP-fwdX] L=80 states=10 -> 11
[DP-bwdX] L=96 states=1 -> 1
[DP-bwdX] L=80 states=19 -> 31
[DP-fwdX] L=80 states=2 -> 3
[DP-bwdX] L=80 states=2 -> 5
[DP-bwdX] L=96 states=1 -> 1
[DP-bwdX] L=96 states=1 -> 1
[DP-bwdX] L=96 states=1 -> 1
[DP-bwdX] L=96 states=1 -> 1
  [Round 137] T_prime=16  T_target=12  HPWL_w=798000  HPWL_eq=780  maxL=21  WNS(T')=-5  WNS*(T)=-9  picked=172  solve_ms=81.9252
[OC-Shortest/pow2] m=12 h=8 SEG=4 bits=48 words=1 threads=24
[DP-fwdX] L=0 states=1 -> 1
[DP-fwdX] L=16 states=179 -> 218
[DP-fwdX] L=32 states=1870 -> 2034
[DP-bwdX] L=96 states=1 -> 1
[DP-bwdX] L=80 states=179 -> 218
[DP-bwdX] L=64 states=1870 -> 2034
[DP-fwdX] L=0 states=1 -> 1
[DP-fwdX] L=16 states=179 -> 218
[DP-bwdX] L=48 states=1 -> 1
[DP-bwdX] L=32 states=94 -> 103
[DP-fwdX] L=0 states=1 -> 1
[DP-bwdX] L=16 states=29 -> 29
[DP-fwdX] L=0 states=1 -> 1
[DP-fwdX] L=0 states=1 -> 1
[DP-fwdX] L=0 states=1 -> 1
[DP-fwdX] L=16 states=19 -> 32
[DP-bwdX] L=16 states=4 -> 5
[DP-fwdX] L=16 states=1 -> 2
[DP-fwdX] L=32 states=126 -> 174
[DP-bwdX] L=48 states=1 -> 1
[DP-bwdX] L=32 states=12 -> 16
[DP-fwdX] L=32 states=4 -> 6
[DP-bwdX] L=32 states=2 -> 3
[DP-bwdX] L=48 states=1 -> 1
[DP-bwdX] L=48 states=1 -> 1
[DP-bwdX] L=48 states=1 -> 1
[DP-bwdX] L=48 states=1 -> 1
[DP-fwdX] L=48 states=1 -> 1
[DP-fwdX] L=64 states=94 -> 103
[DP-bwdX] L=96 states=1 -> 1
[DP-bwdX] L=80 states=179 -> 218
[DP-fwdX] L=48 states=1 -> 1
[DP-bwdX] L=64 states=97 -> 135
[DP-fwdX] L=48 states=1 -> 1
[DP-fwdX] L=48 states=1 -> 1
[DP-fwdX] L=48 states=1 -> 1
[DP-fwdX] L=64 states=12 -> 16
[DP-bwdX] L=64 states=4 -> 6
[DP-fwdX] L=64 states=1 -> 1
[DP-fwdX] L=80 states=13 -> 14
[DP-bwdX] L=96 states=1 -> 1
[DP-bwdX] L=80 states=19 -> 32
[DP-fwdX] L=80 states=4 -> 5
[DP-bwdX] L=80 states=3 -> 7
[DP-bwdX] L=96 states=1 -> 1
[DP-bwdX] L=96 states=1 -> 1
[DP-bwdX] L=96 states=1 -> 1
[DP-bwdX] L=96 states=1 -> 1
  [Round 138] T_prime=16  T_target=12  HPWL_w=798000  HPWL_eq=777  maxL=27  WNS(T')=-11  WNS*(T)=-15  picked=172  solve_ms=90.4619
[OC-Shortest/pow2] m=12 h=8 SEG=4 bits=48 words=1 threads=24
[DP-fwdX] L=0 states=1 -> 1
[DP-fwdX] L=16 states=179 -> 218
[DP-fwdX] L=32 states=1870 -> 2034
[DP-bwdX] L=96 states=1 -> 1
[DP-bwdX] L=80 states=179 -> 218
[DP-bwdX] L=64 states=1870 -> 2034
[DP-fwdX] L=0 states=1 -> 1
[DP-fwdX] L=16 states=179 -> 218
[DP-bwdX] L=48 states=1 -> 1
[DP-bwdX] L=32 states=94 -> 103
[DP-fwdX] L=0 states=1 -> 1
[DP-bwdX] L=16 states=10 -> 11
[DP-fwdX] L=0 states=1 -> 1
[DP-fwdX] L=0 states=1 -> 1
[DP-fwdX] L=0 states=1 -> 1
[DP-fwdX] L=16 states=19 -> 31
[DP-bwdX] L=16 states=4 -> 6
[DP-fwdX] L=16 states=1 -> 3
[DP-fwdX] L=32 states=22 -> 29
[DP-bwdX] L=48 states=1 -> 1
[DP-bwdX] L=32 states=15 -> 21
[DP-fwdX] L=32 states=5 -> 9
[DP-bwdX] L=32 states=3 -> 6
[DP-bwdX] L=48 states=1 -> 1
[DP-bwdX] L=48 states=1 -> 1
[DP-bwdX] L=48 states=1 -> 1
[DP-bwdX] L=48 states=1 -> 1
[DP-fwdX] L=48 states=1 -> 1
[DP-fwdX] L=64 states=94 -> 103
[DP-bwdX] L=96 states=1 -> 1
[DP-bwdX] L=80 states=179 -> 218
[DP-fwdX] L=48 states=1 -> 1
[DP-bwdX] L=64 states=22 -> 29
[DP-fwdX] L=48 states=1 -> 1
[DP-fwdX] L=48 states=1 -> 1
[DP-fwdX] L=48 states=1 -> 1
[DP-fwdX] L=64 states=15 -> 21
[DP-bwdX] L=64 states=5 -> 9
[DP-fwdX] L=64 states=1 -> 2
[DP-fwdX] L=80 states=10 -> 11
[DP-bwdX] L=96 states=1 -> 1
[DP-bwdX] L=80 states=19 -> 31
[DP-fwdX] L=80 states=2 -> 3
[DP-bwdX] L=80 states=2 -> 5
[DP-bwdX] L=96 states=1 -> 1
[DP-bwdX] L=96 states=1 -> 1
[DP-bwdX] L=96 states=1 -> 1
[DP-bwdX] L=96 states=1 -> 1
  [Round 139] T_prime=16  T_target=12  HPWL_w=798000  HPWL_eq=780  maxL=21  WNS(T')=-5  WNS*(T)=-9  picked=172  solve_ms=83.0276
[OC-Shortest/pow2] m=12 h=8 SEG=4 bits=48 words=1 threads=24
[DP-fwdX] L=0 states=1 -> 1
[DP-fwdX] L=16 states=179 -> 218
[DP-fwdX] L=32 states=1870 -> 2034
[DP-bwdX] L=96 states=1 -> 1
[DP-bwdX] L=80 states=179 -> 218
[DP-bwdX] L=64 states=1870 -> 2034
[DP-fwdX] L=0 states=1 -> 1
[DP-fwdX] L=16 states=179 -> 218
[DP-bwdX] L=48 states=1 -> 1
[DP-bwdX] L=32 states=94 -> 103
[DP-fwdX] L=0 states=1 -> 1
[DP-bwdX] L=16 states=29 -> 29
[DP-fwdX] L=0 states=1 -> 1
[DP-fwdX] L=0 states=1 -> 1
[DP-fwdX] L=0 states=1 -> 1
[DP-fwdX] L=16 states=19 -> 32
[DP-bwdX] L=16 states=4 -> 5
[DP-fwdX] L=16 states=1 -> 2
[DP-fwdX] L=32 states=126 -> 174
[DP-bwdX] L=48 states=1 -> 1
[DP-bwdX] L=32 states=12 -> 16
[DP-fwdX] L=32 states=4 -> 6
[DP-bwdX] L=32 states=2 -> 3
[DP-bwdX] L=48 states=1 -> 1
[DP-bwdX] L=48 states=1 -> 1
[DP-bwdX] L=48 states=1 -> 1
[DP-bwdX] L=48 states=1 -> 1
[DP-fwdX] L=48 states=1 -> 1
[DP-fwdX] L=64 states=94 -> 103
[DP-bwdX] L=96 states=1 -> 1
[DP-bwdX] L=80 states=179 -> 218
[DP-fwdX] L=48 states=1 -> 1
[DP-bwdX] L=64 states=97 -> 135
[DP-fwdX] L=48 states=1 -> 1
[DP-fwdX] L=48 states=1 -> 1
[DP-fwdX] L=48 states=1 -> 1
[DP-fwdX] L=64 states=12 -> 16
[DP-bwdX] L=64 states=4 -> 6
[DP-fwdX] L=64 states=1 -> 1
[DP-fwdX] L=80 states=13 -> 14
[DP-bwdX] L=96 states=1 -> 1
[DP-bwdX] L=80 states=19 -> 32
[DP-fwdX] L=80 states=4 -> 5
[DP-bwdX] L=80 states=3 -> 7
[DP-bwdX] L=96 states=1 -> 1
[DP-bwdX] L=96 states=1 -> 1
[DP-bwdX] L=96 states=1 -> 1
[DP-bwdX] L=96 states=1 -> 1
  [Round 140] T_prime=16  T_target=12  HPWL_w=798000  HPWL_eq=777  maxL=27  WNS(T')=-11  WNS*(T)=-15  picked=172  solve_ms=83.7982
[OC-Shortest/pow2] m=12 h=8 SEG=4 bits=48 words=1 threads=24
[DP-fwdX] L=0 states=1 -> 1
[DP-fwdX] L=16 states=179 -> 218
[DP-fwdX] L=32 states=1870 -> 2034
[DP-bwdX] L=96 states=1 -> 1
[DP-bwdX] L=80 states=179 -> 218
[DP-bwdX] L=64 states=1870 -> 2034
[DP-fwdX] L=0 states=1 -> 1
[DP-fwdX] L=16 states=179 -> 218
[DP-bwdX] L=48 states=1 -> 1
[DP-bwdX] L=32 states=94 -> 103
[DP-fwdX] L=0 states=1 -> 1
[DP-bwdX] L=16 states=10 -> 11
[DP-fwdX] L=0 states=1 -> 1
[DP-fwdX] L=0 states=1 -> 1
[DP-fwdX] L=0 states=1 -> 1
[DP-fwdX] L=16 states=19 -> 31
[DP-bwdX] L=16 states=4 -> 6
[DP-fwdX] L=16 states=1 -> 3
[DP-fwdX] L=32 states=22 -> 29
[DP-bwdX] L=48 states=1 -> 1
[DP-bwdX] L=32 states=15 -> 21
[DP-fwdX] L=32 states=5 -> 9
[DP-bwdX] L=32 states=3 -> 6
[DP-bwdX] L=48 states=1 -> 1
[DP-bwdX] L=48 states=1 -> 1
[DP-bwdX] L=48 states=1 -> 1
[DP-bwdX] L=48 states=1 -> 1
[DP-fwdX] L=48 states=1 -> 1
[DP-fwdX] L=64 states=94 -> 103
[DP-bwdX] L=96 states=1 -> 1
[DP-bwdX] L=80 states=179 -> 218
[DP-fwdX] L=48 states=1 -> 1
[DP-bwdX] L=64 states=22 -> 29
[DP-fwdX] L=48 states=1 -> 1
[DP-fwdX] L=48 states=1 -> 1
[DP-fwdX] L=48 states=1 -> 1
[DP-fwdX] L=64 states=15 -> 21
[DP-bwdX] L=64 states=5 -> 9
[DP-fwdX] L=64 states=1 -> 2
[DP-fwdX] L=80 states=10 -> 11
[DP-bwdX] L=96 states=1 -> 1
[DP-bwdX] L=80 states=19 -> 31
[DP-fwdX] L=80 states=2 -> 3
[DP-bwdX] L=80 states=2 -> 5
[DP-bwdX] L=96 states=1 -> 1
[DP-bwdX] L=96 states=1 -> 1
[DP-bwdX] L=96 states=1 -> 1
[DP-bwdX] L=96 states=1 -> 1
  [Round 141] T_prime=16  T_target=12  HPWL_w=798000  HPWL_eq=780  maxL=21  WNS(T')=-5  WNS*(T)=-9  picked=172  solve_ms=90.7544
[OC-Shortest/pow2] m=12 h=8 SEG=4 bits=48 words=1 threads=24
[DP-fwdX] L=0 states=1 -> 1
[DP-fwdX] L=16 states=179 -> 218
[DP-fwdX] L=32 states=1870 -> 2034
[DP-bwdX] L=96 states=1 -> 1
[DP-bwdX] L=80 states=179 -> 218
[DP-bwdX] L=64 states=1870 -> 2034
[DP-fwdX] L=0 states=1 -> 1
[DP-fwdX] L=16 states=179 -> 218
[DP-bwdX] L=48 states=1 -> 1
[DP-bwdX] L=32 states=94 -> 103
[DP-fwdX] L=0 states=1 -> 1
[DP-bwdX] L=16 states=29 -> 29
[DP-fwdX] L=0 states=1 -> 1
[DP-fwdX] L=0 states=1 -> 1
[DP-fwdX] L=0 states=1 -> 1
[DP-fwdX] L=16 states=19 -> 32
[DP-bwdX] L=16 states=4 -> 5
[DP-fwdX] L=16 states=1 -> 2
[DP-fwdX] L=32 states=126 -> 174
[DP-bwdX] L=48 states=1 -> 1
[DP-bwdX] L=32 states=12 -> 16
[DP-fwdX] L=32 states=4 -> 6
[DP-bwdX] L=32 states=2 -> 3
[DP-bwdX] L=48 states=1 -> 1
[DP-bwdX] L=48 states=1 -> 1
[DP-bwdX] L=48 states=1 -> 1
[DP-bwdX] L=48 states=1 -> 1
[DP-fwdX] L=48 states=1 -> 1
[DP-fwdX] L=64 states=94 -> 103
[DP-bwdX] L=96 states=1 -> 1
[DP-bwdX] L=80 states=179 -> 218
[DP-fwdX] L=48 states=1 -> 1
[DP-bwdX] L=64 states=97 -> 135
[DP-fwdX] L=48 states=1 -> 1
[DP-fwdX] L=48 states=1 -> 1
[DP-fwdX] L=48 states=1 -> 1
[DP-fwdX] L=64 states=12 -> 16
[DP-bwdX] L=64 states=4 -> 6
[DP-fwdX] L=64 states=1 -> 1
[DP-fwdX] L=80 states=13 -> 14
[DP-bwdX] L=96 states=1 -> 1
[DP-bwdX] L=80 states=19 -> 32
[DP-fwdX] L=80 states=4 -> 5
[DP-bwdX] L=80 states=3 -> 7
[DP-bwdX] L=96 states=1 -> 1
[DP-bwdX] L=96 states=1 -> 1
[DP-bwdX] L=96 states=1 -> 1
[DP-bwdX] L=96 states=1 -> 1
  [Round 142] T_prime=16  T_target=12  HPWL_w=798000  HPWL_eq=777  maxL=27  WNS(T')=-11  WNS*(T)=-15  picked=172  solve_ms=126.982
[OC-Shortest/pow2] m=12 h=8 SEG=4 bits=48 words=1 threads=24
[DP-fwdX] L=0 states=1 -> 1
[DP-fwdX] L=16 states=179 -> 218
[DP-fwdX] L=32 states=1870 -> 2034
[DP-bwdX] L=96 states=1 -> 1
[DP-bwdX] L=80 states=179 -> 218
[DP-bwdX] L=64 states=1870 -> 2034
[DP-fwdX] L=0 states=1 -> 1
[DP-fwdX] L=16 states=179 -> 218
[DP-bwdX] L=48 states=1 -> 1
[DP-bwdX] L=32 states=94 -> 103
[DP-fwdX] L=0 states=1 -> 1
[DP-bwdX] L=16 states=10 -> 11
[DP-fwdX] L=0 states=1 -> 1
[DP-fwdX] L=0 states=1 -> 1
[DP-fwdX] L=0 states=1 -> 1
[DP-fwdX] L=16 states=19 -> 31
[DP-bwdX] L=16 states=4 -> 6
[DP-fwdX] L=16 states=1 -> 3
[DP-fwdX] L=32 states=22 -> 29
[DP-bwdX] L=48 states=1 -> 1
[DP-bwdX] L=32 states=15 -> 21
[DP-fwdX] L=32 states=5 -> 9
[DP-bwdX] L=32 states=3 -> 6
[DP-bwdX] L=48 states=1 -> 1
[DP-bwdX] L=48 states=1 -> 1
[DP-bwdX] L=48 states=1 -> 1
[DP-bwdX] L=48 states=1 -> 1
[DP-fwdX] L=48 states=1 -> 1
[DP-fwdX] L=64 states=94 -> 103
[DP-bwdX] L=96 states=1 -> 1
[DP-bwdX] L=80 states=179 -> 218
[DP-fwdX] L=48 states=1 -> 1
[DP-bwdX] L=64 states=22 -> 29
[DP-fwdX] L=48 states=1 -> 1
[DP-fwdX] L=48 states=1 -> 1
[DP-fwdX] L=48 states=1 -> 1
[DP-fwdX] L=64 states=15 -> 21
[DP-bwdX] L=64 states=5 -> 9
[DP-fwdX] L=64 states=1 -> 2
[DP-fwdX] L=80 states=10 -> 11
[DP-bwdX] L=96 states=1 -> 1
[DP-bwdX] L=80 states=19 -> 31
[DP-fwdX] L=80 states=2 -> 3
[DP-bwdX] L=80 states=2 -> 5
[DP-bwdX] L=96 states=1 -> 1
[DP-bwdX] L=96 states=1 -> 1
[DP-bwdX] L=96 states=1 -> 1
[DP-bwdX] L=96 states=1 -> 1
  [Round 143] T_prime=16  T_target=12  HPWL_w=798000  HPWL_eq=780  maxL=21  WNS(T')=-5  WNS*(T)=-9  picked=172  solve_ms=90.8336
[OC-Shortest/pow2] m=12 h=8 SEG=4 bits=48 words=1 threads=24
[DP-fwdX] L=0 states=1 -> 1
[DP-fwdX] L=16 states=179 -> 218
[DP-fwdX] L=32 states=1870 -> 2034
[DP-bwdX] L=96 states=1 -> 1
[DP-bwdX] L=80 states=179 -> 218
[DP-bwdX] L=64 states=1870 -> 2034
[DP-fwdX] L=0 states=1 -> 1
[DP-fwdX] L=16 states=179 -> 218
[DP-bwdX] L=48 states=1 -> 1
[DP-bwdX] L=32 states=94 -> 103
[DP-fwdX] L=0 states=1 -> 1
[DP-bwdX] L=16 states=29 -> 29
[DP-fwdX] L=0 states=1 -> 1
[DP-fwdX] L=0 states=1 -> 1
[DP-fwdX] L=0 states=1 -> 1
[DP-fwdX] L=16 states=19 -> 32
[DP-bwdX] L=16 states=4 -> 5
[DP-fwdX] L=16 states=1 -> 2
[DP-fwdX] L=32 states=126 -> 174
[DP-bwdX] L=48 states=1 -> 1
[DP-bwdX] L=32 states=12 -> 16
[DP-fwdX] L=32 states=4 -> 6
[DP-bwdX] L=32 states=2 -> 3
[DP-bwdX] L=48 states=1 -> 1
[DP-bwdX] L=48 states=1 -> 1
[DP-bwdX] L=48 states=1 -> 1
[DP-bwdX] L=48 states=1 -> 1
[DP-fwdX] L=48 states=1 -> 1
[DP-fwdX] L=64 states=94 -> 103
[DP-bwdX] L=96 states=1 -> 1
[DP-bwdX] L=80 states=179 -> 218
[DP-fwdX] L=48 states=1 -> 1
[DP-bwdX] L=64 states=97 -> 135
[DP-fwdX] L=48 states=1 -> 1
[DP-fwdX] L=48 states=1 -> 1
[DP-fwdX] L=48 states=1 -> 1
[DP-fwdX] L=64 states=12 -> 16
[DP-bwdX] L=64 states=4 -> 6
[DP-fwdX] L=64 states=1 -> 1
[DP-fwdX] L=80 states=13 -> 14
[DP-bwdX] L=96 states=1 -> 1
[DP-bwdX] L=80 states=19 -> 32
[DP-fwdX] L=80 states=4 -> 5
[DP-bwdX] L=80 states=3 -> 7
[DP-bwdX] L=96 states=1 -> 1
[DP-bwdX] L=96 states=1 -> 1
[DP-bwdX] L=96 states=1 -> 1
[DP-bwdX] L=96 states=1 -> 1
  [Round 144] T_prime=16  T_target=12  HPWL_w=798000  HPWL_eq=777  maxL=27  WNS(T')=-11  WNS*(T)=-15  picked=172  solve_ms=85.9843
[OC-Shortest/pow2] m=12 h=8 SEG=4 bits=48 words=1 threads=24
[DP-fwdX] L=0 states=1 -> 1
[DP-fwdX] L=16 states=179 -> 218
[DP-fwdX] L=32 states=1870 -> 2034
[DP-bwdX] L=96 states=1 -> 1
[DP-bwdX] L=80 states=179 -> 218
[DP-bwdX] L=64 states=1870 -> 2034
[DP-fwdX] L=0 states=1 -> 1
[DP-fwdX] L=16 states=179 -> 218
[DP-bwdX] L=48 states=1 -> 1
[DP-bwdX] L=32 states=94 -> 103
[DP-fwdX] L=0 states=1 -> 1
[DP-bwdX] L=16 states=10 -> 11
[DP-fwdX] L=0 states=1 -> 1
[DP-fwdX] L=0 states=1 -> 1
[DP-fwdX] L=0 states=1 -> 1
[DP-fwdX] L=16 states=19 -> 31
[DP-bwdX] L=16 states=4 -> 6
[DP-fwdX] L=16 states=1 -> 3
[DP-fwdX] L=32 states=22 -> 29
[DP-bwdX] L=48 states=1 -> 1
[DP-bwdX] L=32 states=15 -> 21
[DP-fwdX] L=32 states=5 -> 9
[DP-bwdX] L=32 states=3 -> 6
[DP-bwdX] L=48 states=1 -> 1
[DP-bwdX] L=48 states=1 -> 1
[DP-bwdX] L=48 states=1 -> 1
[DP-bwdX] L=48 states=1 -> 1
[DP-fwdX] L=48 states=1 -> 1
[DP-fwdX] L=64 states=94 -> 103
[DP-bwdX] L=96 states=1 -> 1
[DP-bwdX] L=80 states=179 -> 218
[DP-fwdX] L=48 states=1 -> 1
[DP-bwdX] L=64 states=22 -> 29
[DP-fwdX] L=48 states=1 -> 1
[DP-fwdX] L=48 states=1 -> 1
[DP-fwdX] L=48 states=1 -> 1
[DP-fwdX] L=64 states=15 -> 21
[DP-bwdX] L=64 states=5 -> 9
[DP-fwdX] L=64 states=1 -> 2
[DP-fwdX] L=80 states=10 -> 11
[DP-bwdX] L=96 states=1 -> 1
[DP-bwdX] L=80 states=19 -> 31
[DP-fwdX] L=80 states=2 -> 3
[DP-bwdX] L=80 states=2 -> 5
[DP-bwdX] L=96 states=1 -> 1
[DP-bwdX] L=96 states=1 -> 1
[DP-bwdX] L=96 states=1 -> 1
[DP-bwdX] L=96 states=1 -> 1
  [Round 145] T_prime=16  T_target=12  HPWL_w=798000  HPWL_eq=780  maxL=21  WNS(T')=-5  WNS*(T)=-9  picked=172  solve_ms=81.8951
[OC-Shortest/pow2] m=12 h=8 SEG=4 bits=48 words=1 threads=24
[DP-fwdX] L=0 states=1 -> 1
[DP-fwdX] L=16 states=179 -> 218
[DP-fwdX] L=32 states=1870 -> 2034
[DP-bwdX] L=96 states=1 -> 1
[DP-bwdX] L=80 states=179 -> 218
[DP-bwdX] L=64 states=1870 -> 2034
[DP-fwdX] L=0 states=1 -> 1
[DP-fwdX] L=16 states=179 -> 218
[DP-bwdX] L=48 states=1 -> 1
[DP-bwdX] L=32 states=94 -> 103
[DP-fwdX] L=0 states=1 -> 1
[DP-bwdX] L=16 states=29 -> 29
[DP-fwdX] L=0 states=1 -> 1
[DP-fwdX] L=0 states=1 -> 1
[DP-fwdX] L=0 states=1 -> 1
[DP-fwdX] L=16 states=19 -> 32
[DP-bwdX] L=16 states=4 -> 5
[DP-fwdX] L=16 states=1 -> 2
[DP-fwdX] L=32 states=126 -> 174
[DP-bwdX] L=48 states=1 -> 1
[DP-bwdX] L=32 states=12 -> 16
[DP-fwdX] L=32 states=4 -> 6
[DP-bwdX] L=32 states=2 -> 3
[DP-bwdX] L=48 states=1 -> 1
[DP-bwdX] L=48 states=1 -> 1
[DP-bwdX] L=48 states=1 -> 1
[DP-bwdX] L=48 states=1 -> 1
[DP-fwdX] L=48 states=1 -> 1
[DP-fwdX] L=64 states=94 -> 103
[DP-bwdX] L=96 states=1 -> 1
[DP-bwdX] L=80 states=179 -> 218
[DP-fwdX] L=48 states=1 -> 1
[DP-bwdX] L=64 states=97 -> 135
[DP-fwdX] L=48 states=1 -> 1
[DP-fwdX] L=48 states=1 -> 1
[DP-fwdX] L=48 states=1 -> 1
[DP-fwdX] L=64 states=12 -> 16
[DP-bwdX] L=64 states=4 -> 6
[DP-fwdX] L=64 states=1 -> 1
[DP-fwdX] L=80 states=13 -> 14
[DP-bwdX] L=96 states=1 -> 1
[DP-bwdX] L=80 states=19 -> 32
[DP-fwdX] L=80 states=4 -> 5
[DP-bwdX] L=80 states=3 -> 7
[DP-bwdX] L=96 states=1 -> 1
[DP-bwdX] L=96 states=1 -> 1
[DP-bwdX] L=96 states=1 -> 1
[DP-bwdX] L=96 states=1 -> 1
  [Round 146] T_prime=16  T_target=12  HPWL_w=798000  HPWL_eq=777  maxL=27  WNS(T')=-11  WNS*(T)=-15  picked=172  solve_ms=83.7062
[OC-Shortest/pow2] m=12 h=8 SEG=4 bits=48 words=1 threads=24
[DP-fwdX] L=0 states=1 -> 1
[DP-fwdX] L=16 states=179 -> 218
[DP-fwdX] L=32 states=1870 -> 2034
[DP-bwdX] L=96 states=1 -> 1
[DP-bwdX] L=80 states=179 -> 218
[DP-bwdX] L=64 states=1870 -> 2034
[DP-fwdX] L=0 states=1 -> 1
[DP-fwdX] L=16 states=179 -> 218
[DP-bwdX] L=48 states=1 -> 1
[DP-bwdX] L=32 states=94 -> 103
[DP-fwdX] L=0 states=1 -> 1
[DP-bwdX] L=16 states=10 -> 11
[DP-fwdX] L=0 states=1 -> 1
[DP-fwdX] L=0 states=1 -> 1
[DP-fwdX] L=0 states=1 -> 1
[DP-fwdX] L=16 states=19 -> 31
[DP-bwdX] L=16 states=4 -> 6
[DP-fwdX] L=16 states=1 -> 3
[DP-fwdX] L=32 states=22 -> 29
[DP-bwdX] L=48 states=1 -> 1
[DP-bwdX] L=32 states=15 -> 21
[DP-fwdX] L=32 states=5 -> 9
[DP-bwdX] L=32 states=3 -> 6
[DP-bwdX] L=48 states=1 -> 1
[DP-bwdX] L=48 states=1 -> 1
[DP-bwdX] L=48 states=1 -> 1
[DP-bwdX] L=48 states=1 -> 1
[DP-fwdX] L=48 states=1 -> 1
[DP-fwdX] L=64 states=94 -> 103
[DP-bwdX] L=96 states=1 -> 1
[DP-bwdX] L=80 states=179 -> 218
[DP-fwdX] L=48 states=1 -> 1
[DP-bwdX] L=64 states=22 -> 29
[DP-fwdX] L=48 states=1 -> 1
[DP-fwdX] L=48 states=1 -> 1
[DP-fwdX] L=48 states=1 -> 1
[DP-fwdX] L=64 states=15 -> 21
[DP-bwdX] L=64 states=5 -> 9
[DP-fwdX] L=64 states=1 -> 2
[DP-fwdX] L=80 states=10 -> 11
[DP-bwdX] L=96 states=1 -> 1
[DP-bwdX] L=80 states=19 -> 31
[DP-fwdX] L=80 states=2 -> 3
[DP-bwdX] L=80 states=2 -> 5
[DP-bwdX] L=96 states=1 -> 1
[DP-bwdX] L=96 states=1 -> 1
[DP-bwdX] L=96 states=1 -> 1
[DP-bwdX] L=96 states=1 -> 1
  [Round 147] T_prime=16  T_target=12  HPWL_w=798000  HPWL_eq=780  maxL=21  WNS(T')=-5  WNS*(T)=-9  picked=172  solve_ms=83.0855
[OC-Shortest/pow2] m=12 h=8 SEG=4 bits=48 words=1 threads=24
[DP-fwdX] L=0 states=1 -> 1
[DP-fwdX] L=16 states=179 -> 218
[DP-fwdX] L=32 states=1870 -> 2034
[DP-bwdX] L=96 states=1 -> 1
[DP-bwdX] L=80 states=179 -> 218
[DP-bwdX] L=64 states=1870 -> 2034
[DP-fwdX] L=0 states=1 -> 1
[DP-fwdX] L=16 states=179 -> 218
[DP-bwdX] L=48 states=1 -> 1
[DP-bwdX] L=32 states=94 -> 103
[DP-fwdX] L=0 states=1 -> 1
[DP-bwdX] L=16 states=29 -> 29
[DP-fwdX] L=0 states=1 -> 1
[DP-fwdX] L=0 states=1 -> 1
[DP-fwdX] L=0 states=1 -> 1
[DP-fwdX] L=16 states=19 -> 32
[DP-bwdX] L=16 states=4 -> 5
[DP-fwdX] L=16 states=1 -> 2
[DP-fwdX] L=32 states=126 -> 174
[DP-bwdX] L=48 states=1 -> 1
[DP-bwdX] L=32 states=12 -> 16
[DP-fwdX] L=32 states=4 -> 6
[DP-bwdX] L=32 states=2 -> 3
[DP-bwdX] L=48 states=1 -> 1
[DP-bwdX] L=48 states=1 -> 1
[DP-bwdX] L=48 states=1 -> 1
[DP-bwdX] L=48 states=1 -> 1
[DP-fwdX] L=48 states=1 -> 1
[DP-fwdX] L=64 states=94 -> 103
[DP-bwdX] L=96 states=1 -> 1
[DP-bwdX] L=80 states=179 -> 218
[DP-fwdX] L=48 states=1 -> 1
[DP-bwdX] L=64 states=97 -> 135
[DP-fwdX] L=48 states=1 -> 1
[DP-fwdX] L=48 states=1 -> 1
[DP-fwdX] L=48 states=1 -> 1
[DP-fwdX] L=64 states=12 -> 16
[DP-bwdX] L=64 states=4 -> 6
[DP-fwdX] L=64 states=1 -> 1
[DP-fwdX] L=80 states=13 -> 14
[DP-bwdX] L=96 states=1 -> 1
[DP-bwdX] L=80 states=19 -> 32
[DP-fwdX] L=80 states=4 -> 5
[DP-bwdX] L=80 states=3 -> 7
[DP-bwdX] L=96 states=1 -> 1
[DP-bwdX] L=96 states=1 -> 1
[DP-bwdX] L=96 states=1 -> 1
[DP-bwdX] L=96 states=1 -> 1
  [Round 148] T_prime=16  T_target=12  HPWL_w=798000  HPWL_eq=777  maxL=27  WNS(T')=-11  WNS*(T)=-15  picked=172  solve_ms=89.7455
[OC-Shortest/pow2] m=12 h=8 SEG=4 bits=48 words=1 threads=24
[DP-fwdX] L=0 states=1 -> 1
[DP-fwdX] L=16 states=179 -> 218
[DP-fwdX] L=32 states=1870 -> 2034
[DP-bwdX] L=96 states=1 -> 1
[DP-bwdX] L=80 states=179 -> 218
[DP-bwdX] L=64 states=1870 -> 2034
[DP-fwdX] L=0 states=1 -> 1
[DP-fwdX] L=16 states=179 -> 218
[DP-bwdX] L=48 states=1 -> 1
[DP-bwdX] L=32 states=94 -> 103
[DP-fwdX] L=0 states=1 -> 1
[DP-bwdX] L=16 states=10 -> 11
[DP-fwdX] L=0 states=1 -> 1
[DP-fwdX] L=0 states=1 -> 1
[DP-fwdX] L=0 states=1 -> 1
[DP-fwdX] L=16 states=19 -> 31
[DP-bwdX] L=16 states=4 -> 6
[DP-fwdX] L=16 states=1 -> 3
[DP-fwdX] L=32 states=22 -> 29
[DP-bwdX] L=48 states=1 -> 1
[DP-bwdX] L=32 states=15 -> 21
[DP-fwdX] L=32 states=5 -> 9
[DP-bwdX] L=32 states=3 -> 6
[DP-bwdX] L=48 states=1 -> 1
[DP-bwdX] L=48 states=1 -> 1
[DP-bwdX] L=48 states=1 -> 1
[DP-bwdX] L=48 states=1 -> 1
[DP-fwdX] L=48 states=1 -> 1
[DP-fwdX] L=64 states=94 -> 103
[DP-bwdX] L=96 states=1 -> 1
[DP-bwdX] L=80 states=179 -> 218
[DP-fwdX] L=48 states=1 -> 1
[DP-bwdX] L=64 states=22 -> 29
[DP-fwdX] L=48 states=1 -> 1
[DP-fwdX] L=48 states=1 -> 1
[DP-fwdX] L=48 states=1 -> 1
[DP-fwdX] L=64 states=15 -> 21
[DP-bwdX] L=64 states=5 -> 9
[DP-fwdX] L=64 states=1 -> 2
[DP-fwdX] L=80 states=10 -> 11
[DP-bwdX] L=96 states=1 -> 1
[DP-bwdX] L=80 states=19 -> 31
[DP-fwdX] L=80 states=2 -> 3
[DP-bwdX] L=80 states=2 -> 5
[DP-bwdX] L=96 states=1 -> 1
[DP-bwdX] L=96 states=1 -> 1
[DP-bwdX] L=96 states=1 -> 1
[DP-bwdX] L=96 states=1 -> 1
  [Round 149] T_prime=16  T_target=12  HPWL_w=798000  HPWL_eq=780  maxL=21  WNS(T')=-5  WNS*(T)=-9  picked=172  solve_ms=91.2389
[OC-Shortest/pow2] m=12 h=8 SEG=4 bits=48 words=1 threads=24
[DP-fwdX] L=0 states=1 -> 1
[DP-fwdX] L=16 states=179 -> 218
[DP-fwdX] L=32 states=1870 -> 2034
[DP-bwdX] L=96 states=1 -> 1
[DP-bwdX] L=80 states=179 -> 218
[DP-bwdX] L=64 states=1870 -> 2034
[DP-fwdX] L=0 states=1 -> 1
[DP-fwdX] L=16 states=179 -> 218
[DP-bwdX] L=48 states=1 -> 1
[DP-bwdX] L=32 states=94 -> 103
[DP-fwdX] L=0 states=1 -> 1
[DP-bwdX] L=16 states=29 -> 29
[DP-fwdX] L=0 states=1 -> 1
[DP-fwdX] L=0 states=1 -> 1
[DP-fwdX] L=0 states=1 -> 1
[DP-fwdX] L=16 states=19 -> 32
[DP-bwdX] L=16 states=4 -> 5
[DP-fwdX] L=16 states=1 -> 2
[DP-fwdX] L=32 states=126 -> 174
[DP-bwdX] L=48 states=1 -> 1
[DP-bwdX] L=32 states=12 -> 16
[DP-fwdX] L=32 states=4 -> 6
[DP-bwdX] L=32 states=2 -> 3
[DP-bwdX] L=48 states=1 -> 1
[DP-bwdX] L=48 states=1 -> 1
[DP-bwdX] L=48 states=1 -> 1
[DP-bwdX] L=48 states=1 -> 1
[DP-fwdX] L=48 states=1 -> 1
[DP-fwdX] L=64 states=94 -> 103
[DP-bwdX] L=96 states=1 -> 1
[DP-bwdX] L=80 states=179 -> 218
[DP-fwdX] L=48 states=1 -> 1
[DP-bwdX] L=64 states=97 -> 135
[DP-fwdX] L=48 states=1 -> 1
[DP-fwdX] L=48 states=1 -> 1
[DP-fwdX] L=48 states=1 -> 1
[DP-fwdX] L=64 states=12 -> 16
[DP-bwdX] L=64 states=4 -> 6
[DP-fwdX] L=64 states=1 -> 1
[DP-fwdX] L=80 states=13 -> 14
[DP-bwdX] L=96 states=1 -> 1
[DP-bwdX] L=80 states=19 -> 32
[DP-fwdX] L=80 states=4 -> 5
[DP-bwdX] L=80 states=3 -> 7
[DP-bwdX] L=96 states=1 -> 1
[DP-bwdX] L=96 states=1 -> 1
[DP-bwdX] L=96 states=1 -> 1
[DP-bwdX] L=96 states=1 -> 1
  [Round 150] T_prime=16  T_target=12  HPWL_w=798000  HPWL_eq=777  maxL=27  WNS(T')=-11  WNS*(T)=-15  picked=172  solve_ms=84.8594
[OC-Shortest/pow2] m=12 h=8 SEG=4 bits=48 words=1 threads=24
[DP-fwdX] L=0 states=1 -> 1
[DP-fwdX] L=16 states=179 -> 218
[DP-fwdX] L=32 states=1870 -> 2034
[DP-bwdX] L=96 states=1 -> 1
[DP-bwdX] L=80 states=179 -> 218
[DP-bwdX] L=64 states=1870 -> 2034
[DP-fwdX] L=0 states=1 -> 1
[DP-fwdX] L=16 states=179 -> 218
[DP-bwdX] L=48 states=1 -> 1
[DP-bwdX] L=32 states=94 -> 103
[DP-fwdX] L=0 states=1 -> 1
[DP-bwdX] L=16 states=10 -> 11
[DP-fwdX] L=0 states=1 -> 1
[DP-fwdX] L=0 states=1 -> 1
[DP-fwdX] L=0 states=1 -> 1
[DP-fwdX] L=16 states=19 -> 31
[DP-bwdX] L=16 states=4 -> 6
[DP-fwdX] L=16 states=1 -> 3
[DP-fwdX] L=32 states=22 -> 29
[DP-bwdX] L=48 states=1 -> 1
[DP-bwdX] L=32 states=15 -> 21
[DP-fwdX] L=32 states=5 -> 9
[DP-bwdX] L=32 states=3 -> 6
[DP-bwdX] L=48 states=1 -> 1
[DP-bwdX] L=48 states=1 -> 1
[DP-bwdX] L=48 states=1 -> 1
[DP-bwdX] L=48 states=1 -> 1
[DP-fwdX] L=48 states=1 -> 1
[DP-fwdX] L=64 states=94 -> 103
[DP-bwdX] L=96 states=1 -> 1
[DP-bwdX] L=80 states=179 -> 218
[DP-fwdX] L=48 states=1 -> 1
[DP-bwdX] L=64 states=22 -> 29
[DP-fwdX] L=48 states=1 -> 1
[DP-fwdX] L=48 states=1 -> 1
[DP-fwdX] L=48 states=1 -> 1
[DP-fwdX] L=64 states=15 -> 21
[DP-bwdX] L=64 states=5 -> 9
[DP-fwdX] L=64 states=1 -> 2
[DP-fwdX] L=80 states=10 -> 11
[DP-bwdX] L=96 states=1 -> 1
[DP-bwdX] L=80 states=19 -> 31
[DP-fwdX] L=80 states=2 -> 3
[DP-bwdX] L=80 states=2 -> 5
[DP-bwdX] L=96 states=1 -> 1
[DP-bwdX] L=96 states=1 -> 1
[DP-bwdX] L=96 states=1 -> 1
[DP-bwdX] L=96 states=1 -> 1
  [Round 151] T_prime=16  T_target=12  HPWL_w=798000  HPWL_eq=780  maxL=21  WNS(T')=-5  WNS*(T)=-9  picked=172  solve_ms=105.406
[OC-Shortest/pow2] m=12 h=8 SEG=4 bits=48 words=1 threads=24
[DP-fwdX] L=0 states=1 -> 1
[DP-fwdX] L=16 states=179 -> 218
[DP-fwdX] L=32 states=1870 -> 2034
[DP-bwdX] L=96 states=1 -> 1
[DP-bwdX] L=80 states=179 -> 218
[DP-bwdX] L=64 states=1870 -> 2034
[DP-fwdX] L=0 states=1 -> 1
[DP-fwdX] L=16 states=179 -> 218
[DP-bwdX] L=48 states=1 -> 1
[DP-bwdX] L=32 states=94 -> 103
[DP-fwdX] L=0 states=1 -> 1
[DP-bwdX] L=16 states=29 -> 29
[DP-fwdX] L=0 states=1 -> 1
[DP-fwdX] L=0 states=1 -> 1
[DP-fwdX] L=0 states=1 -> 1
[DP-fwdX] L=16 states=19 -> 32
[DP-bwdX] L=16 states=4 -> 5
[DP-fwdX] L=16 states=1 -> 2
[DP-fwdX] L=32 states=126 -> 174
[DP-bwdX] L=48 states=1 -> 1
[DP-bwdX] L=32 states=12 -> 16
[DP-fwdX] L=32 states=4 -> 6
[DP-bwdX] L=32 states=2 -> 3
[DP-bwdX] L=48 states=1 -> 1
[DP-bwdX] L=48 states=1 -> 1
[DP-bwdX] L=48 states=1 -> 1
[DP-bwdX] L=48 states=1 -> 1
[DP-fwdX] L=48 states=1 -> 1
[DP-fwdX] L=64 states=94 -> 103
[DP-bwdX] L=96 states=1 -> 1
[DP-bwdX] L=80 states=179 -> 218
[DP-fwdX] L=48 states=1 -> 1
[DP-bwdX] L=64 states=97 -> 135
[DP-fwdX] L=48 states=1 -> 1
[DP-fwdX] L=48 states=1 -> 1
[DP-fwdX] L=48 states=1 -> 1
[DP-fwdX] L=64 states=12 -> 16
[DP-bwdX] L=64 states=4 -> 6
[DP-fwdX] L=64 states=1 -> 1
[DP-fwdX] L=80 states=13 -> 14
[DP-bwdX] L=96 states=1 -> 1
[DP-bwdX] L=80 states=19 -> 32
[DP-fwdX] L=80 states=4 -> 5
[DP-bwdX] L=80 states=3 -> 7
[DP-bwdX] L=96 states=1 -> 1
[DP-bwdX] L=96 states=1 -> 1
[DP-bwdX] L=96 states=1 -> 1
[DP-bwdX] L=96 states=1 -> 1
  [Round 152] T_prime=16  T_target=12  HPWL_w=798000  HPWL_eq=777  maxL=27  WNS(T')=-11  WNS*(T)=-15  picked=172  solve_ms=90.2585
[OC-Shortest/pow2] m=12 h=8 SEG=4 bits=48 words=1 threads=24
[DP-fwdX] L=0 states=1 -> 1
[DP-fwdX] L=16 states=179 -> 218
[DP-fwdX] L=32 states=1870 -> 2034
[DP-bwdX] L=96 states=1 -> 1
[DP-bwdX] L=80 states=179 -> 218
[DP-bwdX] L=64 states=1870 -> 2034
[DP-fwdX] L=0 states=1 -> 1
[DP-fwdX] L=16 states=179 -> 218
[DP-bwdX] L=48 states=1 -> 1
[DP-bwdX] L=32 states=94 -> 103
[DP-fwdX] L=0 states=1 -> 1
[DP-bwdX] L=16 states=10 -> 11
[DP-fwdX] L=0 states=1 -> 1
[DP-fwdX] L=0 states=1 -> 1
[DP-fwdX] L=0 states=1 -> 1
[DP-fwdX] L=16 states=19 -> 31
[DP-bwdX] L=16 states=4 -> 6
[DP-fwdX] L=16 states=1 -> 3
[DP-fwdX] L=32 states=22 -> 29
[DP-bwdX] L=48 states=1 -> 1
[DP-bwdX] L=32 states=15 -> 21
[DP-fwdX] L=32 states=5 -> 9
[DP-bwdX] L=32 states=3 -> 6
[DP-bwdX] L=48 states=1 -> 1
[DP-bwdX] L=48 states=1 -> 1
[DP-bwdX] L=48 states=1 -> 1
[DP-bwdX] L=48 states=1 -> 1
[DP-fwdX] L=48 states=1 -> 1
[DP-fwdX] L=64 states=94 -> 103
[DP-bwdX] L=96 states=1 -> 1
[DP-bwdX] L=80 states=179 -> 218
[DP-fwdX] L=48 states=1 -> 1
[DP-bwdX] L=64 states=22 -> 29
[DP-fwdX] L=48 states=1 -> 1
[DP-fwdX] L=48 states=1 -> 1
[DP-fwdX] L=48 states=1 -> 1
[DP-fwdX] L=64 states=15 -> 21
[DP-bwdX] L=64 states=5 -> 9
[DP-fwdX] L=64 states=1 -> 2
[DP-fwdX] L=80 states=10 -> 11
[DP-bwdX] L=96 states=1 -> 1
[DP-bwdX] L=80 states=19 -> 31
[DP-fwdX] L=80 states=2 -> 3
[DP-bwdX] L=80 states=2 -> 5
[DP-bwdX] L=96 states=1 -> 1
[DP-bwdX] L=96 states=1 -> 1
[DP-bwdX] L=96 states=1 -> 1
[DP-bwdX] L=96 states=1 -> 1
  [Round 153] T_prime=16  T_target=12  HPWL_w=798000  HPWL_eq=780  maxL=21  WNS(T')=-5  WNS*(T)=-9  picked=172  solve_ms=208.038
[OC-Shortest/pow2] m=12 h=8 SEG=4 bits=48 words=1 threads=24
[DP-fwdX] L=0 states=1 -> 1
[DP-fwdX] L=16 states=179 -> 218
[DP-fwdX] L=32 states=1870 -> 2034
[DP-bwdX] L=96 states=1 -> 1
[DP-bwdX] L=80 states=179 -> 218
[DP-bwdX] L=64 states=1870 -> 2034
[DP-fwdX] L=0 states=1 -> 1
[DP-fwdX] L=16 states=179 -> 218
[DP-bwdX] L=48 states=1 -> 1
[DP-bwdX] L=32 states=94 -> 103
[DP-fwdX] L=0 states=1 -> 1
[DP-bwdX] L=16 states=29 -> 29
[DP-fwdX] L=0 states=1 -> 1
[DP-fwdX] L=0 states=1 -> 1
[DP-fwdX] L=0 states=1 -> 1
[DP-fwdX] L=16 states=19 -> 32
[DP-bwdX] L=16 states=4 -> 5
[DP-fwdX] L=16 states=1 -> 2
[DP-fwdX] L=32 states=126 -> 174
[DP-bwdX] L=48 states=1 -> 1
[DP-bwdX] L=32 states=12 -> 16
[DP-fwdX] L=32 states=4 -> 6
[DP-bwdX] L=32 states=2 -> 3
[DP-bwdX] L=48 states=1 -> 1
[DP-bwdX] L=48 states=1 -> 1
[DP-bwdX] L=48 states=1 -> 1
[DP-bwdX] L=48 states=1 -> 1
[DP-fwdX] L=48 states=1 -> 1
[DP-fwdX] L=64 states=94 -> 103
[DP-bwdX] L=96 states=1 -> 1
[DP-bwdX] L=80 states=179 -> 218
[DP-fwdX] L=48 states=1 -> 1
[DP-bwdX] L=64 states=97 -> 135
[DP-fwdX] L=48 states=1 -> 1
[DP-fwdX] L=48 states=1 -> 1
[DP-fwdX] L=48 states=1 -> 1
[DP-fwdX] L=64 states=12 -> 16
[DP-bwdX] L=64 states=4 -> 6
[DP-fwdX] L=64 states=1 -> 1
[DP-fwdX] L=80 states=13 -> 14
[DP-bwdX] L=96 states=1 -> 1
[DP-bwdX] L=80 states=19 -> 32
[DP-fwdX] L=80 states=4 -> 5
[DP-bwdX] L=80 states=3 -> 7
[DP-bwdX] L=96 states=1 -> 1
[DP-bwdX] L=96 states=1 -> 1
[DP-bwdX] L=96 states=1 -> 1
[DP-bwdX] L=96 states=1 -> 1
  [Round 154] T_prime=16  T_target=12  HPWL_w=798000  HPWL_eq=777  maxL=27  WNS(T')=-11  WNS*(T)=-15  picked=172  solve_ms=88.0022
[OC-Shortest/pow2] m=12 h=8 SEG=4 bits=48 words=1 threads=24
[DP-fwdX] L=0 states=1 -> 1
[DP-fwdX] L=16 states=179 -> 218
[DP-fwdX] L=32 states=1870 -> 2034
[DP-bwdX] L=96 states=1 -> 1
[DP-bwdX] L=80 states=179 -> 218
[DP-bwdX] L=64 states=1870 -> 2034
[DP-fwdX] L=0 states=1 -> 1
[DP-fwdX] L=16 states=179 -> 218
[DP-bwdX] L=48 states=1 -> 1
[DP-bwdX] L=32 states=94 -> 103
[DP-fwdX] L=0 states=1 -> 1
[DP-bwdX] L=16 states=10 -> 11
[DP-fwdX] L=0 states=1 -> 1
[DP-fwdX] L=0 states=1 -> 1
[DP-fwdX] L=0 states=1 -> 1
[DP-fwdX] L=16 states=19 -> 31
[DP-bwdX] L=16 states=4 -> 6
[DP-fwdX] L=16 states=1 -> 3
[DP-fwdX] L=32 states=22 -> 29
[DP-bwdX] L=48 states=1 -> 1
[DP-bwdX] L=32 states=15 -> 21
[DP-fwdX] L=32 states=5 -> 9
[DP-bwdX] L=32 states=3 -> 6
[DP-bwdX] L=48 states=1 -> 1
[DP-bwdX] L=48 states=1 -> 1
[DP-bwdX] L=48 states=1 -> 1
[DP-bwdX] L=48 states=1 -> 1
[DP-fwdX] L=48 states=1 -> 1
[DP-fwdX] L=64 states=94 -> 103
[DP-bwdX] L=96 states=1 -> 1
[DP-bwdX] L=80 states=179 -> 218
[DP-fwdX] L=48 states=1 -> 1
[DP-bwdX] L=64 states=22 -> 29
[DP-fwdX] L=48 states=1 -> 1
[DP-fwdX] L=48 states=1 -> 1
[DP-fwdX] L=48 states=1 -> 1
[DP-fwdX] L=64 states=15 -> 21
[DP-bwdX] L=64 states=5 -> 9
[DP-fwdX] L=64 states=1 -> 2
[DP-fwdX] L=80 states=10 -> 11
[DP-bwdX] L=96 states=1 -> 1
[DP-bwdX] L=80 states=19 -> 31
[DP-fwdX] L=80 states=2 -> 3
[DP-bwdX] L=80 states=2 -> 5
[DP-bwdX] L=96 states=1 -> 1
[DP-bwdX] L=96 states=1 -> 1
[DP-bwdX] L=96 states=1 -> 1
[DP-bwdX] L=96 states=1 -> 1
  [Round 155] T_prime=16  T_target=12  HPWL_w=798000  HPWL_eq=780  maxL=21  WNS(T')=-5  WNS*(T)=-9  picked=172  solve_ms=101.699
[OC-Shortest/pow2] m=12 h=8 SEG=4 bits=48 words=1 threads=24
[DP-fwdX] L=0 states=1 -> 1
[DP-fwdX] L=16 states=179 -> 218
[DP-fwdX] L=32 states=1870 -> 2034
[DP-bwdX] L=96 states=1 -> 1
[DP-bwdX] L=80 states=179 -> 218
[DP-bwdX] L=64 states=1870 -> 2034
[DP-fwdX] L=0 states=1 -> 1
[DP-fwdX] L=16 states=179 -> 218
[DP-bwdX] L=48 states=1 -> 1
[DP-bwdX] L=32 states=94 -> 103
[DP-fwdX] L=0 states=1 -> 1
[DP-bwdX] L=16 states=29 -> 29
[DP-fwdX] L=0 states=1 -> 1
[DP-fwdX] L=0 states=1 -> 1
[DP-fwdX] L=0 states=1 -> 1
[DP-fwdX] L=16 states=19 -> 32
[DP-bwdX] L=16 states=4 -> 5
[DP-fwdX] L=16 states=1 -> 2
[DP-fwdX] L=32 states=126 -> 174
[DP-bwdX] L=48 states=1 -> 1
[DP-bwdX] L=32 states=12 -> 16
[DP-fwdX] L=32 states=4 -> 6
[DP-bwdX] L=32 states=2 -> 3
[DP-bwdX] L=48 states=1 -> 1
[DP-bwdX] L=48 states=1 -> 1
[DP-bwdX] L=48 states=1 -> 1
[DP-bwdX] L=48 states=1 -> 1
[DP-fwdX] L=48 states=1 -> 1
[DP-fwdX] L=64 states=94 -> 103
[DP-bwdX] L=96 states=1 -> 1
[DP-bwdX] L=80 states=179 -> 218
[DP-fwdX] L=48 states=1 -> 1
[DP-bwdX] L=64 states=97 -> 135
[DP-fwdX] L=48 states=1 -> 1
[DP-fwdX] L=48 states=1 -> 1
[DP-fwdX] L=48 states=1 -> 1
[DP-fwdX] L=64 states=12 -> 16
[DP-bwdX] L=64 states=4 -> 6
[DP-fwdX] L=64 states=1 -> 1
[DP-fwdX] L=80 states=13 -> 14
[DP-bwdX] L=96 states=1 -> 1
[DP-bwdX] L=80 states=19 -> 32
[DP-fwdX] L=80 states=4 -> 5
[DP-bwdX] L=80 states=3 -> 7
[DP-bwdX] L=96 states=1 -> 1
[DP-bwdX] L=96 states=1 -> 1
[DP-bwdX] L=96 states=1 -> 1
[DP-bwdX] L=96 states=1 -> 1
  [Round 156] T_prime=16  T_target=12  HPWL_w=798000  HPWL_eq=777  maxL=27  WNS(T')=-11  WNS*(T)=-15  picked=172  solve_ms=86.2994
[OC-Shortest/pow2] m=12 h=8 SEG=4 bits=48 words=1 threads=24
[DP-fwdX] L=0 states=1 -> 1
[DP-fwdX] L=16 states=179 -> 218
[DP-fwdX] L=32 states=1870 -> 2034
[DP-bwdX] L=96 states=1 -> 1
[DP-bwdX] L=80 states=179 -> 218
[DP-bwdX] L=64 states=1870 -> 2034
[DP-fwdX] L=0 states=1 -> 1
[DP-fwdX] L=16 states=179 -> 218
[DP-bwdX] L=48 states=1 -> 1
[DP-bwdX] L=32 states=94 -> 103
[DP-fwdX] L=0 states=1 -> 1
[DP-bwdX] L=16 states=10 -> 11
[DP-fwdX] L=0 states=1 -> 1
[DP-fwdX] L=0 states=1 -> 1
[DP-fwdX] L=0 states=1 -> 1
[DP-fwdX] L=16 states=19 -> 31
[DP-bwdX] L=16 states=4 -> 6
[DP-fwdX] L=16 states=1 -> 3
[DP-fwdX] L=32 states=22 -> 29
[DP-bwdX] L=48 states=1 -> 1
[DP-bwdX] L=32 states=15 -> 21
[DP-fwdX] L=32 states=5 -> 9
[DP-bwdX] L=32 states=3 -> 6
[DP-bwdX] L=48 states=1 -> 1
[DP-bwdX] L=48 states=1 -> 1
[DP-bwdX] L=48 states=1 -> 1
[DP-bwdX] L=48 states=1 -> 1
[DP-fwdX] L=48 states=1 -> 1
[DP-fwdX] L=64 states=94 -> 103
[DP-bwdX] L=96 states=1 -> 1
[DP-bwdX] L=80 states=179 -> 218
[DP-fwdX] L=48 states=1 -> 1
[DP-bwdX] L=64 states=22 -> 29
[DP-fwdX] L=48 states=1 -> 1
[DP-fwdX] L=48 states=1 -> 1
[DP-fwdX] L=48 states=1 -> 1
[DP-fwdX] L=64 states=15 -> 21
[DP-bwdX] L=64 states=5 -> 9
[DP-fwdX] L=64 states=1 -> 2
[DP-fwdX] L=80 states=10 -> 11
[DP-bwdX] L=96 states=1 -> 1
[DP-bwdX] L=80 states=19 -> 31
[DP-fwdX] L=80 states=2 -> 3
[DP-bwdX] L=80 states=2 -> 5
[DP-bwdX] L=96 states=1 -> 1
[DP-bwdX] L=96 states=1 -> 1
[DP-bwdX] L=96 states=1 -> 1
[DP-bwdX] L=96 states=1 -> 1
  [Round 157] T_prime=16  T_target=12  HPWL_w=798000  HPWL_eq=780  maxL=21  WNS(T')=-5  WNS*(T)=-9  picked=172  solve_ms=81.9554
[OC-Shortest/pow2] m=12 h=8 SEG=4 bits=48 words=1 threads=24
[DP-fwdX] L=0 states=1 -> 1
[DP-fwdX] L=16 states=179 -> 218
[DP-fwdX] L=32 states=1870 -> 2034
[DP-bwdX] L=96 states=1 -> 1
[DP-bwdX] L=80 states=179 -> 218
[DP-bwdX] L=64 states=1870 -> 2034
[DP-fwdX] L=0 states=1 -> 1
[DP-fwdX] L=16 states=179 -> 218
[DP-bwdX] L=48 states=1 -> 1
[DP-bwdX] L=32 states=94 -> 103
[DP-fwdX] L=0 states=1 -> 1
[DP-bwdX] L=16 states=29 -> 29
[DP-fwdX] L=0 states=1 -> 1
[DP-fwdX] L=0 states=1 -> 1
[DP-fwdX] L=0 states=1 -> 1
[DP-fwdX] L=16 states=19 -> 32
[DP-bwdX] L=16 states=4 -> 5
[DP-fwdX] L=16 states=1 -> 2
[DP-fwdX] L=32 states=126 -> 174
[DP-bwdX] L=48 states=1 -> 1
[DP-bwdX] L=32 states=12 -> 16
[DP-fwdX] L=32 states=4 -> 6
[DP-bwdX] L=32 states=2 -> 3
[DP-bwdX] L=48 states=1 -> 1
[DP-bwdX] L=48 states=1 -> 1
[DP-bwdX] L=48 states=1 -> 1
[DP-bwdX] L=48 states=1 -> 1
[DP-fwdX] L=48 states=1 -> 1
[DP-fwdX] L=64 states=94 -> 103
[DP-bwdX] L=96 states=1 -> 1
[DP-bwdX] L=80 states=179 -> 218
[DP-fwdX] L=48 states=1 -> 1
[DP-bwdX] L=64 states=97 -> 135
[DP-fwdX] L=48 states=1 -> 1
[DP-fwdX] L=48 states=1 -> 1
[DP-fwdX] L=48 states=1 -> 1
[DP-fwdX] L=64 states=12 -> 16
[DP-bwdX] L=64 states=4 -> 6
[DP-fwdX] L=64 states=1 -> 1
[DP-fwdX] L=80 states=13 -> 14
[DP-bwdX] L=96 states=1 -> 1
[DP-bwdX] L=80 states=19 -> 32
[DP-fwdX] L=80 states=4 -> 5
[DP-bwdX] L=80 states=3 -> 7
[DP-bwdX] L=96 states=1 -> 1
[DP-bwdX] L=96 states=1 -> 1
[DP-bwdX] L=96 states=1 -> 1
[DP-bwdX] L=96 states=1 -> 1
  [Round 158] T_prime=16  T_target=12  HPWL_w=798000  HPWL_eq=777  maxL=27  WNS(T')=-11  WNS*(T)=-15  picked=172  solve_ms=105.332
[OC-Shortest/pow2] m=12 h=8 SEG=4 bits=48 words=1 threads=24
[DP-fwdX] L=0 states=1 -> 1
[DP-fwdX] L=16 states=179 -> 218
[DP-fwdX] L=32 states=1870 -> 2034
[DP-bwdX] L=96 states=1 -> 1
[DP-bwdX] L=80 states=179 -> 218
[DP-bwdX] L=64 states=1870 -> 2034
[DP-fwdX] L=0 states=1 -> 1
[DP-fwdX] L=16 states=179 -> 218
[DP-bwdX] L=48 states=1 -> 1
[DP-bwdX] L=32 states=94 -> 103
[DP-fwdX] L=0 states=1 -> 1
[DP-bwdX] L=16 states=10 -> 11
[DP-fwdX] L=0 states=1 -> 1
[DP-fwdX] L=0 states=1 -> 1
[DP-fwdX] L=0 states=1 -> 1
[DP-fwdX] L=16 states=19 -> 31
[DP-bwdX] L=16 states=4 -> 6
[DP-fwdX] L=16 states=1 -> 3
[DP-fwdX] L=32 states=22 -> 29
[DP-bwdX] L=48 states=1 -> 1
[DP-bwdX] L=32 states=15 -> 21
[DP-fwdX] L=32 states=5 -> 9
[DP-bwdX] L=32 states=3 -> 6
[DP-bwdX] L=48 states=1 -> 1
[DP-bwdX] L=48 states=1 -> 1
[DP-bwdX] L=48 states=1 -> 1
[DP-bwdX] L=48 states=1 -> 1
[DP-fwdX] L=48 states=1 -> 1
[DP-fwdX] L=64 states=94 -> 103
[DP-bwdX] L=96 states=1 -> 1
[DP-bwdX] L=80 states=179 -> 218
[DP-fwdX] L=48 states=1 -> 1
[DP-bwdX] L=64 states=22 -> 29
[DP-fwdX] L=48 states=1 -> 1
[DP-fwdX] L=48 states=1 -> 1
[DP-fwdX] L=48 states=1 -> 1
[DP-fwdX] L=64 states=15 -> 21
[DP-bwdX] L=64 states=5 -> 9
[DP-fwdX] L=64 states=1 -> 2
[DP-fwdX] L=80 states=10 -> 11
[DP-bwdX] L=96 states=1 -> 1
[DP-bwdX] L=80 states=19 -> 31
[DP-fwdX] L=80 states=2 -> 3
[DP-bwdX] L=80 states=2 -> 5
[DP-bwdX] L=96 states=1 -> 1
[DP-bwdX] L=96 states=1 -> 1
[DP-bwdX] L=96 states=1 -> 1
[DP-bwdX] L=96 states=1 -> 1
  [Round 159] T_prime=16  T_target=12  HPWL_w=798000  HPWL_eq=780  maxL=21  WNS(T')=-5  WNS*(T)=-9  picked=172  solve_ms=85.3416
[OC-Shortest/pow2] m=12 h=8 SEG=4 bits=48 words=1 threads=24
[DP-fwdX] L=0 states=1 -> 1
[DP-fwdX] L=16 states=179 -> 218
[DP-fwdX] L=32 states=1870 -> 2034
[DP-bwdX] L=96 states=1 -> 1
[DP-bwdX] L=80 states=179 -> 218
[DP-bwdX] L=64 states=1870 -> 2034
[DP-fwdX] L=0 states=1 -> 1
[DP-fwdX] L=16 states=179 -> 218
[DP-bwdX] L=48 states=1 -> 1
[DP-bwdX] L=32 states=94 -> 103
[DP-fwdX] L=0 states=1 -> 1
[DP-bwdX] L=16 states=29 -> 29
[DP-fwdX] L=0 states=1 -> 1
[DP-fwdX] L=0 states=1 -> 1
[DP-fwdX] L=0 states=1 -> 1
[DP-fwdX] L=16 states=19 -> 32
[DP-bwdX] L=16 states=4 -> 5
[DP-fwdX] L=16 states=1 -> 2
[DP-fwdX] L=32 states=126 -> 174
[DP-bwdX] L=48 states=1 -> 1
[DP-bwdX] L=32 states=12 -> 16
[DP-fwdX] L=32 states=4 -> 6
[DP-bwdX] L=32 states=2 -> 3
[DP-bwdX] L=48 states=1 -> 1
[DP-bwdX] L=48 states=1 -> 1
[DP-bwdX] L=48 states=1 -> 1
[DP-bwdX] L=48 states=1 -> 1
[DP-fwdX] L=48 states=1 -> 1
[DP-fwdX] L=64 states=94 -> 103
[DP-bwdX] L=96 states=1 -> 1
[DP-bwdX] L=80 states=179 -> 218
[DP-fwdX] L=48 states=1 -> 1
[DP-bwdX] L=64 states=97 -> 135
[DP-fwdX] L=48 states=1 -> 1
[DP-fwdX] L=48 states=1 -> 1
[DP-fwdX] L=48 states=1 -> 1
[DP-fwdX] L=64 states=12 -> 16
[DP-bwdX] L=64 states=4 -> 6
[DP-fwdX] L=64 states=1 -> 1
[DP-fwdX] L=80 states=13 -> 14
[DP-bwdX] L=96 states=1 -> 1
[DP-bwdX] L=80 states=19 -> 32
[DP-fwdX] L=80 states=4 -> 5
[DP-bwdX] L=80 states=3 -> 7
[DP-bwdX] L=96 states=1 -> 1
[DP-bwdX] L=96 states=1 -> 1
[DP-bwdX] L=96 states=1 -> 1
[DP-bwdX] L=96 states=1 -> 1
  [Round 160] T_prime=16  T_target=12  HPWL_w=798000  HPWL_eq=777  maxL=27  WNS(T')=-11  WNS*(T)=-15  picked=172  solve_ms=86.314
[OC-Shortest/pow2] m=12 h=8 SEG=4 bits=48 words=1 threads=24
[DP-fwdX] L=0 states=1 -> 1
[DP-fwdX] L=16 states=179 -> 218
[DP-fwdX] L=32 states=1870 -> 2034
[DP-bwdX] L=96 states=1 -> 1
[DP-bwdX] L=80 states=179 -> 218
[DP-bwdX] L=64 states=1870 -> 2034
[DP-fwdX] L=0 states=1 -> 1
[DP-fwdX] L=16 states=179 -> 218
[DP-bwdX] L=48 states=1 -> 1
[DP-bwdX] L=32 states=94 -> 103
[DP-fwdX] L=0 states=1 -> 1
[DP-bwdX] L=16 states=10 -> 11
[DP-fwdX] L=0 states=1 -> 1
[DP-fwdX] L=0 states=1 -> 1
[DP-fwdX] L=0 states=1 -> 1
[DP-fwdX] L=16 states=19 -> 31
[DP-bwdX] L=16 states=4 -> 6
[DP-fwdX] L=16 states=1 -> 3
[DP-fwdX] L=32 states=22 -> 29
[DP-bwdX] L=48 states=1 -> 1
[DP-bwdX] L=32 states=15 -> 21
[DP-fwdX] L=32 states=5 -> 9
[DP-bwdX] L=32 states=3 -> 6
[DP-bwdX] L=48 states=1 -> 1
[DP-bwdX] L=48 states=1 -> 1
[DP-bwdX] L=48 states=1 -> 1
[DP-bwdX] L=48 states=1 -> 1
[DP-fwdX] L=48 states=1 -> 1
[DP-fwdX] L=64 states=94 -> 103
[DP-bwdX] L=96 states=1 -> 1
[DP-bwdX] L=80 states=179 -> 218
[DP-fwdX] L=48 states=1 -> 1
[DP-bwdX] L=64 states=22 -> 29
[DP-fwdX] L=48 states=1 -> 1
[DP-fwdX] L=48 states=1 -> 1
[DP-fwdX] L=48 states=1 -> 1
[DP-fwdX] L=64 states=15 -> 21
[DP-bwdX] L=64 states=5 -> 9
[DP-fwdX] L=64 states=1 -> 2
[DP-fwdX] L=80 states=10 -> 11
[DP-bwdX] L=96 states=1 -> 1
[DP-bwdX] L=80 states=19 -> 31
[DP-fwdX] L=80 states=2 -> 3
[DP-bwdX] L=80 states=2 -> 5
[DP-bwdX] L=96 states=1 -> 1
[DP-bwdX] L=96 states=1 -> 1
[DP-bwdX] L=96 states=1 -> 1
[DP-bwdX] L=96 states=1 -> 1
  [Round 161] T_prime=16  T_target=12  HPWL_w=798000  HPWL_eq=780  maxL=21  WNS(T')=-5  WNS*(T)=-9  picked=172  solve_ms=86.7074
[OC-Shortest/pow2] m=12 h=8 SEG=4 bits=48 words=1 threads=24
[DP-fwdX] L=0 states=1 -> 1
[DP-fwdX] L=16 states=179 -> 218
[DP-fwdX] L=32 states=1870 -> 2034
[DP-bwdX] L=96 states=1 -> 1
[DP-bwdX] L=80 states=179 -> 218
[DP-bwdX] L=64 states=1870 -> 2034
[DP-fwdX] L=0 states=1 -> 1
[DP-fwdX] L=16 states=179 -> 218
[DP-bwdX] L=48 states=1 -> 1
[DP-bwdX] L=32 states=94 -> 103
[DP-fwdX] L=0 states=1 -> 1
[DP-bwdX] L=16 states=29 -> 29
[DP-fwdX] L=0 states=1 -> 1
[DP-fwdX] L=0 states=1 -> 1
[DP-fwdX] L=0 states=1 -> 1
[DP-fwdX] L=16 states=19 -> 32
[DP-bwdX] L=16 states=4 -> 5
[DP-fwdX] L=16 states=1 -> 2
[DP-fwdX] L=32 states=126 -> 174
[DP-bwdX] L=48 states=1 -> 1
[DP-bwdX] L=32 states=12 -> 16
[DP-fwdX] L=32 states=4 -> 6
[DP-bwdX] L=32 states=2 -> 3
[DP-bwdX] L=48 states=1 -> 1
[DP-bwdX] L=48 states=1 -> 1
[DP-bwdX] L=48 states=1 -> 1
[DP-bwdX] L=48 states=1 -> 1
[DP-fwdX] L=48 states=1 -> 1
[DP-fwdX] L=64 states=94 -> 103
[DP-bwdX] L=96 states=1 -> 1
[DP-bwdX] L=80 states=179 -> 218
[DP-fwdX] L=48 states=1 -> 1
[DP-bwdX] L=64 states=97 -> 135
[DP-fwdX] L=48 states=1 -> 1
[DP-fwdX] L=48 states=1 -> 1
[DP-fwdX] L=48 states=1 -> 1
[DP-fwdX] L=64 states=12 -> 16
[DP-bwdX] L=64 states=4 -> 6
[DP-fwdX] L=64 states=1 -> 1
[DP-fwdX] L=80 states=13 -> 14
[DP-bwdX] L=96 states=1 -> 1
[DP-bwdX] L=80 states=19 -> 32
[DP-fwdX] L=80 states=4 -> 5
[DP-bwdX] L=80 states=3 -> 7
[DP-bwdX] L=96 states=1 -> 1
[DP-bwdX] L=96 states=1 -> 1
[DP-bwdX] L=96 states=1 -> 1
[DP-bwdX] L=96 states=1 -> 1
  [Round 162] T_prime=16  T_target=12  HPWL_w=798000  HPWL_eq=777  maxL=27  WNS(T')=-11  WNS*(T)=-15  picked=172  solve_ms=85.3045
[OC-Shortest/pow2] m=12 h=8 SEG=4 bits=48 words=1 threads=24
[DP-fwdX] L=0 states=1 -> 1
[DP-fwdX] L=16 states=179 -> 218
[DP-fwdX] L=32 states=1870 -> 2034
[DP-bwdX] L=96 states=1 -> 1
[DP-bwdX] L=80 states=179 -> 218
[DP-bwdX] L=64 states=1870 -> 2034
[DP-fwdX] L=0 states=1 -> 1
[DP-fwdX] L=16 states=179 -> 218
[DP-bwdX] L=48 states=1 -> 1
[DP-bwdX] L=32 states=94 -> 103
[DP-fwdX] L=0 states=1 -> 1
[DP-bwdX] L=16 states=10 -> 11
[DP-fwdX] L=0 states=1 -> 1
[DP-fwdX] L=0 states=1 -> 1
[DP-fwdX] L=0 states=1 -> 1
[DP-fwdX] L=16 states=19 -> 31
[DP-bwdX] L=16 states=4 -> 6
[DP-fwdX] L=16 states=1 -> 3
[DP-fwdX] L=32 states=22 -> 29
[DP-bwdX] L=48 states=1 -> 1
[DP-bwdX] L=32 states=15 -> 21
[DP-fwdX] L=32 states=5 -> 9
[DP-bwdX] L=32 states=3 -> 6
[DP-bwdX] L=48 states=1 -> 1
[DP-bwdX] L=48 states=1 -> 1
[DP-bwdX] L=48 states=1 -> 1
[DP-bwdX] L=48 states=1 -> 1
[DP-fwdX] L=48 states=1 -> 1
[DP-fwdX] L=64 states=94 -> 103
[DP-bwdX] L=96 states=1 -> 1
[DP-bwdX] L=80 states=179 -> 218
[DP-fwdX] L=48 states=1 -> 1
[DP-bwdX] L=64 states=22 -> 29
[DP-fwdX] L=48 states=1 -> 1
[DP-fwdX] L=48 states=1 -> 1
[DP-fwdX] L=48 states=1 -> 1
[DP-fwdX] L=64 states=15 -> 21
[DP-bwdX] L=64 states=5 -> 9
[DP-fwdX] L=64 states=1 -> 2
[DP-fwdX] L=80 states=10 -> 11
[DP-bwdX] L=96 states=1 -> 1
[DP-bwdX] L=80 states=19 -> 31
[DP-fwdX] L=80 states=2 -> 3
[DP-bwdX] L=80 states=2 -> 5
[DP-bwdX] L=96 states=1 -> 1
[DP-bwdX] L=96 states=1 -> 1
[DP-bwdX] L=96 states=1 -> 1
[DP-bwdX] L=96 states=1 -> 1
  [Round 163] T_prime=16  T_target=12  HPWL_w=798000  HPWL_eq=780  maxL=21  WNS(T')=-5  WNS*(T)=-9  picked=172  solve_ms=228.942
[OC-Shortest/pow2] m=12 h=8 SEG=4 bits=48 words=1 threads=24
[DP-fwdX] L=0 states=1 -> 1
[DP-fwdX] L=16 states=179 -> 218
[DP-fwdX] L=32 states=1870 -> 2034
[DP-bwdX] L=96 states=1 -> 1
[DP-bwdX] L=80 states=179 -> 218
[DP-bwdX] L=64 states=1870 -> 2034
[DP-fwdX] L=0 states=1 -> 1
[DP-fwdX] L=16 states=179 -> 218
[DP-bwdX] L=48 states=1 -> 1
[DP-bwdX] L=32 states=94 -> 103
[DP-fwdX] L=0 states=1 -> 1
[DP-bwdX] L=16 states=29 -> 29
[DP-fwdX] L=0 states=1 -> 1
[DP-fwdX] L=0 states=1 -> 1
[DP-fwdX] L=0 states=1 -> 1
[DP-fwdX] L=16 states=19 -> 32
[DP-bwdX] L=16 states=4 -> 5
[DP-fwdX] L=16 states=1 -> 2
[DP-fwdX] L=32 states=126 -> 174
[DP-bwdX] L=48 states=1 -> 1
[DP-bwdX] L=32 states=12 -> 16
[DP-fwdX] L=32 states=4 -> 6
[DP-bwdX] L=32 states=2 -> 3
[DP-bwdX] L=48 states=1 -> 1
[DP-bwdX] L=48 states=1 -> 1
[DP-bwdX] L=48 states=1 -> 1
[DP-bwdX] L=48 states=1 -> 1
[DP-fwdX] L=48 states=1 -> 1
[DP-fwdX] L=64 states=94 -> 103
[DP-bwdX] L=96 states=1 -> 1
[DP-bwdX] L=80 states=179 -> 218
[DP-fwdX] L=48 states=1 -> 1
[DP-bwdX] L=64 states=97 -> 135
[DP-fwdX] L=48 states=1 -> 1
[DP-fwdX] L=48 states=1 -> 1
[DP-fwdX] L=48 states=1 -> 1
[DP-fwdX] L=64 states=12 -> 16
[DP-bwdX] L=64 states=4 -> 6
[DP-fwdX] L=64 states=1 -> 1
[DP-fwdX] L=80 states=13 -> 14
[DP-bwdX] L=96 states=1 -> 1
[DP-bwdX] L=80 states=19 -> 32
[DP-fwdX] L=80 states=4 -> 5
[DP-bwdX] L=80 states=3 -> 7
[DP-bwdX] L=96 states=1 -> 1
[DP-bwdX] L=96 states=1 -> 1
[DP-bwdX] L=96 states=1 -> 1
[DP-bwdX] L=96 states=1 -> 1
  [Round 164] T_prime=16  T_target=12  HPWL_w=798000  HPWL_eq=777  maxL=27  WNS(T')=-11  WNS*(T)=-15  picked=172  solve_ms=107.156
[OC-Shortest/pow2] m=12 h=8 SEG=4 bits=48 words=1 threads=24
[DP-fwdX] L=0 states=1 -> 1
[DP-fwdX] L=16 states=179 -> 218
[DP-fwdX] L=32 states=1870 -> 2034
[DP-bwdX] L=96 states=1 -> 1
[DP-bwdX] L=80 states=179 -> 218
[DP-bwdX] L=64 states=1870 -> 2034
[DP-fwdX] L=0 states=1 -> 1
[DP-fwdX] L=16 states=179 -> 218
[DP-bwdX] L=48 states=1 -> 1
[DP-bwdX] L=32 states=94 -> 103
[DP-fwdX] L=0 states=1 -> 1
[DP-bwdX] L=16 states=10 -> 11
[DP-fwdX] L=0 states=1 -> 1
[DP-fwdX] L=0 states=1 -> 1
[DP-fwdX] L=0 states=1 -> 1
[DP-fwdX] L=16 states=19 -> 31
[DP-bwdX] L=16 states=4 -> 6
[DP-fwdX] L=16 states=1 -> 3
[DP-fwdX] L=32 states=22 -> 29
[DP-bwdX] L=48 states=1 -> 1
[DP-bwdX] L=32 states=15 -> 21
[DP-fwdX] L=32 states=5 -> 9
[DP-bwdX] L=32 states=3 -> 6
[DP-bwdX] L=48 states=1 -> 1
[DP-bwdX] L=48 states=1 -> 1
[DP-bwdX] L=48 states=1 -> 1
[DP-bwdX] L=48 states=1 -> 1
[DP-fwdX] L=48 states=1 -> 1
[DP-fwdX] L=64 states=94 -> 103
[DP-bwdX] L=96 states=1 -> 1
[DP-bwdX] L=80 states=179 -> 218
[DP-fwdX] L=48 states=1 -> 1
[DP-bwdX] L=64 states=22 -> 29
[DP-fwdX] L=48 states=1 -> 1
[DP-fwdX] L=48 states=1 -> 1
[DP-fwdX] L=48 states=1 -> 1
[DP-fwdX] L=64 states=15 -> 21
[DP-bwdX] L=64 states=5 -> 9
[DP-fwdX] L=64 states=1 -> 2
[DP-fwdX] L=80 states=10 -> 11
[DP-bwdX] L=96 states=1 -> 1
[DP-bwdX] L=80 states=19 -> 31
[DP-fwdX] L=80 states=2 -> 3
[DP-bwdX] L=80 states=2 -> 5
[DP-bwdX] L=96 states=1 -> 1
[DP-bwdX] L=96 states=1 -> 1
[DP-bwdX] L=96 states=1 -> 1
[DP-bwdX] L=96 states=1 -> 1
  [Round 165] T_prime=16  T_target=12  HPWL_w=798000  HPWL_eq=780  maxL=21  WNS(T')=-5  WNS*(T)=-9  picked=172  solve_ms=82.5741
[OC-Shortest/pow2] m=12 h=8 SEG=4 bits=48 words=1 threads=24
[DP-fwdX] L=0 states=1 -> 1
[DP-fwdX] L=16 states=179 -> 218
[DP-fwdX] L=32 states=1870 -> 2034
[DP-bwdX] L=96 states=1 -> 1
[DP-bwdX] L=80 states=179 -> 218
[DP-bwdX] L=64 states=1870 -> 2034
[DP-fwdX] L=0 states=1 -> 1
[DP-fwdX] L=16 states=179 -> 218
[DP-bwdX] L=48 states=1 -> 1
[DP-bwdX] L=32 states=94 -> 103
[DP-fwdX] L=0 states=1 -> 1
[DP-bwdX] L=16 states=29 -> 29
[DP-fwdX] L=0 states=1 -> 1
[DP-fwdX] L=0 states=1 -> 1
[DP-fwdX] L=0 states=1 -> 1
[DP-fwdX] L=16 states=19 -> 32
[DP-bwdX] L=16 states=4 -> 5
[DP-fwdX] L=16 states=1 -> 2
[DP-fwdX] L=32 states=126 -> 174
[DP-bwdX] L=48 states=1 -> 1
[DP-bwdX] L=32 states=12 -> 16
[DP-fwdX] L=32 states=4 -> 6
[DP-bwdX] L=32 states=2 -> 3
[DP-bwdX] L=48 states=1 -> 1
[DP-bwdX] L=48 states=1 -> 1
[DP-bwdX] L=48 states=1 -> 1
[DP-bwdX] L=48 states=1 -> 1
[DP-fwdX] L=48 states=1 -> 1
[DP-fwdX] L=64 states=94 -> 103
[DP-bwdX] L=96 states=1 -> 1
[DP-bwdX] L=80 states=179 -> 218
[DP-fwdX] L=48 states=1 -> 1
[DP-bwdX] L=64 states=97 -> 135
[DP-fwdX] L=48 states=1 -> 1
[DP-fwdX] L=48 states=1 -> 1
[DP-fwdX] L=48 states=1 -> 1
[DP-fwdX] L=64 states=12 -> 16
[DP-bwdX] L=64 states=4 -> 6
[DP-fwdX] L=64 states=1 -> 1
[DP-fwdX] L=80 states=13 -> 14
[DP-bwdX] L=96 states=1 -> 1
[DP-bwdX] L=80 states=19 -> 32
[DP-fwdX] L=80 states=4 -> 5
[DP-bwdX] L=80 states=3 -> 7
[DP-bwdX] L=96 states=1 -> 1
[DP-bwdX] L=96 states=1 -> 1
[DP-bwdX] L=96 states=1 -> 1
[DP-bwdX] L=96 states=1 -> 1
  [Round 166] T_prime=16  T_target=12  HPWL_w=798000  HPWL_eq=777  maxL=27  WNS(T')=-11  WNS*(T)=-15  picked=172  solve_ms=88.0026
[OC-Shortest/pow2] m=12 h=8 SEG=4 bits=48 words=1 threads=24
[DP-fwdX] L=0 states=1 -> 1
[DP-fwdX] L=16 states=179 -> 218
[DP-fwdX] L=32 states=1870 -> 2034
[DP-bwdX] L=96 states=1 -> 1
[DP-bwdX] L=80 states=179 -> 218
[DP-bwdX] L=64 states=1870 -> 2034
[DP-fwdX] L=0 states=1 -> 1
[DP-fwdX] L=16 states=179 -> 218
[DP-bwdX] L=48 states=1 -> 1
[DP-bwdX] L=32 states=94 -> 103
[DP-fwdX] L=0 states=1 -> 1
[DP-bwdX] L=16 states=10 -> 11
[DP-fwdX] L=0 states=1 -> 1
[DP-fwdX] L=0 states=1 -> 1
[DP-fwdX] L=0 states=1 -> 1
[DP-fwdX] L=16 states=19 -> 31
[DP-bwdX] L=16 states=4 -> 6
[DP-fwdX] L=16 states=1 -> 3
[DP-fwdX] L=32 states=22 -> 29
[DP-bwdX] L=48 states=1 -> 1
[DP-bwdX] L=32 states=15 -> 21
[DP-fwdX] L=32 states=5 -> 9
[DP-bwdX] L=32 states=3 -> 6
[DP-bwdX] L=48 states=1 -> 1
[DP-bwdX] L=48 states=1 -> 1
[DP-bwdX] L=48 states=1 -> 1
[DP-bwdX] L=48 states=1 -> 1
[DP-fwdX] L=48 states=1 -> 1
[DP-fwdX] L=64 states=94 -> 103
[DP-bwdX] L=96 states=1 -> 1
[DP-bwdX] L=80 states=179 -> 218
[DP-fwdX] L=48 states=1 -> 1
[DP-bwdX] L=64 states=22 -> 29
[DP-fwdX] L=48 states=1 -> 1
[DP-fwdX] L=48 states=1 -> 1
[DP-fwdX] L=48 states=1 -> 1
[DP-fwdX] L=64 states=15 -> 21
[DP-bwdX] L=64 states=5 -> 9
[DP-fwdX] L=64 states=1 -> 2
[DP-fwdX] L=80 states=10 -> 11
[DP-bwdX] L=96 states=1 -> 1
[DP-bwdX] L=80 states=19 -> 31
[DP-fwdX] L=80 states=2 -> 3
[DP-bwdX] L=80 states=2 -> 5
[DP-bwdX] L=96 states=1 -> 1
[DP-bwdX] L=96 states=1 -> 1
[DP-bwdX] L=96 states=1 -> 1
[DP-bwdX] L=96 states=1 -> 1
  [Round 167] T_prime=16  T_target=12  HPWL_w=798000  HPWL_eq=780  maxL=21  WNS(T')=-5  WNS*(T)=-9  picked=172  solve_ms=91.231
[OC-Shortest/pow2] m=12 h=8 SEG=4 bits=48 words=1 threads=24
[DP-fwdX] L=0 states=1 -> 1
[DP-fwdX] L=16 states=179 -> 218
[DP-fwdX] L=32 states=1870 -> 2034
[DP-bwdX] L=96 states=1 -> 1
[DP-bwdX] L=80 states=179 -> 218
[DP-bwdX] L=64 states=1870 -> 2034
[DP-fwdX] L=0 states=1 -> 1
[DP-fwdX] L=16 states=179 -> 218
[DP-bwdX] L=48 states=1 -> 1
[DP-bwdX] L=32 states=94 -> 103
[DP-fwdX] L=0 states=1 -> 1
[DP-bwdX] L=16 states=29 -> 29
[DP-fwdX] L=0 states=1 -> 1
[DP-fwdX] L=0 states=1 -> 1
[DP-fwdX] L=0 states=1 -> 1
[DP-fwdX] L=16 states=19 -> 32
[DP-bwdX] L=16 states=4 -> 5
[DP-fwdX] L=16 states=1 -> 2
[DP-fwdX] L=32 states=126 -> 174
[DP-bwdX] L=48 states=1 -> 1
[DP-bwdX] L=32 states=12 -> 16
[DP-fwdX] L=32 states=4 -> 6
[DP-bwdX] L=32 states=2 -> 3
[DP-bwdX] L=48 states=1 -> 1
[DP-bwdX] L=48 states=1 -> 1
[DP-bwdX] L=48 states=1 -> 1
[DP-bwdX] L=48 states=1 -> 1
[DP-fwdX] L=48 states=1 -> 1
[DP-fwdX] L=64 states=94 -> 103
[DP-bwdX] L=96 states=1 -> 1
[DP-bwdX] L=80 states=179 -> 218
[DP-fwdX] L=48 states=1 -> 1
[DP-bwdX] L=64 states=97 -> 135
[DP-fwdX] L=48 states=1 -> 1
[DP-fwdX] L=48 states=1 -> 1
[DP-fwdX] L=48 states=1 -> 1
[DP-fwdX] L=64 states=12 -> 16
[DP-bwdX] L=64 states=4 -> 6
[DP-fwdX] L=64 states=1 -> 1
[DP-fwdX] L=80 states=13 -> 14
[DP-bwdX] L=96 states=1 -> 1
[DP-bwdX] L=80 states=19 -> 32
[DP-fwdX] L=80 states=4 -> 5
[DP-bwdX] L=80 states=3 -> 7
[DP-bwdX] L=96 states=1 -> 1
[DP-bwdX] L=96 states=1 -> 1
[DP-bwdX] L=96 states=1 -> 1
[DP-bwdX] L=96 states=1 -> 1
  [Round 168] T_prime=16  T_target=12  HPWL_w=798000  HPWL_eq=777  maxL=27  WNS(T')=-11  WNS*(T)=-15  picked=172  solve_ms=83.5321
[OC-Shortest/pow2] m=12 h=8 SEG=4 bits=48 words=1 threads=24
[DP-fwdX] L=0 states=1 -> 1
[DP-fwdX] L=16 states=179 -> 218
[DP-fwdX] L=32 states=1870 -> 2034
[DP-bwdX] L=96 states=1 -> 1
[DP-bwdX] L=80 states=179 -> 218
[DP-bwdX] L=64 states=1870 -> 2034
[DP-fwdX] L=0 states=1 -> 1
[DP-fwdX] L=16 states=179 -> 218
[DP-bwdX] L=48 states=1 -> 1
[DP-bwdX] L=32 states=94 -> 103
[DP-fwdX] L=0 states=1 -> 1
[DP-bwdX] L=16 states=10 -> 11
[DP-fwdX] L=0 states=1 -> 1
[DP-fwdX] L=0 states=1 -> 1
[DP-fwdX] L=0 states=1 -> 1
[DP-fwdX] L=16 states=19 -> 31
[DP-bwdX] L=16 states=4 -> 6
[DP-fwdX] L=16 states=1 -> 3
[DP-fwdX] L=32 states=22 -> 29
[DP-bwdX] L=48 states=1 -> 1
[DP-bwdX] L=32 states=15 -> 21
[DP-fwdX] L=32 states=5 -> 9
[DP-bwdX] L=32 states=3 -> 6
[DP-bwdX] L=48 states=1 -> 1
[DP-bwdX] L=48 states=1 -> 1
[DP-bwdX] L=48 states=1 -> 1
[DP-bwdX] L=48 states=1 -> 1
[DP-fwdX] L=48 states=1 -> 1
[DP-fwdX] L=64 states=94 -> 103
[DP-bwdX] L=96 states=1 -> 1
[DP-bwdX] L=80 states=179 -> 218
[DP-fwdX] L=48 states=1 -> 1
[DP-bwdX] L=64 states=22 -> 29
[DP-fwdX] L=48 states=1 -> 1
[DP-fwdX] L=48 states=1 -> 1
[DP-fwdX] L=48 states=1 -> 1
[DP-fwdX] L=64 states=15 -> 21
[DP-bwdX] L=64 states=5 -> 9
[DP-fwdX] L=64 states=1 -> 2
[DP-fwdX] L=80 states=10 -> 11
[DP-bwdX] L=96 states=1 -> 1
[DP-bwdX] L=80 states=19 -> 31
[DP-fwdX] L=80 states=2 -> 3
[DP-bwdX] L=80 states=2 -> 5
[DP-bwdX] L=96 states=1 -> 1
[DP-bwdX] L=96 states=1 -> 1
[DP-bwdX] L=96 states=1 -> 1
[DP-bwdX] L=96 states=1 -> 1
  [Round 169] T_prime=16  T_target=12  HPWL_w=798000  HPWL_eq=780  maxL=21  WNS(T')=-5  WNS*(T)=-9  picked=172  solve_ms=132.682
[OC-Shortest/pow2] m=12 h=8 SEG=4 bits=48 words=1 threads=24
[DP-fwdX] L=0 states=1 -> 1
[DP-fwdX] L=16 states=179 -> 218
[DP-fwdX] L=32 states=1870 -> 2034
[DP-bwdX] L=96 states=1 -> 1
[DP-bwdX] L=80 states=179 -> 218
[DP-bwdX] L=64 states=1870 -> 2034
[DP-fwdX] L=0 states=1 -> 1
[DP-fwdX] L=16 states=179 -> 218
[DP-bwdX] L=48 states=1 -> 1
[DP-bwdX] L=32 states=94 -> 103
[DP-fwdX] L=0 states=1 -> 1
[DP-bwdX] L=16 states=29 -> 29
[DP-fwdX] L=0 states=1 -> 1
[DP-fwdX] L=0 states=1 -> 1
[DP-fwdX] L=0 states=1 -> 1
[DP-fwdX] L=16 states=19 -> 32
[DP-bwdX] L=16 states=4 -> 5
[DP-fwdX] L=16 states=1 -> 2
[DP-fwdX] L=32 states=126 -> 174
[DP-bwdX] L=48 states=1 -> 1
[DP-bwdX] L=32 states=12 -> 16
[DP-fwdX] L=32 states=4 -> 6
[DP-bwdX] L=32 states=2 -> 3
[DP-bwdX] L=48 states=1 -> 1
[DP-bwdX] L=48 states=1 -> 1
[DP-bwdX] L=48 states=1 -> 1
[DP-bwdX] L=48 states=1 -> 1
[DP-fwdX] L=48 states=1 -> 1
[DP-fwdX] L=64 states=94 -> 103
[DP-bwdX] L=96 states=1 -> 1
[DP-bwdX] L=80 states=179 -> 218
[DP-fwdX] L=48 states=1 -> 1
[DP-bwdX] L=64 states=97 -> 135
[DP-fwdX] L=48 states=1 -> 1
[DP-fwdX] L=48 states=1 -> 1
[DP-fwdX] L=48 states=1 -> 1
[DP-fwdX] L=64 states=12 -> 16
[DP-bwdX] L=64 states=4 -> 6
[DP-fwdX] L=64 states=1 -> 1
[DP-fwdX] L=80 states=13 -> 14
[DP-bwdX] L=96 states=1 -> 1
[DP-bwdX] L=80 states=19 -> 32
[DP-fwdX] L=80 states=4 -> 5
[DP-bwdX] L=80 states=3 -> 7
[DP-bwdX] L=96 states=1 -> 1
[DP-bwdX] L=96 states=1 -> 1
[DP-bwdX] L=96 states=1 -> 1
[DP-bwdX] L=96 states=1 -> 1
  [Round 170] T_prime=16  T_target=12  HPWL_w=798000  HPWL_eq=777  maxL=27  WNS(T')=-11  WNS*(T)=-15  picked=172  solve_ms=90.7209
[OC-Shortest/pow2] m=12 h=8 SEG=4 bits=48 words=1 threads=24
[DP-fwdX] L=0 states=1 -> 1
[DP-fwdX] L=16 states=179 -> 218
[DP-fwdX] L=32 states=1870 -> 2034
[DP-bwdX] L=96 states=1 -> 1
[DP-bwdX] L=80 states=179 -> 218
[DP-bwdX] L=64 states=1870 -> 2034
[DP-fwdX] L=0 states=1 -> 1
[DP-fwdX] L=16 states=179 -> 218
[DP-bwdX] L=48 states=1 -> 1
[DP-bwdX] L=32 states=94 -> 103
[DP-fwdX] L=0 states=1 -> 1
[DP-bwdX] L=16 states=10 -> 11
[DP-fwdX] L=0 states=1 -> 1
[DP-fwdX] L=0 states=1 -> 1
[DP-fwdX] L=0 states=1 -> 1
[DP-fwdX] L=16 states=19 -> 31
[DP-bwdX] L=16 states=4 -> 6
[DP-fwdX] L=16 states=1 -> 3
[DP-fwdX] L=32 states=22 -> 29
[DP-bwdX] L=48 states=1 -> 1
[DP-bwdX] L=32 states=15 -> 21
[DP-fwdX] L=32 states=5 -> 9
[DP-bwdX] L=32 states=3 -> 6
[DP-bwdX] L=48 states=1 -> 1
[DP-bwdX] L=48 states=1 -> 1
[DP-bwdX] L=48 states=1 -> 1
[DP-bwdX] L=48 states=1 -> 1
[DP-fwdX] L=48 states=1 -> 1
[DP-fwdX] L=64 states=94 -> 103
[DP-bwdX] L=96 states=1 -> 1
[DP-bwdX] L=80 states=179 -> 218
[DP-fwdX] L=48 states=1 -> 1
[DP-bwdX] L=64 states=22 -> 29
[DP-fwdX] L=48 states=1 -> 1
[DP-fwdX] L=48 states=1 -> 1
[DP-fwdX] L=48 states=1 -> 1
[DP-fwdX] L=64 states=15 -> 21
[DP-bwdX] L=64 states=5 -> 9
[DP-fwdX] L=64 states=1 -> 2
[DP-fwdX] L=80 states=10 -> 11
[DP-bwdX] L=96 states=1 -> 1
[DP-bwdX] L=80 states=19 -> 31
[DP-fwdX] L=80 states=2 -> 3
[DP-bwdX] L=80 states=2 -> 5
[DP-bwdX] L=96 states=1 -> 1
[DP-bwdX] L=96 states=1 -> 1
[DP-bwdX] L=96 states=1 -> 1
[DP-bwdX] L=96 states=1 -> 1
  [Round 171] T_prime=16  T_target=12  HPWL_w=798000  HPWL_eq=780  maxL=21  WNS(T')=-5  WNS*(T)=-9  picked=172  solve_ms=84.5711
[OC-Shortest/pow2] m=12 h=8 SEG=4 bits=48 words=1 threads=24
[DP-fwdX] L=0 states=1 -> 1
[DP-fwdX] L=16 states=179 -> 218
[DP-fwdX] L=32 states=1870 -> 2034
[DP-bwdX] L=96 states=1 -> 1
[DP-bwdX] L=80 states=179 -> 218
[DP-bwdX] L=64 states=1870 -> 2034
[DP-fwdX] L=0 states=1 -> 1
[DP-fwdX] L=16 states=179 -> 218
[DP-bwdX] L=48 states=1 -> 1
[DP-bwdX] L=32 states=94 -> 103
[DP-fwdX] L=0 states=1 -> 1
[DP-bwdX] L=16 states=29 -> 29
[DP-fwdX] L=0 states=1 -> 1
[DP-fwdX] L=0 states=1 -> 1
[DP-fwdX] L=0 states=1 -> 1
[DP-fwdX] L=16 states=19 -> 32
[DP-bwdX] L=16 states=4 -> 5
[DP-fwdX] L=16 states=1 -> 2
[DP-fwdX] L=32 states=126 -> 174
[DP-bwdX] L=48 states=1 -> 1
[DP-bwdX] L=32 states=12 -> 16
[DP-fwdX] L=32 states=4 -> 6
[DP-bwdX] L=32 states=2 -> 3
[DP-bwdX] L=48 states=1 -> 1
[DP-bwdX] L=48 states=1 -> 1
[DP-bwdX] L=48 states=1 -> 1
[DP-bwdX] L=48 states=1 -> 1
[DP-fwdX] L=48 states=1 -> 1
[DP-fwdX] L=64 states=94 -> 103
[DP-bwdX] L=96 states=1 -> 1
[DP-bwdX] L=80 states=179 -> 218
[DP-fwdX] L=48 states=1 -> 1
[DP-bwdX] L=64 states=97 -> 135
[DP-fwdX] L=48 states=1 -> 1
[DP-fwdX] L=48 states=1 -> 1
[DP-fwdX] L=48 states=1 -> 1
[DP-fwdX] L=64 states=12 -> 16
[DP-bwdX] L=64 states=4 -> 6
[DP-fwdX] L=64 states=1 -> 1
[DP-fwdX] L=80 states=13 -> 14
[DP-bwdX] L=96 states=1 -> 1
[DP-bwdX] L=80 states=19 -> 32
[DP-fwdX] L=80 states=4 -> 5
[DP-bwdX] L=80 states=3 -> 7
[DP-bwdX] L=96 states=1 -> 1
[DP-bwdX] L=96 states=1 -> 1
[DP-bwdX] L=96 states=1 -> 1
[DP-bwdX] L=96 states=1 -> 1
  [Round 172] T_prime=16  T_target=12  HPWL_w=798000  HPWL_eq=777  maxL=27  WNS(T')=-11  WNS*(T)=-15  picked=172  solve_ms=90.1006
[OC-Shortest/pow2] m=12 h=8 SEG=4 bits=48 words=1 threads=24
[DP-fwdX] L=0 states=1 -> 1
[DP-fwdX] L=16 states=179 -> 218
[DP-fwdX] L=32 states=1870 -> 2034
[DP-bwdX] L=96 states=1 -> 1
[DP-bwdX] L=80 states=179 -> 218
[DP-bwdX] L=64 states=1870 -> 2034
[DP-fwdX] L=0 states=1 -> 1
[DP-fwdX] L=16 states=179 -> 218
[DP-bwdX] L=48 states=1 -> 1
[DP-bwdX] L=32 states=94 -> 103
[DP-fwdX] L=0 states=1 -> 1
[DP-bwdX] L=16 states=10 -> 11
[DP-fwdX] L=0 states=1 -> 1
[DP-fwdX] L=0 states=1 -> 1
[DP-fwdX] L=0 states=1 -> 1
[DP-fwdX] L=16 states=19 -> 31
[DP-bwdX] L=16 states=4 -> 6
[DP-fwdX] L=16 states=1 -> 3
[DP-fwdX] L=32 states=22 -> 29
[DP-bwdX] L=48 states=1 -> 1
[DP-bwdX] L=32 states=15 -> 21
[DP-fwdX] L=32 states=5 -> 9
[DP-bwdX] L=32 states=3 -> 6
[DP-bwdX] L=48 states=1 -> 1
[DP-bwdX] L=48 states=1 -> 1
[DP-bwdX] L=48 states=1 -> 1
[DP-bwdX] L=48 states=1 -> 1
[DP-fwdX] L=48 states=1 -> 1
[DP-fwdX] L=64 states=94 -> 103
[DP-bwdX] L=96 states=1 -> 1
[DP-bwdX] L=80 states=179 -> 218
[DP-fwdX] L=48 states=1 -> 1
[DP-bwdX] L=64 states=22 -> 29
[DP-fwdX] L=48 states=1 -> 1
[DP-fwdX] L=48 states=1 -> 1
[DP-fwdX] L=48 states=1 -> 1
[DP-fwdX] L=64 states=15 -> 21
[DP-bwdX] L=64 states=5 -> 9
[DP-fwdX] L=64 states=1 -> 2
[DP-fwdX] L=80 states=10 -> 11
[DP-bwdX] L=96 states=1 -> 1
[DP-bwdX] L=80 states=19 -> 31
[DP-fwdX] L=80 states=2 -> 3
[DP-bwdX] L=80 states=2 -> 5
[DP-bwdX] L=96 states=1 -> 1
[DP-bwdX] L=96 states=1 -> 1
[DP-bwdX] L=96 states=1 -> 1
[DP-bwdX] L=96 states=1 -> 1
  [Round 173] T_prime=16  T_target=12  HPWL_w=798000  HPWL_eq=780  maxL=21  WNS(T')=-5  WNS*(T)=-9  picked=172  solve_ms=115.635
[OC-Shortest/pow2] m=12 h=8 SEG=4 bits=48 words=1 threads=24
[DP-fwdX] L=0 states=1 -> 1
[DP-fwdX] L=16 states=179 -> 218
[DP-fwdX] L=32 states=1870 -> 2034
[DP-bwdX] L=96 states=1 -> 1
[DP-bwdX] L=80 states=179 -> 218
[DP-bwdX] L=64 states=1870 -> 2034
[DP-fwdX] L=0 states=1 -> 1
[DP-fwdX] L=16 states=179 -> 218
[DP-bwdX] L=48 states=1 -> 1
[DP-bwdX] L=32 states=94 -> 103
[DP-fwdX] L=0 states=1 -> 1
[DP-bwdX] L=16 states=29 -> 29
[DP-fwdX] L=0 states=1 -> 1
[DP-fwdX] L=0 states=1 -> 1
[DP-fwdX] L=0 states=1 -> 1
[DP-fwdX] L=16 states=19 -> 32
[DP-bwdX] L=16 states=4 -> 5
[DP-fwdX] L=16 states=1 -> 2
[DP-fwdX] L=32 states=126 -> 174
[DP-bwdX] L=48 states=1 -> 1
[DP-bwdX] L=32 states=12 -> 16
[DP-fwdX] L=32 states=4 -> 6
[DP-bwdX] L=32 states=2 -> 3
[DP-bwdX] L=48 states=1 -> 1
[DP-bwdX] L=48 states=1 -> 1
[DP-bwdX] L=48 states=1 -> 1
[DP-bwdX] L=48 states=1 -> 1
[DP-fwdX] L=48 states=1 -> 1
[DP-fwdX] L=64 states=94 -> 103
[DP-bwdX] L=96 states=1 -> 1
[DP-bwdX] L=80 states=179 -> 218
[DP-fwdX] L=48 states=1 -> 1
[DP-bwdX] L=64 states=97 -> 135
[DP-fwdX] L=48 states=1 -> 1
[DP-fwdX] L=48 states=1 -> 1
[DP-fwdX] L=48 states=1 -> 1
[DP-fwdX] L=64 states=12 -> 16
[DP-bwdX] L=64 states=4 -> 6
[DP-fwdX] L=64 states=1 -> 1
[DP-fwdX] L=80 states=13 -> 14
[DP-bwdX] L=96 states=1 -> 1
[DP-bwdX] L=80 states=19 -> 32
[DP-fwdX] L=80 states=4 -> 5
[DP-bwdX] L=80 states=3 -> 7
[DP-bwdX] L=96 states=1 -> 1
[DP-bwdX] L=96 states=1 -> 1
[DP-bwdX] L=96 states=1 -> 1
[DP-bwdX] L=96 states=1 -> 1
  [Round 174] T_prime=16  T_target=12  HPWL_w=798000  HPWL_eq=777  maxL=27  WNS(T')=-11  WNS*(T)=-15  picked=172  solve_ms=83.773
[OC-Shortest/pow2] m=12 h=8 SEG=4 bits=48 words=1 threads=24
[DP-fwdX] L=0 states=1 -> 1
[DP-fwdX] L=16 states=179 -> 218
[DP-fwdX] L=32 states=1870 -> 2034
[DP-bwdX] L=96 states=1 -> 1
[DP-bwdX] L=80 states=179 -> 218
[DP-bwdX] L=64 states=1870 -> 2034
[DP-fwdX] L=0 states=1 -> 1
[DP-fwdX] L=16 states=179 -> 218
[DP-bwdX] L=48 states=1 -> 1
[DP-bwdX] L=32 states=94 -> 103
[DP-fwdX] L=0 states=1 -> 1
[DP-bwdX] L=16 states=10 -> 11
[DP-fwdX] L=0 states=1 -> 1
[DP-fwdX] L=0 states=1 -> 1
[DP-fwdX] L=0 states=1 -> 1
[DP-fwdX] L=16 states=19 -> 31
[DP-bwdX] L=16 states=4 -> 6
[DP-fwdX] L=16 states=1 -> 3
[DP-fwdX] L=32 states=22 -> 29
[DP-bwdX] L=48 states=1 -> 1
[DP-bwdX] L=32 states=15 -> 21
[DP-fwdX] L=32 states=5 -> 9
[DP-bwdX] L=32 states=3 -> 6
[DP-bwdX] L=48 states=1 -> 1
[DP-bwdX] L=48 states=1 -> 1
[DP-bwdX] L=48 states=1 -> 1
[DP-bwdX] L=48 states=1 -> 1
[DP-fwdX] L=48 states=1 -> 1
[DP-fwdX] L=64 states=94 -> 103
[DP-bwdX] L=96 states=1 -> 1
[DP-bwdX] L=80 states=179 -> 218
[DP-fwdX] L=48 states=1 -> 1
[DP-bwdX] L=64 states=22 -> 29
[DP-fwdX] L=48 states=1 -> 1
[DP-fwdX] L=48 states=1 -> 1
[DP-fwdX] L=48 states=1 -> 1
[DP-fwdX] L=64 states=15 -> 21
[DP-bwdX] L=64 states=5 -> 9
[DP-fwdX] L=64 states=1 -> 2
[DP-fwdX] L=80 states=10 -> 11
[DP-bwdX] L=96 states=1 -> 1
[DP-bwdX] L=80 states=19 -> 31
[DP-fwdX] L=80 states=2 -> 3
[DP-bwdX] L=80 states=2 -> 5
[DP-bwdX] L=96 states=1 -> 1
[DP-bwdX] L=96 states=1 -> 1
[DP-bwdX] L=96 states=1 -> 1
[DP-bwdX] L=96 states=1 -> 1
  [Round 175] T_prime=16  T_target=12  HPWL_w=798000  HPWL_eq=780  maxL=21  WNS(T')=-5  WNS*(T)=-9  picked=172  solve_ms=82.249
[OC-Shortest/pow2] m=12 h=8 SEG=4 bits=48 words=1 threads=24
[DP-fwdX] L=0 states=1 -> 1
[DP-fwdX] L=16 states=179 -> 218
[DP-fwdX] L=32 states=1870 -> 2034
[DP-bwdX] L=96 states=1 -> 1
[DP-bwdX] L=80 states=179 -> 218
[DP-bwdX] L=64 states=1870 -> 2034
[DP-fwdX] L=0 states=1 -> 1
[DP-fwdX] L=16 states=179 -> 218
[DP-bwdX] L=48 states=1 -> 1
[DP-bwdX] L=32 states=94 -> 103
[DP-fwdX] L=0 states=1 -> 1
[DP-bwdX] L=16 states=29 -> 29
[DP-fwdX] L=0 states=1 -> 1
[DP-fwdX] L=0 states=1 -> 1
[DP-fwdX] L=0 states=1 -> 1
[DP-fwdX] L=16 states=19 -> 32
[DP-bwdX] L=16 states=4 -> 5
[DP-fwdX] L=16 states=1 -> 2
[DP-fwdX] L=32 states=126 -> 174
[DP-bwdX] L=48 states=1 -> 1
[DP-bwdX] L=32 states=12 -> 16
[DP-fwdX] L=32 states=4 -> 6
[DP-bwdX] L=32 states=2 -> 3
[DP-bwdX] L=48 states=1 -> 1
[DP-bwdX] L=48 states=1 -> 1
[DP-bwdX] L=48 states=1 -> 1
[DP-bwdX] L=48 states=1 -> 1
[DP-fwdX] L=48 states=1 -> 1
[DP-fwdX] L=64 states=94 -> 103
[DP-bwdX] L=96 states=1 -> 1
[DP-bwdX] L=80 states=179 -> 218
[DP-fwdX] L=48 states=1 -> 1
[DP-bwdX] L=64 states=97 -> 135
[DP-fwdX] L=48 states=1 -> 1
[DP-fwdX] L=48 states=1 -> 1
[DP-fwdX] L=48 states=1 -> 1
[DP-fwdX] L=64 states=12 -> 16
[DP-bwdX] L=64 states=4 -> 6
[DP-fwdX] L=64 states=1 -> 1
[DP-fwdX] L=80 states=13 -> 14
[DP-bwdX] L=96 states=1 -> 1
[DP-bwdX] L=80 states=19 -> 32
[DP-fwdX] L=80 states=4 -> 5
[DP-bwdX] L=80 states=3 -> 7
[DP-bwdX] L=96 states=1 -> 1
[DP-bwdX] L=96 states=1 -> 1
[DP-bwdX] L=96 states=1 -> 1
[DP-bwdX] L=96 states=1 -> 1
  [Round 176] T_prime=16  T_target=12  HPWL_w=798000  HPWL_eq=777  maxL=27  WNS(T')=-11  WNS*(T)=-15  picked=172  solve_ms=83.2098
[OC-Shortest/pow2] m=12 h=8 SEG=4 bits=48 words=1 threads=24
[DP-fwdX] L=0 states=1 -> 1
[DP-fwdX] L=16 states=179 -> 218
[DP-fwdX] L=32 states=1870 -> 2034
[DP-bwdX] L=96 states=1 -> 1
[DP-bwdX] L=80 states=179 -> 218
[DP-bwdX] L=64 states=1870 -> 2034
[DP-fwdX] L=0 states=1 -> 1
[DP-fwdX] L=16 states=179 -> 218
[DP-bwdX] L=48 states=1 -> 1
[DP-bwdX] L=32 states=94 -> 103
[DP-fwdX] L=0 states=1 -> 1
[DP-bwdX] L=16 states=10 -> 11
[DP-fwdX] L=0 states=1 -> 1
[DP-fwdX] L=0 states=1 -> 1
[DP-fwdX] L=0 states=1 -> 1
[DP-fwdX] L=16 states=19 -> 31
[DP-bwdX] L=16 states=4 -> 6
[DP-fwdX] L=16 states=1 -> 3
[DP-fwdX] L=32 states=22 -> 29
[DP-bwdX] L=48 states=1 -> 1
[DP-bwdX] L=32 states=15 -> 21
[DP-fwdX] L=32 states=5 -> 9
[DP-bwdX] L=32 states=3 -> 6
[DP-bwdX] L=48 states=1 -> 1
[DP-bwdX] L=48 states=1 -> 1
[DP-bwdX] L=48 states=1 -> 1
[DP-bwdX] L=48 states=1 -> 1
[DP-fwdX] L=48 states=1 -> 1
[DP-fwdX] L=64 states=94 -> 103
[DP-bwdX] L=96 states=1 -> 1
[DP-bwdX] L=80 states=179 -> 218
[DP-fwdX] L=48 states=1 -> 1
[DP-bwdX] L=64 states=22 -> 29
[DP-fwdX] L=48 states=1 -> 1
[DP-fwdX] L=48 states=1 -> 1
[DP-fwdX] L=48 states=1 -> 1
[DP-fwdX] L=64 states=15 -> 21
[DP-bwdX] L=64 states=5 -> 9
[DP-fwdX] L=64 states=1 -> 2
[DP-fwdX] L=80 states=10 -> 11
[DP-bwdX] L=96 states=1 -> 1
[DP-bwdX] L=80 states=19 -> 31
[DP-fwdX] L=80 states=2 -> 3
[DP-bwdX] L=80 states=2 -> 5
[DP-bwdX] L=96 states=1 -> 1
[DP-bwdX] L=96 states=1 -> 1
[DP-bwdX] L=96 states=1 -> 1
[DP-bwdX] L=96 states=1 -> 1
  [Round 177] T_prime=16  T_target=12  HPWL_w=798000  HPWL_eq=780  maxL=21  WNS(T')=-5  WNS*(T)=-9  picked=172  solve_ms=84.3563
[OC-Shortest/pow2] m=12 h=8 SEG=4 bits=48 words=1 threads=24
[DP-fwdX] L=0 states=1 -> 1
[DP-fwdX] L=16 states=179 -> 218
[DP-fwdX] L=32 states=1870 -> 2034
[DP-bwdX] L=96 states=1 -> 1
[DP-bwdX] L=80 states=179 -> 218
[DP-bwdX] L=64 states=1870 -> 2034
[DP-fwdX] L=0 states=1 -> 1
[DP-fwdX] L=16 states=179 -> 218
[DP-bwdX] L=48 states=1 -> 1
[DP-bwdX] L=32 states=94 -> 103
[DP-fwdX] L=0 states=1 -> 1
[DP-bwdX] L=16 states=29 -> 29
[DP-fwdX] L=0 states=1 -> 1
[DP-fwdX] L=0 states=1 -> 1
[DP-fwdX] L=0 states=1 -> 1
[DP-fwdX] L=16 states=19 -> 32
[DP-bwdX] L=16 states=4 -> 5
[DP-fwdX] L=16 states=1 -> 2
[DP-fwdX] L=32 states=126 -> 174
[DP-bwdX] L=48 states=1 -> 1
[DP-bwdX] L=32 states=12 -> 16
[DP-fwdX] L=32 states=4 -> 6
[DP-bwdX] L=32 states=2 -> 3
[DP-bwdX] L=48 states=1 -> 1
[DP-bwdX] L=48 states=1 -> 1
[DP-bwdX] L=48 states=1 -> 1
[DP-bwdX] L=48 states=1 -> 1
[DP-fwdX] L=48 states=1 -> 1
[DP-fwdX] L=64 states=94 -> 103
[DP-bwdX] L=96 states=1 -> 1
[DP-bwdX] L=80 states=179 -> 218
[DP-fwdX] L=48 states=1 -> 1
[DP-bwdX] L=64 states=97 -> 135
[DP-fwdX] L=48 states=1 -> 1
[DP-fwdX] L=48 states=1 -> 1
[DP-fwdX] L=48 states=1 -> 1
[DP-fwdX] L=64 states=12 -> 16
[DP-bwdX] L=64 states=4 -> 6
[DP-fwdX] L=64 states=1 -> 1
[DP-fwdX] L=80 states=13 -> 14
[DP-bwdX] L=96 states=1 -> 1
[DP-bwdX] L=80 states=19 -> 32
[DP-fwdX] L=80 states=4 -> 5
[DP-bwdX] L=80 states=3 -> 7
[DP-bwdX] L=96 states=1 -> 1
[DP-bwdX] L=96 states=1 -> 1
[DP-bwdX] L=96 states=1 -> 1
[DP-bwdX] L=96 states=1 -> 1
  [Round 178] T_prime=16  T_target=12  HPWL_w=798000  HPWL_eq=777  maxL=27  WNS(T')=-11  WNS*(T)=-15  picked=172  solve_ms=98.4678
[OC-Shortest/pow2] m=12 h=8 SEG=4 bits=48 words=1 threads=24
[DP-fwdX] L=0 states=1 -> 1
[DP-fwdX] L=16 states=179 -> 218
[DP-fwdX] L=32 states=1870 -> 2034
[DP-bwdX] L=96 states=1 -> 1
[DP-bwdX] L=80 states=179 -> 218
[DP-bwdX] L=64 states=1870 -> 2034
[DP-fwdX] L=0 states=1 -> 1
[DP-fwdX] L=16 states=179 -> 218
[DP-bwdX] L=48 states=1 -> 1
[DP-bwdX] L=32 states=94 -> 103
[DP-fwdX] L=0 states=1 -> 1
[DP-bwdX] L=16 states=10 -> 11
[DP-fwdX] L=0 states=1 -> 1
[DP-fwdX] L=0 states=1 -> 1
[DP-fwdX] L=0 states=1 -> 1
[DP-fwdX] L=16 states=19 -> 31
[DP-bwdX] L=16 states=4 -> 6
[DP-fwdX] L=16 states=1 -> 3
[DP-fwdX] L=32 states=22 -> 29
[DP-bwdX] L=48 states=1 -> 1
[DP-bwdX] L=32 states=15 -> 21
[DP-fwdX] L=32 states=5 -> 9
[DP-bwdX] L=32 states=3 -> 6
[DP-bwdX] L=48 states=1 -> 1
[DP-bwdX] L=48 states=1 -> 1
[DP-bwdX] L=48 states=1 -> 1
[DP-bwdX] L=48 states=1 -> 1
[DP-fwdX] L=48 states=1 -> 1
[DP-fwdX] L=64 states=94 -> 103
[DP-bwdX] L=96 states=1 -> 1
[DP-bwdX] L=80 states=179 -> 218
[DP-fwdX] L=48 states=1 -> 1
[DP-bwdX] L=64 states=22 -> 29
[DP-fwdX] L=48 states=1 -> 1
[DP-fwdX] L=48 states=1 -> 1
[DP-fwdX] L=48 states=1 -> 1
[DP-fwdX] L=64 states=15 -> 21
[DP-bwdX] L=64 states=5 -> 9
[DP-fwdX] L=64 states=1 -> 2
[DP-fwdX] L=80 states=10 -> 11
[DP-bwdX] L=96 states=1 -> 1
[DP-bwdX] L=80 states=19 -> 31
[DP-fwdX] L=80 states=2 -> 3
[DP-bwdX] L=80 states=2 -> 5
[DP-bwdX] L=96 states=1 -> 1
[DP-bwdX] L=96 states=1 -> 1
[DP-bwdX] L=96 states=1 -> 1
[DP-bwdX] L=96 states=1 -> 1
  [Round 179] T_prime=16  T_target=12  HPWL_w=798000  HPWL_eq=780  maxL=21  WNS(T')=-5  WNS*(T)=-9  picked=172  solve_ms=86.6568
[OC-Shortest/pow2] m=12 h=8 SEG=4 bits=48 words=1 threads=24
[DP-fwdX] L=0 states=1 -> 1
[DP-fwdX] L=16 states=179 -> 218
[DP-fwdX] L=32 states=1870 -> 2034
[DP-bwdX] L=96 states=1 -> 1
[DP-bwdX] L=80 states=179 -> 218
[DP-bwdX] L=64 states=1870 -> 2034
[DP-fwdX] L=0 states=1 -> 1
[DP-fwdX] L=16 states=179 -> 218
[DP-bwdX] L=48 states=1 -> 1
[DP-bwdX] L=32 states=94 -> 103
[DP-fwdX] L=0 states=1 -> 1
[DP-bwdX] L=16 states=29 -> 29
[DP-fwdX] L=0 states=1 -> 1
[DP-fwdX] L=0 states=1 -> 1
[DP-fwdX] L=0 states=1 -> 1
[DP-fwdX] L=16 states=19 -> 32
[DP-bwdX] L=16 states=4 -> 5
[DP-fwdX] L=16 states=1 -> 2
[DP-fwdX] L=32 states=126 -> 174
[DP-bwdX] L=48 states=1 -> 1
[DP-bwdX] L=32 states=12 -> 16
[DP-fwdX] L=32 states=4 -> 6
[DP-bwdX] L=32 states=2 -> 3
[DP-bwdX] L=48 states=1 -> 1
[DP-bwdX] L=48 states=1 -> 1
[DP-bwdX] L=48 states=1 -> 1
[DP-bwdX] L=48 states=1 -> 1
[DP-fwdX] L=48 states=1 -> 1
[DP-fwdX] L=64 states=94 -> 103
[DP-bwdX] L=96 states=1 -> 1
[DP-bwdX] L=80 states=179 -> 218
[DP-fwdX] L=48 states=1 -> 1
[DP-bwdX] L=64 states=97 -> 135
[DP-fwdX] L=48 states=1 -> 1
[DP-fwdX] L=48 states=1 -> 1
[DP-fwdX] L=48 states=1 -> 1
[DP-fwdX] L=64 states=12 -> 16
[DP-bwdX] L=64 states=4 -> 6
[DP-fwdX] L=64 states=1 -> 1
[DP-fwdX] L=80 states=13 -> 14
[DP-bwdX] L=96 states=1 -> 1
[DP-bwdX] L=80 states=19 -> 32
[DP-fwdX] L=80 states=4 -> 5
[DP-bwdX] L=80 states=3 -> 7
[DP-bwdX] L=96 states=1 -> 1
[DP-bwdX] L=96 states=1 -> 1
[DP-bwdX] L=96 states=1 -> 1
[DP-bwdX] L=96 states=1 -> 1
  [Round 180] T_prime=16  T_target=12  HPWL_w=798000  HPWL_eq=777  maxL=27  WNS(T')=-11  WNS*(T)=-15  picked=172  solve_ms=88.996
[OC-Shortest/pow2] m=12 h=8 SEG=4 bits=48 words=1 threads=24
[DP-fwdX] L=0 states=1 -> 1
[DP-fwdX] L=16 states=179 -> 218
[DP-fwdX] L=32 states=1870 -> 2034
[DP-bwdX] L=96 states=1 -> 1
[DP-bwdX] L=80 states=179 -> 218
[DP-bwdX] L=64 states=1870 -> 2034
[DP-fwdX] L=0 states=1 -> 1
[DP-fwdX] L=16 states=179 -> 218
[DP-bwdX] L=48 states=1 -> 1
[DP-bwdX] L=32 states=94 -> 103
[DP-fwdX] L=0 states=1 -> 1
[DP-bwdX] L=16 states=10 -> 11
[DP-fwdX] L=0 states=1 -> 1
[DP-fwdX] L=0 states=1 -> 1
[DP-fwdX] L=0 states=1 -> 1
[DP-fwdX] L=16 states=19 -> 31
[DP-bwdX] L=16 states=4 -> 6
[DP-fwdX] L=16 states=1 -> 3
[DP-fwdX] L=32 states=22 -> 29
[DP-bwdX] L=48 states=1 -> 1
[DP-bwdX] L=32 states=15 -> 21
[DP-fwdX] L=32 states=5 -> 9
[DP-bwdX] L=32 states=3 -> 6
[DP-bwdX] L=48 states=1 -> 1
[DP-bwdX] L=48 states=1 -> 1
[DP-bwdX] L=48 states=1 -> 1
[DP-bwdX] L=48 states=1 -> 1
[DP-fwdX] L=48 states=1 -> 1
[DP-fwdX] L=64 states=94 -> 103
[DP-bwdX] L=96 states=1 -> 1
[DP-bwdX] L=80 states=179 -> 218
[DP-fwdX] L=48 states=1 -> 1
[DP-bwdX] L=64 states=22 -> 29
[DP-fwdX] L=48 states=1 -> 1
[DP-fwdX] L=48 states=1 -> 1
[DP-fwdX] L=48 states=1 -> 1
[DP-fwdX] L=64 states=15 -> 21
[DP-bwdX] L=64 states=5 -> 9
[DP-fwdX] L=64 states=1 -> 2
[DP-fwdX] L=80 states=10 -> 11
[DP-bwdX] L=96 states=1 -> 1
[DP-bwdX] L=80 states=19 -> 31
[DP-fwdX] L=80 states=2 -> 3
[DP-bwdX] L=80 states=2 -> 5
[DP-bwdX] L=96 states=1 -> 1
[DP-bwdX] L=96 states=1 -> 1
[DP-bwdX] L=96 states=1 -> 1
[DP-bwdX] L=96 states=1 -> 1
  [Round 181] T_prime=16  T_target=12  HPWL_w=798000  HPWL_eq=780  maxL=21  WNS(T')=-5  WNS*(T)=-9  picked=172  solve_ms=83.2863
[OC-Shortest/pow2] m=12 h=8 SEG=4 bits=48 words=1 threads=24
[DP-fwdX] L=0 states=1 -> 1
[DP-fwdX] L=16 states=179 -> 218
[DP-fwdX] L=32 states=1870 -> 2034
[DP-bwdX] L=96 states=1 -> 1
[DP-bwdX] L=80 states=179 -> 218
[DP-bwdX] L=64 states=1870 -> 2034
[DP-fwdX] L=0 states=1 -> 1
[DP-fwdX] L=16 states=179 -> 218
[DP-bwdX] L=48 states=1 -> 1
[DP-bwdX] L=32 states=94 -> 103
[DP-fwdX] L=0 states=1 -> 1
[DP-bwdX] L=16 states=29 -> 29
[DP-fwdX] L=0 states=1 -> 1
[DP-fwdX] L=0 states=1 -> 1
[DP-fwdX] L=0 states=1 -> 1
[DP-fwdX] L=16 states=19 -> 32
[DP-bwdX] L=16 states=4 -> 5
[DP-fwdX] L=16 states=1 -> 2
[DP-fwdX] L=32 states=126 -> 174
[DP-bwdX] L=48 states=1 -> 1
[DP-bwdX] L=32 states=12 -> 16
[DP-fwdX] L=32 states=4 -> 6
[DP-bwdX] L=32 states=2 -> 3
[DP-bwdX] L=48 states=1 -> 1
[DP-bwdX] L=48 states=1 -> 1
[DP-bwdX] L=48 states=1 -> 1
[DP-bwdX] L=48 states=1 -> 1
[DP-fwdX] L=48 states=1 -> 1
[DP-fwdX] L=64 states=94 -> 103
[DP-bwdX] L=96 states=1 -> 1
[DP-bwdX] L=80 states=179 -> 218
[DP-fwdX] L=48 states=1 -> 1
[DP-bwdX] L=64 states=97 -> 135
[DP-fwdX] L=48 states=1 -> 1
[DP-fwdX] L=48 states=1 -> 1
[DP-fwdX] L=48 states=1 -> 1
[DP-fwdX] L=64 states=12 -> 16
[DP-bwdX] L=64 states=4 -> 6
[DP-fwdX] L=64 states=1 -> 1
[DP-fwdX] L=80 states=13 -> 14
[DP-bwdX] L=96 states=1 -> 1
[DP-bwdX] L=80 states=19 -> 32
[DP-fwdX] L=80 states=4 -> 5
[DP-bwdX] L=80 states=3 -> 7
[DP-bwdX] L=96 states=1 -> 1
[DP-bwdX] L=96 states=1 -> 1
[DP-bwdX] L=96 states=1 -> 1
[DP-bwdX] L=96 states=1 -> 1
  [Round 182] T_prime=16  T_target=12  HPWL_w=798000  HPWL_eq=777  maxL=27  WNS(T')=-11  WNS*(T)=-15  picked=172  solve_ms=91.988
[OC-Shortest/pow2] m=12 h=8 SEG=4 bits=48 words=1 threads=24
[DP-fwdX] L=0 states=1 -> 1
[DP-fwdX] L=16 states=179 -> 218
[DP-fwdX] L=32 states=1870 -> 2034
[DP-bwdX] L=96 states=1 -> 1
[DP-bwdX] L=80 states=179 -> 218
[DP-bwdX] L=64 states=1870 -> 2034
[DP-fwdX] L=0 states=1 -> 1
[DP-fwdX] L=16 states=179 -> 218
[DP-bwdX] L=48 states=1 -> 1
[DP-bwdX] L=32 states=94 -> 103
[DP-fwdX] L=0 states=1 -> 1
[DP-bwdX] L=16 states=10 -> 11
[DP-fwdX] L=0 states=1 -> 1
[DP-fwdX] L=0 states=1 -> 1
[DP-fwdX] L=0 states=1 -> 1
[DP-fwdX] L=16 states=19 -> 31
[DP-bwdX] L=16 states=4 -> 6
[DP-fwdX] L=16 states=1 -> 3
[DP-fwdX] L=32 states=22 -> 29
[DP-bwdX] L=48 states=1 -> 1
[DP-bwdX] L=32 states=15 -> 21
[DP-fwdX] L=32 states=5 -> 9
[DP-bwdX] L=32 states=3 -> 6
[DP-bwdX] L=48 states=1 -> 1
[DP-bwdX] L=48 states=1 -> 1
[DP-bwdX] L=48 states=1 -> 1
[DP-bwdX] L=48 states=1 -> 1
[DP-fwdX] L=48 states=1 -> 1
[DP-fwdX] L=64 states=94 -> 103
[DP-bwdX] L=96 states=1 -> 1
[DP-bwdX] L=80 states=179 -> 218
[DP-fwdX] L=48 states=1 -> 1
[DP-bwdX] L=64 states=22 -> 29
[DP-fwdX] L=48 states=1 -> 1
[DP-fwdX] L=48 states=1 -> 1
[DP-fwdX] L=48 states=1 -> 1
[DP-fwdX] L=64 states=15 -> 21
[DP-bwdX] L=64 states=5 -> 9
[DP-fwdX] L=64 states=1 -> 2
[DP-fwdX] L=80 states=10 -> 11
[DP-bwdX] L=96 states=1 -> 1
[DP-bwdX] L=80 states=19 -> 31
[DP-fwdX] L=80 states=2 -> 3
[DP-bwdX] L=80 states=2 -> 5
[DP-bwdX] L=96 states=1 -> 1
[DP-bwdX] L=96 states=1 -> 1
[DP-bwdX] L=96 states=1 -> 1
[DP-bwdX] L=96 states=1 -> 1
  [Round 183] T_prime=16  T_target=12  HPWL_w=798000  HPWL_eq=780  maxL=21  WNS(T')=-5  WNS*(T)=-9  picked=172  solve_ms=83.7457
[OC-Shortest/pow2] m=12 h=8 SEG=4 bits=48 words=1 threads=24
[DP-fwdX] L=0 states=1 -> 1
[DP-fwdX] L=16 states=179 -> 218
[DP-fwdX] L=32 states=1870 -> 2034
[DP-bwdX] L=96 states=1 -> 1
[DP-bwdX] L=80 states=179 -> 218
[DP-bwdX] L=64 states=1870 -> 2034
[DP-fwdX] L=0 states=1 -> 1
[DP-fwdX] L=16 states=179 -> 218
[DP-bwdX] L=48 states=1 -> 1
[DP-bwdX] L=32 states=94 -> 103
[DP-fwdX] L=0 states=1 -> 1
[DP-bwdX] L=16 states=29 -> 29
[DP-fwdX] L=0 states=1 -> 1
[DP-fwdX] L=0 states=1 -> 1
[DP-fwdX] L=0 states=1 -> 1
[DP-fwdX] L=16 states=19 -> 32
[DP-bwdX] L=16 states=4 -> 5
[DP-fwdX] L=16 states=1 -> 2
[DP-fwdX] L=32 states=126 -> 174
[DP-bwdX] L=48 states=1 -> 1
[DP-bwdX] L=32 states=12 -> 16
[DP-fwdX] L=32 states=4 -> 6
[DP-bwdX] L=32 states=2 -> 3
[DP-bwdX] L=48 states=1 -> 1
[DP-bwdX] L=48 states=1 -> 1
[DP-bwdX] L=48 states=1 -> 1
[DP-bwdX] L=48 states=1 -> 1
[DP-fwdX] L=48 states=1 -> 1
[DP-fwdX] L=64 states=94 -> 103
[DP-bwdX] L=96 states=1 -> 1
[DP-bwdX] L=80 states=179 -> 218
[DP-fwdX] L=48 states=1 -> 1
[DP-bwdX] L=64 states=97 -> 135
[DP-fwdX] L=48 states=1 -> 1
[DP-fwdX] L=48 states=1 -> 1
[DP-fwdX] L=48 states=1 -> 1
[DP-fwdX] L=64 states=12 -> 16
[DP-bwdX] L=64 states=4 -> 6
[DP-fwdX] L=64 states=1 -> 1
[DP-fwdX] L=80 states=13 -> 14
[DP-bwdX] L=96 states=1 -> 1
[DP-bwdX] L=80 states=19 -> 32
[DP-fwdX] L=80 states=4 -> 5
[DP-bwdX] L=80 states=3 -> 7
[DP-bwdX] L=96 states=1 -> 1
[DP-bwdX] L=96 states=1 -> 1
[DP-bwdX] L=96 states=1 -> 1
[DP-bwdX] L=96 states=1 -> 1
  [Round 184] T_prime=16  T_target=12  HPWL_w=798000  HPWL_eq=777  maxL=27  WNS(T')=-11  WNS*(T)=-15  picked=172  solve_ms=99.6322
[OC-Shortest/pow2] m=12 h=8 SEG=4 bits=48 words=1 threads=24
[DP-fwdX] L=0 states=1 -> 1
[DP-fwdX] L=16 states=179 -> 218
[DP-fwdX] L=32 states=1870 -> 2034
[DP-bwdX] L=96 states=1 -> 1
[DP-bwdX] L=80 states=179 -> 218
[DP-bwdX] L=64 states=1870 -> 2034
[DP-fwdX] L=0 states=1 -> 1
[DP-fwdX] L=16 states=179 -> 218
[DP-bwdX] L=48 states=1 -> 1
[DP-bwdX] L=32 states=94 -> 103
[DP-fwdX] L=0 states=1 -> 1
[DP-bwdX] L=16 states=10 -> 11
[DP-fwdX] L=0 states=1 -> 1
[DP-fwdX] L=0 states=1 -> 1
[DP-fwdX] L=0 states=1 -> 1
[DP-fwdX] L=16 states=19 -> 31
[DP-bwdX] L=16 states=4 -> 6
[DP-fwdX] L=16 states=1 -> 3
[DP-fwdX] L=32 states=22 -> 29
[DP-bwdX] L=48 states=1 -> 1
[DP-bwdX] L=32 states=15 -> 21
[DP-fwdX] L=32 states=5 -> 9
[DP-bwdX] L=32 states=3 -> 6
[DP-bwdX] L=48 states=1 -> 1
[DP-bwdX] L=48 states=1 -> 1
[DP-bwdX] L=48 states=1 -> 1
[DP-bwdX] L=48 states=1 -> 1
[DP-fwdX] L=48 states=1 -> 1
[DP-fwdX] L=64 states=94 -> 103
[DP-bwdX] L=96 states=1 -> 1
[DP-bwdX] L=80 states=179 -> 218
[DP-fwdX] L=48 states=1 -> 1
[DP-bwdX] L=64 states=22 -> 29
[DP-fwdX] L=48 states=1 -> 1
[DP-fwdX] L=48 states=1 -> 1
[DP-fwdX] L=48 states=1 -> 1
[DP-fwdX] L=64 states=15 -> 21
[DP-bwdX] L=64 states=5 -> 9
[DP-fwdX] L=64 states=1 -> 2
[DP-fwdX] L=80 states=10 -> 11
[DP-bwdX] L=96 states=1 -> 1
[DP-bwdX] L=80 states=19 -> 31
[DP-fwdX] L=80 states=2 -> 3
[DP-bwdX] L=80 states=2 -> 5
[DP-bwdX] L=96 states=1 -> 1
[DP-bwdX] L=96 states=1 -> 1
[DP-bwdX] L=96 states=1 -> 1
[DP-bwdX] L=96 states=1 -> 1
  [Round 185] T_prime=16  T_target=12  HPWL_w=798000  HPWL_eq=780  maxL=21  WNS(T')=-5  WNS*(T)=-9  picked=172  solve_ms=103.969
[OC-Shortest/pow2] m=12 h=8 SEG=4 bits=48 words=1 threads=24
[DP-fwdX] L=0 states=1 -> 1
[DP-fwdX] L=16 states=179 -> 218
[DP-fwdX] L=32 states=1870 -> 2034
[DP-bwdX] L=96 states=1 -> 1
[DP-bwdX] L=80 states=179 -> 218
[DP-bwdX] L=64 states=1870 -> 2034
[DP-fwdX] L=0 states=1 -> 1
[DP-fwdX] L=16 states=179 -> 218
[DP-bwdX] L=48 states=1 -> 1
[DP-bwdX] L=32 states=94 -> 103
[DP-fwdX] L=0 states=1 -> 1
[DP-bwdX] L=16 states=29 -> 29
[DP-fwdX] L=0 states=1 -> 1
[DP-fwdX] L=0 states=1 -> 1
[DP-fwdX] L=0 states=1 -> 1
[DP-fwdX] L=16 states=19 -> 32
[DP-bwdX] L=16 states=4 -> 5
[DP-fwdX] L=16 states=1 -> 2
[DP-fwdX] L=32 states=126 -> 174
[DP-bwdX] L=48 states=1 -> 1
[DP-bwdX] L=32 states=12 -> 16
[DP-fwdX] L=32 states=4 -> 6
[DP-bwdX] L=32 states=2 -> 3
[DP-bwdX] L=48 states=1 -> 1
[DP-bwdX] L=48 states=1 -> 1
[DP-bwdX] L=48 states=1 -> 1
[DP-bwdX] L=48 states=1 -> 1
[DP-fwdX] L=48 states=1 -> 1
[DP-fwdX] L=64 states=94 -> 103
[DP-bwdX] L=96 states=1 -> 1
[DP-bwdX] L=80 states=179 -> 218
[DP-fwdX] L=48 states=1 -> 1
[DP-bwdX] L=64 states=97 -> 135
[DP-fwdX] L=48 states=1 -> 1
[DP-fwdX] L=48 states=1 -> 1
[DP-fwdX] L=48 states=1 -> 1
[DP-fwdX] L=64 states=12 -> 16
[DP-bwdX] L=64 states=4 -> 6
[DP-fwdX] L=64 states=1 -> 1
[DP-fwdX] L=80 states=13 -> 14
[DP-bwdX] L=96 states=1 -> 1
[DP-bwdX] L=80 states=19 -> 32
[DP-fwdX] L=80 states=4 -> 5
[DP-bwdX] L=80 states=3 -> 7
[DP-bwdX] L=96 states=1 -> 1
[DP-bwdX] L=96 states=1 -> 1
[DP-bwdX] L=96 states=1 -> 1
[DP-bwdX] L=96 states=1 -> 1
  [Round 186] T_prime=16  T_target=12  HPWL_w=798000  HPWL_eq=777  maxL=27  WNS(T')=-11  WNS*(T)=-15  picked=172  solve_ms=84.3912
[OC-Shortest/pow2] m=12 h=8 SEG=4 bits=48 words=1 threads=24
[DP-fwdX] L=0 states=1 -> 1
[DP-fwdX] L=16 states=179 -> 218
[DP-fwdX] L=32 states=1870 -> 2034
[DP-bwdX] L=96 states=1 -> 1
[DP-bwdX] L=80 states=179 -> 218
[DP-bwdX] L=64 states=1870 -> 2034
[DP-fwdX] L=0 states=1 -> 1
[DP-fwdX] L=16 states=179 -> 218
[DP-bwdX] L=48 states=1 -> 1
[DP-bwdX] L=32 states=94 -> 103
[DP-fwdX] L=0 states=1 -> 1
[DP-bwdX] L=16 states=10 -> 11
[DP-fwdX] L=0 states=1 -> 1
[DP-fwdX] L=0 states=1 -> 1
[DP-fwdX] L=0 states=1 -> 1
[DP-fwdX] L=16 states=19 -> 31
[DP-bwdX] L=16 states=4 -> 6
[DP-fwdX] L=16 states=1 -> 3
[DP-fwdX] L=32 states=22 -> 29
[DP-bwdX] L=48 states=1 -> 1
[DP-bwdX] L=32 states=15 -> 21
[DP-fwdX] L=32 states=5 -> 9
[DP-bwdX] L=32 states=3 -> 6
[DP-bwdX] L=48 states=1 -> 1
[DP-bwdX] L=48 states=1 -> 1
[DP-bwdX] L=48 states=1 -> 1
[DP-bwdX] L=48 states=1 -> 1
[DP-fwdX] L=48 states=1 -> 1
[DP-fwdX] L=64 states=94 -> 103
[DP-bwdX] L=96 states=1 -> 1
[DP-bwdX] L=80 states=179 -> 218
[DP-fwdX] L=48 states=1 -> 1
[DP-bwdX] L=64 states=22 -> 29
[DP-fwdX] L=48 states=1 -> 1
[DP-fwdX] L=48 states=1 -> 1
[DP-fwdX] L=48 states=1 -> 1
[DP-fwdX] L=64 states=15 -> 21
[DP-bwdX] L=64 states=5 -> 9
[DP-fwdX] L=64 states=1 -> 2
[DP-fwdX] L=80 states=10 -> 11
[DP-bwdX] L=96 states=1 -> 1
[DP-bwdX] L=80 states=19 -> 31
[DP-fwdX] L=80 states=2 -> 3
[DP-bwdX] L=80 states=2 -> 5
[DP-bwdX] L=96 states=1 -> 1
[DP-bwdX] L=96 states=1 -> 1
[DP-bwdX] L=96 states=1 -> 1
[DP-bwdX] L=96 states=1 -> 1
  [Round 187] T_prime=16  T_target=12  HPWL_w=798000  HPWL_eq=780  maxL=21  WNS(T')=-5  WNS*(T)=-9  picked=172  solve_ms=82.3002
[OC-Shortest/pow2] m=12 h=8 SEG=4 bits=48 words=1 threads=24
[DP-fwdX] L=0 states=1 -> 1
[DP-fwdX] L=16 states=179 -> 218
[DP-fwdX] L=32 states=1870 -> 2034
[DP-bwdX] L=96 states=1 -> 1
[DP-bwdX] L=80 states=179 -> 218
[DP-bwdX] L=64 states=1870 -> 2034
[DP-fwdX] L=0 states=1 -> 1
[DP-fwdX] L=16 states=179 -> 218
[DP-bwdX] L=48 states=1 -> 1
[DP-bwdX] L=32 states=94 -> 103
[DP-fwdX] L=0 states=1 -> 1
[DP-bwdX] L=16 states=29 -> 29
[DP-fwdX] L=0 states=1 -> 1
[DP-fwdX] L=0 states=1 -> 1
[DP-fwdX] L=0 states=1 -> 1
[DP-fwdX] L=16 states=19 -> 32
[DP-bwdX] L=16 states=4 -> 5
[DP-fwdX] L=16 states=1 -> 2
[DP-fwdX] L=32 states=126 -> 174
[DP-bwdX] L=48 states=1 -> 1
[DP-bwdX] L=32 states=12 -> 16
[DP-fwdX] L=32 states=4 -> 6
[DP-bwdX] L=32 states=2 -> 3
[DP-bwdX] L=48 states=1 -> 1
[DP-bwdX] L=48 states=1 -> 1
[DP-bwdX] L=48 states=1 -> 1
[DP-bwdX] L=48 states=1 -> 1
[DP-fwdX] L=48 states=1 -> 1
[DP-fwdX] L=64 states=94 -> 103
[DP-bwdX] L=96 states=1 -> 1
[DP-bwdX] L=80 states=179 -> 218
[DP-fwdX] L=48 states=1 -> 1
[DP-bwdX] L=64 states=97 -> 135
[DP-fwdX] L=48 states=1 -> 1
[DP-fwdX] L=48 states=1 -> 1
[DP-fwdX] L=48 states=1 -> 1
[DP-fwdX] L=64 states=12 -> 16
[DP-bwdX] L=64 states=4 -> 6
[DP-fwdX] L=64 states=1 -> 1
[DP-fwdX] L=80 states=13 -> 14
[DP-bwdX] L=96 states=1 -> 1
[DP-bwdX] L=80 states=19 -> 32
[DP-fwdX] L=80 states=4 -> 5
[DP-bwdX] L=80 states=3 -> 7
[DP-bwdX] L=96 states=1 -> 1
[DP-bwdX] L=96 states=1 -> 1
[DP-bwdX] L=96 states=1 -> 1
[DP-bwdX] L=96 states=1 -> 1
  [Round 188] T_prime=16  T_target=12  HPWL_w=798000  HPWL_eq=777  maxL=27  WNS(T')=-11  WNS*(T)=-15  picked=172  solve_ms=84.4635
[OC-Shortest/pow2] m=12 h=8 SEG=4 bits=48 words=1 threads=24
[DP-fwdX] L=0 states=1 -> 1
[DP-fwdX] L=16 states=179 -> 218
[DP-fwdX] L=32 states=1870 -> 2034
[DP-bwdX] L=96 states=1 -> 1
[DP-bwdX] L=80 states=179 -> 218
[DP-bwdX] L=64 states=1870 -> 2034
[DP-fwdX] L=0 states=1 -> 1
[DP-fwdX] L=16 states=179 -> 218
[DP-bwdX] L=48 states=1 -> 1
[DP-bwdX] L=32 states=94 -> 103
[DP-fwdX] L=0 states=1 -> 1
[DP-bwdX] L=16 states=10 -> 11
[DP-fwdX] L=0 states=1 -> 1
[DP-fwdX] L=0 states=1 -> 1
[DP-fwdX] L=0 states=1 -> 1
[DP-fwdX] L=16 states=19 -> 31
[DP-bwdX] L=16 states=4 -> 6
[DP-fwdX] L=16 states=1 -> 3
[DP-fwdX] L=32 states=22 -> 29
[DP-bwdX] L=48 states=1 -> 1
[DP-bwdX] L=32 states=15 -> 21
[DP-fwdX] L=32 states=5 -> 9
[DP-bwdX] L=32 states=3 -> 6
[DP-bwdX] L=48 states=1 -> 1
[DP-bwdX] L=48 states=1 -> 1
[DP-bwdX] L=48 states=1 -> 1
[DP-bwdX] L=48 states=1 -> 1
[DP-fwdX] L=48 states=1 -> 1
[DP-fwdX] L=64 states=94 -> 103
[DP-bwdX] L=96 states=1 -> 1
[DP-bwdX] L=80 states=179 -> 218
[DP-fwdX] L=48 states=1 -> 1
[DP-bwdX] L=64 states=22 -> 29
[DP-fwdX] L=48 states=1 -> 1
[DP-fwdX] L=48 states=1 -> 1
[DP-fwdX] L=48 states=1 -> 1
[DP-fwdX] L=64 states=15 -> 21
[DP-bwdX] L=64 states=5 -> 9
[DP-fwdX] L=64 states=1 -> 2
[DP-fwdX] L=80 states=10 -> 11
[DP-bwdX] L=96 states=1 -> 1
[DP-bwdX] L=80 states=19 -> 31
[DP-fwdX] L=80 states=2 -> 3
[DP-bwdX] L=80 states=2 -> 5
[DP-bwdX] L=96 states=1 -> 1
[DP-bwdX] L=96 states=1 -> 1
[DP-bwdX] L=96 states=1 -> 1
[DP-bwdX] L=96 states=1 -> 1
  [Round 189] T_prime=16  T_target=12  HPWL_w=798000  HPWL_eq=780  maxL=21  WNS(T')=-5  WNS*(T)=-9  picked=172  solve_ms=82.6531
[OC-Shortest/pow2] m=12 h=8 SEG=4 bits=48 words=1 threads=24
[DP-fwdX] L=0 states=1 -> 1
[DP-fwdX] L=16 states=179 -> 218
[DP-fwdX] L=32 states=1870 -> 2034
[DP-bwdX] L=96 states=1 -> 1
[DP-bwdX] L=80 states=179 -> 218
[DP-bwdX] L=64 states=1870 -> 2034
[DP-fwdX] L=0 states=1 -> 1
[DP-fwdX] L=16 states=179 -> 218
[DP-bwdX] L=48 states=1 -> 1
[DP-bwdX] L=32 states=94 -> 103
[DP-fwdX] L=0 states=1 -> 1
[DP-bwdX] L=16 states=29 -> 29
[DP-fwdX] L=0 states=1 -> 1
[DP-fwdX] L=0 states=1 -> 1
[DP-fwdX] L=0 states=1 -> 1
[DP-fwdX] L=16 states=19 -> 32
[DP-bwdX] L=16 states=4 -> 5
[DP-fwdX] L=16 states=1 -> 2
[DP-fwdX] L=32 states=126 -> 174
[DP-bwdX] L=48 states=1 -> 1
[DP-bwdX] L=32 states=12 -> 16
[DP-fwdX] L=32 states=4 -> 6
[DP-bwdX] L=32 states=2 -> 3
[DP-bwdX] L=48 states=1 -> 1
[DP-bwdX] L=48 states=1 -> 1
[DP-bwdX] L=48 states=1 -> 1
[DP-bwdX] L=48 states=1 -> 1
[DP-fwdX] L=48 states=1 -> 1
[DP-fwdX] L=64 states=94 -> 103
[DP-bwdX] L=96 states=1 -> 1
[DP-bwdX] L=80 states=179 -> 218
[DP-fwdX] L=48 states=1 -> 1
[DP-bwdX] L=64 states=97 -> 135
[DP-fwdX] L=48 states=1 -> 1
[DP-fwdX] L=48 states=1 -> 1
[DP-fwdX] L=48 states=1 -> 1
[DP-fwdX] L=64 states=12 -> 16
[DP-bwdX] L=64 states=4 -> 6
[DP-fwdX] L=64 states=1 -> 1
[DP-fwdX] L=80 states=13 -> 14
[DP-bwdX] L=96 states=1 -> 1
[DP-bwdX] L=80 states=19 -> 32
[DP-fwdX] L=80 states=4 -> 5
[DP-bwdX] L=80 states=3 -> 7
[DP-bwdX] L=96 states=1 -> 1
[DP-bwdX] L=96 states=1 -> 1
[DP-bwdX] L=96 states=1 -> 1
[DP-bwdX] L=96 states=1 -> 1
  [Round 190] T_prime=16  T_target=12  HPWL_w=798000  HPWL_eq=777  maxL=27  WNS(T')=-11  WNS*(T)=-15  picked=172  solve_ms=83.8801
[OC-Shortest/pow2] m=12 h=8 SEG=4 bits=48 words=1 threads=24
[DP-fwdX] L=0 states=1 -> 1
[DP-fwdX] L=16 states=179 -> 218
[DP-fwdX] L=32 states=1870 -> 2034
[DP-bwdX] L=96 states=1 -> 1
[DP-bwdX] L=80 states=179 -> 218
[DP-bwdX] L=64 states=1870 -> 2034
[DP-fwdX] L=0 states=1 -> 1
[DP-fwdX] L=16 states=179 -> 218
[DP-bwdX] L=48 states=1 -> 1
[DP-bwdX] L=32 states=94 -> 103
[DP-fwdX] L=0 states=1 -> 1
[DP-bwdX] L=16 states=10 -> 11
[DP-fwdX] L=0 states=1 -> 1
[DP-fwdX] L=0 states=1 -> 1
[DP-fwdX] L=0 states=1 -> 1
[DP-fwdX] L=16 states=19 -> 31
[DP-bwdX] L=16 states=4 -> 6
[DP-fwdX] L=16 states=1 -> 3
[DP-fwdX] L=32 states=22 -> 29
[DP-bwdX] L=48 states=1 -> 1
[DP-bwdX] L=32 states=15 -> 21
[DP-fwdX] L=32 states=5 -> 9
[DP-bwdX] L=32 states=3 -> 6
[DP-bwdX] L=48 states=1 -> 1
[DP-bwdX] L=48 states=1 -> 1
[DP-bwdX] L=48 states=1 -> 1
[DP-bwdX] L=48 states=1 -> 1
[DP-fwdX] L=48 states=1 -> 1
[DP-fwdX] L=64 states=94 -> 103
[DP-bwdX] L=96 states=1 -> 1
[DP-bwdX] L=80 states=179 -> 218
[DP-fwdX] L=48 states=1 -> 1
[DP-bwdX] L=64 states=22 -> 29
[DP-fwdX] L=48 states=1 -> 1
[DP-fwdX] L=48 states=1 -> 1
[DP-fwdX] L=48 states=1 -> 1
[DP-fwdX] L=64 states=15 -> 21
[DP-bwdX] L=64 states=5 -> 9
[DP-fwdX] L=64 states=1 -> 2
[DP-fwdX] L=80 states=10 -> 11
[DP-bwdX] L=96 states=1 -> 1
[DP-bwdX] L=80 states=19 -> 31
[DP-fwdX] L=80 states=2 -> 3
[DP-bwdX] L=80 states=2 -> 5
[DP-bwdX] L=96 states=1 -> 1
[DP-bwdX] L=96 states=1 -> 1
[DP-bwdX] L=96 states=1 -> 1
[DP-bwdX] L=96 states=1 -> 1
  [Round 191] T_prime=16  T_target=12  HPWL_w=798000  HPWL_eq=780  maxL=21  WNS(T')=-5  WNS*(T)=-9  picked=172  solve_ms=83.3606
[OC-Shortest/pow2] m=12 h=8 SEG=4 bits=48 words=1 threads=24
[DP-fwdX] L=0 states=1 -> 1
[DP-fwdX] L=16 states=179 -> 218
[DP-fwdX] L=32 states=1870 -> 2034
[DP-bwdX] L=96 states=1 -> 1
[DP-bwdX] L=80 states=179 -> 218
[DP-bwdX] L=64 states=1870 -> 2034
[DP-fwdX] L=0 states=1 -> 1
[DP-fwdX] L=16 states=179 -> 218
[DP-bwdX] L=48 states=1 -> 1
[DP-bwdX] L=32 states=94 -> 103
[DP-fwdX] L=0 states=1 -> 1
[DP-bwdX] L=16 states=29 -> 29
[DP-fwdX] L=0 states=1 -> 1
[DP-fwdX] L=0 states=1 -> 1
[DP-fwdX] L=0 states=1 -> 1
[DP-fwdX] L=16 states=19 -> 32
[DP-bwdX] L=16 states=4 -> 5
[DP-fwdX] L=16 states=1 -> 2
[DP-fwdX] L=32 states=126 -> 174
[DP-bwdX] L=48 states=1 -> 1
[DP-bwdX] L=32 states=12 -> 16
[DP-fwdX] L=32 states=4 -> 6
[DP-bwdX] L=32 states=2 -> 3
[DP-bwdX] L=48 states=1 -> 1
[DP-bwdX] L=48 states=1 -> 1
[DP-bwdX] L=48 states=1 -> 1
[DP-bwdX] L=48 states=1 -> 1
[DP-fwdX] L=48 states=1 -> 1
[DP-fwdX] L=64 states=94 -> 103
[DP-bwdX] L=96 states=1 -> 1
[DP-bwdX] L=80 states=179 -> 218
[DP-fwdX] L=48 states=1 -> 1
[DP-bwdX] L=64 states=97 -> 135
[DP-fwdX] L=48 states=1 -> 1
[DP-fwdX] L=48 states=1 -> 1
[DP-fwdX] L=48 states=1 -> 1
[DP-fwdX] L=64 states=12 -> 16
[DP-bwdX] L=64 states=4 -> 6
[DP-fwdX] L=64 states=1 -> 1
[DP-fwdX] L=80 states=13 -> 14
[DP-bwdX] L=96 states=1 -> 1
[DP-bwdX] L=80 states=19 -> 32
[DP-fwdX] L=80 states=4 -> 5
[DP-bwdX] L=80 states=3 -> 7
[DP-bwdX] L=96 states=1 -> 1
[DP-bwdX] L=96 states=1 -> 1
[DP-bwdX] L=96 states=1 -> 1
[DP-bwdX] L=96 states=1 -> 1
  [Round 192] T_prime=16  T_target=12  HPWL_w=798000  HPWL_eq=777  maxL=27  WNS(T')=-11  WNS*(T)=-15  picked=172  solve_ms=85.1771
[OC-Shortest/pow2] m=12 h=8 SEG=4 bits=48 words=1 threads=24
[DP-fwdX] L=0 states=1 -> 1
[DP-fwdX] L=16 states=179 -> 218
[DP-fwdX] L=32 states=1870 -> 2034
[DP-bwdX] L=96 states=1 -> 1
[DP-bwdX] L=80 states=179 -> 218
[DP-bwdX] L=64 states=1870 -> 2034
[DP-fwdX] L=0 states=1 -> 1
[DP-fwdX] L=16 states=179 -> 218
[DP-bwdX] L=48 states=1 -> 1
[DP-bwdX] L=32 states=94 -> 103
[DP-fwdX] L=0 states=1 -> 1
[DP-bwdX] L=16 states=10 -> 11
[DP-fwdX] L=0 states=1 -> 1
[DP-fwdX] L=0 states=1 -> 1
[DP-fwdX] L=0 states=1 -> 1
[DP-fwdX] L=16 states=19 -> 31
[DP-bwdX] L=16 states=4 -> 6
[DP-fwdX] L=16 states=1 -> 3
[DP-fwdX] L=32 states=22 -> 29
[DP-bwdX] L=48 states=1 -> 1
[DP-bwdX] L=32 states=15 -> 21
[DP-fwdX] L=32 states=5 -> 9
[DP-bwdX] L=32 states=3 -> 6
[DP-bwdX] L=48 states=1 -> 1
[DP-bwdX] L=48 states=1 -> 1
[DP-bwdX] L=48 states=1 -> 1
[DP-bwdX] L=48 states=1 -> 1
[DP-fwdX] L=48 states=1 -> 1
[DP-fwdX] L=64 states=94 -> 103
[DP-bwdX] L=96 states=1 -> 1
[DP-bwdX] L=80 states=179 -> 218
[DP-fwdX] L=48 states=1 -> 1
[DP-bwdX] L=64 states=22 -> 29
[DP-fwdX] L=48 states=1 -> 1
[DP-fwdX] L=48 states=1 -> 1
[DP-fwdX] L=48 states=1 -> 1
[DP-fwdX] L=64 states=15 -> 21
[DP-bwdX] L=64 states=5 -> 9
[DP-fwdX] L=64 states=1 -> 2
[DP-fwdX] L=80 states=10 -> 11
[DP-bwdX] L=96 states=1 -> 1
[DP-bwdX] L=80 states=19 -> 31
[DP-fwdX] L=80 states=2 -> 3
[DP-bwdX] L=80 states=2 -> 5
[DP-bwdX] L=96 states=1 -> 1
[DP-bwdX] L=96 states=1 -> 1
[DP-bwdX] L=96 states=1 -> 1
[DP-bwdX] L=96 states=1 -> 1
  [Round 193] T_prime=16  T_target=12  HPWL_w=798000  HPWL_eq=780  maxL=21  WNS(T')=-5  WNS*(T)=-9  picked=172  solve_ms=82.2345
[OC-Shortest/pow2] m=12 h=8 SEG=4 bits=48 words=1 threads=24
[DP-fwdX] L=0 states=1 -> 1
[DP-fwdX] L=16 states=179 -> 218
[DP-fwdX] L=32 states=1870 -> 2034
[DP-bwdX] L=96 states=1 -> 1
[DP-bwdX] L=80 states=179 -> 218
[DP-bwdX] L=64 states=1870 -> 2034
[DP-fwdX] L=0 states=1 -> 1
[DP-fwdX] L=16 states=179 -> 218
[DP-bwdX] L=48 states=1 -> 1
[DP-bwdX] L=32 states=94 -> 103
[DP-fwdX] L=0 states=1 -> 1
[DP-bwdX] L=16 states=29 -> 29
[DP-fwdX] L=0 states=1 -> 1
[DP-fwdX] L=0 states=1 -> 1
[DP-fwdX] L=0 states=1 -> 1
[DP-fwdX] L=16 states=19 -> 32
[DP-bwdX] L=16 states=4 -> 5
[DP-fwdX] L=16 states=1 -> 2
[DP-fwdX] L=32 states=126 -> 174
[DP-bwdX] L=48 states=1 -> 1
[DP-bwdX] L=32 states=12 -> 16
[DP-fwdX] L=32 states=4 -> 6
[DP-bwdX] L=32 states=2 -> 3
[DP-bwdX] L=48 states=1 -> 1
[DP-bwdX] L=48 states=1 -> 1
[DP-bwdX] L=48 states=1 -> 1
[DP-bwdX] L=48 states=1 -> 1
[DP-fwdX] L=48 states=1 -> 1
[DP-fwdX] L=64 states=94 -> 103
[DP-bwdX] L=96 states=1 -> 1
[DP-bwdX] L=80 states=179 -> 218
[DP-fwdX] L=48 states=1 -> 1
[DP-bwdX] L=64 states=97 -> 135
[DP-fwdX] L=48 states=1 -> 1
[DP-fwdX] L=48 states=1 -> 1
[DP-fwdX] L=48 states=1 -> 1
[DP-fwdX] L=64 states=12 -> 16
[DP-bwdX] L=64 states=4 -> 6
[DP-fwdX] L=64 states=1 -> 1
[DP-fwdX] L=80 states=13 -> 14
[DP-bwdX] L=96 states=1 -> 1
[DP-bwdX] L=80 states=19 -> 32
[DP-fwdX] L=80 states=4 -> 5
[DP-bwdX] L=80 states=3 -> 7
[DP-bwdX] L=96 states=1 -> 1
[DP-bwdX] L=96 states=1 -> 1
[DP-bwdX] L=96 states=1 -> 1
[DP-bwdX] L=96 states=1 -> 1
  [Round 194] T_prime=16  T_target=12  HPWL_w=798000  HPWL_eq=777  maxL=27  WNS(T')=-11  WNS*(T)=-15  picked=172  solve_ms=84.1436
[OC-Shortest/pow2] m=12 h=8 SEG=4 bits=48 words=1 threads=24
[DP-fwdX] L=0 states=1 -> 1
[DP-fwdX] L=16 states=179 -> 218
[DP-fwdX] L=32 states=1870 -> 2034
[DP-bwdX] L=96 states=1 -> 1
[DP-bwdX] L=80 states=179 -> 218
[DP-bwdX] L=64 states=1870 -> 2034
[DP-fwdX] L=0 states=1 -> 1
[DP-fwdX] L=16 states=179 -> 218
[DP-bwdX] L=48 states=1 -> 1
[DP-bwdX] L=32 states=94 -> 103
[DP-fwdX] L=0 states=1 -> 1
[DP-bwdX] L=16 states=10 -> 11
[DP-fwdX] L=0 states=1 -> 1
[DP-fwdX] L=0 states=1 -> 1
[DP-fwdX] L=0 states=1 -> 1
[DP-fwdX] L=16 states=19 -> 31
[DP-bwdX] L=16 states=4 -> 6
[DP-fwdX] L=16 states=1 -> 3
[DP-fwdX] L=32 states=22 -> 29
[DP-bwdX] L=48 states=1 -> 1
[DP-bwdX] L=32 states=15 -> 21
[DP-fwdX] L=32 states=5 -> 9
[DP-bwdX] L=32 states=3 -> 6
[DP-bwdX] L=48 states=1 -> 1
[DP-bwdX] L=48 states=1 -> 1
[DP-bwdX] L=48 states=1 -> 1
[DP-bwdX] L=48 states=1 -> 1
[DP-fwdX] L=48 states=1 -> 1
[DP-fwdX] L=64 states=94 -> 103
[DP-bwdX] L=96 states=1 -> 1
[DP-bwdX] L=80 states=179 -> 218
[DP-fwdX] L=48 states=1 -> 1
[DP-bwdX] L=64 states=22 -> 29
[DP-fwdX] L=48 states=1 -> 1
[DP-fwdX] L=48 states=1 -> 1
[DP-fwdX] L=48 states=1 -> 1
[DP-fwdX] L=64 states=15 -> 21
[DP-bwdX] L=64 states=5 -> 9
[DP-fwdX] L=64 states=1 -> 2
[DP-fwdX] L=80 states=10 -> 11
[DP-bwdX] L=96 states=1 -> 1
[DP-bwdX] L=80 states=19 -> 31
[DP-fwdX] L=80 states=2 -> 3
[DP-bwdX] L=80 states=2 -> 5
[DP-bwdX] L=96 states=1 -> 1
[DP-bwdX] L=96 states=1 -> 1
[DP-bwdX] L=96 states=1 -> 1
[DP-bwdX] L=96 states=1 -> 1
  [Round 195] T_prime=16  T_target=12  HPWL_w=798000  HPWL_eq=780  maxL=21  WNS(T')=-5  WNS*(T)=-9  picked=172  solve_ms=200.353
[OC-Shortest/pow2] m=12 h=8 SEG=4 bits=48 words=1 threads=24
[DP-fwdX] L=0 states=1 -> 1
[DP-fwdX] L=16 states=179 -> 218
[DP-fwdX] L=32 states=1870 -> 2034
[DP-bwdX] L=96 states=1 -> 1
[DP-bwdX] L=80 states=179 -> 218
[DP-bwdX] L=64 states=1870 -> 2034
[DP-fwdX] L=0 states=1 -> 1
[DP-fwdX] L=16 states=179 -> 218
[DP-bwdX] L=48 states=1 -> 1
[DP-bwdX] L=32 states=94 -> 103
[DP-fwdX] L=0 states=1 -> 1
[DP-bwdX] L=16 states=29 -> 29
[DP-fwdX] L=0 states=1 -> 1
[DP-fwdX] L=0 states=1 -> 1
[DP-fwdX] L=0 states=1 -> 1
[DP-fwdX] L=16 states=19 -> 32
[DP-bwdX] L=16 states=4 -> 5
[DP-fwdX] L=16 states=1 -> 2
[DP-fwdX] L=32 states=126 -> 174
[DP-bwdX] L=48 states=1 -> 1
[DP-bwdX] L=32 states=12 -> 16
[DP-fwdX] L=32 states=4 -> 6
[DP-bwdX] L=32 states=2 -> 3
[DP-bwdX] L=48 states=1 -> 1
[DP-bwdX] L=48 states=1 -> 1
[DP-bwdX] L=48 states=1 -> 1
[DP-bwdX] L=48 states=1 -> 1
[DP-fwdX] L=48 states=1 -> 1
[DP-fwdX] L=64 states=94 -> 103
[DP-bwdX] L=96 states=1 -> 1
[DP-bwdX] L=80 states=179 -> 218
[DP-fwdX] L=48 states=1 -> 1
[DP-bwdX] L=64 states=97 -> 135
[DP-fwdX] L=48 states=1 -> 1
[DP-fwdX] L=48 states=1 -> 1
[DP-fwdX] L=48 states=1 -> 1
[DP-fwdX] L=64 states=12 -> 16
[DP-bwdX] L=64 states=4 -> 6
[DP-fwdX] L=64 states=1 -> 1
[DP-fwdX] L=80 states=13 -> 14
[DP-bwdX] L=96 states=1 -> 1
[DP-bwdX] L=80 states=19 -> 32
[DP-fwdX] L=80 states=4 -> 5
[DP-bwdX] L=80 states=3 -> 7
[DP-bwdX] L=96 states=1 -> 1
[DP-bwdX] L=96 states=1 -> 1
[DP-bwdX] L=96 states=1 -> 1
[DP-bwdX] L=96 states=1 -> 1
  [Round 196] T_prime=16  T_target=12  HPWL_w=798000  HPWL_eq=777  maxL=27  WNS(T')=-11  WNS*(T)=-15  picked=172  solve_ms=85.3672
[OC-Shortest/pow2] m=12 h=8 SEG=4 bits=48 words=1 threads=24
[DP-fwdX] L=0 states=1 -> 1
[DP-fwdX] L=16 states=179 -> 218
[DP-fwdX] L=32 states=1870 -> 2034
[DP-bwdX] L=96 states=1 -> 1
[DP-bwdX] L=80 states=179 -> 218
[DP-bwdX] L=64 states=1870 -> 2034
[DP-fwdX] L=0 states=1 -> 1
[DP-fwdX] L=16 states=179 -> 218
[DP-bwdX] L=48 states=1 -> 1
[DP-bwdX] L=32 states=94 -> 103
[DP-fwdX] L=0 states=1 -> 1
[DP-bwdX] L=16 states=10 -> 11
[DP-fwdX] L=0 states=1 -> 1
[DP-fwdX] L=0 states=1 -> 1
[DP-fwdX] L=0 states=1 -> 1
[DP-fwdX] L=16 states=19 -> 31
[DP-bwdX] L=16 states=4 -> 6
[DP-fwdX] L=16 states=1 -> 3
[DP-fwdX] L=32 states=22 -> 29
[DP-bwdX] L=48 states=1 -> 1
[DP-bwdX] L=32 states=15 -> 21
[DP-fwdX] L=32 states=5 -> 9
[DP-bwdX] L=32 states=3 -> 6
[DP-bwdX] L=48 states=1 -> 1
[DP-bwdX] L=48 states=1 -> 1
[DP-bwdX] L=48 states=1 -> 1
[DP-bwdX] L=48 states=1 -> 1
[DP-fwdX] L=48 states=1 -> 1
[DP-fwdX] L=64 states=94 -> 103
[DP-bwdX] L=96 states=1 -> 1
[DP-bwdX] L=80 states=179 -> 218
[DP-fwdX] L=48 states=1 -> 1
[DP-bwdX] L=64 states=22 -> 29
[DP-fwdX] L=48 states=1 -> 1
[DP-fwdX] L=48 states=1 -> 1
[DP-fwdX] L=48 states=1 -> 1
[DP-fwdX] L=64 states=15 -> 21
[DP-bwdX] L=64 states=5 -> 9
[DP-fwdX] L=64 states=1 -> 2
[DP-fwdX] L=80 states=10 -> 11
[DP-bwdX] L=96 states=1 -> 1
[DP-bwdX] L=80 states=19 -> 31
[DP-fwdX] L=80 states=2 -> 3
[DP-bwdX] L=80 states=2 -> 5
[DP-bwdX] L=96 states=1 -> 1
[DP-bwdX] L=96 states=1 -> 1
[DP-bwdX] L=96 states=1 -> 1
[DP-bwdX] L=96 states=1 -> 1
  [Round 197] T_prime=16  T_target=12  HPWL_w=798000  HPWL_eq=780  maxL=21  WNS(T')=-5  WNS*(T)=-9  picked=172  solve_ms=98.551
[OC-Shortest/pow2] m=12 h=8 SEG=4 bits=48 words=1 threads=24
[DP-fwdX] L=0 states=1 -> 1
[DP-fwdX] L=16 states=179 -> 218
[DP-fwdX] L=32 states=1870 -> 2034
[DP-bwdX] L=96 states=1 -> 1
[DP-bwdX] L=80 states=179 -> 218
[DP-bwdX] L=64 states=1870 -> 2034
[DP-fwdX] L=0 states=1 -> 1
[DP-fwdX] L=16 states=179 -> 218
[DP-bwdX] L=48 states=1 -> 1
[DP-bwdX] L=32 states=94 -> 103
[DP-fwdX] L=0 states=1 -> 1
[DP-bwdX] L=16 states=29 -> 29
[DP-fwdX] L=0 states=1 -> 1
[DP-fwdX] L=0 states=1 -> 1
[DP-fwdX] L=0 states=1 -> 1
[DP-fwdX] L=16 states=19 -> 32
[DP-bwdX] L=16 states=4 -> 5
[DP-fwdX] L=16 states=1 -> 2
[DP-fwdX] L=32 states=126 -> 174
[DP-bwdX] L=48 states=1 -> 1
[DP-bwdX] L=32 states=12 -> 16
[DP-fwdX] L=32 states=4 -> 6
[DP-bwdX] L=32 states=2 -> 3
[DP-bwdX] L=48 states=1 -> 1
[DP-bwdX] L=48 states=1 -> 1
[DP-bwdX] L=48 states=1 -> 1
[DP-bwdX] L=48 states=1 -> 1
[DP-fwdX] L=48 states=1 -> 1
[DP-fwdX] L=64 states=94 -> 103
[DP-bwdX] L=96 states=1 -> 1
[DP-bwdX] L=80 states=179 -> 218
[DP-fwdX] L=48 states=1 -> 1
[DP-bwdX] L=64 states=97 -> 135
[DP-fwdX] L=48 states=1 -> 1
[DP-fwdX] L=48 states=1 -> 1
[DP-fwdX] L=48 states=1 -> 1
[DP-fwdX] L=64 states=12 -> 16
[DP-bwdX] L=64 states=4 -> 6
[DP-fwdX] L=64 states=1 -> 1
[DP-fwdX] L=80 states=13 -> 14
[DP-bwdX] L=96 states=1 -> 1
[DP-bwdX] L=80 states=19 -> 32
[DP-fwdX] L=80 states=4 -> 5
[DP-bwdX] L=80 states=3 -> 7
[DP-bwdX] L=96 states=1 -> 1
[DP-bwdX] L=96 states=1 -> 1
[DP-bwdX] L=96 states=1 -> 1
[DP-bwdX] L=96 states=1 -> 1
  [Round 198] T_prime=16  T_target=12  HPWL_w=798000  HPWL_eq=777  maxL=27  WNS(T')=-11  WNS*(T)=-15  picked=172  solve_ms=86.1939
[OC-Shortest/pow2] m=12 h=8 SEG=4 bits=48 words=1 threads=24
[DP-fwdX] L=0 states=1 -> 1
[DP-fwdX] L=16 states=179 -> 218
[DP-fwdX] L=32 states=1870 -> 2034
[DP-bwdX] L=96 states=1 -> 1
[DP-bwdX] L=80 states=179 -> 218
[DP-bwdX] L=64 states=1870 -> 2034
[DP-fwdX] L=0 states=1 -> 1
[DP-fwdX] L=16 states=179 -> 218
[DP-bwdX] L=48 states=1 -> 1
[DP-bwdX] L=32 states=94 -> 103
[DP-fwdX] L=0 states=1 -> 1
[DP-bwdX] L=16 states=10 -> 11
[DP-fwdX] L=0 states=1 -> 1
[DP-fwdX] L=0 states=1 -> 1
[DP-fwdX] L=0 states=1 -> 1
[DP-fwdX] L=16 states=19 -> 31
[DP-bwdX] L=16 states=4 -> 6
[DP-fwdX] L=16 states=1 -> 3
[DP-fwdX] L=32 states=22 -> 29
[DP-bwdX] L=48 states=1 -> 1
[DP-bwdX] L=32 states=15 -> 21
[DP-fwdX] L=32 states=5 -> 9
[DP-bwdX] L=32 states=3 -> 6
[DP-bwdX] L=48 states=1 -> 1
[DP-bwdX] L=48 states=1 -> 1
[DP-bwdX] L=48 states=1 -> 1
[DP-bwdX] L=48 states=1 -> 1
[DP-fwdX] L=48 states=1 -> 1
[DP-fwdX] L=64 states=94 -> 103
[DP-bwdX] L=96 states=1 -> 1
[DP-bwdX] L=80 states=179 -> 218
[DP-fwdX] L=48 states=1 -> 1
[DP-bwdX] L=64 states=22 -> 29
[DP-fwdX] L=48 states=1 -> 1
[DP-fwdX] L=48 states=1 -> 1
[DP-fwdX] L=48 states=1 -> 1
[DP-fwdX] L=64 states=15 -> 21
[DP-bwdX] L=64 states=5 -> 9
[DP-fwdX] L=64 states=1 -> 2
[DP-fwdX] L=80 states=10 -> 11
[DP-bwdX] L=96 states=1 -> 1
[DP-bwdX] L=80 states=19 -> 31
[DP-fwdX] L=80 states=2 -> 3
[DP-bwdX] L=80 states=2 -> 5
[DP-bwdX] L=96 states=1 -> 1
[DP-bwdX] L=96 states=1 -> 1
[DP-bwdX] L=96 states=1 -> 1
[DP-bwdX] L=96 states=1 -> 1
  [Round 199] T_prime=16  T_target=12  HPWL_w=798000  HPWL_eq=780  maxL=21  WNS(T')=-5  WNS*(T)=-9  picked=172  solve_ms=89.7645
[OC-Shortest/pow2] m=12 h=8 SEG=4 bits=48 words=1 threads=24
[DP-fwdX] L=0 states=1 -> 1
[DP-fwdX] L=16 states=179 -> 218
[DP-fwdX] L=32 states=1870 -> 2034
[DP-bwdX] L=96 states=1 -> 1
[DP-bwdX] L=80 states=179 -> 218
[DP-bwdX] L=64 states=1870 -> 2034
[DP-fwdX] L=0 states=1 -> 1
[DP-fwdX] L=16 states=179 -> 218
[DP-bwdX] L=48 states=1 -> 1
[DP-bwdX] L=32 states=94 -> 103
[DP-fwdX] L=0 states=1 -> 1
[DP-bwdX] L=16 states=29 -> 29
[DP-fwdX] L=0 states=1 -> 1
[DP-fwdX] L=0 states=1 -> 1
[DP-fwdX] L=0 states=1 -> 1
[DP-fwdX] L=16 states=19 -> 32
[DP-bwdX] L=16 states=4 -> 5
[DP-fwdX] L=16 states=1 -> 2
[DP-fwdX] L=32 states=126 -> 174
[DP-bwdX] L=48 states=1 -> 1
[DP-bwdX] L=32 states=12 -> 16
[DP-fwdX] L=32 states=4 -> 6
[DP-bwdX] L=32 states=2 -> 3
[DP-bwdX] L=48 states=1 -> 1
[DP-bwdX] L=48 states=1 -> 1
[DP-bwdX] L=48 states=1 -> 1
[DP-bwdX] L=48 states=1 -> 1
[DP-fwdX] L=48 states=1 -> 1
[DP-fwdX] L=64 states=94 -> 103
[DP-bwdX] L=96 states=1 -> 1
[DP-bwdX] L=80 states=179 -> 218
[DP-fwdX] L=48 states=1 -> 1
[DP-bwdX] L=64 states=97 -> 135
[DP-fwdX] L=48 states=1 -> 1
[DP-fwdX] L=48 states=1 -> 1
[DP-fwdX] L=48 states=1 -> 1
[DP-fwdX] L=64 states=12 -> 16
[DP-bwdX] L=64 states=4 -> 6
[DP-fwdX] L=64 states=1 -> 1
[DP-fwdX] L=80 states=13 -> 14
[DP-bwdX] L=96 states=1 -> 1
[DP-bwdX] L=80 states=19 -> 32
[DP-fwdX] L=80 states=4 -> 5
[DP-bwdX] L=80 states=3 -> 7
[DP-bwdX] L=96 states=1 -> 1
[DP-bwdX] L=96 states=1 -> 1
[DP-bwdX] L=96 states=1 -> 1
[DP-bwdX] L=96 states=1 -> 1
  [Round 200] T_prime=16  T_target=12  HPWL_w=798000  HPWL_eq=777  maxL=27  WNS(T')=-11  WNS*(T)=-15  picked=172  solve_ms=89.9541
[Policy] wrote placement to: placement12_Col_1_T_12.txt
