[MultiCol] m=16 h=16 K=2 T=17 rounds=150 policy=soft snake=1 work_dir=.
[MultiCol] exec: build/oc_policy_singlecol 16 8 150 --T=17 --policy=soft --freeze=1 --cap=64 --scale=1000 --dV=1 --pow2=1 --progress=1 --alpha=0.5 --eta=0.5 --gamma=0.45 --beta=4.5 --homotopy=1 --sigma=0.88 --shrink=0.9
[Policy] m_full=16 h_full=8 rounds=150 T_target=17 policy=soft+freeze cap=64 scale=1000 freeze=1 homotopy=1 sigma=0.88 shrink=0.9  [fast_ctr: DP on 8x8]
[OC-Shortest/pow2] m=8 h=8 SEG=4 bits=32 words=1 threads=24
[DP-fwdX] L=0 states=1 -> 1
[DP-fwdX] L=16 states=141 -> 164
[DP-bwdX] L=64 states=1 -> 1
[DP-bwdX] L=48 states=141 -> 164
[DP-fwdX] L=0 states=1 -> 1
[DP-bwdX] L=32 states=1 -> 1
[DP-fwdX] L=0 states=1 -> 1
[DP-bwdX] L=16 states=1 -> 2
[DP-fwdX] L=0 states=1 -> 1
[DP-fwdX] L=0 states=1 -> 1
[DP-fwdX] L=0 states=1 -> 1
[DP-bwdX] L=16 states=1 -> 2
[DP-bwdX] L=16 states=1 -> 2
[DP-bwdX] L=16 states=1 -> 2
[DP-fwdX] L=16 states=1 -> 3
[DP-bwdX] L=32 states=1 -> 1
[DP-fwdX] L=16 states=1 -> 3
[DP-fwdX] L=16 states=1 -> 3
[DP-fwdX] L=16 states=1 -> 3
[DP-bwdX] L=32 states=1 -> 1
[DP-bwdX] L=32 states=1 -> 1
[DP-bwdX] L=32 states=1 -> 1
[DP-fwdX] L=32 states=1 -> 1
[DP-bwdX] L=64 states=1 -> 1
[DP-fwdX] L=32 states=1 -> 1
[DP-bwdX] L=48 states=1 -> 3
[DP-fwdX] L=32 states=1 -> 1
[DP-fwdX] L=32 states=1 -> 1
[DP-fwdX] L=32 states=1 -> 1
[DP-bwdX] L=48 states=1 -> 3
[DP-bwdX] L=48 states=1 -> 3
[DP-bwdX] L=48 states=1 -> 3
[DP-fwdX] L=48 states=1 -> 2
[DP-bwdX] L=64 states=1 -> 1
[DP-fwdX] L=48 states=1 -> 2
[DP-fwdX] L=48 states=1 -> 2
[DP-fwdX] L=48 states=1 -> 2
[DP-bwdX] L=64 states=1 -> 1
[DP-bwdX] L=64 states=1 -> 1
[DP-bwdX] L=64 states=1 -> 1
[Init-Homotopy] round1 maxL(dp)=20  set T_prime0=18 (T_target=17)
[RowSwapCTR] expand small 8x8 -> full 16x8  top_rows=4  bot_rows=4  ctr_rows=8  n_full=128
  [Round 1] T_prime=18  T_target=17  HPWL_w=472000  HPWL_eq=472  maxL=23  WNS(T')=-5  WNS*(T)=-6  picked=2  solve_ms=22.2958
[OC-Shortest/pow2] m=8 h=8 SEG=4 bits=32 words=1 threads=24
[DP-fwdX] L=0 states=1 -> 1
[DP-fwdX] L=16 states=141 -> 164
[DP-bwdX] L=64 states=1 -> 1
[DP-bwdX] L=48 states=141 -> 164
[DP-fwdX] L=0 states=1 -> 1
[DP-bwdX] L=32 states=1 -> 1
[DP-fwdX] L=0 states=1 -> 1
[DP-bwdX] L=16 states=1 -> 2
[DP-fwdX] L=0 states=1 -> 1
[DP-fwdX] L=0 states=1 -> 1
[DP-fwdX] L=0 states=1 -> 1
[DP-bwdX] L=16 states=1 -> 2
[DP-bwdX] L=16 states=1 -> 2
[DP-bwdX] L=16 states=1 -> 2
[DP-fwdX] L=16 states=1 -> 3
[DP-bwdX] L=32 states=1 -> 1
[DP-fwdX] L=16 states=1 -> 3
[DP-fwdX] L=16 states=1 -> 3
[DP-fwdX] L=16 states=1 -> 3
[DP-bwdX] L=32 states=1 -> 1
[DP-bwdX] L=32 states=1 -> 1
[DP-bwdX] L=32 states=1 -> 1
[DP-fwdX] L=32 states=1 -> 1
[DP-bwdX] L=64 states=1 -> 1
[DP-fwdX] L=32 states=1 -> 1
[DP-bwdX] L=48 states=1 -> 3
[DP-fwdX] L=32 states=1 -> 1
[DP-fwdX] L=32 states=1 -> 1
[DP-fwdX] L=32 states=1 -> 1
[DP-bwdX] L=48 states=1 -> 3
[DP-bwdX] L=48 states=1 -> 3
[DP-bwdX] L=48 states=1 -> 3
[DP-fwdX] L=48 states=1 -> 2
[DP-bwdX] L=64 states=1 -> 1
[DP-fwdX] L=48 states=1 -> 2
[DP-fwdX] L=48 states=1 -> 2
[DP-fwdX] L=48 states=1 -> 2
[DP-bwdX] L=64 states=1 -> 1
[DP-bwdX] L=64 states=1 -> 1
[DP-bwdX] L=64 states=1 -> 1
[RowSwapCTR] expand small 8x8 -> full 16x8  top_rows=4  bot_rows=4  ctr_rows=8  n_full=128
  [Round 2] T_prime=18  T_target=17  HPWL_w=472282  HPWL_eq=472  maxL=20  WNS(T')=-2  WNS*(T)=-3  picked=4  solve_ms=17.1566
[OC-Shortest/pow2] m=8 h=8 SEG=4 bits=32 words=1 threads=24
[DP-fwdX] L=0 states=1 -> 1
[DP-fwdX] L=16 states=141 -> 164
[DP-bwdX] L=64 states=1 -> 1
[DP-bwdX] L=48 states=141 -> 164
[DP-fwdX] L=0 states=1 -> 1
[DP-bwdX] L=32 states=1 -> 1
[DP-fwdX] L=0 states=1 -> 1
[DP-bwdX] L=16 states=1 -> 2
[DP-fwdX] L=0 states=1 -> 1
[DP-fwdX] L=0 states=1 -> 1
[DP-fwdX] L=0 states=1 -> 1
[DP-bwdX] L=16 states=1 -> 2
[DP-bwdX] L=16 states=1 -> 2
[DP-bwdX] L=16 states=1 -> 2
[DP-fwdX] L=16 states=1 -> 3
[DP-bwdX] L=32 states=1 -> 1
[DP-fwdX] L=16 states=1 -> 3
[DP-fwdX] L=16 states=1 -> 3
[DP-fwdX] L=16 states=1 -> 3
[DP-bwdX] L=32 states=1 -> 1
[DP-bwdX] L=32 states=1 -> 1
[DP-bwdX] L=32 states=1 -> 1
[DP-fwdX] L=32 states=1 -> 1
[DP-bwdX] L=64 states=1 -> 1
[DP-fwdX] L=32 states=1 -> 1
[DP-bwdX] L=48 states=1 -> 3
[DP-fwdX] L=32 states=1 -> 1
[DP-fwdX] L=32 states=1 -> 1
[DP-fwdX] L=32 states=1 -> 1
[DP-bwdX] L=48 states=1 -> 3
[DP-bwdX] L=48 states=1 -> 3
[DP-bwdX] L=48 states=1 -> 3
[DP-fwdX] L=48 states=1 -> 2
[DP-bwdX] L=64 states=1 -> 1
[DP-fwdX] L=48 states=1 -> 2
[DP-fwdX] L=48 states=1 -> 2
[DP-fwdX] L=48 states=1 -> 2
[DP-bwdX] L=64 states=1 -> 1
[DP-bwdX] L=64 states=1 -> 1
[DP-bwdX] L=64 states=1 -> 1
[RowSwapCTR] expand small 8x8 -> full 16x8  top_rows=4  bot_rows=4  ctr_rows=8  n_full=128
  [Round 3] T_prime=18  T_target=17  HPWL_w=474444  HPWL_eq=472  maxL=23  WNS(T')=-5  WNS*(T)=-6  picked=4  solve_ms=17.2097
[OC-Shortest/pow2] m=8 h=8 SEG=4 bits=32 words=1 threads=24
[DP-fwdX] L=0 states=1 -> 1
[DP-fwdX] L=16 states=141 -> 164
[DP-bwdX] L=64 states=1 -> 1
[DP-bwdX] L=48 states=141 -> 164
[DP-fwdX] L=0 states=1 -> 1
[DP-bwdX] L=32 states=1 -> 1
[DP-fwdX] L=0 states=1 -> 1
[DP-bwdX] L=16 states=1 -> 2
[DP-fwdX] L=0 states=1 -> 1
[DP-fwdX] L=0 states=1 -> 1
[DP-fwdX] L=0 states=1 -> 1
[DP-bwdX] L=16 states=1 -> 2
[DP-bwdX] L=16 states=1 -> 2
[DP-bwdX] L=16 states=1 -> 2
[DP-fwdX] L=16 states=1 -> 3
[DP-bwdX] L=32 states=1 -> 1
[DP-fwdX] L=16 states=1 -> 3
[DP-fwdX] L=16 states=1 -> 3
[DP-fwdX] L=16 states=1 -> 3
[DP-bwdX] L=32 states=1 -> 1
[DP-bwdX] L=32 states=1 -> 1
[DP-bwdX] L=32 states=1 -> 1
[DP-fwdX] L=32 states=1 -> 1
[DP-bwdX] L=64 states=1 -> 1
[DP-fwdX] L=32 states=1 -> 1
[DP-bwdX] L=48 states=1 -> 3
[DP-fwdX] L=32 states=1 -> 1
[DP-fwdX] L=32 states=1 -> 1
[DP-fwdX] L=32 states=1 -> 1
[DP-bwdX] L=48 states=1 -> 3
[DP-bwdX] L=48 states=1 -> 3
[DP-bwdX] L=48 states=1 -> 3
[DP-fwdX] L=48 states=1 -> 2
[DP-bwdX] L=64 states=1 -> 1
[DP-fwdX] L=48 states=1 -> 2
[DP-fwdX] L=48 states=1 -> 2
[DP-fwdX] L=48 states=1 -> 2
[DP-bwdX] L=64 states=1 -> 1
[DP-bwdX] L=64 states=1 -> 1
[DP-bwdX] L=64 states=1 -> 1
[RowSwapCTR] expand small 8x8 -> full 16x8  top_rows=4  bot_rows=4  ctr_rows=8  n_full=128
  [Round 4] T_prime=18  T_target=17  HPWL_w=476690  HPWL_eq=472  maxL=20  WNS(T')=-2  WNS*(T)=-3  picked=4  solve_ms=17.1669
[OC-Shortest/pow2] m=8 h=8 SEG=4 bits=32 words=1 threads=24
[DP-fwdX] L=0 states=1 -> 1
[DP-fwdX] L=16 states=141 -> 164
[DP-bwdX] L=64 states=1 -> 1
[DP-bwdX] L=48 states=141 -> 164
[DP-fwdX] L=0 states=1 -> 1
[DP-bwdX] L=32 states=1 -> 1
[DP-fwdX] L=0 states=1 -> 1
[DP-bwdX] L=16 states=1 -> 1
[DP-fwdX] L=0 states=1 -> 1
[DP-fwdX] L=0 states=1 -> 1
[DP-fwdX] L=0 states=1 -> 1
[DP-bwdX] L=16 states=1 -> 1
[DP-bwdX] L=16 states=1 -> 1
[DP-bwdX] L=16 states=1 -> 1
[DP-fwdX] L=16 states=1 -> 1
[DP-bwdX] L=32 states=1 -> 1
[DP-fwdX] L=16 states=1 -> 1
[DP-fwdX] L=16 states=1 -> 1
[DP-fwdX] L=16 states=1 -> 1
[DP-bwdX] L=32 states=1 -> 1
[DP-bwdX] L=32 states=1 -> 1
[DP-bwdX] L=32 states=1 -> 1
[DP-fwdX] L=32 states=1 -> 1
[DP-bwdX] L=64 states=1 -> 1
[DP-fwdX] L=32 states=1 -> 1
[DP-bwdX] L=48 states=1 -> 3
[DP-fwdX] L=32 states=1 -> 1
[DP-fwdX] L=32 states=1 -> 1
[DP-fwdX] L=32 states=1 -> 1
[DP-bwdX] L=48 states=1 -> 3
[DP-bwdX] L=48 states=1 -> 3
[DP-bwdX] L=48 states=1 -> 3
[DP-fwdX] L=48 states=1 -> 2
[DP-bwdX] L=64 states=1 -> 1
[DP-fwdX] L=48 states=1 -> 2
[DP-fwdX] L=48 states=1 -> 2
[DP-fwdX] L=48 states=1 -> 2
[DP-bwdX] L=64 states=1 -> 1
[DP-bwdX] L=64 states=1 -> 1
[DP-bwdX] L=64 states=1 -> 1
[RowSwapCTR] expand small 8x8 -> full 16x8  top_rows=4  bot_rows=4  ctr_rows=8  n_full=128
  [Round 5] T_prime=18  T_target=17  HPWL_w=478688  HPWL_eq=474  maxL=26  WNS(T')=-8  WNS*(T)=-9  picked=2  solve_ms=16.7555
[OC-Shortest/pow2] m=8 h=8 SEG=4 bits=32 words=1 threads=24
[DP-fwdX] L=0 states=1 -> 1
[DP-fwdX] L=16 states=141 -> 164
[DP-bwdX] L=64 states=1 -> 1
[DP-bwdX] L=48 states=141 -> 164
[DP-fwdX] L=0 states=1 -> 1
[DP-bwdX] L=32 states=1 -> 1
[DP-fwdX] L=0 states=1 -> 1
[DP-bwdX] L=16 states=1 -> 1
[DP-fwdX] L=0 states=1 -> 1
[DP-fwdX] L=0 states=1 -> 1
[DP-fwdX] L=0 states=1 -> 1
[DP-bwdX] L=16 states=1 -> 1
[DP-bwdX] L=16 states=1 -> 1
[DP-bwdX] L=16 states=1 -> 1
[DP-fwdX] L=16 states=1 -> 1
[DP-bwdX] L=32 states=1 -> 1
[DP-fwdX] L=16 states=1 -> 1
[DP-fwdX] L=16 states=1 -> 1
[DP-fwdX] L=16 states=1 -> 1
[DP-bwdX] L=32 states=1 -> 1
[DP-bwdX] L=32 states=1 -> 1
[DP-bwdX] L=32 states=1 -> 1
[DP-fwdX] L=32 states=1 -> 1
[DP-bwdX] L=64 states=1 -> 1
[DP-fwdX] L=32 states=1 -> 1
[DP-bwdX] L=48 states=1 -> 1
[DP-fwdX] L=32 states=1 -> 1
[DP-fwdX] L=32 states=1 -> 1
[DP-fwdX] L=32 states=1 -> 1
[DP-bwdX] L=48 states=1 -> 1
[DP-bwdX] L=48 states=1 -> 1
[DP-bwdX] L=48 states=1 -> 1
[DP-fwdX] L=48 states=1 -> 1
[DP-bwdX] L=64 states=1 -> 1
[DP-fwdX] L=48 states=1 -> 1
[DP-fwdX] L=48 states=1 -> 1
[DP-fwdX] L=48 states=1 -> 1
[DP-bwdX] L=64 states=1 -> 1
[DP-bwdX] L=64 states=1 -> 1
[DP-bwdX] L=64 states=1 -> 1
[RowSwapCTR] expand small 8x8 -> full 16x8  top_rows=4  bot_rows=4  ctr_rows=8  n_full=128
  [Round 6] T_prime=18  T_target=17  HPWL_w=480320  HPWL_eq=476  maxL=26  WNS(T')=-8  WNS*(T)=-9  picked=0  solve_ms=16.4455
    [Tighten] T_prime: 18 -> 17 (sigma*maxL(dp)=13, shrink=17)  | cold-start: reset inertia
[OC-Shortest/pow2] m=8 h=8 SEG=4 bits=32 words=1 threads=24
[DP-fwdX] L=0 states=1 -> 1
[DP-fwdX] L=16 states=141 -> 164
[DP-bwdX] L=64 states=1 -> 1
[DP-bwdX] L=48 states=141 -> 164
[DP-fwdX] L=0 states=1 -> 1
[DP-bwdX] L=32 states=1 -> 1
[DP-fwdX] L=0 states=1 -> 1
[DP-bwdX] L=16 states=1 -> 1
[DP-fwdX] L=0 states=1 -> 1
[DP-fwdX] L=0 states=1 -> 1
[DP-fwdX] L=0 states=1 -> 1
[DP-bwdX] L=16 states=1 -> 1
[DP-bwdX] L=16 states=1 -> 1
[DP-bwdX] L=16 states=1 -> 1
[DP-fwdX] L=16 states=1 -> 1
[DP-bwdX] L=32 states=1 -> 1
[DP-fwdX] L=16 states=1 -> 1
[DP-fwdX] L=16 states=1 -> 1
[DP-fwdX] L=16 states=1 -> 1
[DP-bwdX] L=32 states=1 -> 1
[DP-bwdX] L=32 states=1 -> 1
[DP-bwdX] L=32 states=1 -> 1
[DP-fwdX] L=32 states=1 -> 1
[DP-bwdX] L=64 states=1 -> 1
[DP-fwdX] L=32 states=1 -> 1
[DP-bwdX] L=48 states=1 -> 1
[DP-fwdX] L=32 states=1 -> 1
[DP-fwdX] L=32 states=1 -> 1
[DP-fwdX] L=32 states=1 -> 1
[DP-bwdX] L=48 states=1 -> 1
[DP-bwdX] L=48 states=1 -> 1
[DP-bwdX] L=48 states=1 -> 1
[DP-fwdX] L=48 states=1 -> 1
[DP-bwdX] L=64 states=1 -> 1
[DP-fwdX] L=48 states=1 -> 1
[DP-fwdX] L=48 states=1 -> 1
[DP-fwdX] L=48 states=1 -> 1
[DP-bwdX] L=64 states=1 -> 1
[DP-bwdX] L=64 states=1 -> 1
[DP-bwdX] L=64 states=1 -> 1
[RowSwapCTR] expand small 8x8 -> full 16x8  top_rows=4  bot_rows=4  ctr_rows=8  n_full=128
  [Round 7] T_prime=17  T_target=17  HPWL_w=480320  HPWL_eq=476  maxL=26  WNS(T')=-9  WNS*(T)=-9  picked=0  solve_ms=16.381
[OC-Shortest/pow2] m=8 h=8 SEG=4 bits=32 words=1 threads=24
[DP-fwdX] L=0 states=1 -> 1
[DP-fwdX] L=16 states=141 -> 164
[DP-bwdX] L=64 states=1 -> 1
[DP-bwdX] L=48 states=141 -> 164
[DP-fwdX] L=0 states=1 -> 1
[DP-bwdX] L=32 states=1 -> 1
[DP-fwdX] L=0 states=1 -> 1
[DP-bwdX] L=16 states=1 -> 1
[DP-fwdX] L=0 states=1 -> 1
[DP-fwdX] L=0 states=1 -> 1
[DP-fwdX] L=0 states=1 -> 1
[DP-bwdX] L=16 states=1 -> 1
[DP-bwdX] L=16 states=1 -> 1
[DP-bwdX] L=16 states=1 -> 1
[DP-fwdX] L=16 states=1 -> 1
[DP-bwdX] L=32 states=1 -> 1
[DP-fwdX] L=16 states=1 -> 1
[DP-fwdX] L=16 states=1 -> 1
[DP-fwdX] L=16 states=1 -> 1
[DP-bwdX] L=32 states=1 -> 1
[DP-bwdX] L=32 states=1 -> 1
[DP-bwdX] L=32 states=1 -> 1
[DP-fwdX] L=32 states=1 -> 1
[DP-bwdX] L=64 states=1 -> 1
[DP-fwdX] L=32 states=1 -> 1
[DP-bwdX] L=48 states=1 -> 1
[DP-fwdX] L=32 states=1 -> 1
[DP-fwdX] L=32 states=1 -> 1
[DP-fwdX] L=32 states=1 -> 1
[DP-bwdX] L=48 states=1 -> 1
[DP-bwdX] L=48 states=1 -> 1
[DP-bwdX] L=48 states=1 -> 1
[DP-fwdX] L=48 states=1 -> 1
[DP-bwdX] L=64 states=1 -> 1
[DP-fwdX] L=48 states=1 -> 1
[DP-fwdX] L=48 states=1 -> 1
[DP-fwdX] L=48 states=1 -> 1
[DP-bwdX] L=64 states=1 -> 1
[DP-bwdX] L=64 states=1 -> 1
[DP-bwdX] L=64 states=1 -> 1
[RowSwapCTR] expand small 8x8 -> full 16x8  top_rows=4  bot_rows=4  ctr_rows=8  n_full=128
  [Round 8] T_prime=17  T_target=17  HPWL_w=480320  HPWL_eq=476  maxL=26  WNS(T')=-9  WNS*(T)=-9  picked=0  solve_ms=16.4123
[OC-Shortest/pow2] m=8 h=8 SEG=4 bits=32 words=1 threads=24
[DP-fwdX] L=0 states=1 -> 1
[DP-fwdX] L=16 states=141 -> 164
[DP-bwdX] L=64 states=1 -> 1
[DP-bwdX] L=48 states=141 -> 164
[DP-fwdX] L=0 states=1 -> 1
[DP-bwdX] L=32 states=1 -> 1
[DP-fwdX] L=0 states=1 -> 1
[DP-bwdX] L=16 states=1 -> 1
[DP-fwdX] L=0 states=1 -> 1
[DP-fwdX] L=0 states=1 -> 1
[DP-fwdX] L=0 states=1 -> 1
[DP-bwdX] L=16 states=1 -> 1
[DP-bwdX] L=16 states=1 -> 1
[DP-bwdX] L=16 states=1 -> 1
[DP-fwdX] L=16 states=1 -> 1
[DP-bwdX] L=32 states=1 -> 1
[DP-fwdX] L=16 states=1 -> 1
[DP-fwdX] L=16 states=1 -> 1
[DP-fwdX] L=16 states=1 -> 1
[DP-bwdX] L=32 states=1 -> 1
[DP-bwdX] L=32 states=1 -> 1
[DP-bwdX] L=32 states=1 -> 1
[DP-fwdX] L=32 states=1 -> 1
[DP-bwdX] L=64 states=1 -> 1
[DP-fwdX] L=32 states=1 -> 1
[DP-bwdX] L=48 states=1 -> 1
[DP-fwdX] L=32 states=1 -> 1
[DP-fwdX] L=32 states=1 -> 1
[DP-fwdX] L=32 states=1 -> 1
[DP-bwdX] L=48 states=1 -> 1
[DP-bwdX] L=48 states=1 -> 1
[DP-bwdX] L=48 states=1 -> 1
[DP-fwdX] L=48 states=1 -> 1
[DP-bwdX] L=64 states=1 -> 1
[DP-fwdX] L=48 states=1 -> 1
[DP-fwdX] L=48 states=1 -> 1
[DP-fwdX] L=48 states=1 -> 1
[DP-bwdX] L=64 states=1 -> 1
[DP-bwdX] L=64 states=1 -> 1
[DP-bwdX] L=64 states=1 -> 1
[RowSwapCTR] expand small 8x8 -> full 16x8  top_rows=4  bot_rows=4  ctr_rows=8  n_full=128
  [Round 9] T_prime=17  T_target=17  HPWL_w=480320  HPWL_eq=476  maxL=26  WNS(T')=-9  WNS*(T)=-9  picked=0  solve_ms=16.3782
[OC-Shortest/pow2] m=8 h=8 SEG=4 bits=32 words=1 threads=24
[DP-fwdX] L=0 states=1 -> 1
[DP-fwdX] L=16 states=141 -> 164
[DP-bwdX] L=64 states=1 -> 1
[DP-bwdX] L=48 states=141 -> 164
[DP-fwdX] L=0 states=1 -> 1
[DP-bwdX] L=32 states=1 -> 1
[DP-fwdX] L=0 states=1 -> 1
[DP-bwdX] L=16 states=1 -> 1
[DP-fwdX] L=0 states=1 -> 1
[DP-fwdX] L=0 states=1 -> 1
[DP-fwdX] L=0 states=1 -> 1
[DP-bwdX] L=16 states=1 -> 1
[DP-bwdX] L=16 states=1 -> 1
[DP-bwdX] L=16 states=1 -> 1
[DP-fwdX] L=16 states=1 -> 1
[DP-bwdX] L=32 states=1 -> 1
[DP-fwdX] L=16 states=1 -> 1
[DP-fwdX] L=16 states=1 -> 1
[DP-fwdX] L=16 states=1 -> 1
[DP-bwdX] L=32 states=1 -> 1
[DP-bwdX] L=32 states=1 -> 1
[DP-bwdX] L=32 states=1 -> 1
[DP-fwdX] L=32 states=1 -> 1
[DP-bwdX] L=64 states=1 -> 1
[DP-fwdX] L=32 states=1 -> 1
[DP-bwdX] L=48 states=1 -> 1
[DP-fwdX] L=32 states=1 -> 1
[DP-fwdX] L=32 states=1 -> 1
[DP-fwdX] L=32 states=1 -> 1
[DP-bwdX] L=48 states=1 -> 1
[DP-bwdX] L=48 states=1 -> 1
[DP-bwdX] L=48 states=1 -> 1
[DP-fwdX] L=48 states=1 -> 1
[DP-bwdX] L=64 states=1 -> 1
[DP-fwdX] L=48 states=1 -> 1
[DP-fwdX] L=48 states=1 -> 1
[DP-fwdX] L=48 states=1 -> 1
[DP-bwdX] L=64 states=1 -> 1
[DP-bwdX] L=64 states=1 -> 1
[DP-bwdX] L=64 states=1 -> 1
[RowSwapCTR] expand small 8x8 -> full 16x8  top_rows=4  bot_rows=4  ctr_rows=8  n_full=128
  [Round 10] T_prime=17  T_target=17  HPWL_w=480320  HPWL_eq=476  maxL=26  WNS(T')=-9  WNS*(T)=-9  picked=0  solve_ms=16.4736
[OC-Shortest/pow2] m=8 h=8 SEG=4 bits=32 words=1 threads=24
[DP-fwdX] L=0 states=1 -> 1
[DP-fwdX] L=16 states=141 -> 164
[DP-bwdX] L=64 states=1 -> 1
[DP-bwdX] L=48 states=141 -> 164
[DP-fwdX] L=0 states=1 -> 1
[DP-bwdX] L=32 states=1 -> 1
[DP-fwdX] L=0 states=1 -> 1
[DP-bwdX] L=16 states=1 -> 1
[DP-fwdX] L=0 states=1 -> 1
[DP-fwdX] L=0 states=1 -> 1
[DP-fwdX] L=0 states=1 -> 1
[DP-bwdX] L=16 states=1 -> 1
[DP-bwdX] L=16 states=1 -> 1
[DP-bwdX] L=16 states=1 -> 1
[DP-fwdX] L=16 states=1 -> 1
[DP-bwdX] L=32 states=1 -> 1
[DP-fwdX] L=16 states=1 -> 1
[DP-fwdX] L=16 states=1 -> 1
[DP-fwdX] L=16 states=1 -> 1
[DP-bwdX] L=32 states=1 -> 1
[DP-bwdX] L=32 states=1 -> 1
[DP-bwdX] L=32 states=1 -> 1
[DP-fwdX] L=32 states=1 -> 1
[DP-bwdX] L=64 states=1 -> 1
[DP-fwdX] L=32 states=1 -> 1
[DP-bwdX] L=48 states=1 -> 1
[DP-fwdX] L=32 states=1 -> 1
[DP-fwdX] L=32 states=1 -> 1
[DP-fwdX] L=32 states=1 -> 1
[DP-bwdX] L=48 states=1 -> 1
[DP-bwdX] L=48 states=1 -> 1
[DP-bwdX] L=48 states=1 -> 1
[DP-fwdX] L=48 states=1 -> 1
[DP-bwdX] L=64 states=1 -> 1
[DP-fwdX] L=48 states=1 -> 1
[DP-fwdX] L=48 states=1 -> 1
[DP-fwdX] L=48 states=1 -> 1
[DP-bwdX] L=64 states=1 -> 1
[DP-bwdX] L=64 states=1 -> 1
[DP-bwdX] L=64 states=1 -> 1
[RowSwapCTR] expand small 8x8 -> full 16x8  top_rows=4  bot_rows=4  ctr_rows=8  n_full=128
  [Round 11] T_prime=17  T_target=17  HPWL_w=480320  HPWL_eq=476  maxL=26  WNS(T')=-9  WNS*(T)=-9  picked=0  solve_ms=16.6744
[OC-Shortest/pow2] m=8 h=8 SEG=4 bits=32 words=1 threads=24
[DP-fwdX] L=0 states=1 -> 1
[DP-fwdX] L=16 states=141 -> 164
[DP-bwdX] L=64 states=1 -> 1
[DP-bwdX] L=48 states=141 -> 164
[DP-fwdX] L=0 states=1 -> 1
[DP-bwdX] L=32 states=1 -> 1
[DP-fwdX] L=0 states=1 -> 1
[DP-bwdX] L=16 states=1 -> 1
[DP-fwdX] L=0 states=1 -> 1
[DP-fwdX] L=0 states=1 -> 1
[DP-fwdX] L=0 states=1 -> 1
[DP-bwdX] L=16 states=1 -> 1
[DP-bwdX] L=16 states=1 -> 1
[DP-bwdX] L=16 states=1 -> 1
[DP-fwdX] L=16 states=1 -> 1
[DP-bwdX] L=32 states=1 -> 1
[DP-fwdX] L=16 states=1 -> 1
[DP-fwdX] L=16 states=1 -> 1
[DP-fwdX] L=16 states=1 -> 1
[DP-bwdX] L=32 states=1 -> 1
[DP-bwdX] L=32 states=1 -> 1
[DP-bwdX] L=32 states=1 -> 1
[DP-fwdX] L=32 states=1 -> 1
[DP-bwdX] L=64 states=1 -> 1
[DP-fwdX] L=32 states=1 -> 1
[DP-bwdX] L=48 states=1 -> 1
[DP-fwdX] L=32 states=1 -> 1
[DP-fwdX] L=32 states=1 -> 1
[DP-fwdX] L=32 states=1 -> 1
[DP-bwdX] L=48 states=1 -> 1
[DP-bwdX] L=48 states=1 -> 1
[DP-bwdX] L=48 states=1 -> 1
[DP-fwdX] L=48 states=1 -> 1
[DP-bwdX] L=64 states=1 -> 1
[DP-fwdX] L=48 states=1 -> 1
[DP-fwdX] L=48 states=1 -> 1
[DP-fwdX] L=48 states=1 -> 1
[DP-bwdX] L=64 states=1 -> 1
[DP-bwdX] L=64 states=1 -> 1
[DP-bwdX] L=64 states=1 -> 1
[RowSwapCTR] expand small 8x8 -> full 16x8  top_rows=4  bot_rows=4  ctr_rows=8  n_full=128
  [Round 12] T_prime=17  T_target=17  HPWL_w=480320  HPWL_eq=476  maxL=26  WNS(T')=-9  WNS*(T)=-9  picked=0  solve_ms=16.3372
[OC-Shortest/pow2] m=8 h=8 SEG=4 bits=32 words=1 threads=24
[DP-fwdX] L=0 states=1 -> 1
[DP-fwdX] L=16 states=141 -> 164
[DP-bwdX] L=64 states=1 -> 1
[DP-bwdX] L=48 states=141 -> 164
[DP-fwdX] L=0 states=1 -> 1
[DP-bwdX] L=32 states=1 -> 1
[DP-fwdX] L=0 states=1 -> 1
[DP-bwdX] L=16 states=1 -> 1
[DP-fwdX] L=0 states=1 -> 1
[DP-fwdX] L=0 states=1 -> 1
[DP-fwdX] L=0 states=1 -> 1
[DP-bwdX] L=16 states=1 -> 1
[DP-bwdX] L=16 states=1 -> 1
[DP-bwdX] L=16 states=1 -> 1
[DP-fwdX] L=16 states=1 -> 1
[DP-bwdX] L=32 states=1 -> 1
[DP-fwdX] L=16 states=1 -> 1
[DP-fwdX] L=16 states=1 -> 1
[DP-fwdX] L=16 states=1 -> 1
[DP-bwdX] L=32 states=1 -> 1
[DP-bwdX] L=32 states=1 -> 1
[DP-bwdX] L=32 states=1 -> 1
[DP-fwdX] L=32 states=1 -> 1
[DP-bwdX] L=64 states=1 -> 1
[DP-fwdX] L=32 states=1 -> 1
[DP-bwdX] L=48 states=1 -> 1
[DP-fwdX] L=32 states=1 -> 1
[DP-fwdX] L=32 states=1 -> 1
[DP-fwdX] L=32 states=1 -> 1
[DP-bwdX] L=48 states=1 -> 1
[DP-bwdX] L=48 states=1 -> 1
[DP-bwdX] L=48 states=1 -> 1
[DP-fwdX] L=48 states=1 -> 1
[DP-bwdX] L=64 states=1 -> 1
[DP-fwdX] L=48 states=1 -> 1
[DP-fwdX] L=48 states=1 -> 1
[DP-fwdX] L=48 states=1 -> 1
[DP-bwdX] L=64 states=1 -> 1
[DP-bwdX] L=64 states=1 -> 1
[DP-bwdX] L=64 states=1 -> 1
[RowSwapCTR] expand small 8x8 -> full 16x8  top_rows=4  bot_rows=4  ctr_rows=8  n_full=128
  [Round 13] T_prime=17  T_target=17  HPWL_w=480320  HPWL_eq=476  maxL=26  WNS(T')=-9  WNS*(T)=-9  picked=0  solve_ms=16.474
[OC-Shortest/pow2] m=8 h=8 SEG=4 bits=32 words=1 threads=24
[DP-fwdX] L=0 states=1 -> 1
[DP-fwdX] L=16 states=141 -> 164
[DP-bwdX] L=64 states=1 -> 1
[DP-bwdX] L=48 states=141 -> 164
[DP-fwdX] L=0 states=1 -> 1
[DP-bwdX] L=32 states=1 -> 1
[DP-fwdX] L=0 states=1 -> 1
[DP-bwdX] L=16 states=1 -> 1
[DP-fwdX] L=0 states=1 -> 1
[DP-fwdX] L=0 states=1 -> 1
[DP-fwdX] L=0 states=1 -> 1
[DP-bwdX] L=16 states=1 -> 1
[DP-bwdX] L=16 states=1 -> 1
[DP-bwdX] L=16 states=1 -> 1
[DP-fwdX] L=16 states=1 -> 1
[DP-bwdX] L=32 states=1 -> 1
[DP-fwdX] L=16 states=1 -> 1
[DP-fwdX] L=16 states=1 -> 1
[DP-fwdX] L=16 states=1 -> 1
[DP-bwdX] L=32 states=1 -> 1
[DP-bwdX] L=32 states=1 -> 1
[DP-bwdX] L=32 states=1 -> 1
[DP-fwdX] L=32 states=1 -> 1
[DP-bwdX] L=64 states=1 -> 1
[DP-fwdX] L=32 states=1 -> 1
[DP-bwdX] L=48 states=1 -> 1
[DP-fwdX] L=32 states=1 -> 1
[DP-fwdX] L=32 states=1 -> 1
[DP-fwdX] L=32 states=1 -> 1
[DP-bwdX] L=48 states=1 -> 1
[DP-bwdX] L=48 states=1 -> 1
[DP-bwdX] L=48 states=1 -> 1
[DP-fwdX] L=48 states=1 -> 1
[DP-bwdX] L=64 states=1 -> 1
[DP-fwdX] L=48 states=1 -> 1
[DP-fwdX] L=48 states=1 -> 1
[DP-fwdX] L=48 states=1 -> 1
[DP-bwdX] L=64 states=1 -> 1
[DP-bwdX] L=64 states=1 -> 1
[DP-bwdX] L=64 states=1 -> 1
[RowSwapCTR] expand small 8x8 -> full 16x8  top_rows=4  bot_rows=4  ctr_rows=8  n_full=128
  [Round 14] T_prime=17  T_target=17  HPWL_w=480320  HPWL_eq=476  maxL=26  WNS(T')=-9  WNS*(T)=-9  picked=0  solve_ms=16.5414
[OC-Shortest/pow2] m=8 h=8 SEG=4 bits=32 words=1 threads=24
[DP-fwdX] L=0 states=1 -> 1
[DP-fwdX] L=16 states=141 -> 164
[DP-bwdX] L=64 states=1 -> 1
[DP-bwdX] L=48 states=141 -> 164
[DP-fwdX] L=0 states=1 -> 1
[DP-bwdX] L=32 states=1 -> 1
[DP-fwdX] L=0 states=1 -> 1
[DP-bwdX] L=16 states=1 -> 1
[DP-fwdX] L=0 states=1 -> 1
[DP-fwdX] L=0 states=1 -> 1
[DP-fwdX] L=0 states=1 -> 1
[DP-bwdX] L=16 states=1 -> 1
[DP-bwdX] L=16 states=1 -> 1
[DP-bwdX] L=16 states=1 -> 1
[DP-fwdX] L=16 states=1 -> 1
[DP-bwdX] L=32 states=1 -> 1
[DP-fwdX] L=16 states=1 -> 1
[DP-fwdX] L=16 states=1 -> 1
[DP-fwdX] L=16 states=1 -> 1
[DP-bwdX] L=32 states=1 -> 1
[DP-bwdX] L=32 states=1 -> 1
[DP-bwdX] L=32 states=1 -> 1
[DP-fwdX] L=32 states=1 -> 1
[DP-bwdX] L=64 states=1 -> 1
[DP-fwdX] L=32 states=1 -> 1
[DP-bwdX] L=48 states=1 -> 1
[DP-fwdX] L=32 states=1 -> 1
[DP-fwdX] L=32 states=1 -> 1
[DP-fwdX] L=32 states=1 -> 1
[DP-bwdX] L=48 states=1 -> 1
[DP-bwdX] L=48 states=1 -> 1
[DP-bwdX] L=48 states=1 -> 1
[DP-fwdX] L=48 states=1 -> 1
[DP-bwdX] L=64 states=1 -> 1
[DP-fwdX] L=48 states=1 -> 1
[DP-fwdX] L=48 states=1 -> 1
[DP-fwdX] L=48 states=1 -> 1
[DP-bwdX] L=64 states=1 -> 1
[DP-bwdX] L=64 states=1 -> 1
[DP-bwdX] L=64 states=1 -> 1
[RowSwapCTR] expand small 8x8 -> full 16x8  top_rows=4  bot_rows=4  ctr_rows=8  n_full=128
  [Round 15] T_prime=17  T_target=17  HPWL_w=480320  HPWL_eq=476  maxL=26  WNS(T')=-9  WNS*(T)=-9  picked=0  solve_ms=16.599
[OC-Shortest/pow2] m=8 h=8 SEG=4 bits=32 words=1 threads=24
[DP-fwdX] L=0 states=1 -> 1
[DP-fwdX] L=16 states=141 -> 164
[DP-bwdX] L=64 states=1 -> 1
[DP-bwdX] L=48 states=141 -> 164
[DP-fwdX] L=0 states=1 -> 1
[DP-bwdX] L=32 states=1 -> 1
[DP-fwdX] L=0 states=1 -> 1
[DP-bwdX] L=16 states=1 -> 1
[DP-fwdX] L=0 states=1 -> 1
[DP-fwdX] L=0 states=1 -> 1
[DP-fwdX] L=0 states=1 -> 1
[DP-bwdX] L=16 states=1 -> 1
[DP-bwdX] L=16 states=1 -> 1
[DP-bwdX] L=16 states=1 -> 1
[DP-fwdX] L=16 states=1 -> 1
[DP-bwdX] L=32 states=1 -> 1
[DP-fwdX] L=16 states=1 -> 1
[DP-fwdX] L=16 states=1 -> 1
[DP-fwdX] L=16 states=1 -> 1
[DP-bwdX] L=32 states=1 -> 1
[DP-bwdX] L=32 states=1 -> 1
[DP-bwdX] L=32 states=1 -> 1
[DP-fwdX] L=32 states=1 -> 1
[DP-bwdX] L=64 states=1 -> 1
[DP-fwdX] L=32 states=1 -> 1
[DP-bwdX] L=48 states=1 -> 1
[DP-fwdX] L=32 states=1 -> 1
[DP-fwdX] L=32 states=1 -> 1
[DP-fwdX] L=32 states=1 -> 1
[DP-bwdX] L=48 states=1 -> 1
[DP-bwdX] L=48 states=1 -> 1
[DP-bwdX] L=48 states=1 -> 1
[DP-fwdX] L=48 states=1 -> 1
[DP-bwdX] L=64 states=1 -> 1
[DP-fwdX] L=48 states=1 -> 1
[DP-fwdX] L=48 states=1 -> 1
[DP-fwdX] L=48 states=1 -> 1
[DP-bwdX] L=64 states=1 -> 1
[DP-bwdX] L=64 states=1 -> 1
[DP-bwdX] L=64 states=1 -> 1
[RowSwapCTR] expand small 8x8 -> full 16x8  top_rows=4  bot_rows=4  ctr_rows=8  n_full=128
  [Round 16] T_prime=17  T_target=17  HPWL_w=480320  HPWL_eq=476  maxL=26  WNS(T')=-9  WNS*(T)=-9  picked=0  solve_ms=16.4773
[OC-Shortest/pow2] m=8 h=8 SEG=4 bits=32 words=1 threads=24
[DP-fwdX] L=0 states=1 -> 1
[DP-fwdX] L=16 states=141 -> 164
[DP-bwdX] L=64 states=1 -> 1
[DP-bwdX] L=48 states=141 -> 164
[DP-fwdX] L=0 states=1 -> 1
[DP-bwdX] L=32 states=1 -> 1
[DP-fwdX] L=0 states=1 -> 1
[DP-bwdX] L=16 states=1 -> 1
[DP-fwdX] L=0 states=1 -> 1
[DP-fwdX] L=0 states=1 -> 1
[DP-fwdX] L=0 states=1 -> 1
[DP-bwdX] L=16 states=1 -> 1
[DP-bwdX] L=16 states=1 -> 1
[DP-bwdX] L=16 states=1 -> 1
[DP-fwdX] L=16 states=1 -> 1
[DP-bwdX] L=32 states=1 -> 1
[DP-fwdX] L=16 states=1 -> 1
[DP-fwdX] L=16 states=1 -> 1
[DP-fwdX] L=16 states=1 -> 1
[DP-bwdX] L=32 states=1 -> 1
[DP-bwdX] L=32 states=1 -> 1
[DP-bwdX] L=32 states=1 -> 1
[DP-fwdX] L=32 states=1 -> 1
[DP-bwdX] L=64 states=1 -> 1
[DP-fwdX] L=32 states=1 -> 1
[DP-bwdX] L=48 states=1 -> 1
[DP-fwdX] L=32 states=1 -> 1
[DP-fwdX] L=32 states=1 -> 1
[DP-fwdX] L=32 states=1 -> 1
[DP-bwdX] L=48 states=1 -> 1
[DP-bwdX] L=48 states=1 -> 1
[DP-bwdX] L=48 states=1 -> 1
[DP-fwdX] L=48 states=1 -> 1
[DP-bwdX] L=64 states=1 -> 1
[DP-fwdX] L=48 states=1 -> 1
[DP-fwdX] L=48 states=1 -> 1
[DP-fwdX] L=48 states=1 -> 1
[DP-bwdX] L=64 states=1 -> 1
[DP-bwdX] L=64 states=1 -> 1
[DP-bwdX] L=64 states=1 -> 1
[RowSwapCTR] expand small 8x8 -> full 16x8  top_rows=4  bot_rows=4  ctr_rows=8  n_full=128
  [Round 17] T_prime=17  T_target=17  HPWL_w=480320  HPWL_eq=476  maxL=26  WNS(T')=-9  WNS*(T)=-9  picked=0  solve_ms=16.7475
[OC-Shortest/pow2] m=8 h=8 SEG=4 bits=32 words=1 threads=24
[DP-fwdX] L=0 states=1 -> 1
[DP-fwdX] L=16 states=141 -> 164
[DP-bwdX] L=64 states=1 -> 1
[DP-bwdX] L=48 states=141 -> 164
[DP-fwdX] L=0 states=1 -> 1
[DP-bwdX] L=32 states=1 -> 1
[DP-fwdX] L=0 states=1 -> 1
[DP-bwdX] L=16 states=1 -> 1
[DP-fwdX] L=0 states=1 -> 1
[DP-fwdX] L=0 states=1 -> 1
[DP-fwdX] L=0 states=1 -> 1
[DP-bwdX] L=16 states=1 -> 1
[DP-bwdX] L=16 states=1 -> 1
[DP-bwdX] L=16 states=1 -> 1
[DP-fwdX] L=16 states=1 -> 1
[DP-bwdX] L=32 states=1 -> 1
[DP-fwdX] L=16 states=1 -> 1
[DP-fwdX] L=16 states=1 -> 1
[DP-fwdX] L=16 states=1 -> 1
[DP-bwdX] L=32 states=1 -> 1
[DP-bwdX] L=32 states=1 -> 1
[DP-bwdX] L=32 states=1 -> 1
[DP-fwdX] L=32 states=1 -> 1
[DP-bwdX] L=64 states=1 -> 1
[DP-fwdX] L=32 states=1 -> 1
[DP-bwdX] L=48 states=1 -> 1
[DP-fwdX] L=32 states=1 -> 1
[DP-fwdX] L=32 states=1 -> 1
[DP-fwdX] L=32 states=1 -> 1
[DP-bwdX] L=48 states=1 -> 1
[DP-bwdX] L=48 states=1 -> 1
[DP-bwdX] L=48 states=1 -> 1
[DP-fwdX] L=48 states=1 -> 1
[DP-bwdX] L=64 states=1 -> 1
[DP-fwdX] L=48 states=1 -> 1
[DP-fwdX] L=48 states=1 -> 1
[DP-fwdX] L=48 states=1 -> 1
[DP-bwdX] L=64 states=1 -> 1
[DP-bwdX] L=64 states=1 -> 1
[DP-bwdX] L=64 states=1 -> 1
[RowSwapCTR] expand small 8x8 -> full 16x8  top_rows=4  bot_rows=4  ctr_rows=8  n_full=128
  [Round 18] T_prime=17  T_target=17  HPWL_w=480320  HPWL_eq=476  maxL=26  WNS(T')=-9  WNS*(T)=-9  picked=0  solve_ms=16.5866
[OC-Shortest/pow2] m=8 h=8 SEG=4 bits=32 words=1 threads=24
[DP-fwdX] L=0 states=1 -> 1
[DP-fwdX] L=16 states=141 -> 164
[DP-bwdX] L=64 states=1 -> 1
[DP-bwdX] L=48 states=141 -> 164
[DP-fwdX] L=0 states=1 -> 1
[DP-bwdX] L=32 states=1 -> 1
[DP-fwdX] L=0 states=1 -> 1
[DP-bwdX] L=16 states=1 -> 1
[DP-fwdX] L=0 states=1 -> 1
[DP-fwdX] L=0 states=1 -> 1
[DP-fwdX] L=0 states=1 -> 1
[DP-bwdX] L=16 states=1 -> 1
[DP-bwdX] L=16 states=1 -> 1
[DP-bwdX] L=16 states=1 -> 1
[DP-fwdX] L=16 states=1 -> 1
[DP-bwdX] L=32 states=1 -> 1
[DP-fwdX] L=16 states=1 -> 1
[DP-fwdX] L=16 states=1 -> 1
[DP-fwdX] L=16 states=1 -> 1
[DP-bwdX] L=32 states=1 -> 1
[DP-bwdX] L=32 states=1 -> 1
[DP-bwdX] L=32 states=1 -> 1
[DP-fwdX] L=32 states=1 -> 1
[DP-bwdX] L=64 states=1 -> 1
[DP-fwdX] L=32 states=1 -> 1
[DP-bwdX] L=48 states=1 -> 1
[DP-fwdX] L=32 states=1 -> 1
[DP-fwdX] L=32 states=1 -> 1
[DP-fwdX] L=32 states=1 -> 1
[DP-bwdX] L=48 states=1 -> 1
[DP-bwdX] L=48 states=1 -> 1
[DP-bwdX] L=48 states=1 -> 1
[DP-fwdX] L=48 states=1 -> 1
[DP-bwdX] L=64 states=1 -> 1
[DP-fwdX] L=48 states=1 -> 1
[DP-fwdX] L=48 states=1 -> 1
[DP-fwdX] L=48 states=1 -> 1
[DP-bwdX] L=64 states=1 -> 1
[DP-bwdX] L=64 states=1 -> 1
[DP-bwdX] L=64 states=1 -> 1
[RowSwapCTR] expand small 8x8 -> full 16x8  top_rows=4  bot_rows=4  ctr_rows=8  n_full=128
  [Round 19] T_prime=17  T_target=17  HPWL_w=480320  HPWL_eq=476  maxL=26  WNS(T')=-9  WNS*(T)=-9  picked=0  solve_ms=16.4228
[OC-Shortest/pow2] m=8 h=8 SEG=4 bits=32 words=1 threads=24
[DP-fwdX] L=0 states=1 -> 1
[DP-fwdX] L=16 states=141 -> 164
[DP-bwdX] L=64 states=1 -> 1
[DP-bwdX] L=48 states=141 -> 164
[DP-fwdX] L=0 states=1 -> 1
[DP-bwdX] L=32 states=1 -> 1
[DP-fwdX] L=0 states=1 -> 1
[DP-bwdX] L=16 states=1 -> 1
[DP-fwdX] L=0 states=1 -> 1
[DP-fwdX] L=0 states=1 -> 1
[DP-fwdX] L=0 states=1 -> 1
[DP-bwdX] L=16 states=1 -> 1
[DP-bwdX] L=16 states=1 -> 1
[DP-bwdX] L=16 states=1 -> 1
[DP-fwdX] L=16 states=1 -> 1
[DP-bwdX] L=32 states=1 -> 1
[DP-fwdX] L=16 states=1 -> 1
[DP-fwdX] L=16 states=1 -> 1
[DP-fwdX] L=16 states=1 -> 1
[DP-bwdX] L=32 states=1 -> 1
[DP-bwdX] L=32 states=1 -> 1
[DP-bwdX] L=32 states=1 -> 1
[DP-fwdX] L=32 states=1 -> 1
[DP-bwdX] L=64 states=1 -> 1
[DP-fwdX] L=32 states=1 -> 1
[DP-bwdX] L=48 states=1 -> 1
[DP-fwdX] L=32 states=1 -> 1
[DP-fwdX] L=32 states=1 -> 1
[DP-fwdX] L=32 states=1 -> 1
[DP-bwdX] L=48 states=1 -> 1
[DP-bwdX] L=48 states=1 -> 1
[DP-bwdX] L=48 states=1 -> 1
[DP-fwdX] L=48 states=1 -> 1
[DP-bwdX] L=64 states=1 -> 1
[DP-fwdX] L=48 states=1 -> 1
[DP-fwdX] L=48 states=1 -> 1
[DP-fwdX] L=48 states=1 -> 1
[DP-bwdX] L=64 states=1 -> 1
[DP-bwdX] L=64 states=1 -> 1
[DP-bwdX] L=64 states=1 -> 1
[RowSwapCTR] expand small 8x8 -> full 16x8  top_rows=4  bot_rows=4  ctr_rows=8  n_full=128
  [Round 20] T_prime=17  T_target=17  HPWL_w=480320  HPWL_eq=476  maxL=26  WNS(T')=-9  WNS*(T)=-9  picked=0  solve_ms=16.4504
[OC-Shortest/pow2] m=8 h=8 SEG=4 bits=32 words=1 threads=24
[DP-fwdX] L=0 states=1 -> 1
[DP-fwdX] L=16 states=141 -> 164
[DP-bwdX] L=64 states=1 -> 1
[DP-bwdX] L=48 states=141 -> 164
[DP-fwdX] L=0 states=1 -> 1
[DP-bwdX] L=32 states=1 -> 1
[DP-fwdX] L=0 states=1 -> 1
[DP-bwdX] L=16 states=1 -> 1
[DP-fwdX] L=0 states=1 -> 1
[DP-fwdX] L=0 states=1 -> 1
[DP-fwdX] L=0 states=1 -> 1
[DP-bwdX] L=16 states=1 -> 1
[DP-bwdX] L=16 states=1 -> 1
[DP-bwdX] L=16 states=1 -> 1
[DP-fwdX] L=16 states=1 -> 1
[DP-bwdX] L=32 states=1 -> 1
[DP-fwdX] L=16 states=1 -> 1
[DP-fwdX] L=16 states=1 -> 1
[DP-fwdX] L=16 states=1 -> 1
[DP-bwdX] L=32 states=1 -> 1
[DP-bwdX] L=32 states=1 -> 1
[DP-bwdX] L=32 states=1 -> 1
[DP-fwdX] L=32 states=1 -> 1
[DP-bwdX] L=64 states=1 -> 1
[DP-fwdX] L=32 states=1 -> 1
[DP-bwdX] L=48 states=1 -> 1
[DP-fwdX] L=32 states=1 -> 1
[DP-fwdX] L=32 states=1 -> 1
[DP-fwdX] L=32 states=1 -> 1
[DP-bwdX] L=48 states=1 -> 1
[DP-bwdX] L=48 states=1 -> 1
[DP-bwdX] L=48 states=1 -> 1
[DP-fwdX] L=48 states=1 -> 1
[DP-bwdX] L=64 states=1 -> 1
[DP-fwdX] L=48 states=1 -> 1
[DP-fwdX] L=48 states=1 -> 1
[DP-fwdX] L=48 states=1 -> 1
[DP-bwdX] L=64 states=1 -> 1
[DP-bwdX] L=64 states=1 -> 1
[DP-bwdX] L=64 states=1 -> 1
[RowSwapCTR] expand small 8x8 -> full 16x8  top_rows=4  bot_rows=4  ctr_rows=8  n_full=128
  [Round 21] T_prime=17  T_target=17  HPWL_w=480320  HPWL_eq=476  maxL=26  WNS(T')=-9  WNS*(T)=-9  picked=0  solve_ms=16.5176
[OC-Shortest/pow2] m=8 h=8 SEG=4 bits=32 words=1 threads=24
[DP-fwdX] L=0 states=1 -> 1
[DP-fwdX] L=16 states=141 -> 164
[DP-bwdX] L=64 states=1 -> 1
[DP-bwdX] L=48 states=141 -> 164
[DP-fwdX] L=0 states=1 -> 1
[DP-bwdX] L=32 states=1 -> 1
[DP-fwdX] L=0 states=1 -> 1
[DP-bwdX] L=16 states=1 -> 1
[DP-fwdX] L=0 states=1 -> 1
[DP-fwdX] L=0 states=1 -> 1
[DP-fwdX] L=0 states=1 -> 1
[DP-bwdX] L=16 states=1 -> 1
[DP-bwdX] L=16 states=1 -> 1
[DP-bwdX] L=16 states=1 -> 1
[DP-fwdX] L=16 states=1 -> 1
[DP-bwdX] L=32 states=1 -> 1
[DP-fwdX] L=16 states=1 -> 1
[DP-fwdX] L=16 states=1 -> 1
[DP-fwdX] L=16 states=1 -> 1
[DP-bwdX] L=32 states=1 -> 1
[DP-bwdX] L=32 states=1 -> 1
[DP-bwdX] L=32 states=1 -> 1
[DP-fwdX] L=32 states=1 -> 1
[DP-bwdX] L=64 states=1 -> 1
[DP-fwdX] L=32 states=1 -> 1
[DP-bwdX] L=48 states=1 -> 1
[DP-fwdX] L=32 states=1 -> 1
[DP-fwdX] L=32 states=1 -> 1
[DP-fwdX] L=32 states=1 -> 1
[DP-bwdX] L=48 states=1 -> 1
[DP-bwdX] L=48 states=1 -> 1
[DP-bwdX] L=48 states=1 -> 1
[DP-fwdX] L=48 states=1 -> 1
[DP-bwdX] L=64 states=1 -> 1
[DP-fwdX] L=48 states=1 -> 1
[DP-fwdX] L=48 states=1 -> 1
[DP-fwdX] L=48 states=1 -> 1
[DP-bwdX] L=64 states=1 -> 1
[DP-bwdX] L=64 states=1 -> 1
[DP-bwdX] L=64 states=1 -> 1
[RowSwapCTR] expand small 8x8 -> full 16x8  top_rows=4  bot_rows=4  ctr_rows=8  n_full=128
  [Round 22] T_prime=17  T_target=17  HPWL_w=480320  HPWL_eq=476  maxL=26  WNS(T')=-9  WNS*(T)=-9  picked=0  solve_ms=16.6691
[OC-Shortest/pow2] m=8 h=8 SEG=4 bits=32 words=1 threads=24
[DP-fwdX] L=0 states=1 -> 1
[DP-fwdX] L=16 states=141 -> 164
[DP-bwdX] L=64 states=1 -> 1
[DP-bwdX] L=48 states=141 -> 164
[DP-fwdX] L=0 states=1 -> 1
[DP-bwdX] L=32 states=1 -> 1
[DP-fwdX] L=0 states=1 -> 1
[DP-bwdX] L=16 states=1 -> 1
[DP-fwdX] L=0 states=1 -> 1
[DP-fwdX] L=0 states=1 -> 1
[DP-fwdX] L=0 states=1 -> 1
[DP-bwdX] L=16 states=1 -> 1
[DP-bwdX] L=16 states=1 -> 1
[DP-bwdX] L=16 states=1 -> 1
[DP-fwdX] L=16 states=1 -> 1
[DP-bwdX] L=32 states=1 -> 1
[DP-fwdX] L=16 states=1 -> 1
[DP-fwdX] L=16 states=1 -> 1
[DP-fwdX] L=16 states=1 -> 1
[DP-bwdX] L=32 states=1 -> 1
[DP-bwdX] L=32 states=1 -> 1
[DP-bwdX] L=32 states=1 -> 1
[DP-fwdX] L=32 states=1 -> 1
[DP-bwdX] L=64 states=1 -> 1
[DP-fwdX] L=32 states=1 -> 1
[DP-bwdX] L=48 states=1 -> 1
[DP-fwdX] L=32 states=1 -> 1
[DP-fwdX] L=32 states=1 -> 1
[DP-fwdX] L=32 states=1 -> 1
[DP-bwdX] L=48 states=1 -> 1
[DP-bwdX] L=48 states=1 -> 1
[DP-bwdX] L=48 states=1 -> 1
[DP-fwdX] L=48 states=1 -> 1
[DP-bwdX] L=64 states=1 -> 1
[DP-fwdX] L=48 states=1 -> 1
[DP-fwdX] L=48 states=1 -> 1
[DP-fwdX] L=48 states=1 -> 1
[DP-bwdX] L=64 states=1 -> 1
[DP-bwdX] L=64 states=1 -> 1
[DP-bwdX] L=64 states=1 -> 1
[RowSwapCTR] expand small 8x8 -> full 16x8  top_rows=4  bot_rows=4  ctr_rows=8  n_full=128
  [Round 23] T_prime=17  T_target=17  HPWL_w=480320  HPWL_eq=476  maxL=26  WNS(T')=-9  WNS*(T)=-9  picked=0  solve_ms=16.4457
[OC-Shortest/pow2] m=8 h=8 SEG=4 bits=32 words=1 threads=24
[DP-fwdX] L=0 states=1 -> 1
[DP-fwdX] L=16 states=141 -> 164
[DP-bwdX] L=64 states=1 -> 1
[DP-bwdX] L=48 states=141 -> 164
[DP-fwdX] L=0 states=1 -> 1
[DP-bwdX] L=32 states=1 -> 1
[DP-fwdX] L=0 states=1 -> 1
[DP-bwdX] L=16 states=1 -> 1
[DP-fwdX] L=0 states=1 -> 1
[DP-fwdX] L=0 states=1 -> 1
[DP-fwdX] L=0 states=1 -> 1
[DP-bwdX] L=16 states=1 -> 1
[DP-bwdX] L=16 states=1 -> 1
[DP-bwdX] L=16 states=1 -> 1
[DP-fwdX] L=16 states=1 -> 1
[DP-bwdX] L=32 states=1 -> 1
[DP-fwdX] L=16 states=1 -> 1
[DP-fwdX] L=16 states=1 -> 1
[DP-fwdX] L=16 states=1 -> 1
[DP-bwdX] L=32 states=1 -> 1
[DP-bwdX] L=32 states=1 -> 1
[DP-bwdX] L=32 states=1 -> 1
[DP-fwdX] L=32 states=1 -> 1
[DP-bwdX] L=64 states=1 -> 1
[DP-fwdX] L=32 states=1 -> 1
[DP-bwdX] L=48 states=1 -> 1
[DP-fwdX] L=32 states=1 -> 1
[DP-fwdX] L=32 states=1 -> 1
[DP-fwdX] L=32 states=1 -> 1
[DP-bwdX] L=48 states=1 -> 1
[DP-bwdX] L=48 states=1 -> 1
[DP-bwdX] L=48 states=1 -> 1
[DP-fwdX] L=48 states=1 -> 1
[DP-bwdX] L=64 states=1 -> 1
[DP-fwdX] L=48 states=1 -> 1
[DP-fwdX] L=48 states=1 -> 1
[DP-fwdX] L=48 states=1 -> 1
[DP-bwdX] L=64 states=1 -> 1
[DP-bwdX] L=64 states=1 -> 1
[DP-bwdX] L=64 states=1 -> 1
[RowSwapCTR] expand small 8x8 -> full 16x8  top_rows=4  bot_rows=4  ctr_rows=8  n_full=128
  [Round 24] T_prime=17  T_target=17  HPWL_w=480320  HPWL_eq=476  maxL=26  WNS(T')=-9  WNS*(T)=-9  picked=0  solve_ms=16.5181
[OC-Shortest/pow2] m=8 h=8 SEG=4 bits=32 words=1 threads=24
[DP-fwdX] L=0 states=1 -> 1
[DP-fwdX] L=16 states=141 -> 164
[DP-bwdX] L=64 states=1 -> 1
[DP-bwdX] L=48 states=141 -> 164
[DP-fwdX] L=0 states=1 -> 1
[DP-bwdX] L=32 states=1 -> 1
[DP-fwdX] L=0 states=1 -> 1
[DP-bwdX] L=16 states=1 -> 1
[DP-fwdX] L=0 states=1 -> 1
[DP-fwdX] L=0 states=1 -> 1
[DP-fwdX] L=0 states=1 -> 1
[DP-bwdX] L=16 states=1 -> 1
[DP-bwdX] L=16 states=1 -> 1
[DP-bwdX] L=16 states=1 -> 1
[DP-fwdX] L=16 states=1 -> 1
[DP-bwdX] L=32 states=1 -> 1
[DP-fwdX] L=16 states=1 -> 1
[DP-fwdX] L=16 states=1 -> 1
[DP-fwdX] L=16 states=1 -> 1
[DP-bwdX] L=32 states=1 -> 1
[DP-bwdX] L=32 states=1 -> 1
[DP-bwdX] L=32 states=1 -> 1
[DP-fwdX] L=32 states=1 -> 1
[DP-bwdX] L=64 states=1 -> 1
[DP-fwdX] L=32 states=1 -> 1
[DP-bwdX] L=48 states=1 -> 1
[DP-fwdX] L=32 states=1 -> 1
[DP-fwdX] L=32 states=1 -> 1
[DP-fwdX] L=32 states=1 -> 1
[DP-bwdX] L=48 states=1 -> 1
[DP-bwdX] L=48 states=1 -> 1
[DP-bwdX] L=48 states=1 -> 1
[DP-fwdX] L=48 states=1 -> 1
[DP-bwdX] L=64 states=1 -> 1
[DP-fwdX] L=48 states=1 -> 1
[DP-fwdX] L=48 states=1 -> 1
[DP-fwdX] L=48 states=1 -> 1
[DP-bwdX] L=64 states=1 -> 1
[DP-bwdX] L=64 states=1 -> 1
[DP-bwdX] L=64 states=1 -> 1
[RowSwapCTR] expand small 8x8 -> full 16x8  top_rows=4  bot_rows=4  ctr_rows=8  n_full=128
  [Round 25] T_prime=17  T_target=17  HPWL_w=480320  HPWL_eq=476  maxL=26  WNS(T')=-9  WNS*(T)=-9  picked=0  solve_ms=16.6758
[OC-Shortest/pow2] m=8 h=8 SEG=4 bits=32 words=1 threads=24
[DP-fwdX] L=0 states=1 -> 1
[DP-fwdX] L=16 states=141 -> 164
[DP-bwdX] L=64 states=1 -> 1
[DP-bwdX] L=48 states=141 -> 164
[DP-fwdX] L=0 states=1 -> 1
[DP-bwdX] L=32 states=1 -> 1
[DP-fwdX] L=0 states=1 -> 1
[DP-bwdX] L=16 states=1 -> 1
[DP-fwdX] L=0 states=1 -> 1
[DP-fwdX] L=0 states=1 -> 1
[DP-fwdX] L=0 states=1 -> 1
[DP-bwdX] L=16 states=1 -> 1
[DP-bwdX] L=16 states=1 -> 1
[DP-bwdX] L=16 states=1 -> 1
[DP-fwdX] L=16 states=1 -> 1
[DP-bwdX] L=32 states=1 -> 1
[DP-fwdX] L=16 states=1 -> 1
[DP-fwdX] L=16 states=1 -> 1
[DP-fwdX] L=16 states=1 -> 1
[DP-bwdX] L=32 states=1 -> 1
[DP-bwdX] L=32 states=1 -> 1
[DP-bwdX] L=32 states=1 -> 1
[DP-fwdX] L=32 states=1 -> 1
[DP-bwdX] L=64 states=1 -> 1
[DP-fwdX] L=32 states=1 -> 1
[DP-bwdX] L=48 states=1 -> 1
[DP-fwdX] L=32 states=1 -> 1
[DP-fwdX] L=32 states=1 -> 1
[DP-fwdX] L=32 states=1 -> 1
[DP-bwdX] L=48 states=1 -> 1
[DP-bwdX] L=48 states=1 -> 1
[DP-bwdX] L=48 states=1 -> 1
[DP-fwdX] L=48 states=1 -> 1
[DP-bwdX] L=64 states=1 -> 1
[DP-fwdX] L=48 states=1 -> 1
[DP-fwdX] L=48 states=1 -> 1
[DP-fwdX] L=48 states=1 -> 1
[DP-bwdX] L=64 states=1 -> 1
[DP-bwdX] L=64 states=1 -> 1
[DP-bwdX] L=64 states=1 -> 1
[RowSwapCTR] expand small 8x8 -> full 16x8  top_rows=4  bot_rows=4  ctr_rows=8  n_full=128
  [Round 26] T_prime=17  T_target=17  HPWL_w=480320  HPWL_eq=476  maxL=26  WNS(T')=-9  WNS*(T)=-9  picked=0  solve_ms=16.7891
[OC-Shortest/pow2] m=8 h=8 SEG=4 bits=32 words=1 threads=24
[DP-fwdX] L=0 states=1 -> 1
[DP-fwdX] L=16 states=141 -> 164
[DP-bwdX] L=64 states=1 -> 1
[DP-bwdX] L=48 states=141 -> 164
[DP-fwdX] L=0 states=1 -> 1
[DP-bwdX] L=32 states=1 -> 1
[DP-fwdX] L=0 states=1 -> 1
[DP-bwdX] L=16 states=1 -> 1
[DP-fwdX] L=0 states=1 -> 1
[DP-fwdX] L=0 states=1 -> 1
[DP-fwdX] L=0 states=1 -> 1
[DP-bwdX] L=16 states=1 -> 1
[DP-bwdX] L=16 states=1 -> 1
[DP-bwdX] L=16 states=1 -> 1
[DP-fwdX] L=16 states=1 -> 1
[DP-bwdX] L=32 states=1 -> 1
[DP-fwdX] L=16 states=1 -> 1
[DP-fwdX] L=16 states=1 -> 1
[DP-fwdX] L=16 states=1 -> 1
[DP-bwdX] L=32 states=1 -> 1
[DP-bwdX] L=32 states=1 -> 1
[DP-bwdX] L=32 states=1 -> 1
[DP-fwdX] L=32 states=1 -> 1
[DP-bwdX] L=64 states=1 -> 1
[DP-fwdX] L=32 states=1 -> 1
[DP-bwdX] L=48 states=1 -> 1
[DP-fwdX] L=32 states=1 -> 1
[DP-fwdX] L=32 states=1 -> 1
[DP-fwdX] L=32 states=1 -> 1
[DP-bwdX] L=48 states=1 -> 1
[DP-bwdX] L=48 states=1 -> 1
[DP-bwdX] L=48 states=1 -> 1
[DP-fwdX] L=48 states=1 -> 1
[DP-bwdX] L=64 states=1 -> 1
[DP-fwdX] L=48 states=1 -> 1
[DP-fwdX] L=48 states=1 -> 1
[DP-fwdX] L=48 states=1 -> 1
[DP-bwdX] L=64 states=1 -> 1
[DP-bwdX] L=64 states=1 -> 1
[DP-bwdX] L=64 states=1 -> 1
[RowSwapCTR] expand small 8x8 -> full 16x8  top_rows=4  bot_rows=4  ctr_rows=8  n_full=128
  [Round 27] T_prime=17  T_target=17  HPWL_w=480320  HPWL_eq=476  maxL=26  WNS(T')=-9  WNS*(T)=-9  picked=0  solve_ms=16.477
[OC-Shortest/pow2] m=8 h=8 SEG=4 bits=32 words=1 threads=24
[DP-fwdX] L=0 states=1 -> 1
[DP-fwdX] L=16 states=141 -> 164
[DP-bwdX] L=64 states=1 -> 1
[DP-bwdX] L=48 states=141 -> 164
[DP-fwdX] L=0 states=1 -> 1
[DP-bwdX] L=32 states=1 -> 1
[DP-fwdX] L=0 states=1 -> 1
[DP-bwdX] L=16 states=1 -> 1
[DP-fwdX] L=0 states=1 -> 1
[DP-fwdX] L=0 states=1 -> 1
[DP-fwdX] L=0 states=1 -> 1
[DP-bwdX] L=16 states=1 -> 1
[DP-bwdX] L=16 states=1 -> 1
[DP-bwdX] L=16 states=1 -> 1
[DP-fwdX] L=16 states=1 -> 1
[DP-bwdX] L=32 states=1 -> 1
[DP-fwdX] L=16 states=1 -> 1
[DP-fwdX] L=16 states=1 -> 1
[DP-fwdX] L=16 states=1 -> 1
[DP-bwdX] L=32 states=1 -> 1
[DP-bwdX] L=32 states=1 -> 1
[DP-bwdX] L=32 states=1 -> 1
[DP-fwdX] L=32 states=1 -> 1
[DP-bwdX] L=64 states=1 -> 1
[DP-fwdX] L=32 states=1 -> 1
[DP-bwdX] L=48 states=1 -> 1
[DP-fwdX] L=32 states=1 -> 1
[DP-fwdX] L=32 states=1 -> 1
[DP-fwdX] L=32 states=1 -> 1
[DP-bwdX] L=48 states=1 -> 1
[DP-bwdX] L=48 states=1 -> 1
[DP-bwdX] L=48 states=1 -> 1
[DP-fwdX] L=48 states=1 -> 1
[DP-bwdX] L=64 states=1 -> 1
[DP-fwdX] L=48 states=1 -> 1
[DP-fwdX] L=48 states=1 -> 1
[DP-fwdX] L=48 states=1 -> 1
[DP-bwdX] L=64 states=1 -> 1
[DP-bwdX] L=64 states=1 -> 1
[DP-bwdX] L=64 states=1 -> 1
[RowSwapCTR] expand small 8x8 -> full 16x8  top_rows=4  bot_rows=4  ctr_rows=8  n_full=128
  [Round 28] T_prime=17  T_target=17  HPWL_w=480320  HPWL_eq=476  maxL=26  WNS(T')=-9  WNS*(T)=-9  picked=0  solve_ms=16.4743
[OC-Shortest/pow2] m=8 h=8 SEG=4 bits=32 words=1 threads=24
[DP-fwdX] L=0 states=1 -> 1
[DP-fwdX] L=16 states=141 -> 164
[DP-bwdX] L=64 states=1 -> 1
[DP-bwdX] L=48 states=141 -> 164
[DP-fwdX] L=0 states=1 -> 1
[DP-bwdX] L=32 states=1 -> 1
[DP-fwdX] L=0 states=1 -> 1
[DP-bwdX] L=16 states=1 -> 1
[DP-fwdX] L=0 states=1 -> 1
[DP-fwdX] L=0 states=1 -> 1
[DP-fwdX] L=0 states=1 -> 1
[DP-bwdX] L=16 states=1 -> 1
[DP-bwdX] L=16 states=1 -> 1
[DP-bwdX] L=16 states=1 -> 1
[DP-fwdX] L=16 states=1 -> 1
[DP-bwdX] L=32 states=1 -> 1
[DP-fwdX] L=16 states=1 -> 1
[DP-fwdX] L=16 states=1 -> 1
[DP-fwdX] L=16 states=1 -> 1
[DP-bwdX] L=32 states=1 -> 1
[DP-bwdX] L=32 states=1 -> 1
[DP-bwdX] L=32 states=1 -> 1
[DP-fwdX] L=32 states=1 -> 1
[DP-bwdX] L=64 states=1 -> 1
[DP-fwdX] L=32 states=1 -> 1
[DP-bwdX] L=48 states=1 -> 1
[DP-fwdX] L=32 states=1 -> 1
[DP-fwdX] L=32 states=1 -> 1
[DP-fwdX] L=32 states=1 -> 1
[DP-bwdX] L=48 states=1 -> 1
[DP-bwdX] L=48 states=1 -> 1
[DP-bwdX] L=48 states=1 -> 1
[DP-fwdX] L=48 states=1 -> 1
[DP-bwdX] L=64 states=1 -> 1
[DP-fwdX] L=48 states=1 -> 1
[DP-fwdX] L=48 states=1 -> 1
[DP-fwdX] L=48 states=1 -> 1
[DP-bwdX] L=64 states=1 -> 1
[DP-bwdX] L=64 states=1 -> 1
[DP-bwdX] L=64 states=1 -> 1
[RowSwapCTR] expand small 8x8 -> full 16x8  top_rows=4  bot_rows=4  ctr_rows=8  n_full=128
  [Round 29] T_prime=17  T_target=17  HPWL_w=480320  HPWL_eq=476  maxL=26  WNS(T')=-9  WNS*(T)=-9  picked=0  solve_ms=16.5499
[OC-Shortest/pow2] m=8 h=8 SEG=4 bits=32 words=1 threads=24
[DP-fwdX] L=0 states=1 -> 1
[DP-fwdX] L=16 states=141 -> 164
[DP-bwdX] L=64 states=1 -> 1
[DP-bwdX] L=48 states=141 -> 164
[DP-fwdX] L=0 states=1 -> 1
[DP-bwdX] L=32 states=1 -> 1
[DP-fwdX] L=0 states=1 -> 1
[DP-bwdX] L=16 states=1 -> 1
[DP-fwdX] L=0 states=1 -> 1
[DP-fwdX] L=0 states=1 -> 1
[DP-fwdX] L=0 states=1 -> 1
[DP-bwdX] L=16 states=1 -> 1
[DP-bwdX] L=16 states=1 -> 1
[DP-bwdX] L=16 states=1 -> 1
[DP-fwdX] L=16 states=1 -> 1
[DP-bwdX] L=32 states=1 -> 1
[DP-fwdX] L=16 states=1 -> 1
[DP-fwdX] L=16 states=1 -> 1
[DP-fwdX] L=16 states=1 -> 1
[DP-bwdX] L=32 states=1 -> 1
[DP-bwdX] L=32 states=1 -> 1
[DP-bwdX] L=32 states=1 -> 1
[DP-fwdX] L=32 states=1 -> 1
[DP-bwdX] L=64 states=1 -> 1
[DP-fwdX] L=32 states=1 -> 1
[DP-bwdX] L=48 states=1 -> 1
[DP-fwdX] L=32 states=1 -> 1
[DP-fwdX] L=32 states=1 -> 1
[DP-fwdX] L=32 states=1 -> 1
[DP-bwdX] L=48 states=1 -> 1
[DP-bwdX] L=48 states=1 -> 1
[DP-bwdX] L=48 states=1 -> 1
[DP-fwdX] L=48 states=1 -> 1
[DP-bwdX] L=64 states=1 -> 1
[DP-fwdX] L=48 states=1 -> 1
[DP-fwdX] L=48 states=1 -> 1
[DP-fwdX] L=48 states=1 -> 1
[DP-bwdX] L=64 states=1 -> 1
[DP-bwdX] L=64 states=1 -> 1
[DP-bwdX] L=64 states=1 -> 1
[RowSwapCTR] expand small 8x8 -> full 16x8  top_rows=4  bot_rows=4  ctr_rows=8  n_full=128
  [Round 30] T_prime=17  T_target=17  HPWL_w=480320  HPWL_eq=476  maxL=26  WNS(T')=-9  WNS*(T)=-9  picked=0  solve_ms=16.4804
[OC-Shortest/pow2] m=8 h=8 SEG=4 bits=32 words=1 threads=24
[DP-fwdX] L=0 states=1 -> 1
[DP-fwdX] L=16 states=141 -> 164
[DP-bwdX] L=64 states=1 -> 1
[DP-bwdX] L=48 states=141 -> 164
[DP-fwdX] L=0 states=1 -> 1
[DP-bwdX] L=32 states=1 -> 1
[DP-fwdX] L=0 states=1 -> 1
[DP-bwdX] L=16 states=1 -> 1
[DP-fwdX] L=0 states=1 -> 1
[DP-fwdX] L=0 states=1 -> 1
[DP-fwdX] L=0 states=1 -> 1
[DP-bwdX] L=16 states=1 -> 1
[DP-bwdX] L=16 states=1 -> 1
[DP-bwdX] L=16 states=1 -> 1
[DP-fwdX] L=16 states=1 -> 1
[DP-bwdX] L=32 states=1 -> 1
[DP-fwdX] L=16 states=1 -> 1
[DP-fwdX] L=16 states=1 -> 1
[DP-fwdX] L=16 states=1 -> 1
[DP-bwdX] L=32 states=1 -> 1
[DP-bwdX] L=32 states=1 -> 1
[DP-bwdX] L=32 states=1 -> 1
[DP-fwdX] L=32 states=1 -> 1
[DP-bwdX] L=64 states=1 -> 1
[DP-fwdX] L=32 states=1 -> 1
[DP-bwdX] L=48 states=1 -> 1
[DP-fwdX] L=32 states=1 -> 1
[DP-fwdX] L=32 states=1 -> 1
[DP-fwdX] L=32 states=1 -> 1
[DP-bwdX] L=48 states=1 -> 1
[DP-bwdX] L=48 states=1 -> 1
[DP-bwdX] L=48 states=1 -> 1
[DP-fwdX] L=48 states=1 -> 1
[DP-bwdX] L=64 states=1 -> 1
[DP-fwdX] L=48 states=1 -> 1
[DP-fwdX] L=48 states=1 -> 1
[DP-fwdX] L=48 states=1 -> 1
[DP-bwdX] L=64 states=1 -> 1
[DP-bwdX] L=64 states=1 -> 1
[DP-bwdX] L=64 states=1 -> 1
[RowSwapCTR] expand small 8x8 -> full 16x8  top_rows=4  bot_rows=4  ctr_rows=8  n_full=128
  [Round 31] T_prime=17  T_target=17  HPWL_w=480320  HPWL_eq=476  maxL=26  WNS(T')=-9  WNS*(T)=-9  picked=0  solve_ms=16.5947
[OC-Shortest/pow2] m=8 h=8 SEG=4 bits=32 words=1 threads=24
[DP-fwdX] L=0 states=1 -> 1
[DP-fwdX] L=16 states=141 -> 164
[DP-bwdX] L=64 states=1 -> 1
[DP-bwdX] L=48 states=141 -> 164
[DP-fwdX] L=0 states=1 -> 1
[DP-bwdX] L=32 states=1 -> 1
[DP-fwdX] L=0 states=1 -> 1
[DP-bwdX] L=16 states=1 -> 1
[DP-fwdX] L=0 states=1 -> 1
[DP-fwdX] L=0 states=1 -> 1
[DP-fwdX] L=0 states=1 -> 1
[DP-bwdX] L=16 states=1 -> 1
[DP-bwdX] L=16 states=1 -> 1
[DP-bwdX] L=16 states=1 -> 1
[DP-fwdX] L=16 states=1 -> 1
[DP-bwdX] L=32 states=1 -> 1
[DP-fwdX] L=16 states=1 -> 1
[DP-fwdX] L=16 states=1 -> 1
[DP-fwdX] L=16 states=1 -> 1
[DP-bwdX] L=32 states=1 -> 1
[DP-bwdX] L=32 states=1 -> 1
[DP-bwdX] L=32 states=1 -> 1
[DP-fwdX] L=32 states=1 -> 1
[DP-bwdX] L=64 states=1 -> 1
[DP-fwdX] L=32 states=1 -> 1
[DP-bwdX] L=48 states=1 -> 1
[DP-fwdX] L=32 states=1 -> 1
[DP-fwdX] L=32 states=1 -> 1
[DP-fwdX] L=32 states=1 -> 1
[DP-bwdX] L=48 states=1 -> 1
[DP-bwdX] L=48 states=1 -> 1
[DP-bwdX] L=48 states=1 -> 1
[DP-fwdX] L=48 states=1 -> 1
[DP-bwdX] L=64 states=1 -> 1
[DP-fwdX] L=48 states=1 -> 1
[DP-fwdX] L=48 states=1 -> 1
[DP-fwdX] L=48 states=1 -> 1
[DP-bwdX] L=64 states=1 -> 1
[DP-bwdX] L=64 states=1 -> 1
[DP-bwdX] L=64 states=1 -> 1
[RowSwapCTR] expand small 8x8 -> full 16x8  top_rows=4  bot_rows=4  ctr_rows=8  n_full=128
  [Round 32] T_prime=17  T_target=17  HPWL_w=480320  HPWL_eq=476  maxL=26  WNS(T')=-9  WNS*(T)=-9  picked=0  solve_ms=16.5321
[OC-Shortest/pow2] m=8 h=8 SEG=4 bits=32 words=1 threads=24
[DP-fwdX] L=0 states=1 -> 1
[DP-fwdX] L=16 states=141 -> 164
[DP-bwdX] L=64 states=1 -> 1
[DP-bwdX] L=48 states=141 -> 164
[DP-fwdX] L=0 states=1 -> 1
[DP-bwdX] L=32 states=1 -> 1
[DP-fwdX] L=0 states=1 -> 1
[DP-bwdX] L=16 states=1 -> 1
[DP-fwdX] L=0 states=1 -> 1
[DP-fwdX] L=0 states=1 -> 1
[DP-fwdX] L=0 states=1 -> 1
[DP-bwdX] L=16 states=1 -> 1
[DP-bwdX] L=16 states=1 -> 1
[DP-bwdX] L=16 states=1 -> 1
[DP-fwdX] L=16 states=1 -> 1
[DP-bwdX] L=32 states=1 -> 1
[DP-fwdX] L=16 states=1 -> 1
[DP-fwdX] L=16 states=1 -> 1
[DP-fwdX] L=16 states=1 -> 1
[DP-bwdX] L=32 states=1 -> 1
[DP-bwdX] L=32 states=1 -> 1
[DP-bwdX] L=32 states=1 -> 1
[DP-fwdX] L=32 states=1 -> 1
[DP-bwdX] L=64 states=1 -> 1
[DP-fwdX] L=32 states=1 -> 1
[DP-bwdX] L=48 states=1 -> 1
[DP-fwdX] L=32 states=1 -> 1
[DP-fwdX] L=32 states=1 -> 1
[DP-fwdX] L=32 states=1 -> 1
[DP-bwdX] L=48 states=1 -> 1
[DP-bwdX] L=48 states=1 -> 1
[DP-bwdX] L=48 states=1 -> 1
[DP-fwdX] L=48 states=1 -> 1
[DP-bwdX] L=64 states=1 -> 1
[DP-fwdX] L=48 states=1 -> 1
[DP-fwdX] L=48 states=1 -> 1
[DP-fwdX] L=48 states=1 -> 1
[DP-bwdX] L=64 states=1 -> 1
[DP-bwdX] L=64 states=1 -> 1
[DP-bwdX] L=64 states=1 -> 1
[RowSwapCTR] expand small 8x8 -> full 16x8  top_rows=4  bot_rows=4  ctr_rows=8  n_full=128
  [Round 33] T_prime=17  T_target=17  HPWL_w=480320  HPWL_eq=476  maxL=26  WNS(T')=-9  WNS*(T)=-9  picked=0  solve_ms=16.637
[OC-Shortest/pow2] m=8 h=8 SEG=4 bits=32 words=1 threads=24
[DP-fwdX] L=0 states=1 -> 1
[DP-fwdX] L=16 states=141 -> 164
[DP-bwdX] L=64 states=1 -> 1
[DP-bwdX] L=48 states=141 -> 164
[DP-fwdX] L=0 states=1 -> 1
[DP-bwdX] L=32 states=1 -> 1
[DP-fwdX] L=0 states=1 -> 1
[DP-bwdX] L=16 states=1 -> 1
[DP-fwdX] L=0 states=1 -> 1
[DP-fwdX] L=0 states=1 -> 1
[DP-fwdX] L=0 states=1 -> 1
[DP-bwdX] L=16 states=1 -> 1
[DP-bwdX] L=16 states=1 -> 1
[DP-bwdX] L=16 states=1 -> 1
[DP-fwdX] L=16 states=1 -> 1
[DP-bwdX] L=32 states=1 -> 1
[DP-fwdX] L=16 states=1 -> 1
[DP-fwdX] L=16 states=1 -> 1
[DP-fwdX] L=16 states=1 -> 1
[DP-bwdX] L=32 states=1 -> 1
[DP-bwdX] L=32 states=1 -> 1
[DP-bwdX] L=32 states=1 -> 1
[DP-fwdX] L=32 states=1 -> 1
[DP-bwdX] L=64 states=1 -> 1
[DP-fwdX] L=32 states=1 -> 1
[DP-bwdX] L=48 states=1 -> 1
[DP-fwdX] L=32 states=1 -> 1
[DP-fwdX] L=32 states=1 -> 1
[DP-fwdX] L=32 states=1 -> 1
[DP-bwdX] L=48 states=1 -> 1
[DP-bwdX] L=48 states=1 -> 1
[DP-bwdX] L=48 states=1 -> 1
[DP-fwdX] L=48 states=1 -> 1
[DP-bwdX] L=64 states=1 -> 1
[DP-fwdX] L=48 states=1 -> 1
[DP-fwdX] L=48 states=1 -> 1
[DP-fwdX] L=48 states=1 -> 1
[DP-bwdX] L=64 states=1 -> 1
[DP-bwdX] L=64 states=1 -> 1
[DP-bwdX] L=64 states=1 -> 1
[RowSwapCTR] expand small 8x8 -> full 16x8  top_rows=4  bot_rows=4  ctr_rows=8  n_full=128
  [Round 34] T_prime=17  T_target=17  HPWL_w=480320  HPWL_eq=476  maxL=26  WNS(T')=-9  WNS*(T)=-9  picked=0  solve_ms=16.8123
[OC-Shortest/pow2] m=8 h=8 SEG=4 bits=32 words=1 threads=24
[DP-fwdX] L=0 states=1 -> 1
[DP-fwdX] L=16 states=141 -> 164
[DP-bwdX] L=64 states=1 -> 1
[DP-bwdX] L=48 states=141 -> 164
[DP-fwdX] L=0 states=1 -> 1
[DP-bwdX] L=32 states=1 -> 1
[DP-fwdX] L=0 states=1 -> 1
[DP-bwdX] L=16 states=1 -> 1
[DP-fwdX] L=0 states=1 -> 1
[DP-fwdX] L=0 states=1 -> 1
[DP-fwdX] L=0 states=1 -> 1
[DP-bwdX] L=16 states=1 -> 1
[DP-bwdX] L=16 states=1 -> 1
[DP-bwdX] L=16 states=1 -> 1
[DP-fwdX] L=16 states=1 -> 1
[DP-bwdX] L=32 states=1 -> 1
[DP-fwdX] L=16 states=1 -> 1
[DP-fwdX] L=16 states=1 -> 1
[DP-fwdX] L=16 states=1 -> 1
[DP-bwdX] L=32 states=1 -> 1
[DP-bwdX] L=32 states=1 -> 1
[DP-bwdX] L=32 states=1 -> 1
[DP-fwdX] L=32 states=1 -> 1
[DP-bwdX] L=64 states=1 -> 1
[DP-fwdX] L=32 states=1 -> 1
[DP-bwdX] L=48 states=1 -> 1
[DP-fwdX] L=32 states=1 -> 1
[DP-fwdX] L=32 states=1 -> 1
[DP-fwdX] L=32 states=1 -> 1
[DP-bwdX] L=48 states=1 -> 1
[DP-bwdX] L=48 states=1 -> 1
[DP-bwdX] L=48 states=1 -> 1
[DP-fwdX] L=48 states=1 -> 1
[DP-bwdX] L=64 states=1 -> 1
[DP-fwdX] L=48 states=1 -> 1
[DP-fwdX] L=48 states=1 -> 1
[DP-fwdX] L=48 states=1 -> 1
[DP-bwdX] L=64 states=1 -> 1
[DP-bwdX] L=64 states=1 -> 1
[DP-bwdX] L=64 states=1 -> 1
[RowSwapCTR] expand small 8x8 -> full 16x8  top_rows=4  bot_rows=4  ctr_rows=8  n_full=128
  [Round 35] T_prime=17  T_target=17  HPWL_w=480320  HPWL_eq=476  maxL=26  WNS(T')=-9  WNS*(T)=-9  picked=0  solve_ms=17.0155
[OC-Shortest/pow2] m=8 h=8 SEG=4 bits=32 words=1 threads=24
[DP-fwdX] L=0 states=1 -> 1
[DP-fwdX] L=16 states=141 -> 164
[DP-bwdX] L=64 states=1 -> 1
[DP-bwdX] L=48 states=141 -> 164
[DP-fwdX] L=0 states=1 -> 1
[DP-bwdX] L=32 states=1 -> 1
[DP-fwdX] L=0 states=1 -> 1
[DP-bwdX] L=16 states=1 -> 1
[DP-fwdX] L=0 states=1 -> 1
[DP-fwdX] L=0 states=1 -> 1
[DP-fwdX] L=0 states=1 -> 1
[DP-bwdX] L=16 states=1 -> 1
[DP-bwdX] L=16 states=1 -> 1
[DP-bwdX] L=16 states=1 -> 1
[DP-fwdX] L=16 states=1 -> 1
[DP-bwdX] L=32 states=1 -> 1
[DP-fwdX] L=16 states=1 -> 1
[DP-fwdX] L=16 states=1 -> 1
[DP-fwdX] L=16 states=1 -> 1
[DP-bwdX] L=32 states=1 -> 1
[DP-bwdX] L=32 states=1 -> 1
[DP-bwdX] L=32 states=1 -> 1
[DP-fwdX] L=32 states=1 -> 1
[DP-bwdX] L=64 states=1 -> 1
[DP-fwdX] L=32 states=1 -> 1
[DP-bwdX] L=48 states=1 -> 1
[DP-fwdX] L=32 states=1 -> 1
[DP-fwdX] L=32 states=1 -> 1
[DP-fwdX] L=32 states=1 -> 1
[DP-bwdX] L=48 states=1 -> 1
[DP-bwdX] L=48 states=1 -> 1
[DP-bwdX] L=48 states=1 -> 1
[DP-fwdX] L=48 states=1 -> 1
[DP-bwdX] L=64 states=1 -> 1
[DP-fwdX] L=48 states=1 -> 1
[DP-fwdX] L=48 states=1 -> 1
[DP-fwdX] L=48 states=1 -> 1
[DP-bwdX] L=64 states=1 -> 1
[DP-bwdX] L=64 states=1 -> 1
[DP-bwdX] L=64 states=1 -> 1
[RowSwapCTR] expand small 8x8 -> full 16x8  top_rows=4  bot_rows=4  ctr_rows=8  n_full=128
  [Round 36] T_prime=17  T_target=17  HPWL_w=480320  HPWL_eq=476  maxL=26  WNS(T')=-9  WNS*(T)=-9  picked=0  solve_ms=17.2146
[OC-Shortest/pow2] m=8 h=8 SEG=4 bits=32 words=1 threads=24
[DP-fwdX] L=0 states=1 -> 1
[DP-fwdX] L=16 states=141 -> 164
[DP-bwdX] L=64 states=1 -> 1
[DP-bwdX] L=48 states=141 -> 164
[DP-fwdX] L=0 states=1 -> 1
[DP-bwdX] L=32 states=1 -> 1
[DP-fwdX] L=0 states=1 -> 1
[DP-bwdX] L=16 states=1 -> 1
[DP-fwdX] L=0 states=1 -> 1
[DP-fwdX] L=0 states=1 -> 1
[DP-fwdX] L=0 states=1 -> 1
[DP-bwdX] L=16 states=1 -> 1
[DP-bwdX] L=16 states=1 -> 1
[DP-bwdX] L=16 states=1 -> 1
[DP-fwdX] L=16 states=1 -> 1
[DP-bwdX] L=32 states=1 -> 1
[DP-fwdX] L=16 states=1 -> 1
[DP-fwdX] L=16 states=1 -> 1
[DP-fwdX] L=16 states=1 -> 1
[DP-bwdX] L=32 states=1 -> 1
[DP-bwdX] L=32 states=1 -> 1
[DP-bwdX] L=32 states=1 -> 1
[DP-fwdX] L=32 states=1 -> 1
[DP-bwdX] L=64 states=1 -> 1
[DP-fwdX] L=32 states=1 -> 1
[DP-bwdX] L=48 states=1 -> 1
[DP-fwdX] L=32 states=1 -> 1
[DP-fwdX] L=32 states=1 -> 1
[DP-fwdX] L=32 states=1 -> 1
[DP-bwdX] L=48 states=1 -> 1
[DP-bwdX] L=48 states=1 -> 1
[DP-bwdX] L=48 states=1 -> 1
[DP-fwdX] L=48 states=1 -> 1
[DP-bwdX] L=64 states=1 -> 1
[DP-fwdX] L=48 states=1 -> 1
[DP-fwdX] L=48 states=1 -> 1
[DP-fwdX] L=48 states=1 -> 1
[DP-bwdX] L=64 states=1 -> 1
[DP-bwdX] L=64 states=1 -> 1
[DP-bwdX] L=64 states=1 -> 1
[RowSwapCTR] expand small 8x8 -> full 16x8  top_rows=4  bot_rows=4  ctr_rows=8  n_full=128
  [Round 37] T_prime=17  T_target=17  HPWL_w=480320  HPWL_eq=476  maxL=26  WNS(T')=-9  WNS*(T)=-9  picked=0  solve_ms=17.2945
[OC-Shortest/pow2] m=8 h=8 SEG=4 bits=32 words=1 threads=24
[DP-fwdX] L=0 states=1 -> 1
[DP-fwdX] L=16 states=141 -> 164
[DP-bwdX] L=64 states=1 -> 1
[DP-bwdX] L=48 states=141 -> 164
[DP-fwdX] L=0 states=1 -> 1
[DP-bwdX] L=32 states=1 -> 1
[DP-fwdX] L=0 states=1 -> 1
[DP-bwdX] L=16 states=1 -> 1
[DP-fwdX] L=0 states=1 -> 1
[DP-fwdX] L=0 states=1 -> 1
[DP-fwdX] L=0 states=1 -> 1
[DP-bwdX] L=16 states=1 -> 1
[DP-bwdX] L=16 states=1 -> 1
[DP-bwdX] L=16 states=1 -> 1
[DP-fwdX] L=16 states=1 -> 1
[DP-bwdX] L=32 states=1 -> 1
[DP-fwdX] L=16 states=1 -> 1
[DP-fwdX] L=16 states=1 -> 1
[DP-fwdX] L=16 states=1 -> 1
[DP-bwdX] L=32 states=1 -> 1
[DP-bwdX] L=32 states=1 -> 1
[DP-bwdX] L=32 states=1 -> 1
[DP-fwdX] L=32 states=1 -> 1
[DP-bwdX] L=64 states=1 -> 1
[DP-fwdX] L=32 states=1 -> 1
[DP-bwdX] L=48 states=1 -> 1
[DP-fwdX] L=32 states=1 -> 1
[DP-fwdX] L=32 states=1 -> 1
[DP-fwdX] L=32 states=1 -> 1
[DP-bwdX] L=48 states=1 -> 1
[DP-bwdX] L=48 states=1 -> 1
[DP-bwdX] L=48 states=1 -> 1
[DP-fwdX] L=48 states=1 -> 1
[DP-bwdX] L=64 states=1 -> 1
[DP-fwdX] L=48 states=1 -> 1
[DP-fwdX] L=48 states=1 -> 1
[DP-fwdX] L=48 states=1 -> 1
[DP-bwdX] L=64 states=1 -> 1
[DP-bwdX] L=64 states=1 -> 1
[DP-bwdX] L=64 states=1 -> 1
[RowSwapCTR] expand small 8x8 -> full 16x8  top_rows=4  bot_rows=4  ctr_rows=8  n_full=128
  [Round 38] T_prime=17  T_target=17  HPWL_w=480320  HPWL_eq=476  maxL=26  WNS(T')=-9  WNS*(T)=-9  picked=0  solve_ms=17.0591
[OC-Shortest/pow2] m=8 h=8 SEG=4 bits=32 words=1 threads=24
[DP-fwdX] L=0 states=1 -> 1
[DP-fwdX] L=16 states=141 -> 164
[DP-bwdX] L=64 states=1 -> 1
[DP-bwdX] L=48 states=141 -> 164
[DP-fwdX] L=0 states=1 -> 1
[DP-bwdX] L=32 states=1 -> 1
[DP-fwdX] L=0 states=1 -> 1
[DP-bwdX] L=16 states=1 -> 1
[DP-fwdX] L=0 states=1 -> 1
[DP-fwdX] L=0 states=1 -> 1
[DP-fwdX] L=0 states=1 -> 1
[DP-bwdX] L=16 states=1 -> 1
[DP-bwdX] L=16 states=1 -> 1
[DP-bwdX] L=16 states=1 -> 1
[DP-fwdX] L=16 states=1 -> 1
[DP-bwdX] L=32 states=1 -> 1
[DP-fwdX] L=16 states=1 -> 1
[DP-fwdX] L=16 states=1 -> 1
[DP-fwdX] L=16 states=1 -> 1
[DP-bwdX] L=32 states=1 -> 1
[DP-bwdX] L=32 states=1 -> 1
[DP-bwdX] L=32 states=1 -> 1
[DP-fwdX] L=32 states=1 -> 1
[DP-bwdX] L=64 states=1 -> 1
[DP-fwdX] L=32 states=1 -> 1
[DP-bwdX] L=48 states=1 -> 1
[DP-fwdX] L=32 states=1 -> 1
[DP-fwdX] L=32 states=1 -> 1
[DP-fwdX] L=32 states=1 -> 1
[DP-bwdX] L=48 states=1 -> 1
[DP-bwdX] L=48 states=1 -> 1
[DP-bwdX] L=48 states=1 -> 1
[DP-fwdX] L=48 states=1 -> 1
[DP-bwdX] L=64 states=1 -> 1
[DP-fwdX] L=48 states=1 -> 1
[DP-fwdX] L=48 states=1 -> 1
[DP-fwdX] L=48 states=1 -> 1
[DP-bwdX] L=64 states=1 -> 1
[DP-bwdX] L=64 states=1 -> 1
[DP-bwdX] L=64 states=1 -> 1
[RowSwapCTR] expand small 8x8 -> full 16x8  top_rows=4  bot_rows=4  ctr_rows=8  n_full=128
  [Round 39] T_prime=17  T_target=17  HPWL_w=480320  HPWL_eq=476  maxL=26  WNS(T')=-9  WNS*(T)=-9  picked=0  solve_ms=17.1599
[OC-Shortest/pow2] m=8 h=8 SEG=4 bits=32 words=1 threads=24
[DP-fwdX] L=0 states=1 -> 1
[DP-fwdX] L=16 states=141 -> 164
[DP-bwdX] L=64 states=1 -> 1
[DP-bwdX] L=48 states=141 -> 164
[DP-fwdX] L=0 states=1 -> 1
[DP-bwdX] L=32 states=1 -> 1
[DP-fwdX] L=0 states=1 -> 1
[DP-bwdX] L=16 states=1 -> 1
[DP-fwdX] L=0 states=1 -> 1
[DP-fwdX] L=0 states=1 -> 1
[DP-fwdX] L=0 states=1 -> 1
[DP-bwdX] L=16 states=1 -> 1
[DP-bwdX] L=16 states=1 -> 1
[DP-bwdX] L=16 states=1 -> 1
[DP-fwdX] L=16 states=1 -> 1
[DP-bwdX] L=32 states=1 -> 1
[DP-fwdX] L=16 states=1 -> 1
[DP-fwdX] L=16 states=1 -> 1
[DP-fwdX] L=16 states=1 -> 1
[DP-bwdX] L=32 states=1 -> 1
[DP-bwdX] L=32 states=1 -> 1
[DP-bwdX] L=32 states=1 -> 1
[DP-fwdX] L=32 states=1 -> 1
[DP-bwdX] L=64 states=1 -> 1
[DP-fwdX] L=32 states=1 -> 1
[DP-bwdX] L=48 states=1 -> 1
[DP-fwdX] L=32 states=1 -> 1
[DP-fwdX] L=32 states=1 -> 1
[DP-fwdX] L=32 states=1 -> 1
[DP-bwdX] L=48 states=1 -> 1
[DP-bwdX] L=48 states=1 -> 1
[DP-bwdX] L=48 states=1 -> 1
[DP-fwdX] L=48 states=1 -> 1
[DP-bwdX] L=64 states=1 -> 1
[DP-fwdX] L=48 states=1 -> 1
[DP-fwdX] L=48 states=1 -> 1
[DP-fwdX] L=48 states=1 -> 1
[DP-bwdX] L=64 states=1 -> 1
[DP-bwdX] L=64 states=1 -> 1
[DP-bwdX] L=64 states=1 -> 1
[RowSwapCTR] expand small 8x8 -> full 16x8  top_rows=4  bot_rows=4  ctr_rows=8  n_full=128
  [Round 40] T_prime=17  T_target=17  HPWL_w=480320  HPWL_eq=476  maxL=26  WNS(T')=-9  WNS*(T)=-9  picked=0  solve_ms=17.1819
[OC-Shortest/pow2] m=8 h=8 SEG=4 bits=32 words=1 threads=24
[DP-fwdX] L=0 states=1 -> 1
[DP-fwdX] L=16 states=141 -> 164
[DP-bwdX] L=64 states=1 -> 1
[DP-bwdX] L=48 states=141 -> 164
[DP-fwdX] L=0 states=1 -> 1
[DP-bwdX] L=32 states=1 -> 1
[DP-fwdX] L=0 states=1 -> 1
[DP-bwdX] L=16 states=1 -> 1
[DP-fwdX] L=0 states=1 -> 1
[DP-fwdX] L=0 states=1 -> 1
[DP-fwdX] L=0 states=1 -> 1
[DP-bwdX] L=16 states=1 -> 1
[DP-bwdX] L=16 states=1 -> 1
[DP-bwdX] L=16 states=1 -> 1
[DP-fwdX] L=16 states=1 -> 1
[DP-bwdX] L=32 states=1 -> 1
[DP-fwdX] L=16 states=1 -> 1
[DP-fwdX] L=16 states=1 -> 1
[DP-fwdX] L=16 states=1 -> 1
[DP-bwdX] L=32 states=1 -> 1
[DP-bwdX] L=32 states=1 -> 1
[DP-bwdX] L=32 states=1 -> 1
[DP-fwdX] L=32 states=1 -> 1
[DP-bwdX] L=64 states=1 -> 1
[DP-fwdX] L=32 states=1 -> 1
[DP-bwdX] L=48 states=1 -> 1
[DP-fwdX] L=32 states=1 -> 1
[DP-fwdX] L=32 states=1 -> 1
[DP-fwdX] L=32 states=1 -> 1
[DP-bwdX] L=48 states=1 -> 1
[DP-bwdX] L=48 states=1 -> 1
[DP-bwdX] L=48 states=1 -> 1
[DP-fwdX] L=48 states=1 -> 1
[DP-bwdX] L=64 states=1 -> 1
[DP-fwdX] L=48 states=1 -> 1
[DP-fwdX] L=48 states=1 -> 1
[DP-fwdX] L=48 states=1 -> 1
[DP-bwdX] L=64 states=1 -> 1
[DP-bwdX] L=64 states=1 -> 1
[DP-bwdX] L=64 states=1 -> 1
[RowSwapCTR] expand small 8x8 -> full 16x8  top_rows=4  bot_rows=4  ctr_rows=8  n_full=128
  [Round 41] T_prime=17  T_target=17  HPWL_w=480320  HPWL_eq=476  maxL=26  WNS(T')=-9  WNS*(T)=-9  picked=0  solve_ms=17.122
[OC-Shortest/pow2] m=8 h=8 SEG=4 bits=32 words=1 threads=24
[DP-fwdX] L=0 states=1 -> 1
[DP-fwdX] L=16 states=141 -> 164
[DP-bwdX] L=64 states=1 -> 1
[DP-bwdX] L=48 states=141 -> 164
[DP-fwdX] L=0 states=1 -> 1
[DP-bwdX] L=32 states=1 -> 1
[DP-fwdX] L=0 states=1 -> 1
[DP-bwdX] L=16 states=1 -> 1
[DP-fwdX] L=0 states=1 -> 1
[DP-fwdX] L=0 states=1 -> 1
[DP-fwdX] L=0 states=1 -> 1
[DP-bwdX] L=16 states=1 -> 1
[DP-bwdX] L=16 states=1 -> 1
[DP-bwdX] L=16 states=1 -> 1
[DP-fwdX] L=16 states=1 -> 1
[DP-bwdX] L=32 states=1 -> 1
[DP-fwdX] L=16 states=1 -> 1
[DP-fwdX] L=16 states=1 -> 1
[DP-fwdX] L=16 states=1 -> 1
[DP-bwdX] L=32 states=1 -> 1
[DP-bwdX] L=32 states=1 -> 1
[DP-bwdX] L=32 states=1 -> 1
[DP-fwdX] L=32 states=1 -> 1
[DP-bwdX] L=64 states=1 -> 1
[DP-fwdX] L=32 states=1 -> 1
[DP-bwdX] L=48 states=1 -> 1
[DP-fwdX] L=32 states=1 -> 1
[DP-fwdX] L=32 states=1 -> 1
[DP-fwdX] L=32 states=1 -> 1
[DP-bwdX] L=48 states=1 -> 1
[DP-bwdX] L=48 states=1 -> 1
[DP-bwdX] L=48 states=1 -> 1
[DP-fwdX] L=48 states=1 -> 1
[DP-bwdX] L=64 states=1 -> 1
[DP-fwdX] L=48 states=1 -> 1
[DP-fwdX] L=48 states=1 -> 1
[DP-fwdX] L=48 states=1 -> 1
[DP-bwdX] L=64 states=1 -> 1
[DP-bwdX] L=64 states=1 -> 1
[DP-bwdX] L=64 states=1 -> 1
[RowSwapCTR] expand small 8x8 -> full 16x8  top_rows=4  bot_rows=4  ctr_rows=8  n_full=128
  [Round 42] T_prime=17  T_target=17  HPWL_w=480320  HPWL_eq=476  maxL=26  WNS(T')=-9  WNS*(T)=-9  picked=0  solve_ms=17.118
[OC-Shortest/pow2] m=8 h=8 SEG=4 bits=32 words=1 threads=24
[DP-fwdX] L=0 states=1 -> 1
[DP-fwdX] L=16 states=141 -> 164
[DP-bwdX] L=64 states=1 -> 1
[DP-bwdX] L=48 states=141 -> 164
[DP-fwdX] L=0 states=1 -> 1
[DP-bwdX] L=32 states=1 -> 1
[DP-fwdX] L=0 states=1 -> 1
[DP-bwdX] L=16 states=1 -> 1
[DP-fwdX] L=0 states=1 -> 1
[DP-fwdX] L=0 states=1 -> 1
[DP-fwdX] L=0 states=1 -> 1
[DP-bwdX] L=16 states=1 -> 1
[DP-bwdX] L=16 states=1 -> 1
[DP-bwdX] L=16 states=1 -> 1
[DP-fwdX] L=16 states=1 -> 1
[DP-bwdX] L=32 states=1 -> 1
[DP-fwdX] L=16 states=1 -> 1
[DP-fwdX] L=16 states=1 -> 1
[DP-fwdX] L=16 states=1 -> 1
[DP-bwdX] L=32 states=1 -> 1
[DP-bwdX] L=32 states=1 -> 1
[DP-bwdX] L=32 states=1 -> 1
[DP-fwdX] L=32 states=1 -> 1
[DP-bwdX] L=64 states=1 -> 1
[DP-fwdX] L=32 states=1 -> 1
[DP-bwdX] L=48 states=1 -> 1
[DP-fwdX] L=32 states=1 -> 1
[DP-fwdX] L=32 states=1 -> 1
[DP-fwdX] L=32 states=1 -> 1
[DP-bwdX] L=48 states=1 -> 1
[DP-bwdX] L=48 states=1 -> 1
[DP-bwdX] L=48 states=1 -> 1
[DP-fwdX] L=48 states=1 -> 1
[DP-bwdX] L=64 states=1 -> 1
[DP-fwdX] L=48 states=1 -> 1
[DP-fwdX] L=48 states=1 -> 1
[DP-fwdX] L=48 states=1 -> 1
[DP-bwdX] L=64 states=1 -> 1
[DP-bwdX] L=64 states=1 -> 1
[DP-bwdX] L=64 states=1 -> 1
[RowSwapCTR] expand small 8x8 -> full 16x8  top_rows=4  bot_rows=4  ctr_rows=8  n_full=128
  [Round 43] T_prime=17  T_target=17  HPWL_w=480320  HPWL_eq=476  maxL=26  WNS(T')=-9  WNS*(T)=-9  picked=0  solve_ms=17.1942
[OC-Shortest/pow2] m=8 h=8 SEG=4 bits=32 words=1 threads=24
[DP-fwdX] L=0 states=1 -> 1
[DP-fwdX] L=16 states=141 -> 164
[DP-bwdX] L=64 states=1 -> 1
[DP-bwdX] L=48 states=141 -> 164
[DP-fwdX] L=0 states=1 -> 1
[DP-bwdX] L=32 states=1 -> 1
[DP-fwdX] L=0 states=1 -> 1
[DP-bwdX] L=16 states=1 -> 1
[DP-fwdX] L=0 states=1 -> 1
[DP-fwdX] L=0 states=1 -> 1
[DP-fwdX] L=0 states=1 -> 1
[DP-bwdX] L=16 states=1 -> 1
[DP-bwdX] L=16 states=1 -> 1
[DP-bwdX] L=16 states=1 -> 1
[DP-fwdX] L=16 states=1 -> 1
[DP-bwdX] L=32 states=1 -> 1
[DP-fwdX] L=16 states=1 -> 1
[DP-fwdX] L=16 states=1 -> 1
[DP-fwdX] L=16 states=1 -> 1
[DP-bwdX] L=32 states=1 -> 1
[DP-bwdX] L=32 states=1 -> 1
[DP-bwdX] L=32 states=1 -> 1
[DP-fwdX] L=32 states=1 -> 1
[DP-bwdX] L=64 states=1 -> 1
[DP-fwdX] L=32 states=1 -> 1
[DP-bwdX] L=48 states=1 -> 1
[DP-fwdX] L=32 states=1 -> 1
[DP-fwdX] L=32 states=1 -> 1
[DP-fwdX] L=32 states=1 -> 1
[DP-bwdX] L=48 states=1 -> 1
[DP-bwdX] L=48 states=1 -> 1
[DP-bwdX] L=48 states=1 -> 1
[DP-fwdX] L=48 states=1 -> 1
[DP-bwdX] L=64 states=1 -> 1
[DP-fwdX] L=48 states=1 -> 1
[DP-fwdX] L=48 states=1 -> 1
[DP-fwdX] L=48 states=1 -> 1
[DP-bwdX] L=64 states=1 -> 1
[DP-bwdX] L=64 states=1 -> 1
[DP-bwdX] L=64 states=1 -> 1
[RowSwapCTR] expand small 8x8 -> full 16x8  top_rows=4  bot_rows=4  ctr_rows=8  n_full=128
  [Round 44] T_prime=17  T_target=17  HPWL_w=480320  HPWL_eq=476  maxL=26  WNS(T')=-9  WNS*(T)=-9  picked=0  solve_ms=17.228
[OC-Shortest/pow2] m=8 h=8 SEG=4 bits=32 words=1 threads=24
[DP-fwdX] L=0 states=1 -> 1
[DP-fwdX] L=16 states=141 -> 164
[DP-bwdX] L=64 states=1 -> 1
[DP-bwdX] L=48 states=141 -> 164
[DP-fwdX] L=0 states=1 -> 1
[DP-bwdX] L=32 states=1 -> 1
[DP-fwdX] L=0 states=1 -> 1
[DP-bwdX] L=16 states=1 -> 1
[DP-fwdX] L=0 states=1 -> 1
[DP-fwdX] L=0 states=1 -> 1
[DP-fwdX] L=0 states=1 -> 1
[DP-bwdX] L=16 states=1 -> 1
[DP-bwdX] L=16 states=1 -> 1
[DP-bwdX] L=16 states=1 -> 1
[DP-fwdX] L=16 states=1 -> 1
[DP-bwdX] L=32 states=1 -> 1
[DP-fwdX] L=16 states=1 -> 1
[DP-fwdX] L=16 states=1 -> 1
[DP-fwdX] L=16 states=1 -> 1
[DP-bwdX] L=32 states=1 -> 1
[DP-bwdX] L=32 states=1 -> 1
[DP-bwdX] L=32 states=1 -> 1
[DP-fwdX] L=32 states=1 -> 1
[DP-bwdX] L=64 states=1 -> 1
[DP-fwdX] L=32 states=1 -> 1
[DP-bwdX] L=48 states=1 -> 1
[DP-fwdX] L=32 states=1 -> 1
[DP-fwdX] L=32 states=1 -> 1
[DP-fwdX] L=32 states=1 -> 1
[DP-bwdX] L=48 states=1 -> 1
[DP-bwdX] L=48 states=1 -> 1
[DP-bwdX] L=48 states=1 -> 1
[DP-fwdX] L=48 states=1 -> 1
[DP-bwdX] L=64 states=1 -> 1
[DP-fwdX] L=48 states=1 -> 1
[DP-fwdX] L=48 states=1 -> 1
[DP-fwdX] L=48 states=1 -> 1
[DP-bwdX] L=64 states=1 -> 1
[DP-bwdX] L=64 states=1 -> 1
[DP-bwdX] L=64 states=1 -> 1
[RowSwapCTR] expand small 8x8 -> full 16x8  top_rows=4  bot_rows=4  ctr_rows=8  n_full=128
  [Round 45] T_prime=17  T_target=17  HPWL_w=480320  HPWL_eq=476  maxL=26  WNS(T')=-9  WNS*(T)=-9  picked=0  solve_ms=17.2019
[OC-Shortest/pow2] m=8 h=8 SEG=4 bits=32 words=1 threads=24
[DP-fwdX] L=0 states=1 -> 1
[DP-fwdX] L=16 states=141 -> 164
[DP-bwdX] L=64 states=1 -> 1
[DP-bwdX] L=48 states=141 -> 164
[DP-fwdX] L=0 states=1 -> 1
[DP-bwdX] L=32 states=1 -> 1
[DP-fwdX] L=0 states=1 -> 1
[DP-bwdX] L=16 states=1 -> 1
[DP-fwdX] L=0 states=1 -> 1
[DP-fwdX] L=0 states=1 -> 1
[DP-fwdX] L=0 states=1 -> 1
[DP-bwdX] L=16 states=1 -> 1
[DP-bwdX] L=16 states=1 -> 1
[DP-bwdX] L=16 states=1 -> 1
[DP-fwdX] L=16 states=1 -> 1
[DP-bwdX] L=32 states=1 -> 1
[DP-fwdX] L=16 states=1 -> 1
[DP-fwdX] L=16 states=1 -> 1
[DP-fwdX] L=16 states=1 -> 1
[DP-bwdX] L=32 states=1 -> 1
[DP-bwdX] L=32 states=1 -> 1
[DP-bwdX] L=32 states=1 -> 1
[DP-fwdX] L=32 states=1 -> 1
[DP-bwdX] L=64 states=1 -> 1
[DP-fwdX] L=32 states=1 -> 1
[DP-bwdX] L=48 states=1 -> 1
[DP-fwdX] L=32 states=1 -> 1
[DP-fwdX] L=32 states=1 -> 1
[DP-fwdX] L=32 states=1 -> 1
[DP-bwdX] L=48 states=1 -> 1
[DP-bwdX] L=48 states=1 -> 1
[DP-bwdX] L=48 states=1 -> 1
[DP-fwdX] L=48 states=1 -> 1
[DP-bwdX] L=64 states=1 -> 1
[DP-fwdX] L=48 states=1 -> 1
[DP-fwdX] L=48 states=1 -> 1
[DP-fwdX] L=48 states=1 -> 1
[DP-bwdX] L=64 states=1 -> 1
[DP-bwdX] L=64 states=1 -> 1
[DP-bwdX] L=64 states=1 -> 1
[RowSwapCTR] expand small 8x8 -> full 16x8  top_rows=4  bot_rows=4  ctr_rows=8  n_full=128
  [Round 46] T_prime=17  T_target=17  HPWL_w=480320  HPWL_eq=476  maxL=26  WNS(T')=-9  WNS*(T)=-9  picked=0  solve_ms=17.1049
[OC-Shortest/pow2] m=8 h=8 SEG=4 bits=32 words=1 threads=24
[DP-fwdX] L=0 states=1 -> 1
[DP-fwdX] L=16 states=141 -> 164
[DP-bwdX] L=64 states=1 -> 1
[DP-bwdX] L=48 states=141 -> 164
[DP-fwdX] L=0 states=1 -> 1
[DP-bwdX] L=32 states=1 -> 1
[DP-fwdX] L=0 states=1 -> 1
[DP-bwdX] L=16 states=1 -> 1
[DP-fwdX] L=0 states=1 -> 1
[DP-fwdX] L=0 states=1 -> 1
[DP-fwdX] L=0 states=1 -> 1
[DP-bwdX] L=16 states=1 -> 1
[DP-bwdX] L=16 states=1 -> 1
[DP-bwdX] L=16 states=1 -> 1
[DP-fwdX] L=16 states=1 -> 1
[DP-bwdX] L=32 states=1 -> 1
[DP-fwdX] L=16 states=1 -> 1
[DP-fwdX] L=16 states=1 -> 1
[DP-fwdX] L=16 states=1 -> 1
[DP-bwdX] L=32 states=1 -> 1
[DP-bwdX] L=32 states=1 -> 1
[DP-bwdX] L=32 states=1 -> 1
[DP-fwdX] L=32 states=1 -> 1
[DP-bwdX] L=64 states=1 -> 1
[DP-fwdX] L=32 states=1 -> 1
[DP-bwdX] L=48 states=1 -> 1
[DP-fwdX] L=32 states=1 -> 1
[DP-fwdX] L=32 states=1 -> 1
[DP-fwdX] L=32 states=1 -> 1
[DP-bwdX] L=48 states=1 -> 1
[DP-bwdX] L=48 states=1 -> 1
[DP-bwdX] L=48 states=1 -> 1
[DP-fwdX] L=48 states=1 -> 1
[DP-bwdX] L=64 states=1 -> 1
[DP-fwdX] L=48 states=1 -> 1
[DP-fwdX] L=48 states=1 -> 1
[DP-fwdX] L=48 states=1 -> 1
[DP-bwdX] L=64 states=1 -> 1
[DP-bwdX] L=64 states=1 -> 1
[DP-bwdX] L=64 states=1 -> 1
[RowSwapCTR] expand small 8x8 -> full 16x8  top_rows=4  bot_rows=4  ctr_rows=8  n_full=128
  [Round 47] T_prime=17  T_target=17  HPWL_w=480320  HPWL_eq=476  maxL=26  WNS(T')=-9  WNS*(T)=-9  picked=0  solve_ms=17.1617
[OC-Shortest/pow2] m=8 h=8 SEG=4 bits=32 words=1 threads=24
[DP-fwdX] L=0 states=1 -> 1
[DP-fwdX] L=16 states=141 -> 164
[DP-bwdX] L=64 states=1 -> 1
[DP-bwdX] L=48 states=141 -> 164
[DP-fwdX] L=0 states=1 -> 1
[DP-bwdX] L=32 states=1 -> 1
[DP-fwdX] L=0 states=1 -> 1
[DP-bwdX] L=16 states=1 -> 1
[DP-fwdX] L=0 states=1 -> 1
[DP-fwdX] L=0 states=1 -> 1
[DP-fwdX] L=0 states=1 -> 1
[DP-bwdX] L=16 states=1 -> 1
[DP-bwdX] L=16 states=1 -> 1
[DP-bwdX] L=16 states=1 -> 1
[DP-fwdX] L=16 states=1 -> 1
[DP-bwdX] L=32 states=1 -> 1
[DP-fwdX] L=16 states=1 -> 1
[DP-fwdX] L=16 states=1 -> 1
[DP-fwdX] L=16 states=1 -> 1
[DP-bwdX] L=32 states=1 -> 1
[DP-bwdX] L=32 states=1 -> 1
[DP-bwdX] L=32 states=1 -> 1
[DP-fwdX] L=32 states=1 -> 1
[DP-bwdX] L=64 states=1 -> 1
[DP-fwdX] L=32 states=1 -> 1
[DP-bwdX] L=48 states=1 -> 1
[DP-fwdX] L=32 states=1 -> 1
[DP-fwdX] L=32 states=1 -> 1
[DP-fwdX] L=32 states=1 -> 1
[DP-bwdX] L=48 states=1 -> 1
[DP-bwdX] L=48 states=1 -> 1
[DP-bwdX] L=48 states=1 -> 1
[DP-fwdX] L=48 states=1 -> 1
[DP-bwdX] L=64 states=1 -> 1
[DP-fwdX] L=48 states=1 -> 1
[DP-fwdX] L=48 states=1 -> 1
[DP-fwdX] L=48 states=1 -> 1
[DP-bwdX] L=64 states=1 -> 1
[DP-bwdX] L=64 states=1 -> 1
[DP-bwdX] L=64 states=1 -> 1
[RowSwapCTR] expand small 8x8 -> full 16x8  top_rows=4  bot_rows=4  ctr_rows=8  n_full=128
  [Round 48] T_prime=17  T_target=17  HPWL_w=480320  HPWL_eq=476  maxL=26  WNS(T')=-9  WNS*(T)=-9  picked=0  solve_ms=17.2467
[OC-Shortest/pow2] m=8 h=8 SEG=4 bits=32 words=1 threads=24
[DP-fwdX] L=0 states=1 -> 1
[DP-fwdX] L=16 states=141 -> 164
[DP-bwdX] L=64 states=1 -> 1
[DP-bwdX] L=48 states=141 -> 164
[DP-fwdX] L=0 states=1 -> 1
[DP-bwdX] L=32 states=1 -> 1
[DP-fwdX] L=0 states=1 -> 1
[DP-bwdX] L=16 states=1 -> 1
[DP-fwdX] L=0 states=1 -> 1
[DP-fwdX] L=0 states=1 -> 1
[DP-fwdX] L=0 states=1 -> 1
[DP-bwdX] L=16 states=1 -> 1
[DP-bwdX] L=16 states=1 -> 1
[DP-bwdX] L=16 states=1 -> 1
[DP-fwdX] L=16 states=1 -> 1
[DP-bwdX] L=32 states=1 -> 1
[DP-fwdX] L=16 states=1 -> 1
[DP-fwdX] L=16 states=1 -> 1
[DP-fwdX] L=16 states=1 -> 1
[DP-bwdX] L=32 states=1 -> 1
[DP-bwdX] L=32 states=1 -> 1
[DP-bwdX] L=32 states=1 -> 1
[DP-fwdX] L=32 states=1 -> 1
[DP-bwdX] L=64 states=1 -> 1
[DP-fwdX] L=32 states=1 -> 1
[DP-bwdX] L=48 states=1 -> 1
[DP-fwdX] L=32 states=1 -> 1
[DP-fwdX] L=32 states=1 -> 1
[DP-fwdX] L=32 states=1 -> 1
[DP-bwdX] L=48 states=1 -> 1
[DP-bwdX] L=48 states=1 -> 1
[DP-bwdX] L=48 states=1 -> 1
[DP-fwdX] L=48 states=1 -> 1
[DP-bwdX] L=64 states=1 -> 1
[DP-fwdX] L=48 states=1 -> 1
[DP-fwdX] L=48 states=1 -> 1
[DP-fwdX] L=48 states=1 -> 1
[DP-bwdX] L=64 states=1 -> 1
[DP-bwdX] L=64 states=1 -> 1
[DP-bwdX] L=64 states=1 -> 1
[RowSwapCTR] expand small 8x8 -> full 16x8  top_rows=4  bot_rows=4  ctr_rows=8  n_full=128
  [Round 49] T_prime=17  T_target=17  HPWL_w=480320  HPWL_eq=476  maxL=26  WNS(T')=-9  WNS*(T)=-9  picked=0  solve_ms=16.5399
[OC-Shortest/pow2] m=8 h=8 SEG=4 bits=32 words=1 threads=24
[DP-fwdX] L=0 states=1 -> 1
[DP-fwdX] L=16 states=141 -> 164
[DP-bwdX] L=64 states=1 -> 1
[DP-bwdX] L=48 states=141 -> 164
[DP-fwdX] L=0 states=1 -> 1
[DP-bwdX] L=32 states=1 -> 1
[DP-fwdX] L=0 states=1 -> 1
[DP-bwdX] L=16 states=1 -> 1
[DP-fwdX] L=0 states=1 -> 1
[DP-fwdX] L=0 states=1 -> 1
[DP-fwdX] L=0 states=1 -> 1
[DP-bwdX] L=16 states=1 -> 1
[DP-bwdX] L=16 states=1 -> 1
[DP-bwdX] L=16 states=1 -> 1
[DP-fwdX] L=16 states=1 -> 1
[DP-bwdX] L=32 states=1 -> 1
[DP-fwdX] L=16 states=1 -> 1
[DP-fwdX] L=16 states=1 -> 1
[DP-fwdX] L=16 states=1 -> 1
[DP-bwdX] L=32 states=1 -> 1
[DP-bwdX] L=32 states=1 -> 1
[DP-bwdX] L=32 states=1 -> 1
[DP-fwdX] L=32 states=1 -> 1
[DP-bwdX] L=64 states=1 -> 1
[DP-fwdX] L=32 states=1 -> 1
[DP-bwdX] L=48 states=1 -> 1
[DP-fwdX] L=32 states=1 -> 1
[DP-fwdX] L=32 states=1 -> 1
[DP-fwdX] L=32 states=1 -> 1
[DP-bwdX] L=48 states=1 -> 1
[DP-bwdX] L=48 states=1 -> 1
[DP-bwdX] L=48 states=1 -> 1
[DP-fwdX] L=48 states=1 -> 1
[DP-bwdX] L=64 states=1 -> 1
[DP-fwdX] L=48 states=1 -> 1
[DP-fwdX] L=48 states=1 -> 1
[DP-fwdX] L=48 states=1 -> 1
[DP-bwdX] L=64 states=1 -> 1
[DP-bwdX] L=64 states=1 -> 1
[DP-bwdX] L=64 states=1 -> 1
[RowSwapCTR] expand small 8x8 -> full 16x8  top_rows=4  bot_rows=4  ctr_rows=8  n_full=128
  [Round 50] T_prime=17  T_target=17  HPWL_w=480320  HPWL_eq=476  maxL=26  WNS(T')=-9  WNS*(T)=-9  picked=0  solve_ms=16.6426
[OC-Shortest/pow2] m=8 h=8 SEG=4 bits=32 words=1 threads=24
[DP-fwdX] L=0 states=1 -> 1
[DP-fwdX] L=16 states=141 -> 164
[DP-bwdX] L=64 states=1 -> 1
[DP-bwdX] L=48 states=141 -> 164
[DP-fwdX] L=0 states=1 -> 1
[DP-bwdX] L=32 states=1 -> 1
[DP-fwdX] L=0 states=1 -> 1
[DP-bwdX] L=16 states=1 -> 1
[DP-fwdX] L=0 states=1 -> 1
[DP-fwdX] L=0 states=1 -> 1
[DP-fwdX] L=0 states=1 -> 1
[DP-bwdX] L=16 states=1 -> 1
[DP-bwdX] L=16 states=1 -> 1
[DP-bwdX] L=16 states=1 -> 1
[DP-fwdX] L=16 states=1 -> 1
[DP-bwdX] L=32 states=1 -> 1
[DP-fwdX] L=16 states=1 -> 1
[DP-fwdX] L=16 states=1 -> 1
[DP-fwdX] L=16 states=1 -> 1
[DP-bwdX] L=32 states=1 -> 1
[DP-bwdX] L=32 states=1 -> 1
[DP-bwdX] L=32 states=1 -> 1
[DP-fwdX] L=32 states=1 -> 1
[DP-bwdX] L=64 states=1 -> 1
[DP-fwdX] L=32 states=1 -> 1
[DP-bwdX] L=48 states=1 -> 1
[DP-fwdX] L=32 states=1 -> 1
[DP-fwdX] L=32 states=1 -> 1
[DP-fwdX] L=32 states=1 -> 1
[DP-bwdX] L=48 states=1 -> 1
[DP-bwdX] L=48 states=1 -> 1
[DP-bwdX] L=48 states=1 -> 1
[DP-fwdX] L=48 states=1 -> 1
[DP-bwdX] L=64 states=1 -> 1
[DP-fwdX] L=48 states=1 -> 1
[DP-fwdX] L=48 states=1 -> 1
[DP-fwdX] L=48 states=1 -> 1
[DP-bwdX] L=64 states=1 -> 1
[DP-bwdX] L=64 states=1 -> 1
[DP-bwdX] L=64 states=1 -> 1
[RowSwapCTR] expand small 8x8 -> full 16x8  top_rows=4  bot_rows=4  ctr_rows=8  n_full=128
  [Round 51] T_prime=17  T_target=17  HPWL_w=480320  HPWL_eq=476  maxL=26  WNS(T')=-9  WNS*(T)=-9  picked=0  solve_ms=16.509
[OC-Shortest/pow2] m=8 h=8 SEG=4 bits=32 words=1 threads=24
[DP-fwdX] L=0 states=1 -> 1
[DP-fwdX] L=16 states=141 -> 164
[DP-bwdX] L=64 states=1 -> 1
[DP-bwdX] L=48 states=141 -> 164
[DP-fwdX] L=0 states=1 -> 1
[DP-bwdX] L=32 states=1 -> 1
[DP-fwdX] L=0 states=1 -> 1
[DP-bwdX] L=16 states=1 -> 1
[DP-fwdX] L=0 states=1 -> 1
[DP-fwdX] L=0 states=1 -> 1
[DP-fwdX] L=0 states=1 -> 1
[DP-bwdX] L=16 states=1 -> 1
[DP-bwdX] L=16 states=1 -> 1
[DP-bwdX] L=16 states=1 -> 1
[DP-fwdX] L=16 states=1 -> 1
[DP-bwdX] L=32 states=1 -> 1
[DP-fwdX] L=16 states=1 -> 1
[DP-fwdX] L=16 states=1 -> 1
[DP-fwdX] L=16 states=1 -> 1
[DP-bwdX] L=32 states=1 -> 1
[DP-bwdX] L=32 states=1 -> 1
[DP-bwdX] L=32 states=1 -> 1
[DP-fwdX] L=32 states=1 -> 1
[DP-bwdX] L=64 states=1 -> 1
[DP-fwdX] L=32 states=1 -> 1
[DP-bwdX] L=48 states=1 -> 1
[DP-fwdX] L=32 states=1 -> 1
[DP-fwdX] L=32 states=1 -> 1
[DP-fwdX] L=32 states=1 -> 1
[DP-bwdX] L=48 states=1 -> 1
[DP-bwdX] L=48 states=1 -> 1
[DP-bwdX] L=48 states=1 -> 1
[DP-fwdX] L=48 states=1 -> 1
[DP-bwdX] L=64 states=1 -> 1
[DP-fwdX] L=48 states=1 -> 1
[DP-fwdX] L=48 states=1 -> 1
[DP-fwdX] L=48 states=1 -> 1
[DP-bwdX] L=64 states=1 -> 1
[DP-bwdX] L=64 states=1 -> 1
[DP-bwdX] L=64 states=1 -> 1
[RowSwapCTR] expand small 8x8 -> full 16x8  top_rows=4  bot_rows=4  ctr_rows=8  n_full=128
  [Round 52] T_prime=17  T_target=17  HPWL_w=480320  HPWL_eq=476  maxL=26  WNS(T')=-9  WNS*(T)=-9  picked=0  solve_ms=27.8964
[OC-Shortest/pow2] m=8 h=8 SEG=4 bits=32 words=1 threads=24
[DP-fwdX] L=0 states=1 -> 1
[DP-fwdX] L=16 states=141 -> 164
[DP-bwdX] L=64 states=1 -> 1
[DP-bwdX] L=48 states=141 -> 164
[DP-fwdX] L=0 states=1 -> 1
[DP-bwdX] L=32 states=1 -> 1
[DP-fwdX] L=0 states=1 -> 1
[DP-bwdX] L=16 states=1 -> 1
[DP-fwdX] L=0 states=1 -> 1
[DP-fwdX] L=0 states=1 -> 1
[DP-fwdX] L=0 states=1 -> 1
[DP-bwdX] L=16 states=1 -> 1
[DP-bwdX] L=16 states=1 -> 1
[DP-bwdX] L=16 states=1 -> 1
[DP-fwdX] L=16 states=1 -> 1
[DP-bwdX] L=32 states=1 -> 1
[DP-fwdX] L=16 states=1 -> 1
[DP-fwdX] L=16 states=1 -> 1
[DP-fwdX] L=16 states=1 -> 1
[DP-bwdX] L=32 states=1 -> 1
[DP-bwdX] L=32 states=1 -> 1
[DP-bwdX] L=32 states=1 -> 1
[DP-fwdX] L=32 states=1 -> 1
[DP-bwdX] L=64 states=1 -> 1
[DP-fwdX] L=32 states=1 -> 1
[DP-bwdX] L=48 states=1 -> 1
[DP-fwdX] L=32 states=1 -> 1
[DP-fwdX] L=32 states=1 -> 1
[DP-fwdX] L=32 states=1 -> 1
[DP-bwdX] L=48 states=1 -> 1
[DP-bwdX] L=48 states=1 -> 1
[DP-bwdX] L=48 states=1 -> 1
[DP-fwdX] L=48 states=1 -> 1
[DP-bwdX] L=64 states=1 -> 1
[DP-fwdX] L=48 states=1 -> 1
[DP-fwdX] L=48 states=1 -> 1
[DP-fwdX] L=48 states=1 -> 1
[DP-bwdX] L=64 states=1 -> 1
[DP-bwdX] L=64 states=1 -> 1
[DP-bwdX] L=64 states=1 -> 1
[RowSwapCTR] expand small 8x8 -> full 16x8  top_rows=4  bot_rows=4  ctr_rows=8  n_full=128
  [Round 53] T_prime=17  T_target=17  HPWL_w=480320  HPWL_eq=476  maxL=26  WNS(T')=-9  WNS*(T)=-9  picked=0  solve_ms=16.9111
[OC-Shortest/pow2] m=8 h=8 SEG=4 bits=32 words=1 threads=24
[DP-fwdX] L=0 states=1 -> 1
[DP-fwdX] L=16 states=141 -> 164
[DP-bwdX] L=64 states=1 -> 1
[DP-bwdX] L=48 states=141 -> 164
[DP-fwdX] L=0 states=1 -> 1
[DP-bwdX] L=32 states=1 -> 1
[DP-fwdX] L=0 states=1 -> 1
[DP-bwdX] L=16 states=1 -> 1
[DP-fwdX] L=0 states=1 -> 1
[DP-fwdX] L=0 states=1 -> 1
[DP-fwdX] L=0 states=1 -> 1
[DP-bwdX] L=16 states=1 -> 1
[DP-bwdX] L=16 states=1 -> 1
[DP-bwdX] L=16 states=1 -> 1
[DP-fwdX] L=16 states=1 -> 1
[DP-bwdX] L=32 states=1 -> 1
[DP-fwdX] L=16 states=1 -> 1
[DP-fwdX] L=16 states=1 -> 1
[DP-fwdX] L=16 states=1 -> 1
[DP-bwdX] L=32 states=1 -> 1
[DP-bwdX] L=32 states=1 -> 1
[DP-bwdX] L=32 states=1 -> 1
[DP-fwdX] L=32 states=1 -> 1
[DP-bwdX] L=64 states=1 -> 1
[DP-fwdX] L=32 states=1 -> 1
[DP-bwdX] L=48 states=1 -> 1
[DP-fwdX] L=32 states=1 -> 1
[DP-fwdX] L=32 states=1 -> 1
[DP-fwdX] L=32 states=1 -> 1
[DP-bwdX] L=48 states=1 -> 1
[DP-bwdX] L=48 states=1 -> 1
[DP-bwdX] L=48 states=1 -> 1
[DP-fwdX] L=48 states=1 -> 1
[DP-bwdX] L=64 states=1 -> 1
[DP-fwdX] L=48 states=1 -> 1
[DP-fwdX] L=48 states=1 -> 1
[DP-fwdX] L=48 states=1 -> 1
[DP-bwdX] L=64 states=1 -> 1
[DP-bwdX] L=64 states=1 -> 1
[DP-bwdX] L=64 states=1 -> 1
[RowSwapCTR] expand small 8x8 -> full 16x8  top_rows=4  bot_rows=4  ctr_rows=8  n_full=128
  [Round 54] T_prime=17  T_target=17  HPWL_w=480320  HPWL_eq=476  maxL=26  WNS(T')=-9  WNS*(T)=-9  picked=0  solve_ms=18.0122
[OC-Shortest/pow2] m=8 h=8 SEG=4 bits=32 words=1 threads=24
[DP-fwdX] L=0 states=1 -> 1
[DP-fwdX] L=16 states=141 -> 164
[DP-bwdX] L=64 states=1 -> 1
[DP-bwdX] L=48 states=141 -> 164
[DP-fwdX] L=0 states=1 -> 1
[DP-bwdX] L=32 states=1 -> 1
[DP-fwdX] L=0 states=1 -> 1
[DP-bwdX] L=16 states=1 -> 1
[DP-fwdX] L=0 states=1 -> 1
[DP-fwdX] L=0 states=1 -> 1
[DP-fwdX] L=0 states=1 -> 1
[DP-bwdX] L=16 states=1 -> 1
[DP-bwdX] L=16 states=1 -> 1
[DP-bwdX] L=16 states=1 -> 1
[DP-fwdX] L=16 states=1 -> 1
[DP-bwdX] L=32 states=1 -> 1
[DP-fwdX] L=16 states=1 -> 1
[DP-fwdX] L=16 states=1 -> 1
[DP-fwdX] L=16 states=1 -> 1
[DP-bwdX] L=32 states=1 -> 1
[DP-bwdX] L=32 states=1 -> 1
[DP-bwdX] L=32 states=1 -> 1
[DP-fwdX] L=32 states=1 -> 1
[DP-bwdX] L=64 states=1 -> 1
[DP-fwdX] L=32 states=1 -> 1
[DP-bwdX] L=48 states=1 -> 1
[DP-fwdX] L=32 states=1 -> 1
[DP-fwdX] L=32 states=1 -> 1
[DP-fwdX] L=32 states=1 -> 1
[DP-bwdX] L=48 states=1 -> 1
[DP-bwdX] L=48 states=1 -> 1
[DP-bwdX] L=48 states=1 -> 1
[DP-fwdX] L=48 states=1 -> 1
[DP-bwdX] L=64 states=1 -> 1
[DP-fwdX] L=48 states=1 -> 1
[DP-fwdX] L=48 states=1 -> 1
[DP-fwdX] L=48 states=1 -> 1
[DP-bwdX] L=64 states=1 -> 1
[DP-bwdX] L=64 states=1 -> 1
[DP-bwdX] L=64 states=1 -> 1
[RowSwapCTR] expand small 8x8 -> full 16x8  top_rows=4  bot_rows=4  ctr_rows=8  n_full=128
  [Round 55] T_prime=17  T_target=17  HPWL_w=480320  HPWL_eq=476  maxL=26  WNS(T')=-9  WNS*(T)=-9  picked=0  solve_ms=16.99
[OC-Shortest/pow2] m=8 h=8 SEG=4 bits=32 words=1 threads=24
[DP-fwdX] L=0 states=1 -> 1
[DP-fwdX] L=16 states=141 -> 164
[DP-bwdX] L=64 states=1 -> 1
[DP-bwdX] L=48 states=141 -> 164
[DP-fwdX] L=0 states=1 -> 1
[DP-bwdX] L=32 states=1 -> 1
[DP-fwdX] L=0 states=1 -> 1
[DP-bwdX] L=16 states=1 -> 1
[DP-fwdX] L=0 states=1 -> 1
[DP-fwdX] L=0 states=1 -> 1
[DP-fwdX] L=0 states=1 -> 1
[DP-bwdX] L=16 states=1 -> 1
[DP-bwdX] L=16 states=1 -> 1
[DP-bwdX] L=16 states=1 -> 1
[DP-fwdX] L=16 states=1 -> 1
[DP-bwdX] L=32 states=1 -> 1
[DP-fwdX] L=16 states=1 -> 1
[DP-fwdX] L=16 states=1 -> 1
[DP-fwdX] L=16 states=1 -> 1
[DP-bwdX] L=32 states=1 -> 1
[DP-bwdX] L=32 states=1 -> 1
[DP-bwdX] L=32 states=1 -> 1
[DP-fwdX] L=32 states=1 -> 1
[DP-bwdX] L=64 states=1 -> 1
[DP-fwdX] L=32 states=1 -> 1
[DP-bwdX] L=48 states=1 -> 1
[DP-fwdX] L=32 states=1 -> 1
[DP-fwdX] L=32 states=1 -> 1
[DP-fwdX] L=32 states=1 -> 1
[DP-bwdX] L=48 states=1 -> 1
[DP-bwdX] L=48 states=1 -> 1
[DP-bwdX] L=48 states=1 -> 1
[DP-fwdX] L=48 states=1 -> 1
[DP-bwdX] L=64 states=1 -> 1
[DP-fwdX] L=48 states=1 -> 1
[DP-fwdX] L=48 states=1 -> 1
[DP-fwdX] L=48 states=1 -> 1
[DP-bwdX] L=64 states=1 -> 1
[DP-bwdX] L=64 states=1 -> 1
[DP-bwdX] L=64 states=1 -> 1
[RowSwapCTR] expand small 8x8 -> full 16x8  top_rows=4  bot_rows=4  ctr_rows=8  n_full=128
  [Round 56] T_prime=17  T_target=17  HPWL_w=480320  HPWL_eq=476  maxL=26  WNS(T')=-9  WNS*(T)=-9  picked=0  solve_ms=16.6537
[OC-Shortest/pow2] m=8 h=8 SEG=4 bits=32 words=1 threads=24
[DP-fwdX] L=0 states=1 -> 1
[DP-fwdX] L=16 states=141 -> 164
[DP-bwdX] L=64 states=1 -> 1
[DP-bwdX] L=48 states=141 -> 164
[DP-fwdX] L=0 states=1 -> 1
[DP-bwdX] L=32 states=1 -> 1
[DP-fwdX] L=0 states=1 -> 1
[DP-bwdX] L=16 states=1 -> 1
[DP-fwdX] L=0 states=1 -> 1
[DP-fwdX] L=0 states=1 -> 1
[DP-fwdX] L=0 states=1 -> 1
[DP-bwdX] L=16 states=1 -> 1
[DP-bwdX] L=16 states=1 -> 1
[DP-bwdX] L=16 states=1 -> 1
[DP-fwdX] L=16 states=1 -> 1
[DP-bwdX] L=32 states=1 -> 1
[DP-fwdX] L=16 states=1 -> 1
[DP-fwdX] L=16 states=1 -> 1
[DP-fwdX] L=16 states=1 -> 1
[DP-bwdX] L=32 states=1 -> 1
[DP-bwdX] L=32 states=1 -> 1
[DP-bwdX] L=32 states=1 -> 1
[DP-fwdX] L=32 states=1 -> 1
[DP-bwdX] L=64 states=1 -> 1
[DP-fwdX] L=32 states=1 -> 1
[DP-bwdX] L=48 states=1 -> 1
[DP-fwdX] L=32 states=1 -> 1
[DP-fwdX] L=32 states=1 -> 1
[DP-fwdX] L=32 states=1 -> 1
[DP-bwdX] L=48 states=1 -> 1
[DP-bwdX] L=48 states=1 -> 1
[DP-bwdX] L=48 states=1 -> 1
[DP-fwdX] L=48 states=1 -> 1
[DP-bwdX] L=64 states=1 -> 1
[DP-fwdX] L=48 states=1 -> 1
[DP-fwdX] L=48 states=1 -> 1
[DP-fwdX] L=48 states=1 -> 1
[DP-bwdX] L=64 states=1 -> 1
[DP-bwdX] L=64 states=1 -> 1
[DP-bwdX] L=64 states=1 -> 1
[RowSwapCTR] expand small 8x8 -> full 16x8  top_rows=4  bot_rows=4  ctr_rows=8  n_full=128
  [Round 57] T_prime=17  T_target=17  HPWL_w=480320  HPWL_eq=476  maxL=26  WNS(T')=-9  WNS*(T)=-9  picked=0  solve_ms=16.6811
[OC-Shortest/pow2] m=8 h=8 SEG=4 bits=32 words=1 threads=24
[DP-fwdX] L=0 states=1 -> 1
[DP-fwdX] L=16 states=141 -> 164
[DP-bwdX] L=64 states=1 -> 1
[DP-bwdX] L=48 states=141 -> 164
[DP-fwdX] L=0 states=1 -> 1
[DP-bwdX] L=32 states=1 -> 1
[DP-fwdX] L=0 states=1 -> 1
[DP-bwdX] L=16 states=1 -> 1
[DP-fwdX] L=0 states=1 -> 1
[DP-fwdX] L=0 states=1 -> 1
[DP-fwdX] L=0 states=1 -> 1
[DP-bwdX] L=16 states=1 -> 1
[DP-bwdX] L=16 states=1 -> 1
[DP-bwdX] L=16 states=1 -> 1
[DP-fwdX] L=16 states=1 -> 1
[DP-bwdX] L=32 states=1 -> 1
[DP-fwdX] L=16 states=1 -> 1
[DP-fwdX] L=16 states=1 -> 1
[DP-fwdX] L=16 states=1 -> 1
[DP-bwdX] L=32 states=1 -> 1
[DP-bwdX] L=32 states=1 -> 1
[DP-bwdX] L=32 states=1 -> 1
[DP-fwdX] L=32 states=1 -> 1
[DP-bwdX] L=64 states=1 -> 1
[DP-fwdX] L=32 states=1 -> 1
[DP-bwdX] L=48 states=1 -> 1
[DP-fwdX] L=32 states=1 -> 1
[DP-fwdX] L=32 states=1 -> 1
[DP-fwdX] L=32 states=1 -> 1
[DP-bwdX] L=48 states=1 -> 1
[DP-bwdX] L=48 states=1 -> 1
[DP-bwdX] L=48 states=1 -> 1
[DP-fwdX] L=48 states=1 -> 1
[DP-bwdX] L=64 states=1 -> 1
[DP-fwdX] L=48 states=1 -> 1
[DP-fwdX] L=48 states=1 -> 1
[DP-fwdX] L=48 states=1 -> 1
[DP-bwdX] L=64 states=1 -> 1
[DP-bwdX] L=64 states=1 -> 1
[DP-bwdX] L=64 states=1 -> 1
[RowSwapCTR] expand small 8x8 -> full 16x8  top_rows=4  bot_rows=4  ctr_rows=8  n_full=128
  [Round 58] T_prime=17  T_target=17  HPWL_w=480320  HPWL_eq=476  maxL=26  WNS(T')=-9  WNS*(T)=-9  picked=0  solve_ms=16.8138
[OC-Shortest/pow2] m=8 h=8 SEG=4 bits=32 words=1 threads=24
[DP-fwdX] L=0 states=1 -> 1
[DP-fwdX] L=16 states=141 -> 164
[DP-bwdX] L=64 states=1 -> 1
[DP-bwdX] L=48 states=141 -> 164
[DP-fwdX] L=0 states=1 -> 1
[DP-bwdX] L=32 states=1 -> 1
[DP-fwdX] L=0 states=1 -> 1
[DP-bwdX] L=16 states=1 -> 1
[DP-fwdX] L=0 states=1 -> 1
[DP-fwdX] L=0 states=1 -> 1
[DP-fwdX] L=0 states=1 -> 1
[DP-bwdX] L=16 states=1 -> 1
[DP-bwdX] L=16 states=1 -> 1
[DP-bwdX] L=16 states=1 -> 1
[DP-fwdX] L=16 states=1 -> 1
[DP-bwdX] L=32 states=1 -> 1
[DP-fwdX] L=16 states=1 -> 1
[DP-fwdX] L=16 states=1 -> 1
[DP-fwdX] L=16 states=1 -> 1
[DP-bwdX] L=32 states=1 -> 1
[DP-bwdX] L=32 states=1 -> 1
[DP-bwdX] L=32 states=1 -> 1
[DP-fwdX] L=32 states=1 -> 1
[DP-bwdX] L=64 states=1 -> 1
[DP-fwdX] L=32 states=1 -> 1
[DP-bwdX] L=48 states=1 -> 1
[DP-fwdX] L=32 states=1 -> 1
[DP-fwdX] L=32 states=1 -> 1
[DP-fwdX] L=32 states=1 -> 1
[DP-bwdX] L=48 states=1 -> 1
[DP-bwdX] L=48 states=1 -> 1
[DP-bwdX] L=48 states=1 -> 1
[DP-fwdX] L=48 states=1 -> 1
[DP-bwdX] L=64 states=1 -> 1
[DP-fwdX] L=48 states=1 -> 1
[DP-fwdX] L=48 states=1 -> 1
[DP-fwdX] L=48 states=1 -> 1
[DP-bwdX] L=64 states=1 -> 1
[DP-bwdX] L=64 states=1 -> 1
[DP-bwdX] L=64 states=1 -> 1
[RowSwapCTR] expand small 8x8 -> full 16x8  top_rows=4  bot_rows=4  ctr_rows=8  n_full=128
  [Round 59] T_prime=17  T_target=17  HPWL_w=480320  HPWL_eq=476  maxL=26  WNS(T')=-9  WNS*(T)=-9  picked=0  solve_ms=16.7542
[OC-Shortest/pow2] m=8 h=8 SEG=4 bits=32 words=1 threads=24
[DP-fwdX] L=0 states=1 -> 1
[DP-fwdX] L=16 states=141 -> 164
[DP-bwdX] L=64 states=1 -> 1
[DP-bwdX] L=48 states=141 -> 164
[DP-fwdX] L=0 states=1 -> 1
[DP-bwdX] L=32 states=1 -> 1
[DP-fwdX] L=0 states=1 -> 1
[DP-bwdX] L=16 states=1 -> 1
[DP-fwdX] L=0 states=1 -> 1
[DP-fwdX] L=0 states=1 -> 1
[DP-fwdX] L=0 states=1 -> 1
[DP-bwdX] L=16 states=1 -> 1
[DP-bwdX] L=16 states=1 -> 1
[DP-bwdX] L=16 states=1 -> 1
[DP-fwdX] L=16 states=1 -> 1
[DP-bwdX] L=32 states=1 -> 1
[DP-fwdX] L=16 states=1 -> 1
[DP-fwdX] L=16 states=1 -> 1
[DP-fwdX] L=16 states=1 -> 1
[DP-bwdX] L=32 states=1 -> 1
[DP-bwdX] L=32 states=1 -> 1
[DP-bwdX] L=32 states=1 -> 1
[DP-fwdX] L=32 states=1 -> 1
[DP-bwdX] L=64 states=1 -> 1
[DP-fwdX] L=32 states=1 -> 1
[DP-bwdX] L=48 states=1 -> 1
[DP-fwdX] L=32 states=1 -> 1
[DP-fwdX] L=32 states=1 -> 1
[DP-fwdX] L=32 states=1 -> 1
[DP-bwdX] L=48 states=1 -> 1
[DP-bwdX] L=48 states=1 -> 1
[DP-bwdX] L=48 states=1 -> 1
[DP-fwdX] L=48 states=1 -> 1
[DP-bwdX] L=64 states=1 -> 1
[DP-fwdX] L=48 states=1 -> 1
[DP-fwdX] L=48 states=1 -> 1
[DP-fwdX] L=48 states=1 -> 1
[DP-bwdX] L=64 states=1 -> 1
[DP-bwdX] L=64 states=1 -> 1
[DP-bwdX] L=64 states=1 -> 1
[RowSwapCTR] expand small 8x8 -> full 16x8  top_rows=4  bot_rows=4  ctr_rows=8  n_full=128
  [Round 60] T_prime=17  T_target=17  HPWL_w=480320  HPWL_eq=476  maxL=26  WNS(T')=-9  WNS*(T)=-9  picked=0  solve_ms=17.5221
[OC-Shortest/pow2] m=8 h=8 SEG=4 bits=32 words=1 threads=24
[DP-fwdX] L=0 states=1 -> 1
[DP-fwdX] L=16 states=141 -> 164
[DP-bwdX] L=64 states=1 -> 1
[DP-bwdX] L=48 states=141 -> 164
[DP-fwdX] L=0 states=1 -> 1
[DP-bwdX] L=32 states=1 -> 1
[DP-fwdX] L=0 states=1 -> 1
[DP-bwdX] L=16 states=1 -> 1
[DP-fwdX] L=0 states=1 -> 1
[DP-fwdX] L=0 states=1 -> 1
[DP-fwdX] L=0 states=1 -> 1
[DP-bwdX] L=16 states=1 -> 1
[DP-bwdX] L=16 states=1 -> 1
[DP-bwdX] L=16 states=1 -> 1
[DP-fwdX] L=16 states=1 -> 1
[DP-bwdX] L=32 states=1 -> 1
[DP-fwdX] L=16 states=1 -> 1
[DP-fwdX] L=16 states=1 -> 1
[DP-fwdX] L=16 states=1 -> 1
[DP-bwdX] L=32 states=1 -> 1
[DP-bwdX] L=32 states=1 -> 1
[DP-bwdX] L=32 states=1 -> 1
[DP-fwdX] L=32 states=1 -> 1
[DP-bwdX] L=64 states=1 -> 1
[DP-fwdX] L=32 states=1 -> 1
[DP-bwdX] L=48 states=1 -> 1
[DP-fwdX] L=32 states=1 -> 1
[DP-fwdX] L=32 states=1 -> 1
[DP-fwdX] L=32 states=1 -> 1
[DP-bwdX] L=48 states=1 -> 1
[DP-bwdX] L=48 states=1 -> 1
[DP-bwdX] L=48 states=1 -> 1
[DP-fwdX] L=48 states=1 -> 1
[DP-bwdX] L=64 states=1 -> 1
[DP-fwdX] L=48 states=1 -> 1
[DP-fwdX] L=48 states=1 -> 1
[DP-fwdX] L=48 states=1 -> 1
[DP-bwdX] L=64 states=1 -> 1
[DP-bwdX] L=64 states=1 -> 1
[DP-bwdX] L=64 states=1 -> 1
[RowSwapCTR] expand small 8x8 -> full 16x8  top_rows=4  bot_rows=4  ctr_rows=8  n_full=128
  [Round 61] T_prime=17  T_target=17  HPWL_w=480320  HPWL_eq=476  maxL=26  WNS(T')=-9  WNS*(T)=-9  picked=0  solve_ms=16.5288
[OC-Shortest/pow2] m=8 h=8 SEG=4 bits=32 words=1 threads=24
[DP-fwdX] L=0 states=1 -> 1
[DP-fwdX] L=16 states=141 -> 164
[DP-bwdX] L=64 states=1 -> 1
[DP-bwdX] L=48 states=141 -> 164
[DP-fwdX] L=0 states=1 -> 1
[DP-bwdX] L=32 states=1 -> 1
[DP-fwdX] L=0 states=1 -> 1
[DP-bwdX] L=16 states=1 -> 1
[DP-fwdX] L=0 states=1 -> 1
[DP-fwdX] L=0 states=1 -> 1
[DP-fwdX] L=0 states=1 -> 1
[DP-bwdX] L=16 states=1 -> 1
[DP-bwdX] L=16 states=1 -> 1
[DP-bwdX] L=16 states=1 -> 1
[DP-fwdX] L=16 states=1 -> 1
[DP-bwdX] L=32 states=1 -> 1
[DP-fwdX] L=16 states=1 -> 1
[DP-fwdX] L=16 states=1 -> 1
[DP-fwdX] L=16 states=1 -> 1
[DP-bwdX] L=32 states=1 -> 1
[DP-bwdX] L=32 states=1 -> 1
[DP-bwdX] L=32 states=1 -> 1
[DP-fwdX] L=32 states=1 -> 1
[DP-bwdX] L=64 states=1 -> 1
[DP-fwdX] L=32 states=1 -> 1
[DP-bwdX] L=48 states=1 -> 1
[DP-fwdX] L=32 states=1 -> 1
[DP-fwdX] L=32 states=1 -> 1
[DP-fwdX] L=32 states=1 -> 1
[DP-bwdX] L=48 states=1 -> 1
[DP-bwdX] L=48 states=1 -> 1
[DP-bwdX] L=48 states=1 -> 1
[DP-fwdX] L=48 states=1 -> 1
[DP-bwdX] L=64 states=1 -> 1
[DP-fwdX] L=48 states=1 -> 1
[DP-fwdX] L=48 states=1 -> 1
[DP-fwdX] L=48 states=1 -> 1
[DP-bwdX] L=64 states=1 -> 1
[DP-bwdX] L=64 states=1 -> 1
[DP-bwdX] L=64 states=1 -> 1
[RowSwapCTR] expand small 8x8 -> full 16x8  top_rows=4  bot_rows=4  ctr_rows=8  n_full=128
  [Round 62] T_prime=17  T_target=17  HPWL_w=480320  HPWL_eq=476  maxL=26  WNS(T')=-9  WNS*(T)=-9  picked=0  solve_ms=16.4937
[OC-Shortest/pow2] m=8 h=8 SEG=4 bits=32 words=1 threads=24
[DP-fwdX] L=0 states=1 -> 1
[DP-fwdX] L=16 states=141 -> 164
[DP-bwdX] L=64 states=1 -> 1
[DP-bwdX] L=48 states=141 -> 164
[DP-fwdX] L=0 states=1 -> 1
[DP-bwdX] L=32 states=1 -> 1
[DP-fwdX] L=0 states=1 -> 1
[DP-bwdX] L=16 states=1 -> 1
[DP-fwdX] L=0 states=1 -> 1
[DP-fwdX] L=0 states=1 -> 1
[DP-fwdX] L=0 states=1 -> 1
[DP-bwdX] L=16 states=1 -> 1
[DP-bwdX] L=16 states=1 -> 1
[DP-bwdX] L=16 states=1 -> 1
[DP-fwdX] L=16 states=1 -> 1
[DP-bwdX] L=32 states=1 -> 1
[DP-fwdX] L=16 states=1 -> 1
[DP-fwdX] L=16 states=1 -> 1
[DP-fwdX] L=16 states=1 -> 1
[DP-bwdX] L=32 states=1 -> 1
[DP-bwdX] L=32 states=1 -> 1
[DP-bwdX] L=32 states=1 -> 1
[DP-fwdX] L=32 states=1 -> 1
[DP-bwdX] L=64 states=1 -> 1
[DP-fwdX] L=32 states=1 -> 1
[DP-bwdX] L=48 states=1 -> 1
[DP-fwdX] L=32 states=1 -> 1
[DP-fwdX] L=32 states=1 -> 1
[DP-fwdX] L=32 states=1 -> 1
[DP-bwdX] L=48 states=1 -> 1
[DP-bwdX] L=48 states=1 -> 1
[DP-bwdX] L=48 states=1 -> 1
[DP-fwdX] L=48 states=1 -> 1
[DP-bwdX] L=64 states=1 -> 1
[DP-fwdX] L=48 states=1 -> 1
[DP-fwdX] L=48 states=1 -> 1
[DP-fwdX] L=48 states=1 -> 1
[DP-bwdX] L=64 states=1 -> 1
[DP-bwdX] L=64 states=1 -> 1
[DP-bwdX] L=64 states=1 -> 1
[RowSwapCTR] expand small 8x8 -> full 16x8  top_rows=4  bot_rows=4  ctr_rows=8  n_full=128
  [Round 63] T_prime=17  T_target=17  HPWL_w=480320  HPWL_eq=476  maxL=26  WNS(T')=-9  WNS*(T)=-9  picked=0  solve_ms=16.3826
[OC-Shortest/pow2] m=8 h=8 SEG=4 bits=32 words=1 threads=24
[DP-fwdX] L=0 states=1 -> 1
[DP-fwdX] L=16 states=141 -> 164
[DP-bwdX] L=64 states=1 -> 1
[DP-bwdX] L=48 states=141 -> 164
[DP-fwdX] L=0 states=1 -> 1
[DP-bwdX] L=32 states=1 -> 1
[DP-fwdX] L=0 states=1 -> 1
[DP-bwdX] L=16 states=1 -> 1
[DP-fwdX] L=0 states=1 -> 1
[DP-fwdX] L=0 states=1 -> 1
[DP-fwdX] L=0 states=1 -> 1
[DP-bwdX] L=16 states=1 -> 1
[DP-bwdX] L=16 states=1 -> 1
[DP-bwdX] L=16 states=1 -> 1
[DP-fwdX] L=16 states=1 -> 1
[DP-bwdX] L=32 states=1 -> 1
[DP-fwdX] L=16 states=1 -> 1
[DP-fwdX] L=16 states=1 -> 1
[DP-fwdX] L=16 states=1 -> 1
[DP-bwdX] L=32 states=1 -> 1
[DP-bwdX] L=32 states=1 -> 1
[DP-bwdX] L=32 states=1 -> 1
[DP-fwdX] L=32 states=1 -> 1
[DP-bwdX] L=64 states=1 -> 1
[DP-fwdX] L=32 states=1 -> 1
[DP-bwdX] L=48 states=1 -> 1
[DP-fwdX] L=32 states=1 -> 1
[DP-fwdX] L=32 states=1 -> 1
[DP-fwdX] L=32 states=1 -> 1
[DP-bwdX] L=48 states=1 -> 1
[DP-bwdX] L=48 states=1 -> 1
[DP-bwdX] L=48 states=1 -> 1
[DP-fwdX] L=48 states=1 -> 1
[DP-bwdX] L=64 states=1 -> 1
[DP-fwdX] L=48 states=1 -> 1
[DP-fwdX] L=48 states=1 -> 1
[DP-fwdX] L=48 states=1 -> 1
[DP-bwdX] L=64 states=1 -> 1
[DP-bwdX] L=64 states=1 -> 1
[DP-bwdX] L=64 states=1 -> 1
[RowSwapCTR] expand small 8x8 -> full 16x8  top_rows=4  bot_rows=4  ctr_rows=8  n_full=128
  [Round 64] T_prime=17  T_target=17  HPWL_w=480320  HPWL_eq=476  maxL=26  WNS(T')=-9  WNS*(T)=-9  picked=0  solve_ms=16.3872
[OC-Shortest/pow2] m=8 h=8 SEG=4 bits=32 words=1 threads=24
[DP-fwdX] L=0 states=1 -> 1
[DP-fwdX] L=16 states=141 -> 164
[DP-bwdX] L=64 states=1 -> 1
[DP-bwdX] L=48 states=141 -> 164
[DP-fwdX] L=0 states=1 -> 1
[DP-bwdX] L=32 states=1 -> 1
[DP-fwdX] L=0 states=1 -> 1
[DP-bwdX] L=16 states=1 -> 1
[DP-fwdX] L=0 states=1 -> 1
[DP-fwdX] L=0 states=1 -> 1
[DP-fwdX] L=0 states=1 -> 1
[DP-bwdX] L=16 states=1 -> 1
[DP-bwdX] L=16 states=1 -> 1
[DP-bwdX] L=16 states=1 -> 1
[DP-fwdX] L=16 states=1 -> 1
[DP-bwdX] L=32 states=1 -> 1
[DP-fwdX] L=16 states=1 -> 1
[DP-fwdX] L=16 states=1 -> 1
[DP-fwdX] L=16 states=1 -> 1
[DP-bwdX] L=32 states=1 -> 1
[DP-bwdX] L=32 states=1 -> 1
[DP-bwdX] L=32 states=1 -> 1
[DP-fwdX] L=32 states=1 -> 1
[DP-bwdX] L=64 states=1 -> 1
[DP-fwdX] L=32 states=1 -> 1
[DP-bwdX] L=48 states=1 -> 1
[DP-fwdX] L=32 states=1 -> 1
[DP-fwdX] L=32 states=1 -> 1
[DP-fwdX] L=32 states=1 -> 1
[DP-bwdX] L=48 states=1 -> 1
[DP-bwdX] L=48 states=1 -> 1
[DP-bwdX] L=48 states=1 -> 1
[DP-fwdX] L=48 states=1 -> 1
[DP-bwdX] L=64 states=1 -> 1
[DP-fwdX] L=48 states=1 -> 1
[DP-fwdX] L=48 states=1 -> 1
[DP-fwdX] L=48 states=1 -> 1
[DP-bwdX] L=64 states=1 -> 1
[DP-bwdX] L=64 states=1 -> 1
[DP-bwdX] L=64 states=1 -> 1
[RowSwapCTR] expand small 8x8 -> full 16x8  top_rows=4  bot_rows=4  ctr_rows=8  n_full=128
  [Round 65] T_prime=17  T_target=17  HPWL_w=480320  HPWL_eq=476  maxL=26  WNS(T')=-9  WNS*(T)=-9  picked=0  solve_ms=16.5036
[OC-Shortest/pow2] m=8 h=8 SEG=4 bits=32 words=1 threads=24
[DP-fwdX] L=0 states=1 -> 1
[DP-fwdX] L=16 states=141 -> 164
[DP-bwdX] L=64 states=1 -> 1
[DP-bwdX] L=48 states=141 -> 164
[DP-fwdX] L=0 states=1 -> 1
[DP-bwdX] L=32 states=1 -> 1
[DP-fwdX] L=0 states=1 -> 1
[DP-bwdX] L=16 states=1 -> 1
[DP-fwdX] L=0 states=1 -> 1
[DP-fwdX] L=0 states=1 -> 1
[DP-fwdX] L=0 states=1 -> 1
[DP-bwdX] L=16 states=1 -> 1
[DP-bwdX] L=16 states=1 -> 1
[DP-bwdX] L=16 states=1 -> 1
[DP-fwdX] L=16 states=1 -> 1
[DP-bwdX] L=32 states=1 -> 1
[DP-fwdX] L=16 states=1 -> 1
[DP-fwdX] L=16 states=1 -> 1
[DP-fwdX] L=16 states=1 -> 1
[DP-bwdX] L=32 states=1 -> 1
[DP-bwdX] L=32 states=1 -> 1
[DP-bwdX] L=32 states=1 -> 1
[DP-fwdX] L=32 states=1 -> 1
[DP-bwdX] L=64 states=1 -> 1
[DP-fwdX] L=32 states=1 -> 1
[DP-bwdX] L=48 states=1 -> 1
[DP-fwdX] L=32 states=1 -> 1
[DP-fwdX] L=32 states=1 -> 1
[DP-fwdX] L=32 states=1 -> 1
[DP-bwdX] L=48 states=1 -> 1
[DP-bwdX] L=48 states=1 -> 1
[DP-bwdX] L=48 states=1 -> 1
[DP-fwdX] L=48 states=1 -> 1
[DP-bwdX] L=64 states=1 -> 1
[DP-fwdX] L=48 states=1 -> 1
[DP-fwdX] L=48 states=1 -> 1
[DP-fwdX] L=48 states=1 -> 1
[DP-bwdX] L=64 states=1 -> 1
[DP-bwdX] L=64 states=1 -> 1
[DP-bwdX] L=64 states=1 -> 1
[RowSwapCTR] expand small 8x8 -> full 16x8  top_rows=4  bot_rows=4  ctr_rows=8  n_full=128
  [Round 66] T_prime=17  T_target=17  HPWL_w=480320  HPWL_eq=476  maxL=26  WNS(T')=-9  WNS*(T)=-9  picked=0  solve_ms=16.5823
[OC-Shortest/pow2] m=8 h=8 SEG=4 bits=32 words=1 threads=24
[DP-fwdX] L=0 states=1 -> 1
[DP-fwdX] L=16 states=141 -> 164
[DP-bwdX] L=64 states=1 -> 1
[DP-bwdX] L=48 states=141 -> 164
[DP-fwdX] L=0 states=1 -> 1
[DP-bwdX] L=32 states=1 -> 1
[DP-fwdX] L=0 states=1 -> 1
[DP-bwdX] L=16 states=1 -> 1
[DP-fwdX] L=0 states=1 -> 1
[DP-fwdX] L=0 states=1 -> 1
[DP-fwdX] L=0 states=1 -> 1
[DP-bwdX] L=16 states=1 -> 1
[DP-bwdX] L=16 states=1 -> 1
[DP-bwdX] L=16 states=1 -> 1
[DP-fwdX] L=16 states=1 -> 1
[DP-bwdX] L=32 states=1 -> 1
[DP-fwdX] L=16 states=1 -> 1
[DP-fwdX] L=16 states=1 -> 1
[DP-fwdX] L=16 states=1 -> 1
[DP-bwdX] L=32 states=1 -> 1
[DP-bwdX] L=32 states=1 -> 1
[DP-bwdX] L=32 states=1 -> 1
[DP-fwdX] L=32 states=1 -> 1
[DP-bwdX] L=64 states=1 -> 1
[DP-fwdX] L=32 states=1 -> 1
[DP-bwdX] L=48 states=1 -> 1
[DP-fwdX] L=32 states=1 -> 1
[DP-fwdX] L=32 states=1 -> 1
[DP-fwdX] L=32 states=1 -> 1
[DP-bwdX] L=48 states=1 -> 1
[DP-bwdX] L=48 states=1 -> 1
[DP-bwdX] L=48 states=1 -> 1
[DP-fwdX] L=48 states=1 -> 1
[DP-bwdX] L=64 states=1 -> 1
[DP-fwdX] L=48 states=1 -> 1
[DP-fwdX] L=48 states=1 -> 1
[DP-fwdX] L=48 states=1 -> 1
[DP-bwdX] L=64 states=1 -> 1
[DP-bwdX] L=64 states=1 -> 1
[DP-bwdX] L=64 states=1 -> 1
[RowSwapCTR] expand small 8x8 -> full 16x8  top_rows=4  bot_rows=4  ctr_rows=8  n_full=128
  [Round 67] T_prime=17  T_target=17  HPWL_w=480320  HPWL_eq=476  maxL=26  WNS(T')=-9  WNS*(T)=-9  picked=0  solve_ms=16.4454
[OC-Shortest/pow2] m=8 h=8 SEG=4 bits=32 words=1 threads=24
[DP-fwdX] L=0 states=1 -> 1
[DP-fwdX] L=16 states=141 -> 164
[DP-bwdX] L=64 states=1 -> 1
[DP-bwdX] L=48 states=141 -> 164
[DP-fwdX] L=0 states=1 -> 1
[DP-bwdX] L=32 states=1 -> 1
[DP-fwdX] L=0 states=1 -> 1
[DP-bwdX] L=16 states=1 -> 1
[DP-fwdX] L=0 states=1 -> 1
[DP-fwdX] L=0 states=1 -> 1
[DP-fwdX] L=0 states=1 -> 1
[DP-bwdX] L=16 states=1 -> 1
[DP-bwdX] L=16 states=1 -> 1
[DP-bwdX] L=16 states=1 -> 1
[DP-fwdX] L=16 states=1 -> 1
[DP-bwdX] L=32 states=1 -> 1
[DP-fwdX] L=16 states=1 -> 1
[DP-fwdX] L=16 states=1 -> 1
[DP-fwdX] L=16 states=1 -> 1
[DP-bwdX] L=32 states=1 -> 1
[DP-bwdX] L=32 states=1 -> 1
[DP-bwdX] L=32 states=1 -> 1
[DP-fwdX] L=32 states=1 -> 1
[DP-bwdX] L=64 states=1 -> 1
[DP-fwdX] L=32 states=1 -> 1
[DP-bwdX] L=48 states=1 -> 1
[DP-fwdX] L=32 states=1 -> 1
[DP-fwdX] L=32 states=1 -> 1
[DP-fwdX] L=32 states=1 -> 1
[DP-bwdX] L=48 states=1 -> 1
[DP-bwdX] L=48 states=1 -> 1
[DP-bwdX] L=48 states=1 -> 1
[DP-fwdX] L=48 states=1 -> 1
[DP-bwdX] L=64 states=1 -> 1
[DP-fwdX] L=48 states=1 -> 1
[DP-fwdX] L=48 states=1 -> 1
[DP-fwdX] L=48 states=1 -> 1
[DP-bwdX] L=64 states=1 -> 1
[DP-bwdX] L=64 states=1 -> 1
[DP-bwdX] L=64 states=1 -> 1
[RowSwapCTR] expand small 8x8 -> full 16x8  top_rows=4  bot_rows=4  ctr_rows=8  n_full=128
  [Round 68] T_prime=17  T_target=17  HPWL_w=480320  HPWL_eq=476  maxL=26  WNS(T')=-9  WNS*(T)=-9  picked=0  solve_ms=17.0261
[OC-Shortest/pow2] m=8 h=8 SEG=4 bits=32 words=1 threads=24
[DP-fwdX] L=0 states=1 -> 1
[DP-fwdX] L=16 states=141 -> 164
[DP-bwdX] L=64 states=1 -> 1
[DP-bwdX] L=48 states=141 -> 164
[DP-fwdX] L=0 states=1 -> 1
[DP-bwdX] L=32 states=1 -> 1
[DP-fwdX] L=0 states=1 -> 1
[DP-bwdX] L=16 states=1 -> 1
[DP-fwdX] L=0 states=1 -> 1
[DP-fwdX] L=0 states=1 -> 1
[DP-fwdX] L=0 states=1 -> 1
[DP-bwdX] L=16 states=1 -> 1
[DP-bwdX] L=16 states=1 -> 1
[DP-bwdX] L=16 states=1 -> 1
[DP-fwdX] L=16 states=1 -> 1
[DP-bwdX] L=32 states=1 -> 1
[DP-fwdX] L=16 states=1 -> 1
[DP-fwdX] L=16 states=1 -> 1
[DP-fwdX] L=16 states=1 -> 1
[DP-bwdX] L=32 states=1 -> 1
[DP-bwdX] L=32 states=1 -> 1
[DP-bwdX] L=32 states=1 -> 1
[DP-fwdX] L=32 states=1 -> 1
[DP-bwdX] L=64 states=1 -> 1
[DP-fwdX] L=32 states=1 -> 1
[DP-bwdX] L=48 states=1 -> 1
[DP-fwdX] L=32 states=1 -> 1
[DP-fwdX] L=32 states=1 -> 1
[DP-fwdX] L=32 states=1 -> 1
[DP-bwdX] L=48 states=1 -> 1
[DP-bwdX] L=48 states=1 -> 1
[DP-bwdX] L=48 states=1 -> 1
[DP-fwdX] L=48 states=1 -> 1
[DP-bwdX] L=64 states=1 -> 1
[DP-fwdX] L=48 states=1 -> 1
[DP-fwdX] L=48 states=1 -> 1
[DP-fwdX] L=48 states=1 -> 1
[DP-bwdX] L=64 states=1 -> 1
[DP-bwdX] L=64 states=1 -> 1
[DP-bwdX] L=64 states=1 -> 1
[RowSwapCTR] expand small 8x8 -> full 16x8  top_rows=4  bot_rows=4  ctr_rows=8  n_full=128
  [Round 69] T_prime=17  T_target=17  HPWL_w=480320  HPWL_eq=476  maxL=26  WNS(T')=-9  WNS*(T)=-9  picked=0  solve_ms=16.7741
[OC-Shortest/pow2] m=8 h=8 SEG=4 bits=32 words=1 threads=24
[DP-fwdX] L=0 states=1 -> 1
[DP-fwdX] L=16 states=141 -> 164
[DP-bwdX] L=64 states=1 -> 1
[DP-bwdX] L=48 states=141 -> 164
[DP-fwdX] L=0 states=1 -> 1
[DP-bwdX] L=32 states=1 -> 1
[DP-fwdX] L=0 states=1 -> 1
[DP-bwdX] L=16 states=1 -> 1
[DP-fwdX] L=0 states=1 -> 1
[DP-fwdX] L=0 states=1 -> 1
[DP-fwdX] L=0 states=1 -> 1
[DP-bwdX] L=16 states=1 -> 1
[DP-bwdX] L=16 states=1 -> 1
[DP-bwdX] L=16 states=1 -> 1
[DP-fwdX] L=16 states=1 -> 1
[DP-bwdX] L=32 states=1 -> 1
[DP-fwdX] L=16 states=1 -> 1
[DP-fwdX] L=16 states=1 -> 1
[DP-fwdX] L=16 states=1 -> 1
[DP-bwdX] L=32 states=1 -> 1
[DP-bwdX] L=32 states=1 -> 1
[DP-bwdX] L=32 states=1 -> 1
[DP-fwdX] L=32 states=1 -> 1
[DP-bwdX] L=64 states=1 -> 1
[DP-fwdX] L=32 states=1 -> 1
[DP-bwdX] L=48 states=1 -> 1
[DP-fwdX] L=32 states=1 -> 1
[DP-fwdX] L=32 states=1 -> 1
[DP-fwdX] L=32 states=1 -> 1
[DP-bwdX] L=48 states=1 -> 1
[DP-bwdX] L=48 states=1 -> 1
[DP-bwdX] L=48 states=1 -> 1
[DP-fwdX] L=48 states=1 -> 1
[DP-bwdX] L=64 states=1 -> 1
[DP-fwdX] L=48 states=1 -> 1
[DP-fwdX] L=48 states=1 -> 1
[DP-fwdX] L=48 states=1 -> 1
[DP-bwdX] L=64 states=1 -> 1
[DP-bwdX] L=64 states=1 -> 1
[DP-bwdX] L=64 states=1 -> 1
[RowSwapCTR] expand small 8x8 -> full 16x8  top_rows=4  bot_rows=4  ctr_rows=8  n_full=128
  [Round 70] T_prime=17  T_target=17  HPWL_w=480320  HPWL_eq=476  maxL=26  WNS(T')=-9  WNS*(T)=-9  picked=0  solve_ms=16.4665
[OC-Shortest/pow2] m=8 h=8 SEG=4 bits=32 words=1 threads=24
[DP-fwdX] L=0 states=1 -> 1
[DP-fwdX] L=16 states=141 -> 164
[DP-bwdX] L=64 states=1 -> 1
[DP-bwdX] L=48 states=141 -> 164
[DP-fwdX] L=0 states=1 -> 1
[DP-bwdX] L=32 states=1 -> 1
[DP-fwdX] L=0 states=1 -> 1
[DP-bwdX] L=16 states=1 -> 1
[DP-fwdX] L=0 states=1 -> 1
[DP-fwdX] L=0 states=1 -> 1
[DP-fwdX] L=0 states=1 -> 1
[DP-bwdX] L=16 states=1 -> 1
[DP-bwdX] L=16 states=1 -> 1
[DP-bwdX] L=16 states=1 -> 1
[DP-fwdX] L=16 states=1 -> 1
[DP-bwdX] L=32 states=1 -> 1
[DP-fwdX] L=16 states=1 -> 1
[DP-fwdX] L=16 states=1 -> 1
[DP-fwdX] L=16 states=1 -> 1
[DP-bwdX] L=32 states=1 -> 1
[DP-bwdX] L=32 states=1 -> 1
[DP-bwdX] L=32 states=1 -> 1
[DP-fwdX] L=32 states=1 -> 1
[DP-bwdX] L=64 states=1 -> 1
[DP-fwdX] L=32 states=1 -> 1
[DP-bwdX] L=48 states=1 -> 1
[DP-fwdX] L=32 states=1 -> 1
[DP-fwdX] L=32 states=1 -> 1
[DP-fwdX] L=32 states=1 -> 1
[DP-bwdX] L=48 states=1 -> 1
[DP-bwdX] L=48 states=1 -> 1
[DP-bwdX] L=48 states=1 -> 1
[DP-fwdX] L=48 states=1 -> 1
[DP-bwdX] L=64 states=1 -> 1
[DP-fwdX] L=48 states=1 -> 1
[DP-fwdX] L=48 states=1 -> 1
[DP-fwdX] L=48 states=1 -> 1
[DP-bwdX] L=64 states=1 -> 1
[DP-bwdX] L=64 states=1 -> 1
[DP-bwdX] L=64 states=1 -> 1
[RowSwapCTR] expand small 8x8 -> full 16x8  top_rows=4  bot_rows=4  ctr_rows=8  n_full=128
  [Round 71] T_prime=17  T_target=17  HPWL_w=480320  HPWL_eq=476  maxL=26  WNS(T')=-9  WNS*(T)=-9  picked=0  solve_ms=16.6472
[OC-Shortest/pow2] m=8 h=8 SEG=4 bits=32 words=1 threads=24
[DP-fwdX] L=0 states=1 -> 1
[DP-fwdX] L=16 states=141 -> 164
[DP-bwdX] L=64 states=1 -> 1
[DP-bwdX] L=48 states=141 -> 164
[DP-fwdX] L=0 states=1 -> 1
[DP-bwdX] L=32 states=1 -> 1
[DP-fwdX] L=0 states=1 -> 1
[DP-bwdX] L=16 states=1 -> 1
[DP-fwdX] L=0 states=1 -> 1
[DP-fwdX] L=0 states=1 -> 1
[DP-fwdX] L=0 states=1 -> 1
[DP-bwdX] L=16 states=1 -> 1
[DP-bwdX] L=16 states=1 -> 1
[DP-bwdX] L=16 states=1 -> 1
[DP-fwdX] L=16 states=1 -> 1
[DP-bwdX] L=32 states=1 -> 1
[DP-fwdX] L=16 states=1 -> 1
[DP-fwdX] L=16 states=1 -> 1
[DP-fwdX] L=16 states=1 -> 1
[DP-bwdX] L=32 states=1 -> 1
[DP-bwdX] L=32 states=1 -> 1
[DP-bwdX] L=32 states=1 -> 1
[DP-fwdX] L=32 states=1 -> 1
[DP-bwdX] L=64 states=1 -> 1
[DP-fwdX] L=32 states=1 -> 1
[DP-bwdX] L=48 states=1 -> 1
[DP-fwdX] L=32 states=1 -> 1
[DP-fwdX] L=32 states=1 -> 1
[DP-fwdX] L=32 states=1 -> 1
[DP-bwdX] L=48 states=1 -> 1
[DP-bwdX] L=48 states=1 -> 1
[DP-bwdX] L=48 states=1 -> 1
[DP-fwdX] L=48 states=1 -> 1
[DP-bwdX] L=64 states=1 -> 1
[DP-fwdX] L=48 states=1 -> 1
[DP-fwdX] L=48 states=1 -> 1
[DP-fwdX] L=48 states=1 -> 1
[DP-bwdX] L=64 states=1 -> 1
[DP-bwdX] L=64 states=1 -> 1
[DP-bwdX] L=64 states=1 -> 1
[RowSwapCTR] expand small 8x8 -> full 16x8  top_rows=4  bot_rows=4  ctr_rows=8  n_full=128
  [Round 72] T_prime=17  T_target=17  HPWL_w=480320  HPWL_eq=476  maxL=26  WNS(T')=-9  WNS*(T)=-9  picked=0  solve_ms=16.6667
[OC-Shortest/pow2] m=8 h=8 SEG=4 bits=32 words=1 threads=24
[DP-fwdX] L=0 states=1 -> 1
[DP-fwdX] L=16 states=141 -> 164
[DP-bwdX] L=64 states=1 -> 1
[DP-bwdX] L=48 states=141 -> 164
[DP-fwdX] L=0 states=1 -> 1
[DP-bwdX] L=32 states=1 -> 1
[DP-fwdX] L=0 states=1 -> 1
[DP-bwdX] L=16 states=1 -> 1
[DP-fwdX] L=0 states=1 -> 1
[DP-fwdX] L=0 states=1 -> 1
[DP-fwdX] L=0 states=1 -> 1
[DP-bwdX] L=16 states=1 -> 1
[DP-bwdX] L=16 states=1 -> 1
[DP-bwdX] L=16 states=1 -> 1
[DP-fwdX] L=16 states=1 -> 1
[DP-bwdX] L=32 states=1 -> 1
[DP-fwdX] L=16 states=1 -> 1
[DP-fwdX] L=16 states=1 -> 1
[DP-fwdX] L=16 states=1 -> 1
[DP-bwdX] L=32 states=1 -> 1
[DP-bwdX] L=32 states=1 -> 1
[DP-bwdX] L=32 states=1 -> 1
[DP-fwdX] L=32 states=1 -> 1
[DP-bwdX] L=64 states=1 -> 1
[DP-fwdX] L=32 states=1 -> 1
[DP-bwdX] L=48 states=1 -> 1
[DP-fwdX] L=32 states=1 -> 1
[DP-fwdX] L=32 states=1 -> 1
[DP-fwdX] L=32 states=1 -> 1
[DP-bwdX] L=48 states=1 -> 1
[DP-bwdX] L=48 states=1 -> 1
[DP-bwdX] L=48 states=1 -> 1
[DP-fwdX] L=48 states=1 -> 1
[DP-bwdX] L=64 states=1 -> 1
[DP-fwdX] L=48 states=1 -> 1
[DP-fwdX] L=48 states=1 -> 1
[DP-fwdX] L=48 states=1 -> 1
[DP-bwdX] L=64 states=1 -> 1
[DP-bwdX] L=64 states=1 -> 1
[DP-bwdX] L=64 states=1 -> 1
[RowSwapCTR] expand small 8x8 -> full 16x8  top_rows=4  bot_rows=4  ctr_rows=8  n_full=128
  [Round 73] T_prime=17  T_target=17  HPWL_w=480320  HPWL_eq=476  maxL=26  WNS(T')=-9  WNS*(T)=-9  picked=0  solve_ms=16.5912
[OC-Shortest/pow2] m=8 h=8 SEG=4 bits=32 words=1 threads=24
[DP-fwdX] L=0 states=1 -> 1
[DP-fwdX] L=16 states=141 -> 164
[DP-bwdX] L=64 states=1 -> 1
[DP-bwdX] L=48 states=141 -> 164
[DP-fwdX] L=0 states=1 -> 1
[DP-bwdX] L=32 states=1 -> 1
[DP-fwdX] L=0 states=1 -> 1
[DP-bwdX] L=16 states=1 -> 1
[DP-fwdX] L=0 states=1 -> 1
[DP-fwdX] L=0 states=1 -> 1
[DP-fwdX] L=0 states=1 -> 1
[DP-bwdX] L=16 states=1 -> 1
[DP-bwdX] L=16 states=1 -> 1
[DP-bwdX] L=16 states=1 -> 1
[DP-fwdX] L=16 states=1 -> 1
[DP-bwdX] L=32 states=1 -> 1
[DP-fwdX] L=16 states=1 -> 1
[DP-fwdX] L=16 states=1 -> 1
[DP-fwdX] L=16 states=1 -> 1
[DP-bwdX] L=32 states=1 -> 1
[DP-bwdX] L=32 states=1 -> 1
[DP-bwdX] L=32 states=1 -> 1
[DP-fwdX] L=32 states=1 -> 1
[DP-bwdX] L=64 states=1 -> 1
[DP-fwdX] L=32 states=1 -> 1
[DP-bwdX] L=48 states=1 -> 1
[DP-fwdX] L=32 states=1 -> 1
[DP-fwdX] L=32 states=1 -> 1
[DP-fwdX] L=32 states=1 -> 1
[DP-bwdX] L=48 states=1 -> 1
[DP-bwdX] L=48 states=1 -> 1
[DP-bwdX] L=48 states=1 -> 1
[DP-fwdX] L=48 states=1 -> 1
[DP-bwdX] L=64 states=1 -> 1
[DP-fwdX] L=48 states=1 -> 1
[DP-fwdX] L=48 states=1 -> 1
[DP-fwdX] L=48 states=1 -> 1
[DP-bwdX] L=64 states=1 -> 1
[DP-bwdX] L=64 states=1 -> 1
[DP-bwdX] L=64 states=1 -> 1
[RowSwapCTR] expand small 8x8 -> full 16x8  top_rows=4  bot_rows=4  ctr_rows=8  n_full=128
  [Round 74] T_prime=17  T_target=17  HPWL_w=480320  HPWL_eq=476  maxL=26  WNS(T')=-9  WNS*(T)=-9  picked=0  solve_ms=16.6948
[OC-Shortest/pow2] m=8 h=8 SEG=4 bits=32 words=1 threads=24
[DP-fwdX] L=0 states=1 -> 1
[DP-fwdX] L=16 states=141 -> 164
[DP-bwdX] L=64 states=1 -> 1
[DP-bwdX] L=48 states=141 -> 164
[DP-fwdX] L=0 states=1 -> 1
[DP-bwdX] L=32 states=1 -> 1
[DP-fwdX] L=0 states=1 -> 1
[DP-bwdX] L=16 states=1 -> 1
[DP-fwdX] L=0 states=1 -> 1
[DP-fwdX] L=0 states=1 -> 1
[DP-fwdX] L=0 states=1 -> 1
[DP-bwdX] L=16 states=1 -> 1
[DP-bwdX] L=16 states=1 -> 1
[DP-bwdX] L=16 states=1 -> 1
[DP-fwdX] L=16 states=1 -> 1
[DP-bwdX] L=32 states=1 -> 1
[DP-fwdX] L=16 states=1 -> 1
[DP-fwdX] L=16 states=1 -> 1
[DP-fwdX] L=16 states=1 -> 1
[DP-bwdX] L=32 states=1 -> 1
[DP-bwdX] L=32 states=1 -> 1
[DP-bwdX] L=32 states=1 -> 1
[DP-fwdX] L=32 states=1 -> 1
[DP-bwdX] L=64 states=1 -> 1
[DP-fwdX] L=32 states=1 -> 1
[DP-bwdX] L=48 states=1 -> 1
[DP-fwdX] L=32 states=1 -> 1
[DP-fwdX] L=32 states=1 -> 1
[DP-fwdX] L=32 states=1 -> 1
[DP-bwdX] L=48 states=1 -> 1
[DP-bwdX] L=48 states=1 -> 1
[DP-bwdX] L=48 states=1 -> 1
[DP-fwdX] L=48 states=1 -> 1
[DP-bwdX] L=64 states=1 -> 1
[DP-fwdX] L=48 states=1 -> 1
[DP-fwdX] L=48 states=1 -> 1
[DP-fwdX] L=48 states=1 -> 1
[DP-bwdX] L=64 states=1 -> 1
[DP-bwdX] L=64 states=1 -> 1
[DP-bwdX] L=64 states=1 -> 1
[RowSwapCTR] expand small 8x8 -> full 16x8  top_rows=4  bot_rows=4  ctr_rows=8  n_full=128
  [Round 75] T_prime=17  T_target=17  HPWL_w=480320  HPWL_eq=476  maxL=26  WNS(T')=-9  WNS*(T)=-9  picked=0  solve_ms=16.5394
[OC-Shortest/pow2] m=8 h=8 SEG=4 bits=32 words=1 threads=24
[DP-fwdX] L=0 states=1 -> 1
[DP-fwdX] L=16 states=141 -> 164
[DP-bwdX] L=64 states=1 -> 1
[DP-bwdX] L=48 states=141 -> 164
[DP-fwdX] L=0 states=1 -> 1
[DP-bwdX] L=32 states=1 -> 1
[DP-fwdX] L=0 states=1 -> 1
[DP-bwdX] L=16 states=1 -> 1
[DP-fwdX] L=0 states=1 -> 1
[DP-fwdX] L=0 states=1 -> 1
[DP-fwdX] L=0 states=1 -> 1
[DP-bwdX] L=16 states=1 -> 1
[DP-bwdX] L=16 states=1 -> 1
[DP-bwdX] L=16 states=1 -> 1
[DP-fwdX] L=16 states=1 -> 1
[DP-bwdX] L=32 states=1 -> 1
[DP-fwdX] L=16 states=1 -> 1
[DP-fwdX] L=16 states=1 -> 1
[DP-fwdX] L=16 states=1 -> 1
[DP-bwdX] L=32 states=1 -> 1
[DP-bwdX] L=32 states=1 -> 1
[DP-bwdX] L=32 states=1 -> 1
[DP-fwdX] L=32 states=1 -> 1
[DP-bwdX] L=64 states=1 -> 1
[DP-fwdX] L=32 states=1 -> 1
[DP-bwdX] L=48 states=1 -> 1
[DP-fwdX] L=32 states=1 -> 1
[DP-fwdX] L=32 states=1 -> 1
[DP-fwdX] L=32 states=1 -> 1
[DP-bwdX] L=48 states=1 -> 1
[DP-bwdX] L=48 states=1 -> 1
[DP-bwdX] L=48 states=1 -> 1
[DP-fwdX] L=48 states=1 -> 1
[DP-bwdX] L=64 states=1 -> 1
[DP-fwdX] L=48 states=1 -> 1
[DP-fwdX] L=48 states=1 -> 1
[DP-fwdX] L=48 states=1 -> 1
[DP-bwdX] L=64 states=1 -> 1
[DP-bwdX] L=64 states=1 -> 1
[DP-bwdX] L=64 states=1 -> 1
[RowSwapCTR] expand small 8x8 -> full 16x8  top_rows=4  bot_rows=4  ctr_rows=8  n_full=128
  [Round 76] T_prime=17  T_target=17  HPWL_w=480320  HPWL_eq=476  maxL=26  WNS(T')=-9  WNS*(T)=-9  picked=0  solve_ms=16.4802
[OC-Shortest/pow2] m=8 h=8 SEG=4 bits=32 words=1 threads=24
[DP-fwdX] L=0 states=1 -> 1
[DP-fwdX] L=16 states=141 -> 164
[DP-bwdX] L=64 states=1 -> 1
[DP-bwdX] L=48 states=141 -> 164
[DP-fwdX] L=0 states=1 -> 1
[DP-bwdX] L=32 states=1 -> 1
[DP-fwdX] L=0 states=1 -> 1
[DP-bwdX] L=16 states=1 -> 1
[DP-fwdX] L=0 states=1 -> 1
[DP-fwdX] L=0 states=1 -> 1
[DP-fwdX] L=0 states=1 -> 1
[DP-bwdX] L=16 states=1 -> 1
[DP-bwdX] L=16 states=1 -> 1
[DP-bwdX] L=16 states=1 -> 1
[DP-fwdX] L=16 states=1 -> 1
[DP-bwdX] L=32 states=1 -> 1
[DP-fwdX] L=16 states=1 -> 1
[DP-fwdX] L=16 states=1 -> 1
[DP-fwdX] L=16 states=1 -> 1
[DP-bwdX] L=32 states=1 -> 1
[DP-bwdX] L=32 states=1 -> 1
[DP-bwdX] L=32 states=1 -> 1
[DP-fwdX] L=32 states=1 -> 1
[DP-bwdX] L=64 states=1 -> 1
[DP-fwdX] L=32 states=1 -> 1
[DP-bwdX] L=48 states=1 -> 1
[DP-fwdX] L=32 states=1 -> 1
[DP-fwdX] L=32 states=1 -> 1
[DP-fwdX] L=32 states=1 -> 1
[DP-bwdX] L=48 states=1 -> 1
[DP-bwdX] L=48 states=1 -> 1
[DP-bwdX] L=48 states=1 -> 1
[DP-fwdX] L=48 states=1 -> 1
[DP-bwdX] L=64 states=1 -> 1
[DP-fwdX] L=48 states=1 -> 1
[DP-fwdX] L=48 states=1 -> 1
[DP-fwdX] L=48 states=1 -> 1
[DP-bwdX] L=64 states=1 -> 1
[DP-bwdX] L=64 states=1 -> 1
[DP-bwdX] L=64 states=1 -> 1
[RowSwapCTR] expand small 8x8 -> full 16x8  top_rows=4  bot_rows=4  ctr_rows=8  n_full=128
  [Round 77] T_prime=17  T_target=17  HPWL_w=480320  HPWL_eq=476  maxL=26  WNS(T')=-9  WNS*(T)=-9  picked=0  solve_ms=16.6298
[OC-Shortest/pow2] m=8 h=8 SEG=4 bits=32 words=1 threads=24
[DP-fwdX] L=0 states=1 -> 1
[DP-fwdX] L=16 states=141 -> 164
[DP-bwdX] L=64 states=1 -> 1
[DP-bwdX] L=48 states=141 -> 164
[DP-fwdX] L=0 states=1 -> 1
[DP-bwdX] L=32 states=1 -> 1
[DP-fwdX] L=0 states=1 -> 1
[DP-bwdX] L=16 states=1 -> 1
[DP-fwdX] L=0 states=1 -> 1
[DP-fwdX] L=0 states=1 -> 1
[DP-fwdX] L=0 states=1 -> 1
[DP-bwdX] L=16 states=1 -> 1
[DP-bwdX] L=16 states=1 -> 1
[DP-bwdX] L=16 states=1 -> 1
[DP-fwdX] L=16 states=1 -> 1
[DP-bwdX] L=32 states=1 -> 1
[DP-fwdX] L=16 states=1 -> 1
[DP-fwdX] L=16 states=1 -> 1
[DP-fwdX] L=16 states=1 -> 1
[DP-bwdX] L=32 states=1 -> 1
[DP-bwdX] L=32 states=1 -> 1
[DP-bwdX] L=32 states=1 -> 1
[DP-fwdX] L=32 states=1 -> 1
[DP-bwdX] L=64 states=1 -> 1
[DP-fwdX] L=32 states=1 -> 1
[DP-bwdX] L=48 states=1 -> 1
[DP-fwdX] L=32 states=1 -> 1
[DP-fwdX] L=32 states=1 -> 1
[DP-fwdX] L=32 states=1 -> 1
[DP-bwdX] L=48 states=1 -> 1
[DP-bwdX] L=48 states=1 -> 1
[DP-bwdX] L=48 states=1 -> 1
[DP-fwdX] L=48 states=1 -> 1
[DP-bwdX] L=64 states=1 -> 1
[DP-fwdX] L=48 states=1 -> 1
[DP-fwdX] L=48 states=1 -> 1
[DP-fwdX] L=48 states=1 -> 1
[DP-bwdX] L=64 states=1 -> 1
[DP-bwdX] L=64 states=1 -> 1
[DP-bwdX] L=64 states=1 -> 1
[RowSwapCTR] expand small 8x8 -> full 16x8  top_rows=4  bot_rows=4  ctr_rows=8  n_full=128
  [Round 78] T_prime=17  T_target=17  HPWL_w=480320  HPWL_eq=476  maxL=26  WNS(T')=-9  WNS*(T)=-9  picked=0  solve_ms=16.668
[OC-Shortest/pow2] m=8 h=8 SEG=4 bits=32 words=1 threads=24
[DP-fwdX] L=0 states=1 -> 1
[DP-fwdX] L=16 states=141 -> 164
[DP-bwdX] L=64 states=1 -> 1
[DP-bwdX] L=48 states=141 -> 164
[DP-fwdX] L=0 states=1 -> 1
[DP-bwdX] L=32 states=1 -> 1
[DP-fwdX] L=0 states=1 -> 1
[DP-bwdX] L=16 states=1 -> 1
[DP-fwdX] L=0 states=1 -> 1
[DP-fwdX] L=0 states=1 -> 1
[DP-fwdX] L=0 states=1 -> 1
[DP-bwdX] L=16 states=1 -> 1
[DP-bwdX] L=16 states=1 -> 1
[DP-bwdX] L=16 states=1 -> 1
[DP-fwdX] L=16 states=1 -> 1
[DP-bwdX] L=32 states=1 -> 1
[DP-fwdX] L=16 states=1 -> 1
[DP-fwdX] L=16 states=1 -> 1
[DP-fwdX] L=16 states=1 -> 1
[DP-bwdX] L=32 states=1 -> 1
[DP-bwdX] L=32 states=1 -> 1
[DP-bwdX] L=32 states=1 -> 1
[DP-fwdX] L=32 states=1 -> 1
[DP-bwdX] L=64 states=1 -> 1
[DP-fwdX] L=32 states=1 -> 1
[DP-bwdX] L=48 states=1 -> 1
[DP-fwdX] L=32 states=1 -> 1
[DP-fwdX] L=32 states=1 -> 1
[DP-fwdX] L=32 states=1 -> 1
[DP-bwdX] L=48 states=1 -> 1
[DP-bwdX] L=48 states=1 -> 1
[DP-bwdX] L=48 states=1 -> 1
[DP-fwdX] L=48 states=1 -> 1
[DP-bwdX] L=64 states=1 -> 1
[DP-fwdX] L=48 states=1 -> 1
[DP-fwdX] L=48 states=1 -> 1
[DP-fwdX] L=48 states=1 -> 1
[DP-bwdX] L=64 states=1 -> 1
[DP-bwdX] L=64 states=1 -> 1
[DP-bwdX] L=64 states=1 -> 1
[RowSwapCTR] expand small 8x8 -> full 16x8  top_rows=4  bot_rows=4  ctr_rows=8  n_full=128
  [Round 79] T_prime=17  T_target=17  HPWL_w=480320  HPWL_eq=476  maxL=26  WNS(T')=-9  WNS*(T)=-9  picked=0  solve_ms=16.6484
[OC-Shortest/pow2] m=8 h=8 SEG=4 bits=32 words=1 threads=24
[DP-fwdX] L=0 states=1 -> 1
[DP-fwdX] L=16 states=141 -> 164
[DP-bwdX] L=64 states=1 -> 1
[DP-bwdX] L=48 states=141 -> 164
[DP-fwdX] L=0 states=1 -> 1
[DP-bwdX] L=32 states=1 -> 1
[DP-fwdX] L=0 states=1 -> 1
[DP-bwdX] L=16 states=1 -> 1
[DP-fwdX] L=0 states=1 -> 1
[DP-fwdX] L=0 states=1 -> 1
[DP-fwdX] L=0 states=1 -> 1
[DP-bwdX] L=16 states=1 -> 1
[DP-bwdX] L=16 states=1 -> 1
[DP-bwdX] L=16 states=1 -> 1
[DP-fwdX] L=16 states=1 -> 1
[DP-bwdX] L=32 states=1 -> 1
[DP-fwdX] L=16 states=1 -> 1
[DP-fwdX] L=16 states=1 -> 1
[DP-fwdX] L=16 states=1 -> 1
[DP-bwdX] L=32 states=1 -> 1
[DP-bwdX] L=32 states=1 -> 1
[DP-bwdX] L=32 states=1 -> 1
[DP-fwdX] L=32 states=1 -> 1
[DP-bwdX] L=64 states=1 -> 1
[DP-fwdX] L=32 states=1 -> 1
[DP-bwdX] L=48 states=1 -> 1
[DP-fwdX] L=32 states=1 -> 1
[DP-fwdX] L=32 states=1 -> 1
[DP-fwdX] L=32 states=1 -> 1
[DP-bwdX] L=48 states=1 -> 1
[DP-bwdX] L=48 states=1 -> 1
[DP-bwdX] L=48 states=1 -> 1
[DP-fwdX] L=48 states=1 -> 1
[DP-bwdX] L=64 states=1 -> 1
[DP-fwdX] L=48 states=1 -> 1
[DP-fwdX] L=48 states=1 -> 1
[DP-fwdX] L=48 states=1 -> 1
[DP-bwdX] L=64 states=1 -> 1
[DP-bwdX] L=64 states=1 -> 1
[DP-bwdX] L=64 states=1 -> 1
[RowSwapCTR] expand small 8x8 -> full 16x8  top_rows=4  bot_rows=4  ctr_rows=8  n_full=128
  [Round 80] T_prime=17  T_target=17  HPWL_w=480320  HPWL_eq=476  maxL=26  WNS(T')=-9  WNS*(T)=-9  picked=0  solve_ms=16.6317
[OC-Shortest/pow2] m=8 h=8 SEG=4 bits=32 words=1 threads=24
[DP-fwdX] L=0 states=1 -> 1
[DP-fwdX] L=16 states=141 -> 164
[DP-bwdX] L=64 states=1 -> 1
[DP-bwdX] L=48 states=141 -> 164
[DP-fwdX] L=0 states=1 -> 1
[DP-bwdX] L=32 states=1 -> 1
[DP-fwdX] L=0 states=1 -> 1
[DP-bwdX] L=16 states=1 -> 1
[DP-fwdX] L=0 states=1 -> 1
[DP-fwdX] L=0 states=1 -> 1
[DP-fwdX] L=0 states=1 -> 1
[DP-bwdX] L=16 states=1 -> 1
[DP-bwdX] L=16 states=1 -> 1
[DP-bwdX] L=16 states=1 -> 1
[DP-fwdX] L=16 states=1 -> 1
[DP-bwdX] L=32 states=1 -> 1
[DP-fwdX] L=16 states=1 -> 1
[DP-fwdX] L=16 states=1 -> 1
[DP-fwdX] L=16 states=1 -> 1
[DP-bwdX] L=32 states=1 -> 1
[DP-bwdX] L=32 states=1 -> 1
[DP-bwdX] L=32 states=1 -> 1
[DP-fwdX] L=32 states=1 -> 1
[DP-bwdX] L=64 states=1 -> 1
[DP-fwdX] L=32 states=1 -> 1
[DP-bwdX] L=48 states=1 -> 1
[DP-fwdX] L=32 states=1 -> 1
[DP-fwdX] L=32 states=1 -> 1
[DP-fwdX] L=32 states=1 -> 1
[DP-bwdX] L=48 states=1 -> 1
[DP-bwdX] L=48 states=1 -> 1
[DP-bwdX] L=48 states=1 -> 1
[DP-fwdX] L=48 states=1 -> 1
[DP-bwdX] L=64 states=1 -> 1
[DP-fwdX] L=48 states=1 -> 1
[DP-fwdX] L=48 states=1 -> 1
[DP-fwdX] L=48 states=1 -> 1
[DP-bwdX] L=64 states=1 -> 1
[DP-bwdX] L=64 states=1 -> 1
[DP-bwdX] L=64 states=1 -> 1
[RowSwapCTR] expand small 8x8 -> full 16x8  top_rows=4  bot_rows=4  ctr_rows=8  n_full=128
  [Round 81] T_prime=17  T_target=17  HPWL_w=480320  HPWL_eq=476  maxL=26  WNS(T')=-9  WNS*(T)=-9  picked=0  solve_ms=16.6701
[OC-Shortest/pow2] m=8 h=8 SEG=4 bits=32 words=1 threads=24
[DP-fwdX] L=0 states=1 -> 1
[DP-fwdX] L=16 states=141 -> 164
[DP-bwdX] L=64 states=1 -> 1
[DP-bwdX] L=48 states=141 -> 164
[DP-fwdX] L=0 states=1 -> 1
[DP-bwdX] L=32 states=1 -> 1
[DP-fwdX] L=0 states=1 -> 1
[DP-bwdX] L=16 states=1 -> 1
[DP-fwdX] L=0 states=1 -> 1
[DP-fwdX] L=0 states=1 -> 1
[DP-fwdX] L=0 states=1 -> 1
[DP-bwdX] L=16 states=1 -> 1
[DP-bwdX] L=16 states=1 -> 1
[DP-bwdX] L=16 states=1 -> 1
[DP-fwdX] L=16 states=1 -> 1
[DP-bwdX] L=32 states=1 -> 1
[DP-fwdX] L=16 states=1 -> 1
[DP-fwdX] L=16 states=1 -> 1
[DP-fwdX] L=16 states=1 -> 1
[DP-bwdX] L=32 states=1 -> 1
[DP-bwdX] L=32 states=1 -> 1
[DP-bwdX] L=32 states=1 -> 1
[DP-fwdX] L=32 states=1 -> 1
[DP-bwdX] L=64 states=1 -> 1
[DP-fwdX] L=32 states=1 -> 1
[DP-bwdX] L=48 states=1 -> 1
[DP-fwdX] L=32 states=1 -> 1
[DP-fwdX] L=32 states=1 -> 1
[DP-fwdX] L=32 states=1 -> 1
[DP-bwdX] L=48 states=1 -> 1
[DP-bwdX] L=48 states=1 -> 1
[DP-bwdX] L=48 states=1 -> 1
[DP-fwdX] L=48 states=1 -> 1
[DP-bwdX] L=64 states=1 -> 1
[DP-fwdX] L=48 states=1 -> 1
[DP-fwdX] L=48 states=1 -> 1
[DP-fwdX] L=48 states=1 -> 1
[DP-bwdX] L=64 states=1 -> 1
[DP-bwdX] L=64 states=1 -> 1
[DP-bwdX] L=64 states=1 -> 1
[RowSwapCTR] expand small 8x8 -> full 16x8  top_rows=4  bot_rows=4  ctr_rows=8  n_full=128
  [Round 82] T_prime=17  T_target=17  HPWL_w=480320  HPWL_eq=476  maxL=26  WNS(T')=-9  WNS*(T)=-9  picked=0  solve_ms=16.6475
[OC-Shortest/pow2] m=8 h=8 SEG=4 bits=32 words=1 threads=24
[DP-fwdX] L=0 states=1 -> 1
[DP-fwdX] L=16 states=141 -> 164
[DP-bwdX] L=64 states=1 -> 1
[DP-bwdX] L=48 states=141 -> 164
[DP-fwdX] L=0 states=1 -> 1
[DP-bwdX] L=32 states=1 -> 1
[DP-fwdX] L=0 states=1 -> 1
[DP-bwdX] L=16 states=1 -> 1
[DP-fwdX] L=0 states=1 -> 1
[DP-fwdX] L=0 states=1 -> 1
[DP-fwdX] L=0 states=1 -> 1
[DP-bwdX] L=16 states=1 -> 1
[DP-bwdX] L=16 states=1 -> 1
[DP-bwdX] L=16 states=1 -> 1
[DP-fwdX] L=16 states=1 -> 1
[DP-bwdX] L=32 states=1 -> 1
[DP-fwdX] L=16 states=1 -> 1
[DP-fwdX] L=16 states=1 -> 1
[DP-fwdX] L=16 states=1 -> 1
[DP-bwdX] L=32 states=1 -> 1
[DP-bwdX] L=32 states=1 -> 1
[DP-bwdX] L=32 states=1 -> 1
[DP-fwdX] L=32 states=1 -> 1
[DP-bwdX] L=64 states=1 -> 1
[DP-fwdX] L=32 states=1 -> 1
[DP-bwdX] L=48 states=1 -> 1
[DP-fwdX] L=32 states=1 -> 1
[DP-fwdX] L=32 states=1 -> 1
[DP-fwdX] L=32 states=1 -> 1
[DP-bwdX] L=48 states=1 -> 1
[DP-bwdX] L=48 states=1 -> 1
[DP-bwdX] L=48 states=1 -> 1
[DP-fwdX] L=48 states=1 -> 1
[DP-bwdX] L=64 states=1 -> 1
[DP-fwdX] L=48 states=1 -> 1
[DP-fwdX] L=48 states=1 -> 1
[DP-fwdX] L=48 states=1 -> 1
[DP-bwdX] L=64 states=1 -> 1
[DP-bwdX] L=64 states=1 -> 1
[DP-bwdX] L=64 states=1 -> 1
[RowSwapCTR] expand small 8x8 -> full 16x8  top_rows=4  bot_rows=4  ctr_rows=8  n_full=128
  [Round 83] T_prime=17  T_target=17  HPWL_w=480320  HPWL_eq=476  maxL=26  WNS(T')=-9  WNS*(T)=-9  picked=0  solve_ms=16.4055
[OC-Shortest/pow2] m=8 h=8 SEG=4 bits=32 words=1 threads=24
[DP-fwdX] L=0 states=1 -> 1
[DP-fwdX] L=16 states=141 -> 164
[DP-bwdX] L=64 states=1 -> 1
[DP-bwdX] L=48 states=141 -> 164
[DP-fwdX] L=0 states=1 -> 1
[DP-bwdX] L=32 states=1 -> 1
[DP-fwdX] L=0 states=1 -> 1
[DP-bwdX] L=16 states=1 -> 1
[DP-fwdX] L=0 states=1 -> 1
[DP-fwdX] L=0 states=1 -> 1
[DP-fwdX] L=0 states=1 -> 1
[DP-bwdX] L=16 states=1 -> 1
[DP-bwdX] L=16 states=1 -> 1
[DP-bwdX] L=16 states=1 -> 1
[DP-fwdX] L=16 states=1 -> 1
[DP-bwdX] L=32 states=1 -> 1
[DP-fwdX] L=16 states=1 -> 1
[DP-fwdX] L=16 states=1 -> 1
[DP-fwdX] L=16 states=1 -> 1
[DP-bwdX] L=32 states=1 -> 1
[DP-bwdX] L=32 states=1 -> 1
[DP-bwdX] L=32 states=1 -> 1
[DP-fwdX] L=32 states=1 -> 1
[DP-bwdX] L=64 states=1 -> 1
[DP-fwdX] L=32 states=1 -> 1
[DP-bwdX] L=48 states=1 -> 1
[DP-fwdX] L=32 states=1 -> 1
[DP-fwdX] L=32 states=1 -> 1
[DP-fwdX] L=32 states=1 -> 1
[DP-bwdX] L=48 states=1 -> 1
[DP-bwdX] L=48 states=1 -> 1
[DP-bwdX] L=48 states=1 -> 1
[DP-fwdX] L=48 states=1 -> 1
[DP-bwdX] L=64 states=1 -> 1
[DP-fwdX] L=48 states=1 -> 1
[DP-fwdX] L=48 states=1 -> 1
[DP-fwdX] L=48 states=1 -> 1
[DP-bwdX] L=64 states=1 -> 1
[DP-bwdX] L=64 states=1 -> 1
[DP-bwdX] L=64 states=1 -> 1
[RowSwapCTR] expand small 8x8 -> full 16x8  top_rows=4  bot_rows=4  ctr_rows=8  n_full=128
  [Round 84] T_prime=17  T_target=17  HPWL_w=480320  HPWL_eq=476  maxL=26  WNS(T')=-9  WNS*(T)=-9  picked=0  solve_ms=16.7048
[OC-Shortest/pow2] m=8 h=8 SEG=4 bits=32 words=1 threads=24
[DP-fwdX] L=0 states=1 -> 1
[DP-fwdX] L=16 states=141 -> 164
[DP-bwdX] L=64 states=1 -> 1
[DP-bwdX] L=48 states=141 -> 164
[DP-fwdX] L=0 states=1 -> 1
[DP-bwdX] L=32 states=1 -> 1
[DP-fwdX] L=0 states=1 -> 1
[DP-bwdX] L=16 states=1 -> 1
[DP-fwdX] L=0 states=1 -> 1
[DP-fwdX] L=0 states=1 -> 1
[DP-fwdX] L=0 states=1 -> 1
[DP-bwdX] L=16 states=1 -> 1
[DP-bwdX] L=16 states=1 -> 1
[DP-bwdX] L=16 states=1 -> 1
[DP-fwdX] L=16 states=1 -> 1
[DP-bwdX] L=32 states=1 -> 1
[DP-fwdX] L=16 states=1 -> 1
[DP-fwdX] L=16 states=1 -> 1
[DP-fwdX] L=16 states=1 -> 1
[DP-bwdX] L=32 states=1 -> 1
[DP-bwdX] L=32 states=1 -> 1
[DP-bwdX] L=32 states=1 -> 1
[DP-fwdX] L=32 states=1 -> 1
[DP-bwdX] L=64 states=1 -> 1
[DP-fwdX] L=32 states=1 -> 1
[DP-bwdX] L=48 states=1 -> 1
[DP-fwdX] L=32 states=1 -> 1
[DP-fwdX] L=32 states=1 -> 1
[DP-fwdX] L=32 states=1 -> 1
[DP-bwdX] L=48 states=1 -> 1
[DP-bwdX] L=48 states=1 -> 1
[DP-bwdX] L=48 states=1 -> 1
[DP-fwdX] L=48 states=1 -> 1
[DP-bwdX] L=64 states=1 -> 1
[DP-fwdX] L=48 states=1 -> 1
[DP-fwdX] L=48 states=1 -> 1
[DP-fwdX] L=48 states=1 -> 1
[DP-bwdX] L=64 states=1 -> 1
[DP-bwdX] L=64 states=1 -> 1
[DP-bwdX] L=64 states=1 -> 1
[RowSwapCTR] expand small 8x8 -> full 16x8  top_rows=4  bot_rows=4  ctr_rows=8  n_full=128
  [Round 85] T_prime=17  T_target=17  HPWL_w=480320  HPWL_eq=476  maxL=26  WNS(T')=-9  WNS*(T)=-9  picked=0  solve_ms=16.5673
[OC-Shortest/pow2] m=8 h=8 SEG=4 bits=32 words=1 threads=24
[DP-fwdX] L=0 states=1 -> 1
[DP-fwdX] L=16 states=141 -> 164
[DP-bwdX] L=64 states=1 -> 1
[DP-bwdX] L=48 states=141 -> 164
[DP-fwdX] L=0 states=1 -> 1
[DP-bwdX] L=32 states=1 -> 1
[DP-fwdX] L=0 states=1 -> 1
[DP-bwdX] L=16 states=1 -> 1
[DP-fwdX] L=0 states=1 -> 1
[DP-fwdX] L=0 states=1 -> 1
[DP-fwdX] L=0 states=1 -> 1
[DP-bwdX] L=16 states=1 -> 1
[DP-bwdX] L=16 states=1 -> 1
[DP-bwdX] L=16 states=1 -> 1
[DP-fwdX] L=16 states=1 -> 1
[DP-bwdX] L=32 states=1 -> 1
[DP-fwdX] L=16 states=1 -> 1
[DP-fwdX] L=16 states=1 -> 1
[DP-fwdX] L=16 states=1 -> 1
[DP-bwdX] L=32 states=1 -> 1
[DP-bwdX] L=32 states=1 -> 1
[DP-bwdX] L=32 states=1 -> 1
[DP-fwdX] L=32 states=1 -> 1
[DP-bwdX] L=64 states=1 -> 1
[DP-fwdX] L=32 states=1 -> 1
[DP-bwdX] L=48 states=1 -> 1
[DP-fwdX] L=32 states=1 -> 1
[DP-fwdX] L=32 states=1 -> 1
[DP-fwdX] L=32 states=1 -> 1
[DP-bwdX] L=48 states=1 -> 1
[DP-bwdX] L=48 states=1 -> 1
[DP-bwdX] L=48 states=1 -> 1
[DP-fwdX] L=48 states=1 -> 1
[DP-bwdX] L=64 states=1 -> 1
[DP-fwdX] L=48 states=1 -> 1
[DP-fwdX] L=48 states=1 -> 1
[DP-fwdX] L=48 states=1 -> 1
[DP-bwdX] L=64 states=1 -> 1
[DP-bwdX] L=64 states=1 -> 1
[DP-bwdX] L=64 states=1 -> 1
[RowSwapCTR] expand small 8x8 -> full 16x8  top_rows=4  bot_rows=4  ctr_rows=8  n_full=128
  [Round 86] T_prime=17  T_target=17  HPWL_w=480320  HPWL_eq=476  maxL=26  WNS(T')=-9  WNS*(T)=-9  picked=0  solve_ms=16.8115
[OC-Shortest/pow2] m=8 h=8 SEG=4 bits=32 words=1 threads=24
[DP-fwdX] L=0 states=1 -> 1
[DP-fwdX] L=16 states=141 -> 164
[DP-bwdX] L=64 states=1 -> 1
[DP-bwdX] L=48 states=141 -> 164
[DP-fwdX] L=0 states=1 -> 1
[DP-bwdX] L=32 states=1 -> 1
[DP-fwdX] L=0 states=1 -> 1
[DP-bwdX] L=16 states=1 -> 1
[DP-fwdX] L=0 states=1 -> 1
[DP-fwdX] L=0 states=1 -> 1
[DP-fwdX] L=0 states=1 -> 1
[DP-bwdX] L=16 states=1 -> 1
[DP-bwdX] L=16 states=1 -> 1
[DP-bwdX] L=16 states=1 -> 1
[DP-fwdX] L=16 states=1 -> 1
[DP-bwdX] L=32 states=1 -> 1
[DP-fwdX] L=16 states=1 -> 1
[DP-fwdX] L=16 states=1 -> 1
[DP-fwdX] L=16 states=1 -> 1
[DP-bwdX] L=32 states=1 -> 1
[DP-bwdX] L=32 states=1 -> 1
[DP-bwdX] L=32 states=1 -> 1
[DP-fwdX] L=32 states=1 -> 1
[DP-bwdX] L=64 states=1 -> 1
[DP-fwdX] L=32 states=1 -> 1
[DP-bwdX] L=48 states=1 -> 1
[DP-fwdX] L=32 states=1 -> 1
[DP-fwdX] L=32 states=1 -> 1
[DP-fwdX] L=32 states=1 -> 1
[DP-bwdX] L=48 states=1 -> 1
[DP-bwdX] L=48 states=1 -> 1
[DP-bwdX] L=48 states=1 -> 1
[DP-fwdX] L=48 states=1 -> 1
[DP-bwdX] L=64 states=1 -> 1
[DP-fwdX] L=48 states=1 -> 1
[DP-fwdX] L=48 states=1 -> 1
[DP-fwdX] L=48 states=1 -> 1
[DP-bwdX] L=64 states=1 -> 1
[DP-bwdX] L=64 states=1 -> 1
[DP-bwdX] L=64 states=1 -> 1
[RowSwapCTR] expand small 8x8 -> full 16x8  top_rows=4  bot_rows=4  ctr_rows=8  n_full=128
  [Round 87] T_prime=17  T_target=17  HPWL_w=480320  HPWL_eq=476  maxL=26  WNS(T')=-9  WNS*(T)=-9  picked=0  solve_ms=16.6497
[OC-Shortest/pow2] m=8 h=8 SEG=4 bits=32 words=1 threads=24
[DP-fwdX] L=0 states=1 -> 1
[DP-fwdX] L=16 states=141 -> 164
[DP-bwdX] L=64 states=1 -> 1
[DP-bwdX] L=48 states=141 -> 164
[DP-fwdX] L=0 states=1 -> 1
[DP-bwdX] L=32 states=1 -> 1
[DP-fwdX] L=0 states=1 -> 1
[DP-bwdX] L=16 states=1 -> 1
[DP-fwdX] L=0 states=1 -> 1
[DP-fwdX] L=0 states=1 -> 1
[DP-fwdX] L=0 states=1 -> 1
[DP-bwdX] L=16 states=1 -> 1
[DP-bwdX] L=16 states=1 -> 1
[DP-bwdX] L=16 states=1 -> 1
[DP-fwdX] L=16 states=1 -> 1
[DP-bwdX] L=32 states=1 -> 1
[DP-fwdX] L=16 states=1 -> 1
[DP-fwdX] L=16 states=1 -> 1
[DP-fwdX] L=16 states=1 -> 1
[DP-bwdX] L=32 states=1 -> 1
[DP-bwdX] L=32 states=1 -> 1
[DP-bwdX] L=32 states=1 -> 1
[DP-fwdX] L=32 states=1 -> 1
[DP-bwdX] L=64 states=1 -> 1
[DP-fwdX] L=32 states=1 -> 1
[DP-bwdX] L=48 states=1 -> 1
[DP-fwdX] L=32 states=1 -> 1
[DP-fwdX] L=32 states=1 -> 1
[DP-fwdX] L=32 states=1 -> 1
[DP-bwdX] L=48 states=1 -> 1
[DP-bwdX] L=48 states=1 -> 1
[DP-bwdX] L=48 states=1 -> 1
[DP-fwdX] L=48 states=1 -> 1
[DP-bwdX] L=64 states=1 -> 1
[DP-fwdX] L=48 states=1 -> 1
[DP-fwdX] L=48 states=1 -> 1
[DP-fwdX] L=48 states=1 -> 1
[DP-bwdX] L=64 states=1 -> 1
[DP-bwdX] L=64 states=1 -> 1
[DP-bwdX] L=64 states=1 -> 1
[RowSwapCTR] expand small 8x8 -> full 16x8  top_rows=4  bot_rows=4  ctr_rows=8  n_full=128
  [Round 88] T_prime=17  T_target=17  HPWL_w=480320  HPWL_eq=476  maxL=26  WNS(T')=-9  WNS*(T)=-9  picked=0  solve_ms=16.6455
[OC-Shortest/pow2] m=8 h=8 SEG=4 bits=32 words=1 threads=24
[DP-fwdX] L=0 states=1 -> 1
[DP-fwdX] L=16 states=141 -> 164
[DP-bwdX] L=64 states=1 -> 1
[DP-bwdX] L=48 states=141 -> 164
[DP-fwdX] L=0 states=1 -> 1
[DP-bwdX] L=32 states=1 -> 1
[DP-fwdX] L=0 states=1 -> 1
[DP-bwdX] L=16 states=1 -> 1
[DP-fwdX] L=0 states=1 -> 1
[DP-fwdX] L=0 states=1 -> 1
[DP-fwdX] L=0 states=1 -> 1
[DP-bwdX] L=16 states=1 -> 1
[DP-bwdX] L=16 states=1 -> 1
[DP-bwdX] L=16 states=1 -> 1
[DP-fwdX] L=16 states=1 -> 1
[DP-bwdX] L=32 states=1 -> 1
[DP-fwdX] L=16 states=1 -> 1
[DP-fwdX] L=16 states=1 -> 1
[DP-fwdX] L=16 states=1 -> 1
[DP-bwdX] L=32 states=1 -> 1
[DP-bwdX] L=32 states=1 -> 1
[DP-bwdX] L=32 states=1 -> 1
[DP-fwdX] L=32 states=1 -> 1
[DP-bwdX] L=64 states=1 -> 1
[DP-fwdX] L=32 states=1 -> 1
[DP-bwdX] L=48 states=1 -> 1
[DP-fwdX] L=32 states=1 -> 1
[DP-fwdX] L=32 states=1 -> 1
[DP-fwdX] L=32 states=1 -> 1
[DP-bwdX] L=48 states=1 -> 1
[DP-bwdX] L=48 states=1 -> 1
[DP-bwdX] L=48 states=1 -> 1
[DP-fwdX] L=48 states=1 -> 1
[DP-bwdX] L=64 states=1 -> 1
[DP-fwdX] L=48 states=1 -> 1
[DP-fwdX] L=48 states=1 -> 1
[DP-fwdX] L=48 states=1 -> 1
[DP-bwdX] L=64 states=1 -> 1
[DP-bwdX] L=64 states=1 -> 1
[DP-bwdX] L=64 states=1 -> 1
[RowSwapCTR] expand small 8x8 -> full 16x8  top_rows=4  bot_rows=4  ctr_rows=8  n_full=128
  [Round 89] T_prime=17  T_target=17  HPWL_w=480320  HPWL_eq=476  maxL=26  WNS(T')=-9  WNS*(T)=-9  picked=0  solve_ms=16.5566
[OC-Shortest/pow2] m=8 h=8 SEG=4 bits=32 words=1 threads=24
[DP-fwdX] L=0 states=1 -> 1
[DP-fwdX] L=16 states=141 -> 164
[DP-bwdX] L=64 states=1 -> 1
[DP-bwdX] L=48 states=141 -> 164
[DP-fwdX] L=0 states=1 -> 1
[DP-bwdX] L=32 states=1 -> 1
[DP-fwdX] L=0 states=1 -> 1
[DP-bwdX] L=16 states=1 -> 1
[DP-fwdX] L=0 states=1 -> 1
[DP-fwdX] L=0 states=1 -> 1
[DP-fwdX] L=0 states=1 -> 1
[DP-bwdX] L=16 states=1 -> 1
[DP-bwdX] L=16 states=1 -> 1
[DP-bwdX] L=16 states=1 -> 1
[DP-fwdX] L=16 states=1 -> 1
[DP-bwdX] L=32 states=1 -> 1
[DP-fwdX] L=16 states=1 -> 1
[DP-fwdX] L=16 states=1 -> 1
[DP-fwdX] L=16 states=1 -> 1
[DP-bwdX] L=32 states=1 -> 1
[DP-bwdX] L=32 states=1 -> 1
[DP-bwdX] L=32 states=1 -> 1
[DP-fwdX] L=32 states=1 -> 1
[DP-bwdX] L=64 states=1 -> 1
[DP-fwdX] L=32 states=1 -> 1
[DP-bwdX] L=48 states=1 -> 1
[DP-fwdX] L=32 states=1 -> 1
[DP-fwdX] L=32 states=1 -> 1
[DP-fwdX] L=32 states=1 -> 1
[DP-bwdX] L=48 states=1 -> 1
[DP-bwdX] L=48 states=1 -> 1
[DP-bwdX] L=48 states=1 -> 1
[DP-fwdX] L=48 states=1 -> 1
[DP-bwdX] L=64 states=1 -> 1
[DP-fwdX] L=48 states=1 -> 1
[DP-fwdX] L=48 states=1 -> 1
[DP-fwdX] L=48 states=1 -> 1
[DP-bwdX] L=64 states=1 -> 1
[DP-bwdX] L=64 states=1 -> 1
[DP-bwdX] L=64 states=1 -> 1
[RowSwapCTR] expand small 8x8 -> full 16x8  top_rows=4  bot_rows=4  ctr_rows=8  n_full=128
  [Round 90] T_prime=17  T_target=17  HPWL_w=480320  HPWL_eq=476  maxL=26  WNS(T')=-9  WNS*(T)=-9  picked=0  solve_ms=16.795
[OC-Shortest/pow2] m=8 h=8 SEG=4 bits=32 words=1 threads=24
[DP-fwdX] L=0 states=1 -> 1
[DP-fwdX] L=16 states=141 -> 164
[DP-bwdX] L=64 states=1 -> 1
[DP-bwdX] L=48 states=141 -> 164
[DP-fwdX] L=0 states=1 -> 1
[DP-bwdX] L=32 states=1 -> 1
[DP-fwdX] L=0 states=1 -> 1
[DP-bwdX] L=16 states=1 -> 1
[DP-fwdX] L=0 states=1 -> 1
[DP-fwdX] L=0 states=1 -> 1
[DP-fwdX] L=0 states=1 -> 1
[DP-bwdX] L=16 states=1 -> 1
[DP-bwdX] L=16 states=1 -> 1
[DP-bwdX] L=16 states=1 -> 1
[DP-fwdX] L=16 states=1 -> 1
[DP-bwdX] L=32 states=1 -> 1
[DP-fwdX] L=16 states=1 -> 1
[DP-fwdX] L=16 states=1 -> 1
[DP-fwdX] L=16 states=1 -> 1
[DP-bwdX] L=32 states=1 -> 1
[DP-bwdX] L=32 states=1 -> 1
[DP-bwdX] L=32 states=1 -> 1
[DP-fwdX] L=32 states=1 -> 1
[DP-bwdX] L=64 states=1 -> 1
[DP-fwdX] L=32 states=1 -> 1
[DP-bwdX] L=48 states=1 -> 1
[DP-fwdX] L=32 states=1 -> 1
[DP-fwdX] L=32 states=1 -> 1
[DP-fwdX] L=32 states=1 -> 1
[DP-bwdX] L=48 states=1 -> 1
[DP-bwdX] L=48 states=1 -> 1
[DP-bwdX] L=48 states=1 -> 1
[DP-fwdX] L=48 states=1 -> 1
[DP-bwdX] L=64 states=1 -> 1
[DP-fwdX] L=48 states=1 -> 1
[DP-fwdX] L=48 states=1 -> 1
[DP-fwdX] L=48 states=1 -> 1
[DP-bwdX] L=64 states=1 -> 1
[DP-bwdX] L=64 states=1 -> 1
[DP-bwdX] L=64 states=1 -> 1
[RowSwapCTR] expand small 8x8 -> full 16x8  top_rows=4  bot_rows=4  ctr_rows=8  n_full=128
  [Round 91] T_prime=17  T_target=17  HPWL_w=480320  HPWL_eq=476  maxL=26  WNS(T')=-9  WNS*(T)=-9  picked=0  solve_ms=16.8509
[OC-Shortest/pow2] m=8 h=8 SEG=4 bits=32 words=1 threads=24
[DP-fwdX] L=0 states=1 -> 1
[DP-fwdX] L=16 states=141 -> 164
[DP-bwdX] L=64 states=1 -> 1
[DP-bwdX] L=48 states=141 -> 164
[DP-fwdX] L=0 states=1 -> 1
[DP-bwdX] L=32 states=1 -> 1
[DP-fwdX] L=0 states=1 -> 1
[DP-bwdX] L=16 states=1 -> 1
[DP-fwdX] L=0 states=1 -> 1
[DP-fwdX] L=0 states=1 -> 1
[DP-fwdX] L=0 states=1 -> 1
[DP-bwdX] L=16 states=1 -> 1
[DP-bwdX] L=16 states=1 -> 1
[DP-bwdX] L=16 states=1 -> 1
[DP-fwdX] L=16 states=1 -> 1
[DP-bwdX] L=32 states=1 -> 1
[DP-fwdX] L=16 states=1 -> 1
[DP-fwdX] L=16 states=1 -> 1
[DP-fwdX] L=16 states=1 -> 1
[DP-bwdX] L=32 states=1 -> 1
[DP-bwdX] L=32 states=1 -> 1
[DP-bwdX] L=32 states=1 -> 1
[DP-fwdX] L=32 states=1 -> 1
[DP-bwdX] L=64 states=1 -> 1
[DP-fwdX] L=32 states=1 -> 1
[DP-bwdX] L=48 states=1 -> 1
[DP-fwdX] L=32 states=1 -> 1
[DP-fwdX] L=32 states=1 -> 1
[DP-fwdX] L=32 states=1 -> 1
[DP-bwdX] L=48 states=1 -> 1
[DP-bwdX] L=48 states=1 -> 1
[DP-bwdX] L=48 states=1 -> 1
[DP-fwdX] L=48 states=1 -> 1
[DP-bwdX] L=64 states=1 -> 1
[DP-fwdX] L=48 states=1 -> 1
[DP-fwdX] L=48 states=1 -> 1
[DP-fwdX] L=48 states=1 -> 1
[DP-bwdX] L=64 states=1 -> 1
[DP-bwdX] L=64 states=1 -> 1
[DP-bwdX] L=64 states=1 -> 1
[RowSwapCTR] expand small 8x8 -> full 16x8  top_rows=4  bot_rows=4  ctr_rows=8  n_full=128
  [Round 92] T_prime=17  T_target=17  HPWL_w=480320  HPWL_eq=476  maxL=26  WNS(T')=-9  WNS*(T)=-9  picked=0  solve_ms=16.6291
[OC-Shortest/pow2] m=8 h=8 SEG=4 bits=32 words=1 threads=24
[DP-fwdX] L=0 states=1 -> 1
[DP-fwdX] L=16 states=141 -> 164
[DP-bwdX] L=64 states=1 -> 1
[DP-bwdX] L=48 states=141 -> 164
[DP-fwdX] L=0 states=1 -> 1
[DP-bwdX] L=32 states=1 -> 1
[DP-fwdX] L=0 states=1 -> 1
[DP-bwdX] L=16 states=1 -> 1
[DP-fwdX] L=0 states=1 -> 1
[DP-fwdX] L=0 states=1 -> 1
[DP-fwdX] L=0 states=1 -> 1
[DP-bwdX] L=16 states=1 -> 1
[DP-bwdX] L=16 states=1 -> 1
[DP-bwdX] L=16 states=1 -> 1
[DP-fwdX] L=16 states=1 -> 1
[DP-bwdX] L=32 states=1 -> 1
[DP-fwdX] L=16 states=1 -> 1
[DP-fwdX] L=16 states=1 -> 1
[DP-fwdX] L=16 states=1 -> 1
[DP-bwdX] L=32 states=1 -> 1
[DP-bwdX] L=32 states=1 -> 1
[DP-bwdX] L=32 states=1 -> 1
[DP-fwdX] L=32 states=1 -> 1
[DP-bwdX] L=64 states=1 -> 1
[DP-fwdX] L=32 states=1 -> 1
[DP-bwdX] L=48 states=1 -> 1
[DP-fwdX] L=32 states=1 -> 1
[DP-fwdX] L=32 states=1 -> 1
[DP-fwdX] L=32 states=1 -> 1
[DP-bwdX] L=48 states=1 -> 1
[DP-bwdX] L=48 states=1 -> 1
[DP-bwdX] L=48 states=1 -> 1
[DP-fwdX] L=48 states=1 -> 1
[DP-bwdX] L=64 states=1 -> 1
[DP-fwdX] L=48 states=1 -> 1
[DP-fwdX] L=48 states=1 -> 1
[DP-fwdX] L=48 states=1 -> 1
[DP-bwdX] L=64 states=1 -> 1
[DP-bwdX] L=64 states=1 -> 1
[DP-bwdX] L=64 states=1 -> 1
[RowSwapCTR] expand small 8x8 -> full 16x8  top_rows=4  bot_rows=4  ctr_rows=8  n_full=128
  [Round 93] T_prime=17  T_target=17  HPWL_w=480320  HPWL_eq=476  maxL=26  WNS(T')=-9  WNS*(T)=-9  picked=0  solve_ms=16.6436
[OC-Shortest/pow2] m=8 h=8 SEG=4 bits=32 words=1 threads=24
[DP-fwdX] L=0 states=1 -> 1
[DP-fwdX] L=16 states=141 -> 164
[DP-bwdX] L=64 states=1 -> 1
[DP-bwdX] L=48 states=141 -> 164
[DP-fwdX] L=0 states=1 -> 1
[DP-bwdX] L=32 states=1 -> 1
[DP-fwdX] L=0 states=1 -> 1
[DP-bwdX] L=16 states=1 -> 1
[DP-fwdX] L=0 states=1 -> 1
[DP-fwdX] L=0 states=1 -> 1
[DP-fwdX] L=0 states=1 -> 1
[DP-bwdX] L=16 states=1 -> 1
[DP-bwdX] L=16 states=1 -> 1
[DP-bwdX] L=16 states=1 -> 1
[DP-fwdX] L=16 states=1 -> 1
[DP-bwdX] L=32 states=1 -> 1
[DP-fwdX] L=16 states=1 -> 1
[DP-fwdX] L=16 states=1 -> 1
[DP-fwdX] L=16 states=1 -> 1
[DP-bwdX] L=32 states=1 -> 1
[DP-bwdX] L=32 states=1 -> 1
[DP-bwdX] L=32 states=1 -> 1
[DP-fwdX] L=32 states=1 -> 1
[DP-bwdX] L=64 states=1 -> 1
[DP-fwdX] L=32 states=1 -> 1
[DP-bwdX] L=48 states=1 -> 1
[DP-fwdX] L=32 states=1 -> 1
[DP-fwdX] L=32 states=1 -> 1
[DP-fwdX] L=32 states=1 -> 1
[DP-bwdX] L=48 states=1 -> 1
[DP-bwdX] L=48 states=1 -> 1
[DP-bwdX] L=48 states=1 -> 1
[DP-fwdX] L=48 states=1 -> 1
[DP-bwdX] L=64 states=1 -> 1
[DP-fwdX] L=48 states=1 -> 1
[DP-fwdX] L=48 states=1 -> 1
[DP-fwdX] L=48 states=1 -> 1
[DP-bwdX] L=64 states=1 -> 1
[DP-bwdX] L=64 states=1 -> 1
[DP-bwdX] L=64 states=1 -> 1
[RowSwapCTR] expand small 8x8 -> full 16x8  top_rows=4  bot_rows=4  ctr_rows=8  n_full=128
  [Round 94] T_prime=17  T_target=17  HPWL_w=480320  HPWL_eq=476  maxL=26  WNS(T')=-9  WNS*(T)=-9  picked=0  solve_ms=16.644
[OC-Shortest/pow2] m=8 h=8 SEG=4 bits=32 words=1 threads=24
[DP-fwdX] L=0 states=1 -> 1
[DP-fwdX] L=16 states=141 -> 164
[DP-bwdX] L=64 states=1 -> 1
[DP-bwdX] L=48 states=141 -> 164
[DP-fwdX] L=0 states=1 -> 1
[DP-bwdX] L=32 states=1 -> 1
[DP-fwdX] L=0 states=1 -> 1
[DP-bwdX] L=16 states=1 -> 1
[DP-fwdX] L=0 states=1 -> 1
[DP-fwdX] L=0 states=1 -> 1
[DP-fwdX] L=0 states=1 -> 1
[DP-bwdX] L=16 states=1 -> 1
[DP-bwdX] L=16 states=1 -> 1
[DP-bwdX] L=16 states=1 -> 1
[DP-fwdX] L=16 states=1 -> 1
[DP-bwdX] L=32 states=1 -> 1
[DP-fwdX] L=16 states=1 -> 1
[DP-fwdX] L=16 states=1 -> 1
[DP-fwdX] L=16 states=1 -> 1
[DP-bwdX] L=32 states=1 -> 1
[DP-bwdX] L=32 states=1 -> 1
[DP-bwdX] L=32 states=1 -> 1
[DP-fwdX] L=32 states=1 -> 1
[DP-bwdX] L=64 states=1 -> 1
[DP-fwdX] L=32 states=1 -> 1
[DP-bwdX] L=48 states=1 -> 1
[DP-fwdX] L=32 states=1 -> 1
[DP-fwdX] L=32 states=1 -> 1
[DP-fwdX] L=32 states=1 -> 1
[DP-bwdX] L=48 states=1 -> 1
[DP-bwdX] L=48 states=1 -> 1
[DP-bwdX] L=48 states=1 -> 1
[DP-fwdX] L=48 states=1 -> 1
[DP-bwdX] L=64 states=1 -> 1
[DP-fwdX] L=48 states=1 -> 1
[DP-fwdX] L=48 states=1 -> 1
[DP-fwdX] L=48 states=1 -> 1
[DP-bwdX] L=64 states=1 -> 1
[DP-bwdX] L=64 states=1 -> 1
[DP-bwdX] L=64 states=1 -> 1
[RowSwapCTR] expand small 8x8 -> full 16x8  top_rows=4  bot_rows=4  ctr_rows=8  n_full=128
  [Round 95] T_prime=17  T_target=17  HPWL_w=480320  HPWL_eq=476  maxL=26  WNS(T')=-9  WNS*(T)=-9  picked=0  solve_ms=16.6784
[OC-Shortest/pow2] m=8 h=8 SEG=4 bits=32 words=1 threads=24
[DP-fwdX] L=0 states=1 -> 1
[DP-fwdX] L=16 states=141 -> 164
[DP-bwdX] L=64 states=1 -> 1
[DP-bwdX] L=48 states=141 -> 164
[DP-fwdX] L=0 states=1 -> 1
[DP-bwdX] L=32 states=1 -> 1
[DP-fwdX] L=0 states=1 -> 1
[DP-bwdX] L=16 states=1 -> 1
[DP-fwdX] L=0 states=1 -> 1
[DP-fwdX] L=0 states=1 -> 1
[DP-fwdX] L=0 states=1 -> 1
[DP-bwdX] L=16 states=1 -> 1
[DP-bwdX] L=16 states=1 -> 1
[DP-bwdX] L=16 states=1 -> 1
[DP-fwdX] L=16 states=1 -> 1
[DP-bwdX] L=32 states=1 -> 1
[DP-fwdX] L=16 states=1 -> 1
[DP-fwdX] L=16 states=1 -> 1
[DP-fwdX] L=16 states=1 -> 1
[DP-bwdX] L=32 states=1 -> 1
[DP-bwdX] L=32 states=1 -> 1
[DP-bwdX] L=32 states=1 -> 1
[DP-fwdX] L=32 states=1 -> 1
[DP-bwdX] L=64 states=1 -> 1
[DP-fwdX] L=32 states=1 -> 1
[DP-bwdX] L=48 states=1 -> 1
[DP-fwdX] L=32 states=1 -> 1
[DP-fwdX] L=32 states=1 -> 1
[DP-fwdX] L=32 states=1 -> 1
[DP-bwdX] L=48 states=1 -> 1
[DP-bwdX] L=48 states=1 -> 1
[DP-bwdX] L=48 states=1 -> 1
[DP-fwdX] L=48 states=1 -> 1
[DP-bwdX] L=64 states=1 -> 1
[DP-fwdX] L=48 states=1 -> 1
[DP-fwdX] L=48 states=1 -> 1
[DP-fwdX] L=48 states=1 -> 1
[DP-bwdX] L=64 states=1 -> 1
[DP-bwdX] L=64 states=1 -> 1
[DP-bwdX] L=64 states=1 -> 1
[RowSwapCTR] expand small 8x8 -> full 16x8  top_rows=4  bot_rows=4  ctr_rows=8  n_full=128
  [Round 96] T_prime=17  T_target=17  HPWL_w=480320  HPWL_eq=476  maxL=26  WNS(T')=-9  WNS*(T)=-9  picked=0  solve_ms=16.7236
[OC-Shortest/pow2] m=8 h=8 SEG=4 bits=32 words=1 threads=24
[DP-fwdX] L=0 states=1 -> 1
[DP-fwdX] L=16 states=141 -> 164
[DP-bwdX] L=64 states=1 -> 1
[DP-bwdX] L=48 states=141 -> 164
[DP-fwdX] L=0 states=1 -> 1
[DP-bwdX] L=32 states=1 -> 1
[DP-fwdX] L=0 states=1 -> 1
[DP-bwdX] L=16 states=1 -> 1
[DP-fwdX] L=0 states=1 -> 1
[DP-fwdX] L=0 states=1 -> 1
[DP-fwdX] L=0 states=1 -> 1
[DP-bwdX] L=16 states=1 -> 1
[DP-bwdX] L=16 states=1 -> 1
[DP-bwdX] L=16 states=1 -> 1
[DP-fwdX] L=16 states=1 -> 1
[DP-bwdX] L=32 states=1 -> 1
[DP-fwdX] L=16 states=1 -> 1
[DP-fwdX] L=16 states=1 -> 1
[DP-fwdX] L=16 states=1 -> 1
[DP-bwdX] L=32 states=1 -> 1
[DP-bwdX] L=32 states=1 -> 1
[DP-bwdX] L=32 states=1 -> 1
[DP-fwdX] L=32 states=1 -> 1
[DP-bwdX] L=64 states=1 -> 1
[DP-fwdX] L=32 states=1 -> 1
[DP-bwdX] L=48 states=1 -> 1
[DP-fwdX] L=32 states=1 -> 1
[DP-fwdX] L=32 states=1 -> 1
[DP-fwdX] L=32 states=1 -> 1
[DP-bwdX] L=48 states=1 -> 1
[DP-bwdX] L=48 states=1 -> 1
[DP-bwdX] L=48 states=1 -> 1
[DP-fwdX] L=48 states=1 -> 1
[DP-bwdX] L=64 states=1 -> 1
[DP-fwdX] L=48 states=1 -> 1
[DP-fwdX] L=48 states=1 -> 1
[DP-fwdX] L=48 states=1 -> 1
[DP-bwdX] L=64 states=1 -> 1
[DP-bwdX] L=64 states=1 -> 1
[DP-bwdX] L=64 states=1 -> 1
[RowSwapCTR] expand small 8x8 -> full 16x8  top_rows=4  bot_rows=4  ctr_rows=8  n_full=128
  [Round 97] T_prime=17  T_target=17  HPWL_w=480320  HPWL_eq=476  maxL=26  WNS(T')=-9  WNS*(T)=-9  picked=0  solve_ms=16.6853
[OC-Shortest/pow2] m=8 h=8 SEG=4 bits=32 words=1 threads=24
[DP-fwdX] L=0 states=1 -> 1
[DP-fwdX] L=16 states=141 -> 164
[DP-bwdX] L=64 states=1 -> 1
[DP-bwdX] L=48 states=141 -> 164
[DP-fwdX] L=0 states=1 -> 1
[DP-bwdX] L=32 states=1 -> 1
[DP-fwdX] L=0 states=1 -> 1
[DP-bwdX] L=16 states=1 -> 1
[DP-fwdX] L=0 states=1 -> 1
[DP-fwdX] L=0 states=1 -> 1
[DP-fwdX] L=0 states=1 -> 1
[DP-bwdX] L=16 states=1 -> 1
[DP-bwdX] L=16 states=1 -> 1
[DP-bwdX] L=16 states=1 -> 1
[DP-fwdX] L=16 states=1 -> 1
[DP-bwdX] L=32 states=1 -> 1
[DP-fwdX] L=16 states=1 -> 1
[DP-fwdX] L=16 states=1 -> 1
[DP-fwdX] L=16 states=1 -> 1
[DP-bwdX] L=32 states=1 -> 1
[DP-bwdX] L=32 states=1 -> 1
[DP-bwdX] L=32 states=1 -> 1
[DP-fwdX] L=32 states=1 -> 1
[DP-bwdX] L=64 states=1 -> 1
[DP-fwdX] L=32 states=1 -> 1
[DP-bwdX] L=48 states=1 -> 1
[DP-fwdX] L=32 states=1 -> 1
[DP-fwdX] L=32 states=1 -> 1
[DP-fwdX] L=32 states=1 -> 1
[DP-bwdX] L=48 states=1 -> 1
[DP-bwdX] L=48 states=1 -> 1
[DP-bwdX] L=48 states=1 -> 1
[DP-fwdX] L=48 states=1 -> 1
[DP-bwdX] L=64 states=1 -> 1
[DP-fwdX] L=48 states=1 -> 1
[DP-fwdX] L=48 states=1 -> 1
[DP-fwdX] L=48 states=1 -> 1
[DP-bwdX] L=64 states=1 -> 1
[DP-bwdX] L=64 states=1 -> 1
[DP-bwdX] L=64 states=1 -> 1
[RowSwapCTR] expand small 8x8 -> full 16x8  top_rows=4  bot_rows=4  ctr_rows=8  n_full=128
  [Round 98] T_prime=17  T_target=17  HPWL_w=480320  HPWL_eq=476  maxL=26  WNS(T')=-9  WNS*(T)=-9  picked=0  solve_ms=16.8974
[OC-Shortest/pow2] m=8 h=8 SEG=4 bits=32 words=1 threads=24
[DP-fwdX] L=0 states=1 -> 1
[DP-fwdX] L=16 states=141 -> 164
[DP-bwdX] L=64 states=1 -> 1
[DP-bwdX] L=48 states=141 -> 164
[DP-fwdX] L=0 states=1 -> 1
[DP-bwdX] L=32 states=1 -> 1
[DP-fwdX] L=0 states=1 -> 1
[DP-bwdX] L=16 states=1 -> 1
[DP-fwdX] L=0 states=1 -> 1
[DP-fwdX] L=0 states=1 -> 1
[DP-fwdX] L=0 states=1 -> 1
[DP-bwdX] L=16 states=1 -> 1
[DP-bwdX] L=16 states=1 -> 1
[DP-bwdX] L=16 states=1 -> 1
[DP-fwdX] L=16 states=1 -> 1
[DP-bwdX] L=32 states=1 -> 1
[DP-fwdX] L=16 states=1 -> 1
[DP-fwdX] L=16 states=1 -> 1
[DP-fwdX] L=16 states=1 -> 1
[DP-bwdX] L=32 states=1 -> 1
[DP-bwdX] L=32 states=1 -> 1
[DP-bwdX] L=32 states=1 -> 1
[DP-fwdX] L=32 states=1 -> 1
[DP-bwdX] L=64 states=1 -> 1
[DP-fwdX] L=32 states=1 -> 1
[DP-bwdX] L=48 states=1 -> 1
[DP-fwdX] L=32 states=1 -> 1
[DP-fwdX] L=32 states=1 -> 1
[DP-fwdX] L=32 states=1 -> 1
[DP-bwdX] L=48 states=1 -> 1
[DP-bwdX] L=48 states=1 -> 1
[DP-bwdX] L=48 states=1 -> 1
[DP-fwdX] L=48 states=1 -> 1
[DP-bwdX] L=64 states=1 -> 1
[DP-fwdX] L=48 states=1 -> 1
[DP-fwdX] L=48 states=1 -> 1
[DP-fwdX] L=48 states=1 -> 1
[DP-bwdX] L=64 states=1 -> 1
[DP-bwdX] L=64 states=1 -> 1
[DP-bwdX] L=64 states=1 -> 1
[RowSwapCTR] expand small 8x8 -> full 16x8  top_rows=4  bot_rows=4  ctr_rows=8  n_full=128
  [Round 99] T_prime=17  T_target=17  HPWL_w=480320  HPWL_eq=476  maxL=26  WNS(T')=-9  WNS*(T)=-9  picked=0  solve_ms=16.752
[OC-Shortest/pow2] m=8 h=8 SEG=4 bits=32 words=1 threads=24
[DP-fwdX] L=0 states=1 -> 1
[DP-fwdX] L=16 states=141 -> 164
[DP-bwdX] L=64 states=1 -> 1
[DP-bwdX] L=48 states=141 -> 164
[DP-fwdX] L=0 states=1 -> 1
[DP-bwdX] L=32 states=1 -> 1
[DP-fwdX] L=0 states=1 -> 1
[DP-bwdX] L=16 states=1 -> 1
[DP-fwdX] L=0 states=1 -> 1
[DP-fwdX] L=0 states=1 -> 1
[DP-fwdX] L=0 states=1 -> 1
[DP-bwdX] L=16 states=1 -> 1
[DP-bwdX] L=16 states=1 -> 1
[DP-bwdX] L=16 states=1 -> 1
[DP-fwdX] L=16 states=1 -> 1
[DP-bwdX] L=32 states=1 -> 1
[DP-fwdX] L=16 states=1 -> 1
[DP-fwdX] L=16 states=1 -> 1
[DP-fwdX] L=16 states=1 -> 1
[DP-bwdX] L=32 states=1 -> 1
[DP-bwdX] L=32 states=1 -> 1
[DP-bwdX] L=32 states=1 -> 1
[DP-fwdX] L=32 states=1 -> 1
[DP-bwdX] L=64 states=1 -> 1
[DP-fwdX] L=32 states=1 -> 1
[DP-bwdX] L=48 states=1 -> 1
[DP-fwdX] L=32 states=1 -> 1
[DP-fwdX] L=32 states=1 -> 1
[DP-fwdX] L=32 states=1 -> 1
[DP-bwdX] L=48 states=1 -> 1
[DP-bwdX] L=48 states=1 -> 1
[DP-bwdX] L=48 states=1 -> 1
[DP-fwdX] L=48 states=1 -> 1
[DP-bwdX] L=64 states=1 -> 1
[DP-fwdX] L=48 states=1 -> 1
[DP-fwdX] L=48 states=1 -> 1
[DP-fwdX] L=48 states=1 -> 1
[DP-bwdX] L=64 states=1 -> 1
[DP-bwdX] L=64 states=1 -> 1
[DP-bwdX] L=64 states=1 -> 1
[RowSwapCTR] expand small 8x8 -> full 16x8  top_rows=4  bot_rows=4  ctr_rows=8  n_full=128
  [Round 100] T_prime=17  T_target=17  HPWL_w=480320  HPWL_eq=476  maxL=26  WNS(T')=-9  WNS*(T)=-9  picked=0  solve_ms=16.8157
[OC-Shortest/pow2] m=8 h=8 SEG=4 bits=32 words=1 threads=24
[DP-fwdX] L=0 states=1 -> 1
[DP-fwdX] L=16 states=141 -> 164
[DP-bwdX] L=64 states=1 -> 1
[DP-bwdX] L=48 states=141 -> 164
[DP-fwdX] L=0 states=1 -> 1
[DP-bwdX] L=32 states=1 -> 1
[DP-fwdX] L=0 states=1 -> 1
[DP-bwdX] L=16 states=1 -> 1
[DP-fwdX] L=0 states=1 -> 1
[DP-fwdX] L=0 states=1 -> 1
[DP-fwdX] L=0 states=1 -> 1
[DP-bwdX] L=16 states=1 -> 1
[DP-bwdX] L=16 states=1 -> 1
[DP-bwdX] L=16 states=1 -> 1
[DP-fwdX] L=16 states=1 -> 1
[DP-bwdX] L=32 states=1 -> 1
[DP-fwdX] L=16 states=1 -> 1
[DP-fwdX] L=16 states=1 -> 1
[DP-fwdX] L=16 states=1 -> 1
[DP-bwdX] L=32 states=1 -> 1
[DP-bwdX] L=32 states=1 -> 1
[DP-bwdX] L=32 states=1 -> 1
[DP-fwdX] L=32 states=1 -> 1
[DP-bwdX] L=64 states=1 -> 1
[DP-fwdX] L=32 states=1 -> 1
[DP-bwdX] L=48 states=1 -> 1
[DP-fwdX] L=32 states=1 -> 1
[DP-fwdX] L=32 states=1 -> 1
[DP-fwdX] L=32 states=1 -> 1
[DP-bwdX] L=48 states=1 -> 1
[DP-bwdX] L=48 states=1 -> 1
[DP-bwdX] L=48 states=1 -> 1
[DP-fwdX] L=48 states=1 -> 1
[DP-bwdX] L=64 states=1 -> 1
[DP-fwdX] L=48 states=1 -> 1
[DP-fwdX] L=48 states=1 -> 1
[DP-fwdX] L=48 states=1 -> 1
[DP-bwdX] L=64 states=1 -> 1
[DP-bwdX] L=64 states=1 -> 1
[DP-bwdX] L=64 states=1 -> 1
[RowSwapCTR] expand small 8x8 -> full 16x8  top_rows=4  bot_rows=4  ctr_rows=8  n_full=128
  [Round 101] T_prime=17  T_target=17  HPWL_w=480320  HPWL_eq=476  maxL=26  WNS(T')=-9  WNS*(T)=-9  picked=0  solve_ms=16.9183
[OC-Shortest/pow2] m=8 h=8 SEG=4 bits=32 words=1 threads=24
[DP-fwdX] L=0 states=1 -> 1
[DP-fwdX] L=16 states=141 -> 164
[DP-bwdX] L=64 states=1 -> 1
[DP-bwdX] L=48 states=141 -> 164
[DP-fwdX] L=0 states=1 -> 1
[DP-bwdX] L=32 states=1 -> 1
[DP-fwdX] L=0 states=1 -> 1
[DP-bwdX] L=16 states=1 -> 1
[DP-fwdX] L=0 states=1 -> 1
[DP-fwdX] L=0 states=1 -> 1
[DP-fwdX] L=0 states=1 -> 1
[DP-bwdX] L=16 states=1 -> 1
[DP-bwdX] L=16 states=1 -> 1
[DP-bwdX] L=16 states=1 -> 1
[DP-fwdX] L=16 states=1 -> 1
[DP-bwdX] L=32 states=1 -> 1
[DP-fwdX] L=16 states=1 -> 1
[DP-fwdX] L=16 states=1 -> 1
[DP-fwdX] L=16 states=1 -> 1
[DP-bwdX] L=32 states=1 -> 1
[DP-bwdX] L=32 states=1 -> 1
[DP-bwdX] L=32 states=1 -> 1
[DP-fwdX] L=32 states=1 -> 1
[DP-bwdX] L=64 states=1 -> 1
[DP-fwdX] L=32 states=1 -> 1
[DP-bwdX] L=48 states=1 -> 1
[DP-fwdX] L=32 states=1 -> 1
[DP-fwdX] L=32 states=1 -> 1
[DP-fwdX] L=32 states=1 -> 1
[DP-bwdX] L=48 states=1 -> 1
[DP-bwdX] L=48 states=1 -> 1
[DP-bwdX] L=48 states=1 -> 1
[DP-fwdX] L=48 states=1 -> 1
[DP-bwdX] L=64 states=1 -> 1
[DP-fwdX] L=48 states=1 -> 1
[DP-fwdX] L=48 states=1 -> 1
[DP-fwdX] L=48 states=1 -> 1
[DP-bwdX] L=64 states=1 -> 1
[DP-bwdX] L=64 states=1 -> 1
[DP-bwdX] L=64 states=1 -> 1
[RowSwapCTR] expand small 8x8 -> full 16x8  top_rows=4  bot_rows=4  ctr_rows=8  n_full=128
  [Round 102] T_prime=17  T_target=17  HPWL_w=480320  HPWL_eq=476  maxL=26  WNS(T')=-9  WNS*(T)=-9  picked=0  solve_ms=16.7605
[OC-Shortest/pow2] m=8 h=8 SEG=4 bits=32 words=1 threads=24
[DP-fwdX] L=0 states=1 -> 1
[DP-fwdX] L=16 states=141 -> 164
[DP-bwdX] L=64 states=1 -> 1
[DP-bwdX] L=48 states=141 -> 164
[DP-fwdX] L=0 states=1 -> 1
[DP-bwdX] L=32 states=1 -> 1
[DP-fwdX] L=0 states=1 -> 1
[DP-bwdX] L=16 states=1 -> 1
[DP-fwdX] L=0 states=1 -> 1
[DP-fwdX] L=0 states=1 -> 1
[DP-fwdX] L=0 states=1 -> 1
[DP-bwdX] L=16 states=1 -> 1
[DP-bwdX] L=16 states=1 -> 1
[DP-bwdX] L=16 states=1 -> 1
[DP-fwdX] L=16 states=1 -> 1
[DP-bwdX] L=32 states=1 -> 1
[DP-fwdX] L=16 states=1 -> 1
[DP-fwdX] L=16 states=1 -> 1
[DP-fwdX] L=16 states=1 -> 1
[DP-bwdX] L=32 states=1 -> 1
[DP-bwdX] L=32 states=1 -> 1
[DP-bwdX] L=32 states=1 -> 1
[DP-fwdX] L=32 states=1 -> 1
[DP-bwdX] L=64 states=1 -> 1
[DP-fwdX] L=32 states=1 -> 1
[DP-bwdX] L=48 states=1 -> 1
[DP-fwdX] L=32 states=1 -> 1
[DP-fwdX] L=32 states=1 -> 1
[DP-fwdX] L=32 states=1 -> 1
[DP-bwdX] L=48 states=1 -> 1
[DP-bwdX] L=48 states=1 -> 1
[DP-bwdX] L=48 states=1 -> 1
[DP-fwdX] L=48 states=1 -> 1
[DP-bwdX] L=64 states=1 -> 1
[DP-fwdX] L=48 states=1 -> 1
[DP-fwdX] L=48 states=1 -> 1
[DP-fwdX] L=48 states=1 -> 1
[DP-bwdX] L=64 states=1 -> 1
[DP-bwdX] L=64 states=1 -> 1
[DP-bwdX] L=64 states=1 -> 1
[RowSwapCTR] expand small 8x8 -> full 16x8  top_rows=4  bot_rows=4  ctr_rows=8  n_full=128
  [Round 103] T_prime=17  T_target=17  HPWL_w=480320  HPWL_eq=476  maxL=26  WNS(T')=-9  WNS*(T)=-9  picked=0  solve_ms=16.7177
[OC-Shortest/pow2] m=8 h=8 SEG=4 bits=32 words=1 threads=24
[DP-fwdX] L=0 states=1 -> 1
[DP-fwdX] L=16 states=141 -> 164
[DP-bwdX] L=64 states=1 -> 1
[DP-bwdX] L=48 states=141 -> 164
[DP-fwdX] L=0 states=1 -> 1
[DP-bwdX] L=32 states=1 -> 1
[DP-fwdX] L=0 states=1 -> 1
[DP-bwdX] L=16 states=1 -> 1
[DP-fwdX] L=0 states=1 -> 1
[DP-fwdX] L=0 states=1 -> 1
[DP-fwdX] L=0 states=1 -> 1
[DP-bwdX] L=16 states=1 -> 1
[DP-bwdX] L=16 states=1 -> 1
[DP-bwdX] L=16 states=1 -> 1
[DP-fwdX] L=16 states=1 -> 1
[DP-bwdX] L=32 states=1 -> 1
[DP-fwdX] L=16 states=1 -> 1
[DP-fwdX] L=16 states=1 -> 1
[DP-fwdX] L=16 states=1 -> 1
[DP-bwdX] L=32 states=1 -> 1
[DP-bwdX] L=32 states=1 -> 1
[DP-bwdX] L=32 states=1 -> 1
[DP-fwdX] L=32 states=1 -> 1
[DP-bwdX] L=64 states=1 -> 1
[DP-fwdX] L=32 states=1 -> 1
[DP-bwdX] L=48 states=1 -> 1
[DP-fwdX] L=32 states=1 -> 1
[DP-fwdX] L=32 states=1 -> 1
[DP-fwdX] L=32 states=1 -> 1
[DP-bwdX] L=48 states=1 -> 1
[DP-bwdX] L=48 states=1 -> 1
[DP-bwdX] L=48 states=1 -> 1
[DP-fwdX] L=48 states=1 -> 1
[DP-bwdX] L=64 states=1 -> 1
[DP-fwdX] L=48 states=1 -> 1
[DP-fwdX] L=48 states=1 -> 1
[DP-fwdX] L=48 states=1 -> 1
[DP-bwdX] L=64 states=1 -> 1
[DP-bwdX] L=64 states=1 -> 1
[DP-bwdX] L=64 states=1 -> 1
[RowSwapCTR] expand small 8x8 -> full 16x8  top_rows=4  bot_rows=4  ctr_rows=8  n_full=128
  [Round 104] T_prime=17  T_target=17  HPWL_w=480320  HPWL_eq=476  maxL=26  WNS(T')=-9  WNS*(T)=-9  picked=0  solve_ms=16.6495
[OC-Shortest/pow2] m=8 h=8 SEG=4 bits=32 words=1 threads=24
[DP-fwdX] L=0 states=1 -> 1
[DP-fwdX] L=16 states=141 -> 164
[DP-bwdX] L=64 states=1 -> 1
[DP-bwdX] L=48 states=141 -> 164
[DP-fwdX] L=0 states=1 -> 1
[DP-bwdX] L=32 states=1 -> 1
[DP-fwdX] L=0 states=1 -> 1
[DP-bwdX] L=16 states=1 -> 1
[DP-fwdX] L=0 states=1 -> 1
[DP-fwdX] L=0 states=1 -> 1
[DP-fwdX] L=0 states=1 -> 1
[DP-bwdX] L=16 states=1 -> 1
[DP-bwdX] L=16 states=1 -> 1
[DP-bwdX] L=16 states=1 -> 1
[DP-fwdX] L=16 states=1 -> 1
[DP-bwdX] L=32 states=1 -> 1
[DP-fwdX] L=16 states=1 -> 1
[DP-fwdX] L=16 states=1 -> 1
[DP-fwdX] L=16 states=1 -> 1
[DP-bwdX] L=32 states=1 -> 1
[DP-bwdX] L=32 states=1 -> 1
[DP-bwdX] L=32 states=1 -> 1
[DP-fwdX] L=32 states=1 -> 1
[DP-bwdX] L=64 states=1 -> 1
[DP-fwdX] L=32 states=1 -> 1
[DP-bwdX] L=48 states=1 -> 1
[DP-fwdX] L=32 states=1 -> 1
[DP-fwdX] L=32 states=1 -> 1
[DP-fwdX] L=32 states=1 -> 1
[DP-bwdX] L=48 states=1 -> 1
[DP-bwdX] L=48 states=1 -> 1
[DP-bwdX] L=48 states=1 -> 1
[DP-fwdX] L=48 states=1 -> 1
[DP-bwdX] L=64 states=1 -> 1
[DP-fwdX] L=48 states=1 -> 1
[DP-fwdX] L=48 states=1 -> 1
[DP-fwdX] L=48 states=1 -> 1
[DP-bwdX] L=64 states=1 -> 1
[DP-bwdX] L=64 states=1 -> 1
[DP-bwdX] L=64 states=1 -> 1
[RowSwapCTR] expand small 8x8 -> full 16x8  top_rows=4  bot_rows=4  ctr_rows=8  n_full=128
  [Round 105] T_prime=17  T_target=17  HPWL_w=480320  HPWL_eq=476  maxL=26  WNS(T')=-9  WNS*(T)=-9  picked=0  solve_ms=16.6841
[OC-Shortest/pow2] m=8 h=8 SEG=4 bits=32 words=1 threads=24
[DP-fwdX] L=0 states=1 -> 1
[DP-fwdX] L=16 states=141 -> 164
[DP-bwdX] L=64 states=1 -> 1
[DP-bwdX] L=48 states=141 -> 164
[DP-fwdX] L=0 states=1 -> 1
[DP-bwdX] L=32 states=1 -> 1
[DP-fwdX] L=0 states=1 -> 1
[DP-bwdX] L=16 states=1 -> 1
[DP-fwdX] L=0 states=1 -> 1
[DP-fwdX] L=0 states=1 -> 1
[DP-fwdX] L=0 states=1 -> 1
[DP-bwdX] L=16 states=1 -> 1
[DP-bwdX] L=16 states=1 -> 1
[DP-bwdX] L=16 states=1 -> 1
[DP-fwdX] L=16 states=1 -> 1
[DP-bwdX] L=32 states=1 -> 1
[DP-fwdX] L=16 states=1 -> 1
[DP-fwdX] L=16 states=1 -> 1
[DP-fwdX] L=16 states=1 -> 1
[DP-bwdX] L=32 states=1 -> 1
[DP-bwdX] L=32 states=1 -> 1
[DP-bwdX] L=32 states=1 -> 1
[DP-fwdX] L=32 states=1 -> 1
[DP-bwdX] L=64 states=1 -> 1
[DP-fwdX] L=32 states=1 -> 1
[DP-bwdX] L=48 states=1 -> 1
[DP-fwdX] L=32 states=1 -> 1
[DP-fwdX] L=32 states=1 -> 1
[DP-fwdX] L=32 states=1 -> 1
[DP-bwdX] L=48 states=1 -> 1
[DP-bwdX] L=48 states=1 -> 1
[DP-bwdX] L=48 states=1 -> 1
[DP-fwdX] L=48 states=1 -> 1
[DP-bwdX] L=64 states=1 -> 1
[DP-fwdX] L=48 states=1 -> 1
[DP-fwdX] L=48 states=1 -> 1
[DP-fwdX] L=48 states=1 -> 1
[DP-bwdX] L=64 states=1 -> 1
[DP-bwdX] L=64 states=1 -> 1
[DP-bwdX] L=64 states=1 -> 1
[RowSwapCTR] expand small 8x8 -> full 16x8  top_rows=4  bot_rows=4  ctr_rows=8  n_full=128
  [Round 106] T_prime=17  T_target=17  HPWL_w=480320  HPWL_eq=476  maxL=26  WNS(T')=-9  WNS*(T)=-9  picked=0  solve_ms=16.6464
[OC-Shortest/pow2] m=8 h=8 SEG=4 bits=32 words=1 threads=24
[DP-fwdX] L=0 states=1 -> 1
[DP-fwdX] L=16 states=141 -> 164
[DP-bwdX] L=64 states=1 -> 1
[DP-bwdX] L=48 states=141 -> 164
[DP-fwdX] L=0 states=1 -> 1
[DP-bwdX] L=32 states=1 -> 1
[DP-fwdX] L=0 states=1 -> 1
[DP-bwdX] L=16 states=1 -> 1
[DP-fwdX] L=0 states=1 -> 1
[DP-fwdX] L=0 states=1 -> 1
[DP-fwdX] L=0 states=1 -> 1
[DP-bwdX] L=16 states=1 -> 1
[DP-bwdX] L=16 states=1 -> 1
[DP-bwdX] L=16 states=1 -> 1
[DP-fwdX] L=16 states=1 -> 1
[DP-bwdX] L=32 states=1 -> 1
[DP-fwdX] L=16 states=1 -> 1
[DP-fwdX] L=16 states=1 -> 1
[DP-fwdX] L=16 states=1 -> 1
[DP-bwdX] L=32 states=1 -> 1
[DP-bwdX] L=32 states=1 -> 1
[DP-bwdX] L=32 states=1 -> 1
[DP-fwdX] L=32 states=1 -> 1
[DP-bwdX] L=64 states=1 -> 1
[DP-fwdX] L=32 states=1 -> 1
[DP-bwdX] L=48 states=1 -> 1
[DP-fwdX] L=32 states=1 -> 1
[DP-fwdX] L=32 states=1 -> 1
[DP-fwdX] L=32 states=1 -> 1
[DP-bwdX] L=48 states=1 -> 1
[DP-bwdX] L=48 states=1 -> 1
[DP-bwdX] L=48 states=1 -> 1
[DP-fwdX] L=48 states=1 -> 1
[DP-bwdX] L=64 states=1 -> 1
[DP-fwdX] L=48 states=1 -> 1
[DP-fwdX] L=48 states=1 -> 1
[DP-fwdX] L=48 states=1 -> 1
[DP-bwdX] L=64 states=1 -> 1
[DP-bwdX] L=64 states=1 -> 1
[DP-bwdX] L=64 states=1 -> 1
[RowSwapCTR] expand small 8x8 -> full 16x8  top_rows=4  bot_rows=4  ctr_rows=8  n_full=128
  [Round 107] T_prime=17  T_target=17  HPWL_w=480320  HPWL_eq=476  maxL=26  WNS(T')=-9  WNS*(T)=-9  picked=0  solve_ms=16.6297
[OC-Shortest/pow2] m=8 h=8 SEG=4 bits=32 words=1 threads=24
[DP-fwdX] L=0 states=1 -> 1
[DP-fwdX] L=16 states=141 -> 164
[DP-bwdX] L=64 states=1 -> 1
[DP-bwdX] L=48 states=141 -> 164
[DP-fwdX] L=0 states=1 -> 1
[DP-bwdX] L=32 states=1 -> 1
[DP-fwdX] L=0 states=1 -> 1
[DP-bwdX] L=16 states=1 -> 1
[DP-fwdX] L=0 states=1 -> 1
[DP-fwdX] L=0 states=1 -> 1
[DP-fwdX] L=0 states=1 -> 1
[DP-bwdX] L=16 states=1 -> 1
[DP-bwdX] L=16 states=1 -> 1
[DP-bwdX] L=16 states=1 -> 1
[DP-fwdX] L=16 states=1 -> 1
[DP-bwdX] L=32 states=1 -> 1
[DP-fwdX] L=16 states=1 -> 1
[DP-fwdX] L=16 states=1 -> 1
[DP-fwdX] L=16 states=1 -> 1
[DP-bwdX] L=32 states=1 -> 1
[DP-bwdX] L=32 states=1 -> 1
[DP-bwdX] L=32 states=1 -> 1
[DP-fwdX] L=32 states=1 -> 1
[DP-bwdX] L=64 states=1 -> 1
[DP-fwdX] L=32 states=1 -> 1
[DP-bwdX] L=48 states=1 -> 1
[DP-fwdX] L=32 states=1 -> 1
[DP-fwdX] L=32 states=1 -> 1
[DP-fwdX] L=32 states=1 -> 1
[DP-bwdX] L=48 states=1 -> 1
[DP-bwdX] L=48 states=1 -> 1
[DP-bwdX] L=48 states=1 -> 1
[DP-fwdX] L=48 states=1 -> 1
[DP-bwdX] L=64 states=1 -> 1
[DP-fwdX] L=48 states=1 -> 1
[DP-fwdX] L=48 states=1 -> 1
[DP-fwdX] L=48 states=1 -> 1
[DP-bwdX] L=64 states=1 -> 1
[DP-bwdX] L=64 states=1 -> 1
[DP-bwdX] L=64 states=1 -> 1
[RowSwapCTR] expand small 8x8 -> full 16x8  top_rows=4  bot_rows=4  ctr_rows=8  n_full=128
  [Round 108] T_prime=17  T_target=17  HPWL_w=480320  HPWL_eq=476  maxL=26  WNS(T')=-9  WNS*(T)=-9  picked=0  solve_ms=16.9903
[OC-Shortest/pow2] m=8 h=8 SEG=4 bits=32 words=1 threads=24
[DP-fwdX] L=0 states=1 -> 1
[DP-fwdX] L=16 states=141 -> 164
[DP-bwdX] L=64 states=1 -> 1
[DP-bwdX] L=48 states=141 -> 164
[DP-fwdX] L=0 states=1 -> 1
[DP-bwdX] L=32 states=1 -> 1
[DP-fwdX] L=0 states=1 -> 1
[DP-bwdX] L=16 states=1 -> 1
[DP-fwdX] L=0 states=1 -> 1
[DP-fwdX] L=0 states=1 -> 1
[DP-fwdX] L=0 states=1 -> 1
[DP-bwdX] L=16 states=1 -> 1
[DP-bwdX] L=16 states=1 -> 1
[DP-bwdX] L=16 states=1 -> 1
[DP-fwdX] L=16 states=1 -> 1
[DP-bwdX] L=32 states=1 -> 1
[DP-fwdX] L=16 states=1 -> 1
[DP-fwdX] L=16 states=1 -> 1
[DP-fwdX] L=16 states=1 -> 1
[DP-bwdX] L=32 states=1 -> 1
[DP-bwdX] L=32 states=1 -> 1
[DP-bwdX] L=32 states=1 -> 1
[DP-fwdX] L=32 states=1 -> 1
[DP-bwdX] L=64 states=1 -> 1
[DP-fwdX] L=32 states=1 -> 1
[DP-bwdX] L=48 states=1 -> 1
[DP-fwdX] L=32 states=1 -> 1
[DP-fwdX] L=32 states=1 -> 1
[DP-fwdX] L=32 states=1 -> 1
[DP-bwdX] L=48 states=1 -> 1
[DP-bwdX] L=48 states=1 -> 1
[DP-bwdX] L=48 states=1 -> 1
[DP-fwdX] L=48 states=1 -> 1
[DP-bwdX] L=64 states=1 -> 1
[DP-fwdX] L=48 states=1 -> 1
[DP-fwdX] L=48 states=1 -> 1
[DP-fwdX] L=48 states=1 -> 1
[DP-bwdX] L=64 states=1 -> 1
[DP-bwdX] L=64 states=1 -> 1
[DP-bwdX] L=64 states=1 -> 1
[RowSwapCTR] expand small 8x8 -> full 16x8  top_rows=4  bot_rows=4  ctr_rows=8  n_full=128
  [Round 109] T_prime=17  T_target=17  HPWL_w=480320  HPWL_eq=476  maxL=26  WNS(T')=-9  WNS*(T)=-9  picked=0  solve_ms=16.523
[OC-Shortest/pow2] m=8 h=8 SEG=4 bits=32 words=1 threads=24
[DP-fwdX] L=0 states=1 -> 1
[DP-fwdX] L=16 states=141 -> 164
[DP-bwdX] L=64 states=1 -> 1
[DP-bwdX] L=48 states=141 -> 164
[DP-fwdX] L=0 states=1 -> 1
[DP-bwdX] L=32 states=1 -> 1
[DP-fwdX] L=0 states=1 -> 1
[DP-bwdX] L=16 states=1 -> 1
[DP-fwdX] L=0 states=1 -> 1
[DP-fwdX] L=0 states=1 -> 1
[DP-fwdX] L=0 states=1 -> 1
[DP-bwdX] L=16 states=1 -> 1
[DP-bwdX] L=16 states=1 -> 1
[DP-bwdX] L=16 states=1 -> 1
[DP-fwdX] L=16 states=1 -> 1
[DP-bwdX] L=32 states=1 -> 1
[DP-fwdX] L=16 states=1 -> 1
[DP-fwdX] L=16 states=1 -> 1
[DP-fwdX] L=16 states=1 -> 1
[DP-bwdX] L=32 states=1 -> 1
[DP-bwdX] L=32 states=1 -> 1
[DP-bwdX] L=32 states=1 -> 1
[DP-fwdX] L=32 states=1 -> 1
[DP-bwdX] L=64 states=1 -> 1
[DP-fwdX] L=32 states=1 -> 1
[DP-bwdX] L=48 states=1 -> 1
[DP-fwdX] L=32 states=1 -> 1
[DP-fwdX] L=32 states=1 -> 1
[DP-fwdX] L=32 states=1 -> 1
[DP-bwdX] L=48 states=1 -> 1
[DP-bwdX] L=48 states=1 -> 1
[DP-bwdX] L=48 states=1 -> 1
[DP-fwdX] L=48 states=1 -> 1
[DP-bwdX] L=64 states=1 -> 1
[DP-fwdX] L=48 states=1 -> 1
[DP-fwdX] L=48 states=1 -> 1
[DP-fwdX] L=48 states=1 -> 1
[DP-bwdX] L=64 states=1 -> 1
[DP-bwdX] L=64 states=1 -> 1
[DP-bwdX] L=64 states=1 -> 1
[RowSwapCTR] expand small 8x8 -> full 16x8  top_rows=4  bot_rows=4  ctr_rows=8  n_full=128
  [Round 110] T_prime=17  T_target=17  HPWL_w=480320  HPWL_eq=476  maxL=26  WNS(T')=-9  WNS*(T)=-9  picked=0  solve_ms=16.5202
[OC-Shortest/pow2] m=8 h=8 SEG=4 bits=32 words=1 threads=24
[DP-fwdX] L=0 states=1 -> 1
[DP-fwdX] L=16 states=141 -> 164
[DP-bwdX] L=64 states=1 -> 1
[DP-bwdX] L=48 states=141 -> 164
[DP-fwdX] L=0 states=1 -> 1
[DP-bwdX] L=32 states=1 -> 1
[DP-fwdX] L=0 states=1 -> 1
[DP-bwdX] L=16 states=1 -> 1
[DP-fwdX] L=0 states=1 -> 1
[DP-fwdX] L=0 states=1 -> 1
[DP-fwdX] L=0 states=1 -> 1
[DP-bwdX] L=16 states=1 -> 1
[DP-bwdX] L=16 states=1 -> 1
[DP-bwdX] L=16 states=1 -> 1
[DP-fwdX] L=16 states=1 -> 1
[DP-bwdX] L=32 states=1 -> 1
[DP-fwdX] L=16 states=1 -> 1
[DP-fwdX] L=16 states=1 -> 1
[DP-fwdX] L=16 states=1 -> 1
[DP-bwdX] L=32 states=1 -> 1
[DP-bwdX] L=32 states=1 -> 1
[DP-bwdX] L=32 states=1 -> 1
[DP-fwdX] L=32 states=1 -> 1
[DP-bwdX] L=64 states=1 -> 1
[DP-fwdX] L=32 states=1 -> 1
[DP-bwdX] L=48 states=1 -> 1
[DP-fwdX] L=32 states=1 -> 1
[DP-fwdX] L=32 states=1 -> 1
[DP-fwdX] L=32 states=1 -> 1
[DP-bwdX] L=48 states=1 -> 1
[DP-bwdX] L=48 states=1 -> 1
[DP-bwdX] L=48 states=1 -> 1
[DP-fwdX] L=48 states=1 -> 1
[DP-bwdX] L=64 states=1 -> 1
[DP-fwdX] L=48 states=1 -> 1
[DP-fwdX] L=48 states=1 -> 1
[DP-fwdX] L=48 states=1 -> 1
[DP-bwdX] L=64 states=1 -> 1
[DP-bwdX] L=64 states=1 -> 1
[DP-bwdX] L=64 states=1 -> 1
[RowSwapCTR] expand small 8x8 -> full 16x8  top_rows=4  bot_rows=4  ctr_rows=8  n_full=128
  [Round 111] T_prime=17  T_target=17  HPWL_w=480320  HPWL_eq=476  maxL=26  WNS(T')=-9  WNS*(T)=-9  picked=0  solve_ms=16.7493
[OC-Shortest/pow2] m=8 h=8 SEG=4 bits=32 words=1 threads=24
[DP-fwdX] L=0 states=1 -> 1
[DP-fwdX] L=16 states=141 -> 164
[DP-bwdX] L=64 states=1 -> 1
[DP-bwdX] L=48 states=141 -> 164
[DP-fwdX] L=0 states=1 -> 1
[DP-bwdX] L=32 states=1 -> 1
[DP-fwdX] L=0 states=1 -> 1
[DP-bwdX] L=16 states=1 -> 1
[DP-fwdX] L=0 states=1 -> 1
[DP-fwdX] L=0 states=1 -> 1
[DP-fwdX] L=0 states=1 -> 1
[DP-bwdX] L=16 states=1 -> 1
[DP-bwdX] L=16 states=1 -> 1
[DP-bwdX] L=16 states=1 -> 1
[DP-fwdX] L=16 states=1 -> 1
[DP-bwdX] L=32 states=1 -> 1
[DP-fwdX] L=16 states=1 -> 1
[DP-fwdX] L=16 states=1 -> 1
[DP-fwdX] L=16 states=1 -> 1
[DP-bwdX] L=32 states=1 -> 1
[DP-bwdX] L=32 states=1 -> 1
[DP-bwdX] L=32 states=1 -> 1
[DP-fwdX] L=32 states=1 -> 1
[DP-bwdX] L=64 states=1 -> 1
[DP-fwdX] L=32 states=1 -> 1
[DP-bwdX] L=48 states=1 -> 1
[DP-fwdX] L=32 states=1 -> 1
[DP-fwdX] L=32 states=1 -> 1
[DP-fwdX] L=32 states=1 -> 1
[DP-bwdX] L=48 states=1 -> 1
[DP-bwdX] L=48 states=1 -> 1
[DP-bwdX] L=48 states=1 -> 1
[DP-fwdX] L=48 states=1 -> 1
[DP-bwdX] L=64 states=1 -> 1
[DP-fwdX] L=48 states=1 -> 1
[DP-fwdX] L=48 states=1 -> 1
[DP-fwdX] L=48 states=1 -> 1
[DP-bwdX] L=64 states=1 -> 1
[DP-bwdX] L=64 states=1 -> 1
[DP-bwdX] L=64 states=1 -> 1
[RowSwapCTR] expand small 8x8 -> full 16x8  top_rows=4  bot_rows=4  ctr_rows=8  n_full=128
  [Round 112] T_prime=17  T_target=17  HPWL_w=480320  HPWL_eq=476  maxL=26  WNS(T')=-9  WNS*(T)=-9  picked=0  solve_ms=49.7094
[OC-Shortest/pow2] m=8 h=8 SEG=4 bits=32 words=1 threads=24
[DP-fwdX] L=0 states=1 -> 1
[DP-fwdX] L=16 states=141 -> 164
[DP-bwdX] L=64 states=1 -> 1
[DP-bwdX] L=48 states=141 -> 164
[DP-fwdX] L=0 states=1 -> 1
[DP-bwdX] L=32 states=1 -> 1
[DP-fwdX] L=0 states=1 -> 1
[DP-bwdX] L=16 states=1 -> 1
[DP-fwdX] L=0 states=1 -> 1
[DP-fwdX] L=0 states=1 -> 1
[DP-fwdX] L=0 states=1 -> 1
[DP-bwdX] L=16 states=1 -> 1
[DP-bwdX] L=16 states=1 -> 1
[DP-bwdX] L=16 states=1 -> 1
[DP-fwdX] L=16 states=1 -> 1
[DP-bwdX] L=32 states=1 -> 1
[DP-fwdX] L=16 states=1 -> 1
[DP-fwdX] L=16 states=1 -> 1
[DP-fwdX] L=16 states=1 -> 1
[DP-bwdX] L=32 states=1 -> 1
[DP-bwdX] L=32 states=1 -> 1
[DP-bwdX] L=32 states=1 -> 1
[DP-fwdX] L=32 states=1 -> 1
[DP-bwdX] L=64 states=1 -> 1
[DP-fwdX] L=32 states=1 -> 1
[DP-bwdX] L=48 states=1 -> 1
[DP-fwdX] L=32 states=1 -> 1
[DP-fwdX] L=32 states=1 -> 1
[DP-fwdX] L=32 states=1 -> 1
[DP-bwdX] L=48 states=1 -> 1
[DP-bwdX] L=48 states=1 -> 1
[DP-bwdX] L=48 states=1 -> 1
[DP-fwdX] L=48 states=1 -> 1
[DP-bwdX] L=64 states=1 -> 1
[DP-fwdX] L=48 states=1 -> 1
[DP-fwdX] L=48 states=1 -> 1
[DP-fwdX] L=48 states=1 -> 1
[DP-bwdX] L=64 states=1 -> 1
[DP-bwdX] L=64 states=1 -> 1
[DP-bwdX] L=64 states=1 -> 1
[RowSwapCTR] expand small 8x8 -> full 16x8  top_rows=4  bot_rows=4  ctr_rows=8  n_full=128
  [Round 113] T_prime=17  T_target=17  HPWL_w=480320  HPWL_eq=476  maxL=26  WNS(T')=-9  WNS*(T)=-9  picked=0  solve_ms=16.8686
[OC-Shortest/pow2] m=8 h=8 SEG=4 bits=32 words=1 threads=24
[DP-fwdX] L=0 states=1 -> 1
[DP-fwdX] L=16 states=141 -> 164
[DP-bwdX] L=64 states=1 -> 1
[DP-bwdX] L=48 states=141 -> 164
[DP-fwdX] L=0 states=1 -> 1
[DP-bwdX] L=32 states=1 -> 1
[DP-fwdX] L=0 states=1 -> 1
[DP-bwdX] L=16 states=1 -> 1
[DP-fwdX] L=0 states=1 -> 1
[DP-fwdX] L=0 states=1 -> 1
[DP-fwdX] L=0 states=1 -> 1
[DP-bwdX] L=16 states=1 -> 1
[DP-bwdX] L=16 states=1 -> 1
[DP-bwdX] L=16 states=1 -> 1
[DP-fwdX] L=16 states=1 -> 1
[DP-bwdX] L=32 states=1 -> 1
[DP-fwdX] L=16 states=1 -> 1
[DP-fwdX] L=16 states=1 -> 1
[DP-fwdX] L=16 states=1 -> 1
[DP-bwdX] L=32 states=1 -> 1
[DP-bwdX] L=32 states=1 -> 1
[DP-bwdX] L=32 states=1 -> 1
[DP-fwdX] L=32 states=1 -> 1
[DP-bwdX] L=64 states=1 -> 1
[DP-fwdX] L=32 states=1 -> 1
[DP-bwdX] L=48 states=1 -> 1
[DP-fwdX] L=32 states=1 -> 1
[DP-fwdX] L=32 states=1 -> 1
[DP-fwdX] L=32 states=1 -> 1
[DP-bwdX] L=48 states=1 -> 1
[DP-bwdX] L=48 states=1 -> 1
[DP-bwdX] L=48 states=1 -> 1
[DP-fwdX] L=48 states=1 -> 1
[DP-bwdX] L=64 states=1 -> 1
[DP-fwdX] L=48 states=1 -> 1
[DP-fwdX] L=48 states=1 -> 1
[DP-fwdX] L=48 states=1 -> 1
[DP-bwdX] L=64 states=1 -> 1
[DP-bwdX] L=64 states=1 -> 1
[DP-bwdX] L=64 states=1 -> 1
[RowSwapCTR] expand small 8x8 -> full 16x8  top_rows=4  bot_rows=4  ctr_rows=8  n_full=128
  [Round 114] T_prime=17  T_target=17  HPWL_w=480320  HPWL_eq=476  maxL=26  WNS(T')=-9  WNS*(T)=-9  picked=0  solve_ms=16.9342
[OC-Shortest/pow2] m=8 h=8 SEG=4 bits=32 words=1 threads=24
[DP-fwdX] L=0 states=1 -> 1
[DP-fwdX] L=16 states=141 -> 164
[DP-bwdX] L=64 states=1 -> 1
[DP-bwdX] L=48 states=141 -> 164
[DP-fwdX] L=0 states=1 -> 1
[DP-bwdX] L=32 states=1 -> 1
[DP-fwdX] L=0 states=1 -> 1
[DP-bwdX] L=16 states=1 -> 1
[DP-fwdX] L=0 states=1 -> 1
[DP-fwdX] L=0 states=1 -> 1
[DP-fwdX] L=0 states=1 -> 1
[DP-bwdX] L=16 states=1 -> 1
[DP-bwdX] L=16 states=1 -> 1
[DP-bwdX] L=16 states=1 -> 1
[DP-fwdX] L=16 states=1 -> 1
[DP-bwdX] L=32 states=1 -> 1
[DP-fwdX] L=16 states=1 -> 1
[DP-fwdX] L=16 states=1 -> 1
[DP-fwdX] L=16 states=1 -> 1
[DP-bwdX] L=32 states=1 -> 1
[DP-bwdX] L=32 states=1 -> 1
[DP-bwdX] L=32 states=1 -> 1
[DP-fwdX] L=32 states=1 -> 1
[DP-bwdX] L=64 states=1 -> 1
[DP-fwdX] L=32 states=1 -> 1
[DP-bwdX] L=48 states=1 -> 1
[DP-fwdX] L=32 states=1 -> 1
[DP-fwdX] L=32 states=1 -> 1
[DP-fwdX] L=32 states=1 -> 1
[DP-bwdX] L=48 states=1 -> 1
[DP-bwdX] L=48 states=1 -> 1
[DP-bwdX] L=48 states=1 -> 1
[DP-fwdX] L=48 states=1 -> 1
[DP-bwdX] L=64 states=1 -> 1
[DP-fwdX] L=48 states=1 -> 1
[DP-fwdX] L=48 states=1 -> 1
[DP-fwdX] L=48 states=1 -> 1
[DP-bwdX] L=64 states=1 -> 1
[DP-bwdX] L=64 states=1 -> 1
[DP-bwdX] L=64 states=1 -> 1
[RowSwapCTR] expand small 8x8 -> full 16x8  top_rows=4  bot_rows=4  ctr_rows=8  n_full=128
  [Round 115] T_prime=17  T_target=17  HPWL_w=480320  HPWL_eq=476  maxL=26  WNS(T')=-9  WNS*(T)=-9  picked=0  solve_ms=16.9929
[OC-Shortest/pow2] m=8 h=8 SEG=4 bits=32 words=1 threads=24
[DP-fwdX] L=0 states=1 -> 1
[DP-fwdX] L=16 states=141 -> 164
[DP-bwdX] L=64 states=1 -> 1
[DP-bwdX] L=48 states=141 -> 164
[DP-fwdX] L=0 states=1 -> 1
[DP-bwdX] L=32 states=1 -> 1
[DP-fwdX] L=0 states=1 -> 1
[DP-bwdX] L=16 states=1 -> 1
[DP-fwdX] L=0 states=1 -> 1
[DP-fwdX] L=0 states=1 -> 1
[DP-fwdX] L=0 states=1 -> 1
[DP-bwdX] L=16 states=1 -> 1
[DP-bwdX] L=16 states=1 -> 1
[DP-bwdX] L=16 states=1 -> 1
[DP-fwdX] L=16 states=1 -> 1
[DP-bwdX] L=32 states=1 -> 1
[DP-fwdX] L=16 states=1 -> 1
[DP-fwdX] L=16 states=1 -> 1
[DP-fwdX] L=16 states=1 -> 1
[DP-bwdX] L=32 states=1 -> 1
[DP-bwdX] L=32 states=1 -> 1
[DP-bwdX] L=32 states=1 -> 1
[DP-fwdX] L=32 states=1 -> 1
[DP-bwdX] L=64 states=1 -> 1
[DP-fwdX] L=32 states=1 -> 1
[DP-bwdX] L=48 states=1 -> 1
[DP-fwdX] L=32 states=1 -> 1
[DP-fwdX] L=32 states=1 -> 1
[DP-fwdX] L=32 states=1 -> 1
[DP-bwdX] L=48 states=1 -> 1
[DP-bwdX] L=48 states=1 -> 1
[DP-bwdX] L=48 states=1 -> 1
[DP-fwdX] L=48 states=1 -> 1
[DP-bwdX] L=64 states=1 -> 1
[DP-fwdX] L=48 states=1 -> 1
[DP-fwdX] L=48 states=1 -> 1
[DP-fwdX] L=48 states=1 -> 1
[DP-bwdX] L=64 states=1 -> 1
[DP-bwdX] L=64 states=1 -> 1
[DP-bwdX] L=64 states=1 -> 1
[RowSwapCTR] expand small 8x8 -> full 16x8  top_rows=4  bot_rows=4  ctr_rows=8  n_full=128
  [Round 116] T_prime=17  T_target=17  HPWL_w=480320  HPWL_eq=476  maxL=26  WNS(T')=-9  WNS*(T)=-9  picked=0  solve_ms=16.746
[OC-Shortest/pow2] m=8 h=8 SEG=4 bits=32 words=1 threads=24
[DP-fwdX] L=0 states=1 -> 1
[DP-fwdX] L=16 states=141 -> 164
[DP-bwdX] L=64 states=1 -> 1
[DP-bwdX] L=48 states=141 -> 164
[DP-fwdX] L=0 states=1 -> 1
[DP-bwdX] L=32 states=1 -> 1
[DP-fwdX] L=0 states=1 -> 1
[DP-bwdX] L=16 states=1 -> 1
[DP-fwdX] L=0 states=1 -> 1
[DP-fwdX] L=0 states=1 -> 1
[DP-fwdX] L=0 states=1 -> 1
[DP-bwdX] L=16 states=1 -> 1
[DP-bwdX] L=16 states=1 -> 1
[DP-bwdX] L=16 states=1 -> 1
[DP-fwdX] L=16 states=1 -> 1
[DP-bwdX] L=32 states=1 -> 1
[DP-fwdX] L=16 states=1 -> 1
[DP-fwdX] L=16 states=1 -> 1
[DP-fwdX] L=16 states=1 -> 1
[DP-bwdX] L=32 states=1 -> 1
[DP-bwdX] L=32 states=1 -> 1
[DP-bwdX] L=32 states=1 -> 1
[DP-fwdX] L=32 states=1 -> 1
[DP-bwdX] L=64 states=1 -> 1
[DP-fwdX] L=32 states=1 -> 1
[DP-bwdX] L=48 states=1 -> 1
[DP-fwdX] L=32 states=1 -> 1
[DP-fwdX] L=32 states=1 -> 1
[DP-fwdX] L=32 states=1 -> 1
[DP-bwdX] L=48 states=1 -> 1
[DP-bwdX] L=48 states=1 -> 1
[DP-bwdX] L=48 states=1 -> 1
[DP-fwdX] L=48 states=1 -> 1
[DP-bwdX] L=64 states=1 -> 1
[DP-fwdX] L=48 states=1 -> 1
[DP-fwdX] L=48 states=1 -> 1
[DP-fwdX] L=48 states=1 -> 1
[DP-bwdX] L=64 states=1 -> 1
[DP-bwdX] L=64 states=1 -> 1
[DP-bwdX] L=64 states=1 -> 1
[RowSwapCTR] expand small 8x8 -> full 16x8  top_rows=4  bot_rows=4  ctr_rows=8  n_full=128
  [Round 117] T_prime=17  T_target=17  HPWL_w=480320  HPWL_eq=476  maxL=26  WNS(T')=-9  WNS*(T)=-9  picked=0  solve_ms=17.1941
[OC-Shortest/pow2] m=8 h=8 SEG=4 bits=32 words=1 threads=24
[DP-fwdX] L=0 states=1 -> 1
[DP-fwdX] L=16 states=141 -> 164
[DP-bwdX] L=64 states=1 -> 1
[DP-bwdX] L=48 states=141 -> 164
[DP-fwdX] L=0 states=1 -> 1
[DP-bwdX] L=32 states=1 -> 1
[DP-fwdX] L=0 states=1 -> 1
[DP-bwdX] L=16 states=1 -> 1
[DP-fwdX] L=0 states=1 -> 1
[DP-fwdX] L=0 states=1 -> 1
[DP-fwdX] L=0 states=1 -> 1
[DP-bwdX] L=16 states=1 -> 1
[DP-bwdX] L=16 states=1 -> 1
[DP-bwdX] L=16 states=1 -> 1
[DP-fwdX] L=16 states=1 -> 1
[DP-bwdX] L=32 states=1 -> 1
[DP-fwdX] L=16 states=1 -> 1
[DP-fwdX] L=16 states=1 -> 1
[DP-fwdX] L=16 states=1 -> 1
[DP-bwdX] L=32 states=1 -> 1
[DP-bwdX] L=32 states=1 -> 1
[DP-bwdX] L=32 states=1 -> 1
[DP-fwdX] L=32 states=1 -> 1
[DP-bwdX] L=64 states=1 -> 1
[DP-fwdX] L=32 states=1 -> 1
[DP-bwdX] L=48 states=1 -> 1
[DP-fwdX] L=32 states=1 -> 1
[DP-fwdX] L=32 states=1 -> 1
[DP-fwdX] L=32 states=1 -> 1
[DP-bwdX] L=48 states=1 -> 1
[DP-bwdX] L=48 states=1 -> 1
[DP-bwdX] L=48 states=1 -> 1
[DP-fwdX] L=48 states=1 -> 1
[DP-bwdX] L=64 states=1 -> 1
[DP-fwdX] L=48 states=1 -> 1
[DP-fwdX] L=48 states=1 -> 1
[DP-fwdX] L=48 states=1 -> 1
[DP-bwdX] L=64 states=1 -> 1
[DP-bwdX] L=64 states=1 -> 1
[DP-bwdX] L=64 states=1 -> 1
[RowSwapCTR] expand small 8x8 -> full 16x8  top_rows=4  bot_rows=4  ctr_rows=8  n_full=128
  [Round 118] T_prime=17  T_target=17  HPWL_w=480320  HPWL_eq=476  maxL=26  WNS(T')=-9  WNS*(T)=-9  picked=0  solve_ms=16.8784
[OC-Shortest/pow2] m=8 h=8 SEG=4 bits=32 words=1 threads=24
[DP-fwdX] L=0 states=1 -> 1
[DP-fwdX] L=16 states=141 -> 164
[DP-bwdX] L=64 states=1 -> 1
[DP-bwdX] L=48 states=141 -> 164
[DP-fwdX] L=0 states=1 -> 1
[DP-bwdX] L=32 states=1 -> 1
[DP-fwdX] L=0 states=1 -> 1
[DP-bwdX] L=16 states=1 -> 1
[DP-fwdX] L=0 states=1 -> 1
[DP-fwdX] L=0 states=1 -> 1
[DP-fwdX] L=0 states=1 -> 1
[DP-bwdX] L=16 states=1 -> 1
[DP-bwdX] L=16 states=1 -> 1
[DP-bwdX] L=16 states=1 -> 1
[DP-fwdX] L=16 states=1 -> 1
[DP-bwdX] L=32 states=1 -> 1
[DP-fwdX] L=16 states=1 -> 1
[DP-fwdX] L=16 states=1 -> 1
[DP-fwdX] L=16 states=1 -> 1
[DP-bwdX] L=32 states=1 -> 1
[DP-bwdX] L=32 states=1 -> 1
[DP-bwdX] L=32 states=1 -> 1
[DP-fwdX] L=32 states=1 -> 1
[DP-bwdX] L=64 states=1 -> 1
[DP-fwdX] L=32 states=1 -> 1
[DP-bwdX] L=48 states=1 -> 1
[DP-fwdX] L=32 states=1 -> 1
[DP-fwdX] L=32 states=1 -> 1
[DP-fwdX] L=32 states=1 -> 1
[DP-bwdX] L=48 states=1 -> 1
[DP-bwdX] L=48 states=1 -> 1
[DP-bwdX] L=48 states=1 -> 1
[DP-fwdX] L=48 states=1 -> 1
[DP-bwdX] L=64 states=1 -> 1
[DP-fwdX] L=48 states=1 -> 1
[DP-fwdX] L=48 states=1 -> 1
[DP-fwdX] L=48 states=1 -> 1
[DP-bwdX] L=64 states=1 -> 1
[DP-bwdX] L=64 states=1 -> 1
[DP-bwdX] L=64 states=1 -> 1
[RowSwapCTR] expand small 8x8 -> full 16x8  top_rows=4  bot_rows=4  ctr_rows=8  n_full=128
  [Round 119] T_prime=17  T_target=17  HPWL_w=480320  HPWL_eq=476  maxL=26  WNS(T')=-9  WNS*(T)=-9  picked=0  solve_ms=16.8938
[OC-Shortest/pow2] m=8 h=8 SEG=4 bits=32 words=1 threads=24
[DP-fwdX] L=0 states=1 -> 1
[DP-fwdX] L=16 states=141 -> 164
[DP-bwdX] L=64 states=1 -> 1
[DP-bwdX] L=48 states=141 -> 164
[DP-fwdX] L=0 states=1 -> 1
[DP-bwdX] L=32 states=1 -> 1
[DP-fwdX] L=0 states=1 -> 1
[DP-bwdX] L=16 states=1 -> 1
[DP-fwdX] L=0 states=1 -> 1
[DP-fwdX] L=0 states=1 -> 1
[DP-fwdX] L=0 states=1 -> 1
[DP-bwdX] L=16 states=1 -> 1
[DP-bwdX] L=16 states=1 -> 1
[DP-bwdX] L=16 states=1 -> 1
[DP-fwdX] L=16 states=1 -> 1
[DP-bwdX] L=32 states=1 -> 1
[DP-fwdX] L=16 states=1 -> 1
[DP-fwdX] L=16 states=1 -> 1
[DP-fwdX] L=16 states=1 -> 1
[DP-bwdX] L=32 states=1 -> 1
[DP-bwdX] L=32 states=1 -> 1
[DP-bwdX] L=32 states=1 -> 1
[DP-fwdX] L=32 states=1 -> 1
[DP-bwdX] L=64 states=1 -> 1
[DP-fwdX] L=32 states=1 -> 1
[DP-bwdX] L=48 states=1 -> 1
[DP-fwdX] L=32 states=1 -> 1
[DP-fwdX] L=32 states=1 -> 1
[DP-fwdX] L=32 states=1 -> 1
[DP-bwdX] L=48 states=1 -> 1
[DP-bwdX] L=48 states=1 -> 1
[DP-bwdX] L=48 states=1 -> 1
[DP-fwdX] L=48 states=1 -> 1
[DP-bwdX] L=64 states=1 -> 1
[DP-fwdX] L=48 states=1 -> 1
[DP-fwdX] L=48 states=1 -> 1
[DP-fwdX] L=48 states=1 -> 1
[DP-bwdX] L=64 states=1 -> 1
[DP-bwdX] L=64 states=1 -> 1
[DP-bwdX] L=64 states=1 -> 1
[RowSwapCTR] expand small 8x8 -> full 16x8  top_rows=4  bot_rows=4  ctr_rows=8  n_full=128
  [Round 120] T_prime=17  T_target=17  HPWL_w=480320  HPWL_eq=476  maxL=26  WNS(T')=-9  WNS*(T)=-9  picked=0  solve_ms=16.7696
[OC-Shortest/pow2] m=8 h=8 SEG=4 bits=32 words=1 threads=24
[DP-fwdX] L=0 states=1 -> 1
[DP-fwdX] L=16 states=141 -> 164
[DP-bwdX] L=64 states=1 -> 1
[DP-bwdX] L=48 states=141 -> 164
[DP-fwdX] L=0 states=1 -> 1
[DP-bwdX] L=32 states=1 -> 1
[DP-fwdX] L=0 states=1 -> 1
[DP-bwdX] L=16 states=1 -> 1
[DP-fwdX] L=0 states=1 -> 1
[DP-fwdX] L=0 states=1 -> 1
[DP-fwdX] L=0 states=1 -> 1
[DP-bwdX] L=16 states=1 -> 1
[DP-bwdX] L=16 states=1 -> 1
[DP-bwdX] L=16 states=1 -> 1
[DP-fwdX] L=16 states=1 -> 1
[DP-bwdX] L=32 states=1 -> 1
[DP-fwdX] L=16 states=1 -> 1
[DP-fwdX] L=16 states=1 -> 1
[DP-fwdX] L=16 states=1 -> 1
[DP-bwdX] L=32 states=1 -> 1
[DP-bwdX] L=32 states=1 -> 1
[DP-bwdX] L=32 states=1 -> 1
[DP-fwdX] L=32 states=1 -> 1
[DP-bwdX] L=64 states=1 -> 1
[DP-fwdX] L=32 states=1 -> 1
[DP-bwdX] L=48 states=1 -> 1
[DP-fwdX] L=32 states=1 -> 1
[DP-fwdX] L=32 states=1 -> 1
[DP-fwdX] L=32 states=1 -> 1
[DP-bwdX] L=48 states=1 -> 1
[DP-bwdX] L=48 states=1 -> 1
[DP-bwdX] L=48 states=1 -> 1
[DP-fwdX] L=48 states=1 -> 1
[DP-bwdX] L=64 states=1 -> 1
[DP-fwdX] L=48 states=1 -> 1
[DP-fwdX] L=48 states=1 -> 1
[DP-fwdX] L=48 states=1 -> 1
[DP-bwdX] L=64 states=1 -> 1
[DP-bwdX] L=64 states=1 -> 1
[DP-bwdX] L=64 states=1 -> 1
[RowSwapCTR] expand small 8x8 -> full 16x8  top_rows=4  bot_rows=4  ctr_rows=8  n_full=128
  [Round 121] T_prime=17  T_target=17  HPWL_w=480320  HPWL_eq=476  maxL=26  WNS(T')=-9  WNS*(T)=-9  picked=0  solve_ms=16.8191
[OC-Shortest/pow2] m=8 h=8 SEG=4 bits=32 words=1 threads=24
[DP-fwdX] L=0 states=1 -> 1
[DP-fwdX] L=16 states=141 -> 164
[DP-bwdX] L=64 states=1 -> 1
[DP-bwdX] L=48 states=141 -> 164
[DP-fwdX] L=0 states=1 -> 1
[DP-bwdX] L=32 states=1 -> 1
[DP-fwdX] L=0 states=1 -> 1
[DP-bwdX] L=16 states=1 -> 1
[DP-fwdX] L=0 states=1 -> 1
[DP-fwdX] L=0 states=1 -> 1
[DP-fwdX] L=0 states=1 -> 1
[DP-bwdX] L=16 states=1 -> 1
[DP-bwdX] L=16 states=1 -> 1
[DP-bwdX] L=16 states=1 -> 1
[DP-fwdX] L=16 states=1 -> 1
[DP-bwdX] L=32 states=1 -> 1
[DP-fwdX] L=16 states=1 -> 1
[DP-fwdX] L=16 states=1 -> 1
[DP-fwdX] L=16 states=1 -> 1
[DP-bwdX] L=32 states=1 -> 1
[DP-bwdX] L=32 states=1 -> 1
[DP-bwdX] L=32 states=1 -> 1
[DP-fwdX] L=32 states=1 -> 1
[DP-bwdX] L=64 states=1 -> 1
[DP-fwdX] L=32 states=1 -> 1
[DP-bwdX] L=48 states=1 -> 1
[DP-fwdX] L=32 states=1 -> 1
[DP-fwdX] L=32 states=1 -> 1
[DP-fwdX] L=32 states=1 -> 1
[DP-bwdX] L=48 states=1 -> 1
[DP-bwdX] L=48 states=1 -> 1
[DP-bwdX] L=48 states=1 -> 1
[DP-fwdX] L=48 states=1 -> 1
[DP-bwdX] L=64 states=1 -> 1
[DP-fwdX] L=48 states=1 -> 1
[DP-fwdX] L=48 states=1 -> 1
[DP-fwdX] L=48 states=1 -> 1
[DP-bwdX] L=64 states=1 -> 1
[DP-bwdX] L=64 states=1 -> 1
[DP-bwdX] L=64 states=1 -> 1
[RowSwapCTR] expand small 8x8 -> full 16x8  top_rows=4  bot_rows=4  ctr_rows=8  n_full=128
  [Round 122] T_prime=17  T_target=17  HPWL_w=480320  HPWL_eq=476  maxL=26  WNS(T')=-9  WNS*(T)=-9  picked=0  solve_ms=16.8378
[OC-Shortest/pow2] m=8 h=8 SEG=4 bits=32 words=1 threads=24
[DP-fwdX] L=0 states=1 -> 1
[DP-fwdX] L=16 states=141 -> 164
[DP-bwdX] L=64 states=1 -> 1
[DP-bwdX] L=48 states=141 -> 164
[DP-fwdX] L=0 states=1 -> 1
[DP-bwdX] L=32 states=1 -> 1
[DP-fwdX] L=0 states=1 -> 1
[DP-bwdX] L=16 states=1 -> 1
[DP-fwdX] L=0 states=1 -> 1
[DP-fwdX] L=0 states=1 -> 1
[DP-fwdX] L=0 states=1 -> 1
[DP-bwdX] L=16 states=1 -> 1
[DP-bwdX] L=16 states=1 -> 1
[DP-bwdX] L=16 states=1 -> 1
[DP-fwdX] L=16 states=1 -> 1
[DP-bwdX] L=32 states=1 -> 1
[DP-fwdX] L=16 states=1 -> 1
[DP-fwdX] L=16 states=1 -> 1
[DP-fwdX] L=16 states=1 -> 1
[DP-bwdX] L=32 states=1 -> 1
[DP-bwdX] L=32 states=1 -> 1
[DP-bwdX] L=32 states=1 -> 1
[DP-fwdX] L=32 states=1 -> 1
[DP-bwdX] L=64 states=1 -> 1
[DP-fwdX] L=32 states=1 -> 1
[DP-bwdX] L=48 states=1 -> 1
[DP-fwdX] L=32 states=1 -> 1
[DP-fwdX] L=32 states=1 -> 1
[DP-fwdX] L=32 states=1 -> 1
[DP-bwdX] L=48 states=1 -> 1
[DP-bwdX] L=48 states=1 -> 1
[DP-bwdX] L=48 states=1 -> 1
[DP-fwdX] L=48 states=1 -> 1
[DP-bwdX] L=64 states=1 -> 1
[DP-fwdX] L=48 states=1 -> 1
[DP-fwdX] L=48 states=1 -> 1
[DP-fwdX] L=48 states=1 -> 1
[DP-bwdX] L=64 states=1 -> 1
[DP-bwdX] L=64 states=1 -> 1
[DP-bwdX] L=64 states=1 -> 1
[RowSwapCTR] expand small 8x8 -> full 16x8  top_rows=4  bot_rows=4  ctr_rows=8  n_full=128
  [Round 123] T_prime=17  T_target=17  HPWL_w=480320  HPWL_eq=476  maxL=26  WNS(T')=-9  WNS*(T)=-9  picked=0  solve_ms=16.8881
[OC-Shortest/pow2] m=8 h=8 SEG=4 bits=32 words=1 threads=24
[DP-fwdX] L=0 states=1 -> 1
[DP-fwdX] L=16 states=141 -> 164
[DP-bwdX] L=64 states=1 -> 1
[DP-bwdX] L=48 states=141 -> 164
[DP-fwdX] L=0 states=1 -> 1
[DP-bwdX] L=32 states=1 -> 1
[DP-fwdX] L=0 states=1 -> 1
[DP-bwdX] L=16 states=1 -> 1
[DP-fwdX] L=0 states=1 -> 1
[DP-fwdX] L=0 states=1 -> 1
[DP-fwdX] L=0 states=1 -> 1
[DP-bwdX] L=16 states=1 -> 1
[DP-bwdX] L=16 states=1 -> 1
[DP-bwdX] L=16 states=1 -> 1
[DP-fwdX] L=16 states=1 -> 1
[DP-bwdX] L=32 states=1 -> 1
[DP-fwdX] L=16 states=1 -> 1
[DP-fwdX] L=16 states=1 -> 1
[DP-fwdX] L=16 states=1 -> 1
[DP-bwdX] L=32 states=1 -> 1
[DP-bwdX] L=32 states=1 -> 1
[DP-bwdX] L=32 states=1 -> 1
[DP-fwdX] L=32 states=1 -> 1
[DP-bwdX] L=64 states=1 -> 1
[DP-fwdX] L=32 states=1 -> 1
[DP-bwdX] L=48 states=1 -> 1
[DP-fwdX] L=32 states=1 -> 1
[DP-fwdX] L=32 states=1 -> 1
[DP-fwdX] L=32 states=1 -> 1
[DP-bwdX] L=48 states=1 -> 1
[DP-bwdX] L=48 states=1 -> 1
[DP-bwdX] L=48 states=1 -> 1
[DP-fwdX] L=48 states=1 -> 1
[DP-bwdX] L=64 states=1 -> 1
[DP-fwdX] L=48 states=1 -> 1
[DP-fwdX] L=48 states=1 -> 1
[DP-fwdX] L=48 states=1 -> 1
[DP-bwdX] L=64 states=1 -> 1
[DP-bwdX] L=64 states=1 -> 1
[DP-bwdX] L=64 states=1 -> 1
[RowSwapCTR] expand small 8x8 -> full 16x8  top_rows=4  bot_rows=4  ctr_rows=8  n_full=128
  [Round 124] T_prime=17  T_target=17  HPWL_w=480320  HPWL_eq=476  maxL=26  WNS(T')=-9  WNS*(T)=-9  picked=0  solve_ms=16.8271
[OC-Shortest/pow2] m=8 h=8 SEG=4 bits=32 words=1 threads=24
[DP-fwdX] L=0 states=1 -> 1
[DP-fwdX] L=16 states=141 -> 164
[DP-bwdX] L=64 states=1 -> 1
[DP-bwdX] L=48 states=141 -> 164
[DP-fwdX] L=0 states=1 -> 1
[DP-bwdX] L=32 states=1 -> 1
[DP-fwdX] L=0 states=1 -> 1
[DP-bwdX] L=16 states=1 -> 1
[DP-fwdX] L=0 states=1 -> 1
[DP-fwdX] L=0 states=1 -> 1
[DP-fwdX] L=0 states=1 -> 1
[DP-bwdX] L=16 states=1 -> 1
[DP-bwdX] L=16 states=1 -> 1
[DP-bwdX] L=16 states=1 -> 1
[DP-fwdX] L=16 states=1 -> 1
[DP-bwdX] L=32 states=1 -> 1
[DP-fwdX] L=16 states=1 -> 1
[DP-fwdX] L=16 states=1 -> 1
[DP-fwdX] L=16 states=1 -> 1
[DP-bwdX] L=32 states=1 -> 1
[DP-bwdX] L=32 states=1 -> 1
[DP-bwdX] L=32 states=1 -> 1
[DP-fwdX] L=32 states=1 -> 1
[DP-bwdX] L=64 states=1 -> 1
[DP-fwdX] L=32 states=1 -> 1
[DP-bwdX] L=48 states=1 -> 1
[DP-fwdX] L=32 states=1 -> 1
[DP-fwdX] L=32 states=1 -> 1
[DP-fwdX] L=32 states=1 -> 1
[DP-bwdX] L=48 states=1 -> 1
[DP-bwdX] L=48 states=1 -> 1
[DP-bwdX] L=48 states=1 -> 1
[DP-fwdX] L=48 states=1 -> 1
[DP-bwdX] L=64 states=1 -> 1
[DP-fwdX] L=48 states=1 -> 1
[DP-fwdX] L=48 states=1 -> 1
[DP-fwdX] L=48 states=1 -> 1
[DP-bwdX] L=64 states=1 -> 1
[DP-bwdX] L=64 states=1 -> 1
[DP-bwdX] L=64 states=1 -> 1
[RowSwapCTR] expand small 8x8 -> full 16x8  top_rows=4  bot_rows=4  ctr_rows=8  n_full=128
  [Round 125] T_prime=17  T_target=17  HPWL_w=480320  HPWL_eq=476  maxL=26  WNS(T')=-9  WNS*(T)=-9  picked=0  solve_ms=16.8543
[OC-Shortest/pow2] m=8 h=8 SEG=4 bits=32 words=1 threads=24
[DP-fwdX] L=0 states=1 -> 1
[DP-fwdX] L=16 states=141 -> 164
[DP-bwdX] L=64 states=1 -> 1
[DP-bwdX] L=48 states=141 -> 164
[DP-fwdX] L=0 states=1 -> 1
[DP-bwdX] L=32 states=1 -> 1
[DP-fwdX] L=0 states=1 -> 1
[DP-bwdX] L=16 states=1 -> 1
[DP-fwdX] L=0 states=1 -> 1
[DP-fwdX] L=0 states=1 -> 1
[DP-fwdX] L=0 states=1 -> 1
[DP-bwdX] L=16 states=1 -> 1
[DP-bwdX] L=16 states=1 -> 1
[DP-bwdX] L=16 states=1 -> 1
[DP-fwdX] L=16 states=1 -> 1
[DP-bwdX] L=32 states=1 -> 1
[DP-fwdX] L=16 states=1 -> 1
[DP-fwdX] L=16 states=1 -> 1
[DP-fwdX] L=16 states=1 -> 1
[DP-bwdX] L=32 states=1 -> 1
[DP-bwdX] L=32 states=1 -> 1
[DP-bwdX] L=32 states=1 -> 1
[DP-fwdX] L=32 states=1 -> 1
[DP-bwdX] L=64 states=1 -> 1
[DP-fwdX] L=32 states=1 -> 1
[DP-bwdX] L=48 states=1 -> 1
[DP-fwdX] L=32 states=1 -> 1
[DP-fwdX] L=32 states=1 -> 1
[DP-fwdX] L=32 states=1 -> 1
[DP-bwdX] L=48 states=1 -> 1
[DP-bwdX] L=48 states=1 -> 1
[DP-bwdX] L=48 states=1 -> 1
[DP-fwdX] L=48 states=1 -> 1
[DP-bwdX] L=64 states=1 -> 1
[DP-fwdX] L=48 states=1 -> 1
[DP-fwdX] L=48 states=1 -> 1
[DP-fwdX] L=48 states=1 -> 1
[DP-bwdX] L=64 states=1 -> 1
[DP-bwdX] L=64 states=1 -> 1
[DP-bwdX] L=64 states=1 -> 1
[RowSwapCTR] expand small 8x8 -> full 16x8  top_rows=4  bot_rows=4  ctr_rows=8  n_full=128
  [Round 126] T_prime=17  T_target=17  HPWL_w=480320  HPWL_eq=476  maxL=26  WNS(T')=-9  WNS*(T)=-9  picked=0  solve_ms=16.7475
[OC-Shortest/pow2] m=8 h=8 SEG=4 bits=32 words=1 threads=24
[DP-fwdX] L=0 states=1 -> 1
[DP-fwdX] L=16 states=141 -> 164
[DP-bwdX] L=64 states=1 -> 1
[DP-bwdX] L=48 states=141 -> 164
[DP-fwdX] L=0 states=1 -> 1
[DP-bwdX] L=32 states=1 -> 1
[DP-fwdX] L=0 states=1 -> 1
[DP-bwdX] L=16 states=1 -> 1
[DP-fwdX] L=0 states=1 -> 1
[DP-fwdX] L=0 states=1 -> 1
[DP-fwdX] L=0 states=1 -> 1
[DP-bwdX] L=16 states=1 -> 1
[DP-bwdX] L=16 states=1 -> 1
[DP-bwdX] L=16 states=1 -> 1
[DP-fwdX] L=16 states=1 -> 1
[DP-bwdX] L=32 states=1 -> 1
[DP-fwdX] L=16 states=1 -> 1
[DP-fwdX] L=16 states=1 -> 1
[DP-fwdX] L=16 states=1 -> 1
[DP-bwdX] L=32 states=1 -> 1
[DP-bwdX] L=32 states=1 -> 1
[DP-bwdX] L=32 states=1 -> 1
[DP-fwdX] L=32 states=1 -> 1
[DP-bwdX] L=64 states=1 -> 1
[DP-fwdX] L=32 states=1 -> 1
[DP-bwdX] L=48 states=1 -> 1
[DP-fwdX] L=32 states=1 -> 1
[DP-fwdX] L=32 states=1 -> 1
[DP-fwdX] L=32 states=1 -> 1
[DP-bwdX] L=48 states=1 -> 1
[DP-bwdX] L=48 states=1 -> 1
[DP-bwdX] L=48 states=1 -> 1
[DP-fwdX] L=48 states=1 -> 1
[DP-bwdX] L=64 states=1 -> 1
[DP-fwdX] L=48 states=1 -> 1
[DP-fwdX] L=48 states=1 -> 1
[DP-fwdX] L=48 states=1 -> 1
[DP-bwdX] L=64 states=1 -> 1
[DP-bwdX] L=64 states=1 -> 1
[DP-bwdX] L=64 states=1 -> 1
[RowSwapCTR] expand small 8x8 -> full 16x8  top_rows=4  bot_rows=4  ctr_rows=8  n_full=128
  [Round 127] T_prime=17  T_target=17  HPWL_w=480320  HPWL_eq=476  maxL=26  WNS(T')=-9  WNS*(T)=-9  picked=0  solve_ms=16.7378
[OC-Shortest/pow2] m=8 h=8 SEG=4 bits=32 words=1 threads=24
[DP-fwdX] L=0 states=1 -> 1
[DP-fwdX] L=16 states=141 -> 164
[DP-bwdX] L=64 states=1 -> 1
[DP-bwdX] L=48 states=141 -> 164
[DP-fwdX] L=0 states=1 -> 1
[DP-bwdX] L=32 states=1 -> 1
[DP-fwdX] L=0 states=1 -> 1
[DP-bwdX] L=16 states=1 -> 1
[DP-fwdX] L=0 states=1 -> 1
[DP-fwdX] L=0 states=1 -> 1
[DP-fwdX] L=0 states=1 -> 1
[DP-bwdX] L=16 states=1 -> 1
[DP-bwdX] L=16 states=1 -> 1
[DP-bwdX] L=16 states=1 -> 1
[DP-fwdX] L=16 states=1 -> 1
[DP-bwdX] L=32 states=1 -> 1
[DP-fwdX] L=16 states=1 -> 1
[DP-fwdX] L=16 states=1 -> 1
[DP-fwdX] L=16 states=1 -> 1
[DP-bwdX] L=32 states=1 -> 1
[DP-bwdX] L=32 states=1 -> 1
[DP-bwdX] L=32 states=1 -> 1
[DP-fwdX] L=32 states=1 -> 1
[DP-bwdX] L=64 states=1 -> 1
[DP-fwdX] L=32 states=1 -> 1
[DP-bwdX] L=48 states=1 -> 1
[DP-fwdX] L=32 states=1 -> 1
[DP-fwdX] L=32 states=1 -> 1
[DP-fwdX] L=32 states=1 -> 1
[DP-bwdX] L=48 states=1 -> 1
[DP-bwdX] L=48 states=1 -> 1
[DP-bwdX] L=48 states=1 -> 1
[DP-fwdX] L=48 states=1 -> 1
[DP-bwdX] L=64 states=1 -> 1
[DP-fwdX] L=48 states=1 -> 1
[DP-fwdX] L=48 states=1 -> 1
[DP-fwdX] L=48 states=1 -> 1
[DP-bwdX] L=64 states=1 -> 1
[DP-bwdX] L=64 states=1 -> 1
[DP-bwdX] L=64 states=1 -> 1
[RowSwapCTR] expand small 8x8 -> full 16x8  top_rows=4  bot_rows=4  ctr_rows=8  n_full=128
  [Round 128] T_prime=17  T_target=17  HPWL_w=480320  HPWL_eq=476  maxL=26  WNS(T')=-9  WNS*(T)=-9  picked=0  solve_ms=16.7342
[OC-Shortest/pow2] m=8 h=8 SEG=4 bits=32 words=1 threads=24
[DP-fwdX] L=0 states=1 -> 1
[DP-fwdX] L=16 states=141 -> 164
[DP-bwdX] L=64 states=1 -> 1
[DP-bwdX] L=48 states=141 -> 164
[DP-fwdX] L=0 states=1 -> 1
[DP-bwdX] L=32 states=1 -> 1
[DP-fwdX] L=0 states=1 -> 1
[DP-bwdX] L=16 states=1 -> 1
[DP-fwdX] L=0 states=1 -> 1
[DP-fwdX] L=0 states=1 -> 1
[DP-fwdX] L=0 states=1 -> 1
[DP-bwdX] L=16 states=1 -> 1
[DP-bwdX] L=16 states=1 -> 1
[DP-bwdX] L=16 states=1 -> 1
[DP-fwdX] L=16 states=1 -> 1
[DP-bwdX] L=32 states=1 -> 1
[DP-fwdX] L=16 states=1 -> 1
[DP-fwdX] L=16 states=1 -> 1
[DP-fwdX] L=16 states=1 -> 1
[DP-bwdX] L=32 states=1 -> 1
[DP-bwdX] L=32 states=1 -> 1
[DP-bwdX] L=32 states=1 -> 1
[DP-fwdX] L=32 states=1 -> 1
[DP-bwdX] L=64 states=1 -> 1
[DP-fwdX] L=32 states=1 -> 1
[DP-bwdX] L=48 states=1 -> 1
[DP-fwdX] L=32 states=1 -> 1
[DP-fwdX] L=32 states=1 -> 1
[DP-fwdX] L=32 states=1 -> 1
[DP-bwdX] L=48 states=1 -> 1
[DP-bwdX] L=48 states=1 -> 1
[DP-bwdX] L=48 states=1 -> 1
[DP-fwdX] L=48 states=1 -> 1
[DP-bwdX] L=64 states=1 -> 1
[DP-fwdX] L=48 states=1 -> 1
[DP-fwdX] L=48 states=1 -> 1
[DP-fwdX] L=48 states=1 -> 1
[DP-bwdX] L=64 states=1 -> 1
[DP-bwdX] L=64 states=1 -> 1
[DP-bwdX] L=64 states=1 -> 1
[RowSwapCTR] expand small 8x8 -> full 16x8  top_rows=4  bot_rows=4  ctr_rows=8  n_full=128
  [Round 129] T_prime=17  T_target=17  HPWL_w=480320  HPWL_eq=476  maxL=26  WNS(T')=-9  WNS*(T)=-9  picked=0  solve_ms=16.8499
[OC-Shortest/pow2] m=8 h=8 SEG=4 bits=32 words=1 threads=24
[DP-fwdX] L=0 states=1 -> 1
[DP-fwdX] L=16 states=141 -> 164
[DP-bwdX] L=64 states=1 -> 1
[DP-bwdX] L=48 states=141 -> 164
[DP-fwdX] L=0 states=1 -> 1
[DP-bwdX] L=32 states=1 -> 1
[DP-fwdX] L=0 states=1 -> 1
[DP-bwdX] L=16 states=1 -> 1
[DP-fwdX] L=0 states=1 -> 1
[DP-fwdX] L=0 states=1 -> 1
[DP-fwdX] L=0 states=1 -> 1
[DP-bwdX] L=16 states=1 -> 1
[DP-bwdX] L=16 states=1 -> 1
[DP-bwdX] L=16 states=1 -> 1
[DP-fwdX] L=16 states=1 -> 1
[DP-bwdX] L=32 states=1 -> 1
[DP-fwdX] L=16 states=1 -> 1
[DP-fwdX] L=16 states=1 -> 1
[DP-fwdX] L=16 states=1 -> 1
[DP-bwdX] L=32 states=1 -> 1
[DP-bwdX] L=32 states=1 -> 1
[DP-bwdX] L=32 states=1 -> 1
[DP-fwdX] L=32 states=1 -> 1
[DP-bwdX] L=64 states=1 -> 1
[DP-fwdX] L=32 states=1 -> 1
[DP-bwdX] L=48 states=1 -> 1
[DP-fwdX] L=32 states=1 -> 1
[DP-fwdX] L=32 states=1 -> 1
[DP-fwdX] L=32 states=1 -> 1
[DP-bwdX] L=48 states=1 -> 1
[DP-bwdX] L=48 states=1 -> 1
[DP-bwdX] L=48 states=1 -> 1
[DP-fwdX] L=48 states=1 -> 1
[DP-bwdX] L=64 states=1 -> 1
[DP-fwdX] L=48 states=1 -> 1
[DP-fwdX] L=48 states=1 -> 1
[DP-fwdX] L=48 states=1 -> 1
[DP-bwdX] L=64 states=1 -> 1
[DP-bwdX] L=64 states=1 -> 1
[DP-bwdX] L=64 states=1 -> 1
[RowSwapCTR] expand small 8x8 -> full 16x8  top_rows=4  bot_rows=4  ctr_rows=8  n_full=128
  [Round 130] T_prime=17  T_target=17  HPWL_w=480320  HPWL_eq=476  maxL=26  WNS(T')=-9  WNS*(T)=-9  picked=0  solve_ms=16.9066
[OC-Shortest/pow2] m=8 h=8 SEG=4 bits=32 words=1 threads=24
[DP-fwdX] L=0 states=1 -> 1
[DP-fwdX] L=16 states=141 -> 164
[DP-bwdX] L=64 states=1 -> 1
[DP-bwdX] L=48 states=141 -> 164
[DP-fwdX] L=0 states=1 -> 1
[DP-bwdX] L=32 states=1 -> 1
[DP-fwdX] L=0 states=1 -> 1
[DP-bwdX] L=16 states=1 -> 1
[DP-fwdX] L=0 states=1 -> 1
[DP-fwdX] L=0 states=1 -> 1
[DP-fwdX] L=0 states=1 -> 1
[DP-bwdX] L=16 states=1 -> 1
[DP-bwdX] L=16 states=1 -> 1
[DP-bwdX] L=16 states=1 -> 1
[DP-fwdX] L=16 states=1 -> 1
[DP-bwdX] L=32 states=1 -> 1
[DP-fwdX] L=16 states=1 -> 1
[DP-fwdX] L=16 states=1 -> 1
[DP-fwdX] L=16 states=1 -> 1
[DP-bwdX] L=32 states=1 -> 1
[DP-bwdX] L=32 states=1 -> 1
[DP-bwdX] L=32 states=1 -> 1
[DP-fwdX] L=32 states=1 -> 1
[DP-bwdX] L=64 states=1 -> 1
[DP-fwdX] L=32 states=1 -> 1
[DP-bwdX] L=48 states=1 -> 1
[DP-fwdX] L=32 states=1 -> 1
[DP-fwdX] L=32 states=1 -> 1
[DP-fwdX] L=32 states=1 -> 1
[DP-bwdX] L=48 states=1 -> 1
[DP-bwdX] L=48 states=1 -> 1
[DP-bwdX] L=48 states=1 -> 1
[DP-fwdX] L=48 states=1 -> 1
[DP-bwdX] L=64 states=1 -> 1
[DP-fwdX] L=48 states=1 -> 1
[DP-fwdX] L=48 states=1 -> 1
[DP-fwdX] L=48 states=1 -> 1
[DP-bwdX] L=64 states=1 -> 1
[DP-bwdX] L=64 states=1 -> 1
[DP-bwdX] L=64 states=1 -> 1
[RowSwapCTR] expand small 8x8 -> full 16x8  top_rows=4  bot_rows=4  ctr_rows=8  n_full=128
  [Round 131] T_prime=17  T_target=17  HPWL_w=480320  HPWL_eq=476  maxL=26  WNS(T')=-9  WNS*(T)=-9  picked=0  solve_ms=16.9295
[OC-Shortest/pow2] m=8 h=8 SEG=4 bits=32 words=1 threads=24
[DP-fwdX] L=0 states=1 -> 1
[DP-fwdX] L=16 states=141 -> 164
[DP-bwdX] L=64 states=1 -> 1
[DP-bwdX] L=48 states=141 -> 164
[DP-fwdX] L=0 states=1 -> 1
[DP-bwdX] L=32 states=1 -> 1
[DP-fwdX] L=0 states=1 -> 1
[DP-bwdX] L=16 states=1 -> 1
[DP-fwdX] L=0 states=1 -> 1
[DP-fwdX] L=0 states=1 -> 1
[DP-fwdX] L=0 states=1 -> 1
[DP-bwdX] L=16 states=1 -> 1
[DP-bwdX] L=16 states=1 -> 1
[DP-bwdX] L=16 states=1 -> 1
[DP-fwdX] L=16 states=1 -> 1
[DP-bwdX] L=32 states=1 -> 1
[DP-fwdX] L=16 states=1 -> 1
[DP-fwdX] L=16 states=1 -> 1
[DP-fwdX] L=16 states=1 -> 1
[DP-bwdX] L=32 states=1 -> 1
[DP-bwdX] L=32 states=1 -> 1
[DP-bwdX] L=32 states=1 -> 1
[DP-fwdX] L=32 states=1 -> 1
[DP-bwdX] L=64 states=1 -> 1
[DP-fwdX] L=32 states=1 -> 1
[DP-bwdX] L=48 states=1 -> 1
[DP-fwdX] L=32 states=1 -> 1
[DP-fwdX] L=32 states=1 -> 1
[DP-fwdX] L=32 states=1 -> 1
[DP-bwdX] L=48 states=1 -> 1
[DP-bwdX] L=48 states=1 -> 1
[DP-bwdX] L=48 states=1 -> 1
[DP-fwdX] L=48 states=1 -> 1
[DP-bwdX] L=64 states=1 -> 1
[DP-fwdX] L=48 states=1 -> 1
[DP-fwdX] L=48 states=1 -> 1
[DP-fwdX] L=48 states=1 -> 1
[DP-bwdX] L=64 states=1 -> 1
[DP-bwdX] L=64 states=1 -> 1
[DP-bwdX] L=64 states=1 -> 1
[RowSwapCTR] expand small 8x8 -> full 16x8  top_rows=4  bot_rows=4  ctr_rows=8  n_full=128
  [Round 132] T_prime=17  T_target=17  HPWL_w=480320  HPWL_eq=476  maxL=26  WNS(T')=-9  WNS*(T)=-9  picked=0  solve_ms=16.8499
[OC-Shortest/pow2] m=8 h=8 SEG=4 bits=32 words=1 threads=24
[DP-fwdX] L=0 states=1 -> 1
[DP-fwdX] L=16 states=141 -> 164
[DP-bwdX] L=64 states=1 -> 1
[DP-bwdX] L=48 states=141 -> 164
[DP-fwdX] L=0 states=1 -> 1
[DP-bwdX] L=32 states=1 -> 1
[DP-fwdX] L=0 states=1 -> 1
[DP-bwdX] L=16 states=1 -> 1
[DP-fwdX] L=0 states=1 -> 1
[DP-fwdX] L=0 states=1 -> 1
[DP-fwdX] L=0 states=1 -> 1
[DP-bwdX] L=16 states=1 -> 1
[DP-bwdX] L=16 states=1 -> 1
[DP-bwdX] L=16 states=1 -> 1
[DP-fwdX] L=16 states=1 -> 1
[DP-bwdX] L=32 states=1 -> 1
[DP-fwdX] L=16 states=1 -> 1
[DP-fwdX] L=16 states=1 -> 1
[DP-fwdX] L=16 states=1 -> 1
[DP-bwdX] L=32 states=1 -> 1
[DP-bwdX] L=32 states=1 -> 1
[DP-bwdX] L=32 states=1 -> 1
[DP-fwdX] L=32 states=1 -> 1
[DP-bwdX] L=64 states=1 -> 1
[DP-fwdX] L=32 states=1 -> 1
[DP-bwdX] L=48 states=1 -> 1
[DP-fwdX] L=32 states=1 -> 1
[DP-fwdX] L=32 states=1 -> 1
[DP-fwdX] L=32 states=1 -> 1
[DP-bwdX] L=48 states=1 -> 1
[DP-bwdX] L=48 states=1 -> 1
[DP-bwdX] L=48 states=1 -> 1
[DP-fwdX] L=48 states=1 -> 1
[DP-bwdX] L=64 states=1 -> 1
[DP-fwdX] L=48 states=1 -> 1
[DP-fwdX] L=48 states=1 -> 1
[DP-fwdX] L=48 states=1 -> 1
[DP-bwdX] L=64 states=1 -> 1
[DP-bwdX] L=64 states=1 -> 1
[DP-bwdX] L=64 states=1 -> 1
[RowSwapCTR] expand small 8x8 -> full 16x8  top_rows=4  bot_rows=4  ctr_rows=8  n_full=128
  [Round 133] T_prime=17  T_target=17  HPWL_w=480320  HPWL_eq=476  maxL=26  WNS(T')=-9  WNS*(T)=-9  picked=0  solve_ms=16.821
[OC-Shortest/pow2] m=8 h=8 SEG=4 bits=32 words=1 threads=24
[DP-fwdX] L=0 states=1 -> 1
[DP-fwdX] L=16 states=141 -> 164
[DP-bwdX] L=64 states=1 -> 1
[DP-bwdX] L=48 states=141 -> 164
[DP-fwdX] L=0 states=1 -> 1
[DP-bwdX] L=32 states=1 -> 1
[DP-fwdX] L=0 states=1 -> 1
[DP-bwdX] L=16 states=1 -> 1
[DP-fwdX] L=0 states=1 -> 1
[DP-fwdX] L=0 states=1 -> 1
[DP-fwdX] L=0 states=1 -> 1
[DP-bwdX] L=16 states=1 -> 1
[DP-bwdX] L=16 states=1 -> 1
[DP-bwdX] L=16 states=1 -> 1
[DP-fwdX] L=16 states=1 -> 1
[DP-bwdX] L=32 states=1 -> 1
[DP-fwdX] L=16 states=1 -> 1
[DP-fwdX] L=16 states=1 -> 1
[DP-fwdX] L=16 states=1 -> 1
[DP-bwdX] L=32 states=1 -> 1
[DP-bwdX] L=32 states=1 -> 1
[DP-bwdX] L=32 states=1 -> 1
[DP-fwdX] L=32 states=1 -> 1
[DP-bwdX] L=64 states=1 -> 1
[DP-fwdX] L=32 states=1 -> 1
[DP-bwdX] L=48 states=1 -> 1
[DP-fwdX] L=32 states=1 -> 1
[DP-fwdX] L=32 states=1 -> 1
[DP-fwdX] L=32 states=1 -> 1
[DP-bwdX] L=48 states=1 -> 1
[DP-bwdX] L=48 states=1 -> 1
[DP-bwdX] L=48 states=1 -> 1
[DP-fwdX] L=48 states=1 -> 1
[DP-bwdX] L=64 states=1 -> 1
[DP-fwdX] L=48 states=1 -> 1
[DP-fwdX] L=48 states=1 -> 1
[DP-fwdX] L=48 states=1 -> 1
[DP-bwdX] L=64 states=1 -> 1
[DP-bwdX] L=64 states=1 -> 1
[DP-bwdX] L=64 states=1 -> 1
[RowSwapCTR] expand small 8x8 -> full 16x8  top_rows=4  bot_rows=4  ctr_rows=8  n_full=128
  [Round 134] T_prime=17  T_target=17  HPWL_w=480320  HPWL_eq=476  maxL=26  WNS(T')=-9  WNS*(T)=-9  picked=0  solve_ms=16.8065
[OC-Shortest/pow2] m=8 h=8 SEG=4 bits=32 words=1 threads=24
[DP-fwdX] L=0 states=1 -> 1
[DP-fwdX] L=16 states=141 -> 164
[DP-bwdX] L=64 states=1 -> 1
[DP-bwdX] L=48 states=141 -> 164
[DP-fwdX] L=0 states=1 -> 1
[DP-bwdX] L=32 states=1 -> 1
[DP-fwdX] L=0 states=1 -> 1
[DP-bwdX] L=16 states=1 -> 1
[DP-fwdX] L=0 states=1 -> 1
[DP-fwdX] L=0 states=1 -> 1
[DP-fwdX] L=0 states=1 -> 1
[DP-bwdX] L=16 states=1 -> 1
[DP-bwdX] L=16 states=1 -> 1
[DP-bwdX] L=16 states=1 -> 1
[DP-fwdX] L=16 states=1 -> 1
[DP-bwdX] L=32 states=1 -> 1
[DP-fwdX] L=16 states=1 -> 1
[DP-fwdX] L=16 states=1 -> 1
[DP-fwdX] L=16 states=1 -> 1
[DP-bwdX] L=32 states=1 -> 1
[DP-bwdX] L=32 states=1 -> 1
[DP-bwdX] L=32 states=1 -> 1
[DP-fwdX] L=32 states=1 -> 1
[DP-bwdX] L=64 states=1 -> 1
[DP-fwdX] L=32 states=1 -> 1
[DP-bwdX] L=48 states=1 -> 1
[DP-fwdX] L=32 states=1 -> 1
[DP-fwdX] L=32 states=1 -> 1
[DP-fwdX] L=32 states=1 -> 1
[DP-bwdX] L=48 states=1 -> 1
[DP-bwdX] L=48 states=1 -> 1
[DP-bwdX] L=48 states=1 -> 1
[DP-fwdX] L=48 states=1 -> 1
[DP-bwdX] L=64 states=1 -> 1
[DP-fwdX] L=48 states=1 -> 1
[DP-fwdX] L=48 states=1 -> 1
[DP-fwdX] L=48 states=1 -> 1
[DP-bwdX] L=64 states=1 -> 1
[DP-bwdX] L=64 states=1 -> 1
[DP-bwdX] L=64 states=1 -> 1
[RowSwapCTR] expand small 8x8 -> full 16x8  top_rows=4  bot_rows=4  ctr_rows=8  n_full=128
  [Round 135] T_prime=17  T_target=17  HPWL_w=480320  HPWL_eq=476  maxL=26  WNS(T')=-9  WNS*(T)=-9  picked=0  solve_ms=16.7499
[OC-Shortest/pow2] m=8 h=8 SEG=4 bits=32 words=1 threads=24
[DP-fwdX] L=0 states=1 -> 1
[DP-fwdX] L=16 states=141 -> 164
[DP-bwdX] L=64 states=1 -> 1
[DP-bwdX] L=48 states=141 -> 164
[DP-fwdX] L=0 states=1 -> 1
[DP-bwdX] L=32 states=1 -> 1
[DP-fwdX] L=0 states=1 -> 1
[DP-bwdX] L=16 states=1 -> 1
[DP-fwdX] L=0 states=1 -> 1
[DP-fwdX] L=0 states=1 -> 1
[DP-fwdX] L=0 states=1 -> 1
[DP-bwdX] L=16 states=1 -> 1
[DP-bwdX] L=16 states=1 -> 1
[DP-bwdX] L=16 states=1 -> 1
[DP-fwdX] L=16 states=1 -> 1
[DP-bwdX] L=32 states=1 -> 1
[DP-fwdX] L=16 states=1 -> 1
[DP-fwdX] L=16 states=1 -> 1
[DP-fwdX] L=16 states=1 -> 1
[DP-bwdX] L=32 states=1 -> 1
[DP-bwdX] L=32 states=1 -> 1
[DP-bwdX] L=32 states=1 -> 1
[DP-fwdX] L=32 states=1 -> 1
[DP-bwdX] L=64 states=1 -> 1
[DP-fwdX] L=32 states=1 -> 1
[DP-bwdX] L=48 states=1 -> 1
[DP-fwdX] L=32 states=1 -> 1
[DP-fwdX] L=32 states=1 -> 1
[DP-fwdX] L=32 states=1 -> 1
[DP-bwdX] L=48 states=1 -> 1
[DP-bwdX] L=48 states=1 -> 1
[DP-bwdX] L=48 states=1 -> 1
[DP-fwdX] L=48 states=1 -> 1
[DP-bwdX] L=64 states=1 -> 1
[DP-fwdX] L=48 states=1 -> 1
[DP-fwdX] L=48 states=1 -> 1
[DP-fwdX] L=48 states=1 -> 1
[DP-bwdX] L=64 states=1 -> 1
[DP-bwdX] L=64 states=1 -> 1
[DP-bwdX] L=64 states=1 -> 1
[RowSwapCTR] expand small 8x8 -> full 16x8  top_rows=4  bot_rows=4  ctr_rows=8  n_full=128
  [Round 136] T_prime=17  T_target=17  HPWL_w=480320  HPWL_eq=476  maxL=26  WNS(T')=-9  WNS*(T)=-9  picked=0  solve_ms=16.921
[OC-Shortest/pow2] m=8 h=8 SEG=4 bits=32 words=1 threads=24
[DP-fwdX] L=0 states=1 -> 1
[DP-fwdX] L=16 states=141 -> 164
[DP-bwdX] L=64 states=1 -> 1
[DP-bwdX] L=48 states=141 -> 164
[DP-fwdX] L=0 states=1 -> 1
[DP-bwdX] L=32 states=1 -> 1
[DP-fwdX] L=0 states=1 -> 1
[DP-bwdX] L=16 states=1 -> 1
[DP-fwdX] L=0 states=1 -> 1
[DP-fwdX] L=0 states=1 -> 1
[DP-fwdX] L=0 states=1 -> 1
[DP-bwdX] L=16 states=1 -> 1
[DP-bwdX] L=16 states=1 -> 1
[DP-bwdX] L=16 states=1 -> 1
[DP-fwdX] L=16 states=1 -> 1
[DP-bwdX] L=32 states=1 -> 1
[DP-fwdX] L=16 states=1 -> 1
[DP-fwdX] L=16 states=1 -> 1
[DP-fwdX] L=16 states=1 -> 1
[DP-bwdX] L=32 states=1 -> 1
[DP-bwdX] L=32 states=1 -> 1
[DP-bwdX] L=32 states=1 -> 1
[DP-fwdX] L=32 states=1 -> 1
[DP-bwdX] L=64 states=1 -> 1
[DP-fwdX] L=32 states=1 -> 1
[DP-bwdX] L=48 states=1 -> 1
[DP-fwdX] L=32 states=1 -> 1
[DP-fwdX] L=32 states=1 -> 1
[DP-fwdX] L=32 states=1 -> 1
[DP-bwdX] L=48 states=1 -> 1
[DP-bwdX] L=48 states=1 -> 1
[DP-bwdX] L=48 states=1 -> 1
[DP-fwdX] L=48 states=1 -> 1
[DP-bwdX] L=64 states=1 -> 1
[DP-fwdX] L=48 states=1 -> 1
[DP-fwdX] L=48 states=1 -> 1
[DP-fwdX] L=48 states=1 -> 1
[DP-bwdX] L=64 states=1 -> 1
[DP-bwdX] L=64 states=1 -> 1
[DP-bwdX] L=64 states=1 -> 1
[RowSwapCTR] expand small 8x8 -> full 16x8  top_rows=4  bot_rows=4  ctr_rows=8  n_full=128
  [Round 137] T_prime=17  T_target=17  HPWL_w=480320  HPWL_eq=476  maxL=26  WNS(T')=-9  WNS*(T)=-9  picked=0  solve_ms=16.9407
[OC-Shortest/pow2] m=8 h=8 SEG=4 bits=32 words=1 threads=24
[DP-fwdX] L=0 states=1 -> 1
[DP-fwdX] L=16 states=141 -> 164
[DP-bwdX] L=64 states=1 -> 1
[DP-bwdX] L=48 states=141 -> 164
[DP-fwdX] L=0 states=1 -> 1
[DP-bwdX] L=32 states=1 -> 1
[DP-fwdX] L=0 states=1 -> 1
[DP-bwdX] L=16 states=1 -> 1
[DP-fwdX] L=0 states=1 -> 1
[DP-fwdX] L=0 states=1 -> 1
[DP-fwdX] L=0 states=1 -> 1
[DP-bwdX] L=16 states=1 -> 1
[DP-bwdX] L=16 states=1 -> 1
[DP-bwdX] L=16 states=1 -> 1
[DP-fwdX] L=16 states=1 -> 1
[DP-bwdX] L=32 states=1 -> 1
[DP-fwdX] L=16 states=1 -> 1
[DP-fwdX] L=16 states=1 -> 1
[DP-fwdX] L=16 states=1 -> 1
[DP-bwdX] L=32 states=1 -> 1
[DP-bwdX] L=32 states=1 -> 1
[DP-bwdX] L=32 states=1 -> 1
[DP-fwdX] L=32 states=1 -> 1
[DP-bwdX] L=64 states=1 -> 1
[DP-fwdX] L=32 states=1 -> 1
[DP-bwdX] L=48 states=1 -> 1
[DP-fwdX] L=32 states=1 -> 1
[DP-fwdX] L=32 states=1 -> 1
[DP-fwdX] L=32 states=1 -> 1
[DP-bwdX] L=48 states=1 -> 1
[DP-bwdX] L=48 states=1 -> 1
[DP-bwdX] L=48 states=1 -> 1
[DP-fwdX] L=48 states=1 -> 1
[DP-bwdX] L=64 states=1 -> 1
[DP-fwdX] L=48 states=1 -> 1
[DP-fwdX] L=48 states=1 -> 1
[DP-fwdX] L=48 states=1 -> 1
[DP-bwdX] L=64 states=1 -> 1
[DP-bwdX] L=64 states=1 -> 1
[DP-bwdX] L=64 states=1 -> 1
[RowSwapCTR] expand small 8x8 -> full 16x8  top_rows=4  bot_rows=4  ctr_rows=8  n_full=128
  [Round 138] T_prime=17  T_target=17  HPWL_w=480320  HPWL_eq=476  maxL=26  WNS(T')=-9  WNS*(T)=-9  picked=0  solve_ms=16.6985
[OC-Shortest/pow2] m=8 h=8 SEG=4 bits=32 words=1 threads=24
[DP-fwdX] L=0 states=1 -> 1
[DP-fwdX] L=16 states=141 -> 164
[DP-bwdX] L=64 states=1 -> 1
[DP-bwdX] L=48 states=141 -> 164
[DP-fwdX] L=0 states=1 -> 1
[DP-bwdX] L=32 states=1 -> 1
[DP-fwdX] L=0 states=1 -> 1
[DP-bwdX] L=16 states=1 -> 1
[DP-fwdX] L=0 states=1 -> 1
[DP-fwdX] L=0 states=1 -> 1
[DP-fwdX] L=0 states=1 -> 1
[DP-bwdX] L=16 states=1 -> 1
[DP-bwdX] L=16 states=1 -> 1
[DP-bwdX] L=16 states=1 -> 1
[DP-fwdX] L=16 states=1 -> 1
[DP-bwdX] L=32 states=1 -> 1
[DP-fwdX] L=16 states=1 -> 1
[DP-fwdX] L=16 states=1 -> 1
[DP-fwdX] L=16 states=1 -> 1
[DP-bwdX] L=32 states=1 -> 1
[DP-bwdX] L=32 states=1 -> 1
[DP-bwdX] L=32 states=1 -> 1
[DP-fwdX] L=32 states=1 -> 1
[DP-bwdX] L=64 states=1 -> 1
[DP-fwdX] L=32 states=1 -> 1
[DP-bwdX] L=48 states=1 -> 1
[DP-fwdX] L=32 states=1 -> 1
[DP-fwdX] L=32 states=1 -> 1
[DP-fwdX] L=32 states=1 -> 1
[DP-bwdX] L=48 states=1 -> 1
[DP-bwdX] L=48 states=1 -> 1
[DP-bwdX] L=48 states=1 -> 1
[DP-fwdX] L=48 states=1 -> 1
[DP-bwdX] L=64 states=1 -> 1
[DP-fwdX] L=48 states=1 -> 1
[DP-fwdX] L=48 states=1 -> 1
[DP-fwdX] L=48 states=1 -> 1
[DP-bwdX] L=64 states=1 -> 1
[DP-bwdX] L=64 states=1 -> 1
[DP-bwdX] L=64 states=1 -> 1
[RowSwapCTR] expand small 8x8 -> full 16x8  top_rows=4  bot_rows=4  ctr_rows=8  n_full=128
  [Round 139] T_prime=17  T_target=17  HPWL_w=480320  HPWL_eq=476  maxL=26  WNS(T')=-9  WNS*(T)=-9  picked=0  solve_ms=16.5193
[OC-Shortest/pow2] m=8 h=8 SEG=4 bits=32 words=1 threads=24
[DP-fwdX] L=0 states=1 -> 1
[DP-fwdX] L=16 states=141 -> 164
[DP-bwdX] L=64 states=1 -> 1
[DP-bwdX] L=48 states=141 -> 164
[DP-fwdX] L=0 states=1 -> 1
[DP-bwdX] L=32 states=1 -> 1
[DP-fwdX] L=0 states=1 -> 1
[DP-bwdX] L=16 states=1 -> 1
[DP-fwdX] L=0 states=1 -> 1
[DP-fwdX] L=0 states=1 -> 1
[DP-fwdX] L=0 states=1 -> 1
[DP-bwdX] L=16 states=1 -> 1
[DP-bwdX] L=16 states=1 -> 1
[DP-bwdX] L=16 states=1 -> 1
[DP-fwdX] L=16 states=1 -> 1
[DP-bwdX] L=32 states=1 -> 1
[DP-fwdX] L=16 states=1 -> 1
[DP-fwdX] L=16 states=1 -> 1
[DP-fwdX] L=16 states=1 -> 1
[DP-bwdX] L=32 states=1 -> 1
[DP-bwdX] L=32 states=1 -> 1
[DP-bwdX] L=32 states=1 -> 1
[DP-fwdX] L=32 states=1 -> 1
[DP-bwdX] L=64 states=1 -> 1
[DP-fwdX] L=32 states=1 -> 1
[DP-bwdX] L=48 states=1 -> 1
[DP-fwdX] L=32 states=1 -> 1
[DP-fwdX] L=32 states=1 -> 1
[DP-fwdX] L=32 states=1 -> 1
[DP-bwdX] L=48 states=1 -> 1
[DP-bwdX] L=48 states=1 -> 1
[DP-bwdX] L=48 states=1 -> 1
[DP-fwdX] L=48 states=1 -> 1
[DP-bwdX] L=64 states=1 -> 1
[DP-fwdX] L=48 states=1 -> 1
[DP-fwdX] L=48 states=1 -> 1
[DP-fwdX] L=48 states=1 -> 1
[DP-bwdX] L=64 states=1 -> 1
[DP-bwdX] L=64 states=1 -> 1
[DP-bwdX] L=64 states=1 -> 1
[RowSwapCTR] expand small 8x8 -> full 16x8  top_rows=4  bot_rows=4  ctr_rows=8  n_full=128
  [Round 140] T_prime=17  T_target=17  HPWL_w=480320  HPWL_eq=476  maxL=26  WNS(T')=-9  WNS*(T)=-9  picked=0  solve_ms=16.632
[OC-Shortest/pow2] m=8 h=8 SEG=4 bits=32 words=1 threads=24
[DP-fwdX] L=0 states=1 -> 1
[DP-fwdX] L=16 states=141 -> 164
[DP-bwdX] L=64 states=1 -> 1
[DP-bwdX] L=48 states=141 -> 164
[DP-fwdX] L=0 states=1 -> 1
[DP-bwdX] L=32 states=1 -> 1
[DP-fwdX] L=0 states=1 -> 1
[DP-bwdX] L=16 states=1 -> 1
[DP-fwdX] L=0 states=1 -> 1
[DP-fwdX] L=0 states=1 -> 1
[DP-fwdX] L=0 states=1 -> 1
[DP-bwdX] L=16 states=1 -> 1
[DP-bwdX] L=16 states=1 -> 1
[DP-bwdX] L=16 states=1 -> 1
[DP-fwdX] L=16 states=1 -> 1
[DP-bwdX] L=32 states=1 -> 1
[DP-fwdX] L=16 states=1 -> 1
[DP-fwdX] L=16 states=1 -> 1
[DP-fwdX] L=16 states=1 -> 1
[DP-bwdX] L=32 states=1 -> 1
[DP-bwdX] L=32 states=1 -> 1
[DP-bwdX] L=32 states=1 -> 1
[DP-fwdX] L=32 states=1 -> 1
[DP-bwdX] L=64 states=1 -> 1
[DP-fwdX] L=32 states=1 -> 1
[DP-bwdX] L=48 states=1 -> 1
[DP-fwdX] L=32 states=1 -> 1
[DP-fwdX] L=32 states=1 -> 1
[DP-fwdX] L=32 states=1 -> 1
[DP-bwdX] L=48 states=1 -> 1
[DP-bwdX] L=48 states=1 -> 1
[DP-bwdX] L=48 states=1 -> 1
[DP-fwdX] L=48 states=1 -> 1
[DP-bwdX] L=64 states=1 -> 1
[DP-fwdX] L=48 states=1 -> 1
[DP-fwdX] L=48 states=1 -> 1
[DP-fwdX] L=48 states=1 -> 1
[DP-bwdX] L=64 states=1 -> 1
[DP-bwdX] L=64 states=1 -> 1
[DP-bwdX] L=64 states=1 -> 1
[RowSwapCTR] expand small 8x8 -> full 16x8  top_rows=4  bot_rows=4  ctr_rows=8  n_full=128
  [Round 141] T_prime=17  T_target=17  HPWL_w=480320  HPWL_eq=476  maxL=26  WNS(T')=-9  WNS*(T)=-9  picked=0  solve_ms=16.5598
[OC-Shortest/pow2] m=8 h=8 SEG=4 bits=32 words=1 threads=24
[DP-fwdX] L=0 states=1 -> 1
[DP-fwdX] L=16 states=141 -> 164
[DP-bwdX] L=64 states=1 -> 1
[DP-bwdX] L=48 states=141 -> 164
[DP-fwdX] L=0 states=1 -> 1
[DP-bwdX] L=32 states=1 -> 1
[DP-fwdX] L=0 states=1 -> 1
[DP-bwdX] L=16 states=1 -> 1
[DP-fwdX] L=0 states=1 -> 1
[DP-fwdX] L=0 states=1 -> 1
[DP-fwdX] L=0 states=1 -> 1
[DP-bwdX] L=16 states=1 -> 1
[DP-bwdX] L=16 states=1 -> 1
[DP-bwdX] L=16 states=1 -> 1
[DP-fwdX] L=16 states=1 -> 1
[DP-bwdX] L=32 states=1 -> 1
[DP-fwdX] L=16 states=1 -> 1
[DP-fwdX] L=16 states=1 -> 1
[DP-fwdX] L=16 states=1 -> 1
[DP-bwdX] L=32 states=1 -> 1
[DP-bwdX] L=32 states=1 -> 1
[DP-bwdX] L=32 states=1 -> 1
[DP-fwdX] L=32 states=1 -> 1
[DP-bwdX] L=64 states=1 -> 1
[DP-fwdX] L=32 states=1 -> 1
[DP-bwdX] L=48 states=1 -> 1
[DP-fwdX] L=32 states=1 -> 1
[DP-fwdX] L=32 states=1 -> 1
[DP-fwdX] L=32 states=1 -> 1
[DP-bwdX] L=48 states=1 -> 1
[DP-bwdX] L=48 states=1 -> 1
[DP-bwdX] L=48 states=1 -> 1
[DP-fwdX] L=48 states=1 -> 1
[DP-bwdX] L=64 states=1 -> 1
[DP-fwdX] L=48 states=1 -> 1
[DP-fwdX] L=48 states=1 -> 1
[DP-fwdX] L=48 states=1 -> 1
[DP-bwdX] L=64 states=1 -> 1
[DP-bwdX] L=64 states=1 -> 1
[DP-bwdX] L=64 states=1 -> 1
[RowSwapCTR] expand small 8x8 -> full 16x8  top_rows=4  bot_rows=4  ctr_rows=8  n_full=128
  [Round 142] T_prime=17  T_target=17  HPWL_w=480320  HPWL_eq=476  maxL=26  WNS(T')=-9  WNS*(T)=-9  picked=0  solve_ms=16.6134
[OC-Shortest/pow2] m=8 h=8 SEG=4 bits=32 words=1 threads=24
[DP-fwdX] L=0 states=1 -> 1
[DP-fwdX] L=16 states=141 -> 164
[DP-bwdX] L=64 states=1 -> 1
[DP-bwdX] L=48 states=141 -> 164
[DP-fwdX] L=0 states=1 -> 1
[DP-bwdX] L=32 states=1 -> 1
[DP-fwdX] L=0 states=1 -> 1
[DP-bwdX] L=16 states=1 -> 1
[DP-fwdX] L=0 states=1 -> 1
[DP-fwdX] L=0 states=1 -> 1
[DP-fwdX] L=0 states=1 -> 1
[DP-bwdX] L=16 states=1 -> 1
[DP-bwdX] L=16 states=1 -> 1
[DP-bwdX] L=16 states=1 -> 1
[DP-fwdX] L=16 states=1 -> 1
[DP-bwdX] L=32 states=1 -> 1
[DP-fwdX] L=16 states=1 -> 1
[DP-fwdX] L=16 states=1 -> 1
[DP-fwdX] L=16 states=1 -> 1
[DP-bwdX] L=32 states=1 -> 1
[DP-bwdX] L=32 states=1 -> 1
[DP-bwdX] L=32 states=1 -> 1
[DP-fwdX] L=32 states=1 -> 1
[DP-bwdX] L=64 states=1 -> 1
[DP-fwdX] L=32 states=1 -> 1
[DP-bwdX] L=48 states=1 -> 1
[DP-fwdX] L=32 states=1 -> 1
[DP-fwdX] L=32 states=1 -> 1
[DP-fwdX] L=32 states=1 -> 1
[DP-bwdX] L=48 states=1 -> 1
[DP-bwdX] L=48 states=1 -> 1
[DP-bwdX] L=48 states=1 -> 1
[DP-fwdX] L=48 states=1 -> 1
[DP-bwdX] L=64 states=1 -> 1
[DP-fwdX] L=48 states=1 -> 1
[DP-fwdX] L=48 states=1 -> 1
[DP-fwdX] L=48 states=1 -> 1
[DP-bwdX] L=64 states=1 -> 1
[DP-bwdX] L=64 states=1 -> 1
[DP-bwdX] L=64 states=1 -> 1
[RowSwapCTR] expand small 8x8 -> full 16x8  top_rows=4  bot_rows=4  ctr_rows=8  n_full=128
  [Round 143] T_prime=17  T_target=17  HPWL_w=480320  HPWL_eq=476  maxL=26  WNS(T')=-9  WNS*(T)=-9  picked=0  solve_ms=16.6617
[OC-Shortest/pow2] m=8 h=8 SEG=4 bits=32 words=1 threads=24
[DP-fwdX] L=0 states=1 -> 1
[DP-fwdX] L=16 states=141 -> 164
[DP-bwdX] L=64 states=1 -> 1
[DP-bwdX] L=48 states=141 -> 164
[DP-fwdX] L=0 states=1 -> 1
[DP-bwdX] L=32 states=1 -> 1
[DP-fwdX] L=0 states=1 -> 1
[DP-bwdX] L=16 states=1 -> 1
[DP-fwdX] L=0 states=1 -> 1
[DP-fwdX] L=0 states=1 -> 1
[DP-fwdX] L=0 states=1 -> 1
[DP-bwdX] L=16 states=1 -> 1
[DP-bwdX] L=16 states=1 -> 1
[DP-bwdX] L=16 states=1 -> 1
[DP-fwdX] L=16 states=1 -> 1
[DP-bwdX] L=32 states=1 -> 1
[DP-fwdX] L=16 states=1 -> 1
[DP-fwdX] L=16 states=1 -> 1
[DP-fwdX] L=16 states=1 -> 1
[DP-bwdX] L=32 states=1 -> 1
[DP-bwdX] L=32 states=1 -> 1
[DP-bwdX] L=32 states=1 -> 1
[DP-fwdX] L=32 states=1 -> 1
[DP-bwdX] L=64 states=1 -> 1
[DP-fwdX] L=32 states=1 -> 1
[DP-bwdX] L=48 states=1 -> 1
[DP-fwdX] L=32 states=1 -> 1
[DP-fwdX] L=32 states=1 -> 1
[DP-fwdX] L=32 states=1 -> 1
[DP-bwdX] L=48 states=1 -> 1
[DP-bwdX] L=48 states=1 -> 1
[DP-bwdX] L=48 states=1 -> 1
[DP-fwdX] L=48 states=1 -> 1
[DP-bwdX] L=64 states=1 -> 1
[DP-fwdX] L=48 states=1 -> 1
[DP-fwdX] L=48 states=1 -> 1
[DP-fwdX] L=48 states=1 -> 1
[DP-bwdX] L=64 states=1 -> 1
[DP-bwdX] L=64 states=1 -> 1
[DP-bwdX] L=64 states=1 -> 1
[RowSwapCTR] expand small 8x8 -> full 16x8  top_rows=4  bot_rows=4  ctr_rows=8  n_full=128
  [Round 144] T_prime=17  T_target=17  HPWL_w=480320  HPWL_eq=476  maxL=26  WNS(T')=-9  WNS*(T)=-9  picked=0  solve_ms=16.6233
[OC-Shortest/pow2] m=8 h=8 SEG=4 bits=32 words=1 threads=24
[DP-fwdX] L=0 states=1 -> 1
[DP-fwdX] L=16 states=141 -> 164
[DP-bwdX] L=64 states=1 -> 1
[DP-bwdX] L=48 states=141 -> 164
[DP-fwdX] L=0 states=1 -> 1
[DP-bwdX] L=32 states=1 -> 1
[DP-fwdX] L=0 states=1 -> 1
[DP-bwdX] L=16 states=1 -> 1
[DP-fwdX] L=0 states=1 -> 1
[DP-fwdX] L=0 states=1 -> 1
[DP-fwdX] L=0 states=1 -> 1
[DP-bwdX] L=16 states=1 -> 1
[DP-bwdX] L=16 states=1 -> 1
[DP-bwdX] L=16 states=1 -> 1
[DP-fwdX] L=16 states=1 -> 1
[DP-bwdX] L=32 states=1 -> 1
[DP-fwdX] L=16 states=1 -> 1
[DP-fwdX] L=16 states=1 -> 1
[DP-fwdX] L=16 states=1 -> 1
[DP-bwdX] L=32 states=1 -> 1
[DP-bwdX] L=32 states=1 -> 1
[DP-bwdX] L=32 states=1 -> 1
[DP-fwdX] L=32 states=1 -> 1
[DP-bwdX] L=64 states=1 -> 1
[DP-fwdX] L=32 states=1 -> 1
[DP-bwdX] L=48 states=1 -> 1
[DP-fwdX] L=32 states=1 -> 1
[DP-fwdX] L=32 states=1 -> 1
[DP-fwdX] L=32 states=1 -> 1
[DP-bwdX] L=48 states=1 -> 1
[DP-bwdX] L=48 states=1 -> 1
[DP-bwdX] L=48 states=1 -> 1
[DP-fwdX] L=48 states=1 -> 1
[DP-bwdX] L=64 states=1 -> 1
[DP-fwdX] L=48 states=1 -> 1
[DP-fwdX] L=48 states=1 -> 1
[DP-fwdX] L=48 states=1 -> 1
[DP-bwdX] L=64 states=1 -> 1
[DP-bwdX] L=64 states=1 -> 1
[DP-bwdX] L=64 states=1 -> 1
[RowSwapCTR] expand small 8x8 -> full 16x8  top_rows=4  bot_rows=4  ctr_rows=8  n_full=128
  [Round 145] T_prime=17  T_target=17  HPWL_w=480320  HPWL_eq=476  maxL=26  WNS(T')=-9  WNS*(T)=-9  picked=0  solve_ms=16.6196
[OC-Shortest/pow2] m=8 h=8 SEG=4 bits=32 words=1 threads=24
[DP-fwdX] L=0 states=1 -> 1
[DP-fwdX] L=16 states=141 -> 164
[DP-bwdX] L=64 states=1 -> 1
[DP-bwdX] L=48 states=141 -> 164
[DP-fwdX] L=0 states=1 -> 1
[DP-bwdX] L=32 states=1 -> 1
[DP-fwdX] L=0 states=1 -> 1
[DP-bwdX] L=16 states=1 -> 1
[DP-fwdX] L=0 states=1 -> 1
[DP-fwdX] L=0 states=1 -> 1
[DP-fwdX] L=0 states=1 -> 1
[DP-bwdX] L=16 states=1 -> 1
[DP-bwdX] L=16 states=1 -> 1
[DP-bwdX] L=16 states=1 -> 1
[DP-fwdX] L=16 states=1 -> 1
[DP-bwdX] L=32 states=1 -> 1
[DP-fwdX] L=16 states=1 -> 1
[DP-fwdX] L=16 states=1 -> 1
[DP-fwdX] L=16 states=1 -> 1
[DP-bwdX] L=32 states=1 -> 1
[DP-bwdX] L=32 states=1 -> 1
[DP-bwdX] L=32 states=1 -> 1
[DP-fwdX] L=32 states=1 -> 1
[DP-bwdX] L=64 states=1 -> 1
[DP-fwdX] L=32 states=1 -> 1
[DP-bwdX] L=48 states=1 -> 1
[DP-fwdX] L=32 states=1 -> 1
[DP-fwdX] L=32 states=1 -> 1
[DP-fwdX] L=32 states=1 -> 1
[DP-bwdX] L=48 states=1 -> 1
[DP-bwdX] L=48 states=1 -> 1
[DP-bwdX] L=48 states=1 -> 1
[DP-fwdX] L=48 states=1 -> 1
[DP-bwdX] L=64 states=1 -> 1
[DP-fwdX] L=48 states=1 -> 1
[DP-fwdX] L=48 states=1 -> 1
[DP-fwdX] L=48 states=1 -> 1
[DP-bwdX] L=64 states=1 -> 1
[DP-bwdX] L=64 states=1 -> 1
[DP-bwdX] L=64 states=1 -> 1
[RowSwapCTR] expand small 8x8 -> full 16x8  top_rows=4  bot_rows=4  ctr_rows=8  n_full=128
  [Round 146] T_prime=17  T_target=17  HPWL_w=480320  HPWL_eq=476  maxL=26  WNS(T')=-9  WNS*(T)=-9  picked=0  solve_ms=16.654
[OC-Shortest/pow2] m=8 h=8 SEG=4 bits=32 words=1 threads=24
[DP-fwdX] L=0 states=1 -> 1
[DP-fwdX] L=16 states=141 -> 164
[DP-bwdX] L=64 states=1 -> 1
[DP-bwdX] L=48 states=141 -> 164
[DP-fwdX] L=0 states=1 -> 1
[DP-bwdX] L=32 states=1 -> 1
[DP-fwdX] L=0 states=1 -> 1
[DP-bwdX] L=16 states=1 -> 1
[DP-fwdX] L=0 states=1 -> 1
[DP-fwdX] L=0 states=1 -> 1
[DP-fwdX] L=0 states=1 -> 1
[DP-bwdX] L=16 states=1 -> 1
[DP-bwdX] L=16 states=1 -> 1
[DP-bwdX] L=16 states=1 -> 1
[DP-fwdX] L=16 states=1 -> 1
[DP-bwdX] L=32 states=1 -> 1
[DP-fwdX] L=16 states=1 -> 1
[DP-fwdX] L=16 states=1 -> 1
[DP-fwdX] L=16 states=1 -> 1
[DP-bwdX] L=32 states=1 -> 1
[DP-bwdX] L=32 states=1 -> 1
[DP-bwdX] L=32 states=1 -> 1
[DP-fwdX] L=32 states=1 -> 1
[DP-bwdX] L=64 states=1 -> 1
[DP-fwdX] L=32 states=1 -> 1
[DP-bwdX] L=48 states=1 -> 1
[DP-fwdX] L=32 states=1 -> 1
[DP-fwdX] L=32 states=1 -> 1
[DP-fwdX] L=32 states=1 -> 1
[DP-bwdX] L=48 states=1 -> 1
[DP-bwdX] L=48 states=1 -> 1
[DP-bwdX] L=48 states=1 -> 1
[DP-fwdX] L=48 states=1 -> 1
[DP-bwdX] L=64 states=1 -> 1
[DP-fwdX] L=48 states=1 -> 1
[DP-fwdX] L=48 states=1 -> 1
[DP-fwdX] L=48 states=1 -> 1
[DP-bwdX] L=64 states=1 -> 1
[DP-bwdX] L=64 states=1 -> 1
[DP-bwdX] L=64 states=1 -> 1
[RowSwapCTR] expand small 8x8 -> full 16x8  top_rows=4  bot_rows=4  ctr_rows=8  n_full=128
  [Round 147] T_prime=17  T_target=17  HPWL_w=480320  HPWL_eq=476  maxL=26  WNS(T')=-9  WNS*(T)=-9  picked=0  solve_ms=16.6276
[OC-Shortest/pow2] m=8 h=8 SEG=4 bits=32 words=1 threads=24
[DP-fwdX] L=0 states=1 -> 1
[DP-fwdX] L=16 states=141 -> 164
[DP-bwdX] L=64 states=1 -> 1
[DP-bwdX] L=48 states=141 -> 164
[DP-fwdX] L=0 states=1 -> 1
[DP-bwdX] L=32 states=1 -> 1
[DP-fwdX] L=0 states=1 -> 1
[DP-bwdX] L=16 states=1 -> 1
[DP-fwdX] L=0 states=1 -> 1
[DP-fwdX] L=0 states=1 -> 1
[DP-fwdX] L=0 states=1 -> 1
[DP-bwdX] L=16 states=1 -> 1
[DP-bwdX] L=16 states=1 -> 1
[DP-bwdX] L=16 states=1 -> 1
[DP-fwdX] L=16 states=1 -> 1
[DP-bwdX] L=32 states=1 -> 1
[DP-fwdX] L=16 states=1 -> 1
[DP-fwdX] L=16 states=1 -> 1
[DP-fwdX] L=16 states=1 -> 1
[DP-bwdX] L=32 states=1 -> 1
[DP-bwdX] L=32 states=1 -> 1
[DP-bwdX] L=32 states=1 -> 1
[DP-fwdX] L=32 states=1 -> 1
[DP-bwdX] L=64 states=1 -> 1
[DP-fwdX] L=32 states=1 -> 1
[DP-bwdX] L=48 states=1 -> 1
[DP-fwdX] L=32 states=1 -> 1
[DP-fwdX] L=32 states=1 -> 1
[DP-fwdX] L=32 states=1 -> 1
[DP-bwdX] L=48 states=1 -> 1
[DP-bwdX] L=48 states=1 -> 1
[DP-bwdX] L=48 states=1 -> 1
[DP-fwdX] L=48 states=1 -> 1
[DP-bwdX] L=64 states=1 -> 1
[DP-fwdX] L=48 states=1 -> 1
[DP-fwdX] L=48 states=1 -> 1
[DP-fwdX] L=48 states=1 -> 1
[DP-bwdX] L=64 states=1 -> 1
[DP-bwdX] L=64 states=1 -> 1
[DP-bwdX] L=64 states=1 -> 1
[RowSwapCTR] expand small 8x8 -> full 16x8  top_rows=4  bot_rows=4  ctr_rows=8  n_full=128
  [Round 148] T_prime=17  T_target=17  HPWL_w=480320  HPWL_eq=476  maxL=26  WNS(T')=-9  WNS*(T)=-9  picked=0  solve_ms=16.8179
[OC-Shortest/pow2] m=8 h=8 SEG=4 bits=32 words=1 threads=24
[DP-fwdX] L=0 states=1 -> 1
[DP-fwdX] L=16 states=141 -> 164
[DP-bwdX] L=64 states=1 -> 1
[DP-bwdX] L=48 states=141 -> 164
[DP-fwdX] L=0 states=1 -> 1
[DP-bwdX] L=32 states=1 -> 1
[DP-fwdX] L=0 states=1 -> 1
[DP-bwdX] L=16 states=1 -> 1
[DP-fwdX] L=0 states=1 -> 1
[DP-fwdX] L=0 states=1 -> 1
[DP-fwdX] L=0 states=1 -> 1
[DP-bwdX] L=16 states=1 -> 1
[DP-bwdX] L=16 states=1 -> 1
[DP-bwdX] L=16 states=1 -> 1
[DP-fwdX] L=16 states=1 -> 1
[DP-bwdX] L=32 states=1 -> 1
[DP-fwdX] L=16 states=1 -> 1
[DP-fwdX] L=16 states=1 -> 1
[DP-fwdX] L=16 states=1 -> 1
[DP-bwdX] L=32 states=1 -> 1
[DP-bwdX] L=32 states=1 -> 1
[DP-bwdX] L=32 states=1 -> 1
[DP-fwdX] L=32 states=1 -> 1
[DP-bwdX] L=64 states=1 -> 1
[DP-fwdX] L=32 states=1 -> 1
[DP-bwdX] L=48 states=1 -> 1
[DP-fwdX] L=32 states=1 -> 1
[DP-fwdX] L=32 states=1 -> 1
[DP-fwdX] L=32 states=1 -> 1
[DP-bwdX] L=48 states=1 -> 1
[DP-bwdX] L=48 states=1 -> 1
[DP-bwdX] L=48 states=1 -> 1
[DP-fwdX] L=48 states=1 -> 1
[DP-bwdX] L=64 states=1 -> 1
[DP-fwdX] L=48 states=1 -> 1
[DP-fwdX] L=48 states=1 -> 1
[DP-fwdX] L=48 states=1 -> 1
[DP-bwdX] L=64 states=1 -> 1
[DP-bwdX] L=64 states=1 -> 1
[DP-bwdX] L=64 states=1 -> 1
[RowSwapCTR] expand small 8x8 -> full 16x8  top_rows=4  bot_rows=4  ctr_rows=8  n_full=128
  [Round 149] T_prime=17  T_target=17  HPWL_w=480320  HPWL_eq=476  maxL=26  WNS(T')=-9  WNS*(T)=-9  picked=0  solve_ms=17.6218
[OC-Shortest/pow2] m=8 h=8 SEG=4 bits=32 words=1 threads=24
[DP-fwdX] L=0 states=1 -> 1
[DP-fwdX] L=16 states=141 -> 164
[DP-bwdX] L=64 states=1 -> 1
[DP-bwdX] L=48 states=141 -> 164
[DP-fwdX] L=0 states=1 -> 1
[DP-bwdX] L=32 states=1 -> 1
[DP-fwdX] L=0 states=1 -> 1
[DP-bwdX] L=16 states=1 -> 1
[DP-fwdX] L=0 states=1 -> 1
[DP-fwdX] L=0 states=1 -> 1
[DP-fwdX] L=0 states=1 -> 1
[DP-bwdX] L=16 states=1 -> 1
[DP-bwdX] L=16 states=1 -> 1
[DP-bwdX] L=16 states=1 -> 1
[DP-fwdX] L=16 states=1 -> 1
[DP-bwdX] L=32 states=1 -> 1
[DP-fwdX] L=16 states=1 -> 1
[DP-fwdX] L=16 states=1 -> 1
[DP-fwdX] L=16 states=1 -> 1
[DP-bwdX] L=32 states=1 -> 1
[DP-bwdX] L=32 states=1 -> 1
[DP-bwdX] L=32 states=1 -> 1
[DP-fwdX] L=32 states=1 -> 1
[DP-bwdX] L=64 states=1 -> 1
[DP-fwdX] L=32 states=1 -> 1
[DP-bwdX] L=48 states=1 -> 1
[DP-fwdX] L=32 states=1 -> 1
[DP-fwdX] L=32 states=1 -> 1
[DP-fwdX] L=32 states=1 -> 1
[DP-bwdX] L=48 states=1 -> 1
[DP-bwdX] L=48 states=1 -> 1
[DP-bwdX] L=48 states=1 -> 1
[DP-fwdX] L=48 states=1 -> 1
[DP-bwdX] L=64 states=1 -> 1
[DP-fwdX] L=48 states=1 -> 1
[DP-fwdX] L=48 states=1 -> 1
[DP-fwdX] L=48 states=1 -> 1
[DP-bwdX] L=64 states=1 -> 1
[DP-bwdX] L=64 states=1 -> 1
[DP-bwdX] L=64 states=1 -> 1
[RowSwapCTR] expand small 8x8 -> full 16x8  top_rows=4  bot_rows=4  ctr_rows=8  n_full=128
  [Round 150] T_prime=17  T_target=17  HPWL_w=480320  HPWL_eq=476  maxL=26  WNS(T')=-9  WNS*(T)=-9  picked=0  solve_ms=16.6903
[Policy] wrote placement to: placement16_Col_1_T_17.txt
[MultiCol] moved base placement to: ./base_placement_16x8_T_17.txt
[MultiCol] parsed base Y entries: 128 (expect 128)
[MultiCol] wrote multi-col placement: placement16_Col_2_T_17.txt
[MultiCol] done. placement=placement16_Col_2_T_17.txt  total_ms=2572.89 ms
