[MultiCol] m=16 h=16 K=2 T=15 rounds=150 policy=momentum snake=1 work_dir=.
[MultiCol] WARN: unknown policy=momentum, fallback run anyway.
[MultiCol] exec: build/oc_policy_singlecol 16 8 150 --T=15 --policy=momentum --freeze=1 --cap=8 --scale=1000 --dV=1 --pow2=1 --progress=1
[Policy] m_full=16 h_full=8 rounds=150 T_target=15 policy=momentum+freeze cap=8 scale=1000 freeze=1 homotopy=1 sigma=0.8 shrink=0.9  [fast_ctr: DP on 8x8]
[OC-Shortest/pow2] m=8 h=8 SEG=4 bits=32 words=1 threads=24
[DP-fwdX] L=0 states=1 -> 1
[DP-fwdX] L=16 states=141 -> 164
[DP-bwdX] L=64 states=1 -> 1
[DP-bwdX] L=48 states=141 -> 164
[DP-fwdX] L=0 states=1 -> 1
[DP-bwdX] L=32 states=1 -> 1
[DP-fwdX] L=0 states=1 -> 1
[DP-bwdX] L=16 states=1 -> 2
[DP-fwdX] L=0 states=1 -> 1
[DP-fwdX] L=0 states=1 -> 1
[DP-fwdX] L=0 states=1 -> 1
[DP-bwdX] L=16 states=1 -> 2
[DP-bwdX] L=16 states=1 -> 2
[DP-bwdX] L=16 states=1 -> 2
[DP-fwdX] L=16 states=1 -> 3
[DP-bwdX] L=32 states=1 -> 1
[DP-fwdX] L=16 states=1 -> 3
[DP-fwdX] L=16 states=1 -> 3
[DP-fwdX] L=16 states=1 -> 3
[DP-bwdX] L=32 states=1 -> 1
[DP-bwdX] L=32 states=1 -> 1
[DP-bwdX] L=32 states=1 -> 1
[DP-fwdX] L=32 states=1 -> 1
[DP-bwdX] L=64 states=1 -> 1
[DP-fwdX] L=32 states=1 -> 1
[DP-bwdX] L=48 states=1 -> 3
[DP-fwdX] L=32 states=1 -> 1
[DP-fwdX] L=32 states=1 -> 1
[DP-fwdX] L=32 states=1 -> 1
[DP-bwdX] L=48 states=1 -> 3
[DP-bwdX] L=48 states=1 -> 3
[DP-bwdX] L=48 states=1 -> 3
[DP-fwdX] L=48 states=1 -> 2
[DP-bwdX] L=64 states=1 -> 1
[DP-fwdX] L=48 states=1 -> 2
[DP-fwdX] L=48 states=1 -> 2
[DP-fwdX] L=48 states=1 -> 2
[DP-bwdX] L=64 states=1 -> 1
[DP-bwdX] L=64 states=1 -> 1
[DP-bwdX] L=64 states=1 -> 1
[Init-Homotopy] round1 maxL(dp)=20  set T_prime0=16 (T_target=15)
[RowSwapCTR] expand small 8x8 -> full 16x8  top_rows=4  bot_rows=4  ctr_rows=8  n_full=128
  [Round 1] T_prime=16  T_target=15  HPWL_w=472000000  HPWL_eq=472  maxL=23  WNS(T')=-7  WNS*(T)=-8  picked=1  solve_ms=23.521
[OC-Shortest/pow2] m=8 h=8 SEG=4 bits=32 words=1 threads=24
[DP-fwdX] L=0 states=1 -> 1
[DP-fwdX] L=16 states=141 -> 164
[DP-bwdX] L=64 states=1 -> 1
[DP-bwdX] L=48 states=141 -> 164
[DP-fwdX] L=0 states=1 -> 1
[DP-bwdX] L=32 states=1 -> 1
[DP-fwdX] L=0 states=1 -> 1
[DP-bwdX] L=16 states=1 -> 2
[DP-fwdX] L=0 states=1 -> 1
[DP-fwdX] L=0 states=1 -> 1
[DP-fwdX] L=0 states=1 -> 1
[DP-bwdX] L=16 states=1 -> 2
[DP-bwdX] L=16 states=1 -> 2
[DP-bwdX] L=16 states=1 -> 2
[DP-fwdX] L=16 states=1 -> 3
[DP-bwdX] L=32 states=1 -> 1
[DP-fwdX] L=16 states=1 -> 3
[DP-fwdX] L=16 states=1 -> 3
[DP-fwdX] L=16 states=1 -> 3
[DP-bwdX] L=32 states=1 -> 1
[DP-bwdX] L=32 states=1 -> 1
[DP-bwdX] L=32 states=1 -> 1
[DP-fwdX] L=32 states=1 -> 1
[DP-bwdX] L=64 states=1 -> 1
[DP-fwdX] L=32 states=1 -> 1
[DP-bwdX] L=48 states=1 -> 3
[DP-fwdX] L=32 states=1 -> 1
[DP-fwdX] L=32 states=1 -> 1
[DP-fwdX] L=32 states=1 -> 1
[DP-bwdX] L=48 states=1 -> 3
[DP-bwdX] L=48 states=1 -> 3
[DP-bwdX] L=48 states=1 -> 3
[DP-fwdX] L=48 states=1 -> 2
[DP-bwdX] L=64 states=1 -> 1
[DP-fwdX] L=48 states=1 -> 2
[DP-fwdX] L=48 states=1 -> 2
[DP-fwdX] L=48 states=1 -> 2
[DP-bwdX] L=64 states=1 -> 1
[DP-bwdX] L=64 states=1 -> 1
[DP-bwdX] L=64 states=1 -> 1
[RowSwapCTR] expand small 8x8 -> full 16x8  top_rows=4  bot_rows=4  ctr_rows=8  n_full=128
  [Round 2] T_prime=16  T_target=15  HPWL_w=472000000  HPWL_eq=472  maxL=23  WNS(T')=-7  WNS*(T)=-8  picked=1  solve_ms=18.4054
[OC-Shortest/pow2] m=8 h=8 SEG=4 bits=32 words=1 threads=24
[DP-fwdX] L=0 states=1 -> 1
[DP-fwdX] L=16 states=141 -> 164
[DP-bwdX] L=64 states=1 -> 1
[DP-bwdX] L=48 states=141 -> 164
[DP-fwdX] L=0 states=1 -> 1
[DP-bwdX] L=32 states=1 -> 1
[DP-fwdX] L=0 states=1 -> 1
[DP-bwdX] L=16 states=1 -> 2
[DP-fwdX] L=0 states=1 -> 1
[DP-fwdX] L=0 states=1 -> 1
[DP-fwdX] L=0 states=1 -> 1
[DP-bwdX] L=16 states=1 -> 2
[DP-bwdX] L=16 states=1 -> 2
[DP-bwdX] L=16 states=1 -> 2
[DP-fwdX] L=16 states=1 -> 3
[DP-bwdX] L=32 states=1 -> 1
[DP-fwdX] L=16 states=1 -> 3
[DP-fwdX] L=16 states=1 -> 3
[DP-fwdX] L=16 states=1 -> 3
[DP-bwdX] L=32 states=1 -> 1
[DP-bwdX] L=32 states=1 -> 1
[DP-bwdX] L=32 states=1 -> 1
[DP-fwdX] L=32 states=1 -> 1
[DP-bwdX] L=64 states=1 -> 1
[DP-fwdX] L=32 states=1 -> 1
[DP-bwdX] L=48 states=1 -> 3
[DP-fwdX] L=32 states=1 -> 1
[DP-fwdX] L=32 states=1 -> 1
[DP-fwdX] L=32 states=1 -> 1
[DP-bwdX] L=48 states=1 -> 3
[DP-bwdX] L=48 states=1 -> 3
[DP-bwdX] L=48 states=1 -> 3
[DP-fwdX] L=48 states=1 -> 2
[DP-bwdX] L=64 states=1 -> 1
[DP-fwdX] L=48 states=1 -> 2
[DP-fwdX] L=48 states=1 -> 2
[DP-fwdX] L=48 states=1 -> 2
[DP-bwdX] L=64 states=1 -> 1
[DP-bwdX] L=64 states=1 -> 1
[DP-bwdX] L=64 states=1 -> 1
[RowSwapCTR] expand small 8x8 -> full 16x8  top_rows=4  bot_rows=4  ctr_rows=8  n_full=128
  [Round 3] T_prime=16  T_target=15  HPWL_w=472000000  HPWL_eq=472  maxL=23  WNS(T')=-7  WNS*(T)=-8  picked=1  solve_ms=17.9101
[OC-Shortest/pow2] m=8 h=8 SEG=4 bits=32 words=1 threads=24
[DP-fwdX] L=0 states=1 -> 1
[DP-fwdX] L=16 states=141 -> 164
[DP-bwdX] L=64 states=1 -> 1
[DP-bwdX] L=48 states=141 -> 164
[DP-fwdX] L=0 states=1 -> 1
[DP-bwdX] L=32 states=1 -> 1
[DP-fwdX] L=0 states=1 -> 1
[DP-bwdX] L=16 states=1 -> 2
[DP-fwdX] L=0 states=1 -> 1
[DP-fwdX] L=0 states=1 -> 1
[DP-fwdX] L=0 states=1 -> 1
[DP-bwdX] L=16 states=1 -> 2
[DP-bwdX] L=16 states=1 -> 2
[DP-bwdX] L=16 states=1 -> 2
[DP-fwdX] L=16 states=1 -> 3
[DP-bwdX] L=32 states=1 -> 1
[DP-fwdX] L=16 states=1 -> 3
[DP-fwdX] L=16 states=1 -> 3
[DP-fwdX] L=16 states=1 -> 3
[DP-bwdX] L=32 states=1 -> 1
[DP-bwdX] L=32 states=1 -> 1
[DP-bwdX] L=32 states=1 -> 1
[DP-fwdX] L=32 states=1 -> 1
[DP-bwdX] L=64 states=1 -> 1
[DP-fwdX] L=32 states=1 -> 1
[DP-bwdX] L=48 states=1 -> 3
[DP-fwdX] L=32 states=1 -> 1
[DP-fwdX] L=32 states=1 -> 1
[DP-fwdX] L=32 states=1 -> 1
[DP-bwdX] L=48 states=1 -> 3
[DP-bwdX] L=48 states=1 -> 3
[DP-bwdX] L=48 states=1 -> 3
[DP-fwdX] L=48 states=1 -> 2
[DP-bwdX] L=64 states=1 -> 1
[DP-fwdX] L=48 states=1 -> 2
[DP-fwdX] L=48 states=1 -> 2
[DP-fwdX] L=48 states=1 -> 2
[DP-bwdX] L=64 states=1 -> 1
[DP-bwdX] L=64 states=1 -> 1
[DP-bwdX] L=64 states=1 -> 1
[RowSwapCTR] expand small 8x8 -> full 16x8  top_rows=4  bot_rows=4  ctr_rows=8  n_full=128
  [Round 4] T_prime=16  T_target=15  HPWL_w=472000000  HPWL_eq=472  maxL=23  WNS(T')=-7  WNS*(T)=-8  picked=1  solve_ms=17.7
[OC-Shortest/pow2] m=8 h=8 SEG=4 bits=32 words=1 threads=24
[DP-fwdX] L=0 states=1 -> 1
[DP-fwdX] L=16 states=141 -> 164
[DP-bwdX] L=64 states=1 -> 1
[DP-bwdX] L=48 states=141 -> 164
[DP-fwdX] L=0 states=1 -> 1
[DP-bwdX] L=32 states=1 -> 1
[DP-fwdX] L=0 states=1 -> 1
[DP-bwdX] L=16 states=1 -> 2
[DP-fwdX] L=0 states=1 -> 1
[DP-fwdX] L=0 states=1 -> 1
[DP-fwdX] L=0 states=1 -> 1
[DP-bwdX] L=16 states=1 -> 2
[DP-bwdX] L=16 states=1 -> 2
[DP-bwdX] L=16 states=1 -> 2
[DP-fwdX] L=16 states=1 -> 3
[DP-bwdX] L=32 states=1 -> 1
[DP-fwdX] L=16 states=1 -> 3
[DP-fwdX] L=16 states=1 -> 3
[DP-fwdX] L=16 states=1 -> 3
[DP-bwdX] L=32 states=1 -> 1
[DP-bwdX] L=32 states=1 -> 1
[DP-bwdX] L=32 states=1 -> 1
[DP-fwdX] L=32 states=1 -> 1
[DP-bwdX] L=64 states=1 -> 1
[DP-fwdX] L=32 states=1 -> 1
[DP-bwdX] L=48 states=1 -> 3
[DP-fwdX] L=32 states=1 -> 1
[DP-fwdX] L=32 states=1 -> 1
[DP-fwdX] L=32 states=1 -> 1
[DP-bwdX] L=48 states=1 -> 3
[DP-bwdX] L=48 states=1 -> 3
[DP-bwdX] L=48 states=1 -> 3
[DP-fwdX] L=48 states=1 -> 2
[DP-bwdX] L=64 states=1 -> 1
[DP-fwdX] L=48 states=1 -> 2
[DP-fwdX] L=48 states=1 -> 2
[DP-fwdX] L=48 states=1 -> 2
[DP-bwdX] L=64 states=1 -> 1
[DP-bwdX] L=64 states=1 -> 1
[DP-bwdX] L=64 states=1 -> 1
[RowSwapCTR] expand small 8x8 -> full 16x8  top_rows=4  bot_rows=4  ctr_rows=8  n_full=128
  [Round 5] T_prime=16  T_target=15  HPWL_w=472000000  HPWL_eq=472  maxL=23  WNS(T')=-7  WNS*(T)=-8  picked=1  solve_ms=17.6543
[OC-Shortest/pow2] m=8 h=8 SEG=4 bits=32 words=1 threads=24
[DP-fwdX] L=0 states=1 -> 1
[DP-fwdX] L=16 states=141 -> 164
[DP-bwdX] L=64 states=1 -> 1
[DP-bwdX] L=48 states=141 -> 164
[DP-fwdX] L=0 states=1 -> 1
[DP-bwdX] L=32 states=1 -> 1
[DP-fwdX] L=0 states=1 -> 1
[DP-bwdX] L=16 states=1 -> 2
[DP-fwdX] L=0 states=1 -> 1
[DP-fwdX] L=0 states=1 -> 1
[DP-fwdX] L=0 states=1 -> 1
[DP-bwdX] L=16 states=1 -> 2
[DP-bwdX] L=16 states=1 -> 2
[DP-bwdX] L=16 states=1 -> 2
[DP-fwdX] L=16 states=1 -> 3
[DP-bwdX] L=32 states=1 -> 1
[DP-fwdX] L=16 states=1 -> 3
[DP-fwdX] L=16 states=1 -> 3
[DP-fwdX] L=16 states=1 -> 3
[DP-bwdX] L=32 states=1 -> 1
[DP-bwdX] L=32 states=1 -> 1
[DP-bwdX] L=32 states=1 -> 1
[DP-fwdX] L=32 states=1 -> 1
[DP-bwdX] L=64 states=1 -> 1
[DP-fwdX] L=32 states=1 -> 1
[DP-bwdX] L=48 states=1 -> 3
[DP-fwdX] L=32 states=1 -> 1
[DP-fwdX] L=32 states=1 -> 1
[DP-fwdX] L=32 states=1 -> 1
[DP-bwdX] L=48 states=1 -> 3
[DP-bwdX] L=48 states=1 -> 3
[DP-bwdX] L=48 states=1 -> 3
[DP-fwdX] L=48 states=1 -> 2
[DP-bwdX] L=64 states=1 -> 1
[DP-fwdX] L=48 states=1 -> 2
[DP-fwdX] L=48 states=1 -> 2
[DP-fwdX] L=48 states=1 -> 2
[DP-bwdX] L=64 states=1 -> 1
[DP-bwdX] L=64 states=1 -> 1
[DP-bwdX] L=64 states=1 -> 1
[RowSwapCTR] expand small 8x8 -> full 16x8  top_rows=4  bot_rows=4  ctr_rows=8  n_full=128
  [Round 6] T_prime=16  T_target=15  HPWL_w=472000000  HPWL_eq=472  maxL=23  WNS(T')=-7  WNS*(T)=-8  picked=1  solve_ms=17.7102
[OC-Shortest/pow2] m=8 h=8 SEG=4 bits=32 words=1 threads=24
[DP-fwdX] L=0 states=1 -> 1
[DP-fwdX] L=16 states=141 -> 164
[DP-bwdX] L=64 states=1 -> 1
[DP-bwdX] L=48 states=141 -> 164
[DP-fwdX] L=0 states=1 -> 1
[DP-bwdX] L=32 states=1 -> 1
[DP-fwdX] L=0 states=1 -> 1
[DP-bwdX] L=16 states=1 -> 2
[DP-fwdX] L=0 states=1 -> 1
[DP-fwdX] L=0 states=1 -> 1
[DP-fwdX] L=0 states=1 -> 1
[DP-bwdX] L=16 states=1 -> 2
[DP-bwdX] L=16 states=1 -> 2
[DP-bwdX] L=16 states=1 -> 2
[DP-fwdX] L=16 states=1 -> 3
[DP-bwdX] L=32 states=1 -> 1
[DP-fwdX] L=16 states=1 -> 3
[DP-fwdX] L=16 states=1 -> 3
[DP-fwdX] L=16 states=1 -> 3
[DP-bwdX] L=32 states=1 -> 1
[DP-bwdX] L=32 states=1 -> 1
[DP-bwdX] L=32 states=1 -> 1
[DP-fwdX] L=32 states=1 -> 1
[DP-bwdX] L=64 states=1 -> 1
[DP-fwdX] L=32 states=1 -> 1
[DP-bwdX] L=48 states=1 -> 3
[DP-fwdX] L=32 states=1 -> 1
[DP-fwdX] L=32 states=1 -> 1
[DP-fwdX] L=32 states=1 -> 1
[DP-bwdX] L=48 states=1 -> 3
[DP-bwdX] L=48 states=1 -> 3
[DP-bwdX] L=48 states=1 -> 3
[DP-fwdX] L=48 states=1 -> 2
[DP-bwdX] L=64 states=1 -> 1
[DP-fwdX] L=48 states=1 -> 2
[DP-fwdX] L=48 states=1 -> 2
[DP-fwdX] L=48 states=1 -> 2
[DP-bwdX] L=64 states=1 -> 1
[DP-bwdX] L=64 states=1 -> 1
[DP-bwdX] L=64 states=1 -> 1
[RowSwapCTR] expand small 8x8 -> full 16x8  top_rows=4  bot_rows=4  ctr_rows=8  n_full=128
  [Round 7] T_prime=16  T_target=15  HPWL_w=472000000  HPWL_eq=472  maxL=23  WNS(T')=-7  WNS*(T)=-8  picked=1  solve_ms=17.6619
[OC-Shortest/pow2] m=8 h=8 SEG=4 bits=32 words=1 threads=24
[DP-fwdX] L=0 states=1 -> 1
[DP-fwdX] L=16 states=141 -> 164
[DP-bwdX] L=64 states=1 -> 1
[DP-bwdX] L=48 states=141 -> 164
[DP-fwdX] L=0 states=1 -> 1
[DP-bwdX] L=32 states=1 -> 1
[DP-fwdX] L=0 states=1 -> 1
[DP-bwdX] L=16 states=1 -> 2
[DP-fwdX] L=0 states=1 -> 1
[DP-fwdX] L=0 states=1 -> 1
[DP-fwdX] L=0 states=1 -> 1
[DP-bwdX] L=16 states=1 -> 2
[DP-bwdX] L=16 states=1 -> 2
[DP-bwdX] L=16 states=1 -> 2
[DP-fwdX] L=16 states=1 -> 3
[DP-bwdX] L=32 states=1 -> 1
[DP-fwdX] L=16 states=1 -> 3
[DP-fwdX] L=16 states=1 -> 3
[DP-fwdX] L=16 states=1 -> 3
[DP-bwdX] L=32 states=1 -> 1
[DP-bwdX] L=32 states=1 -> 1
[DP-bwdX] L=32 states=1 -> 1
[DP-fwdX] L=32 states=1 -> 1
[DP-bwdX] L=64 states=1 -> 1
[DP-fwdX] L=32 states=1 -> 1
[DP-bwdX] L=48 states=1 -> 3
[DP-fwdX] L=32 states=1 -> 1
[DP-fwdX] L=32 states=1 -> 1
[DP-fwdX] L=32 states=1 -> 1
[DP-bwdX] L=48 states=1 -> 3
[DP-bwdX] L=48 states=1 -> 3
[DP-bwdX] L=48 states=1 -> 3
[DP-fwdX] L=48 states=1 -> 2
[DP-bwdX] L=64 states=1 -> 1
[DP-fwdX] L=48 states=1 -> 2
[DP-fwdX] L=48 states=1 -> 2
[DP-fwdX] L=48 states=1 -> 2
[DP-bwdX] L=64 states=1 -> 1
[DP-bwdX] L=64 states=1 -> 1
[DP-bwdX] L=64 states=1 -> 1
[RowSwapCTR] expand small 8x8 -> full 16x8  top_rows=4  bot_rows=4  ctr_rows=8  n_full=128
  [Round 8] T_prime=16  T_target=15  HPWL_w=472000000  HPWL_eq=472  maxL=23  WNS(T')=-7  WNS*(T)=-8  picked=1  solve_ms=17.6408
[OC-Shortest/pow2] m=8 h=8 SEG=4 bits=32 words=1 threads=24
[DP-fwdX] L=0 states=1 -> 1
[DP-fwdX] L=16 states=141 -> 164
[DP-bwdX] L=64 states=1 -> 1
[DP-bwdX] L=48 states=141 -> 164
[DP-fwdX] L=0 states=1 -> 1
[DP-bwdX] L=32 states=1 -> 1
[DP-fwdX] L=0 states=1 -> 1
[DP-bwdX] L=16 states=1 -> 2
[DP-fwdX] L=0 states=1 -> 1
[DP-fwdX] L=0 states=1 -> 1
[DP-fwdX] L=0 states=1 -> 1
[DP-bwdX] L=16 states=1 -> 2
[DP-bwdX] L=16 states=1 -> 2
[DP-bwdX] L=16 states=1 -> 2
[DP-fwdX] L=16 states=1 -> 3
[DP-bwdX] L=32 states=1 -> 1
[DP-fwdX] L=16 states=1 -> 3
[DP-fwdX] L=16 states=1 -> 3
[DP-fwdX] L=16 states=1 -> 3
[DP-bwdX] L=32 states=1 -> 1
[DP-bwdX] L=32 states=1 -> 1
[DP-bwdX] L=32 states=1 -> 1
[DP-fwdX] L=32 states=1 -> 1
[DP-bwdX] L=64 states=1 -> 1
[DP-fwdX] L=32 states=1 -> 1
[DP-bwdX] L=48 states=1 -> 3
[DP-fwdX] L=32 states=1 -> 1
[DP-fwdX] L=32 states=1 -> 1
[DP-fwdX] L=32 states=1 -> 1
[DP-bwdX] L=48 states=1 -> 3
[DP-bwdX] L=48 states=1 -> 3
[DP-bwdX] L=48 states=1 -> 3
[DP-fwdX] L=48 states=1 -> 2
[DP-bwdX] L=64 states=1 -> 1
[DP-fwdX] L=48 states=1 -> 2
[DP-fwdX] L=48 states=1 -> 2
[DP-fwdX] L=48 states=1 -> 2
[DP-bwdX] L=64 states=1 -> 1
[DP-bwdX] L=64 states=1 -> 1
[DP-bwdX] L=64 states=1 -> 1
[RowSwapCTR] expand small 8x8 -> full 16x8  top_rows=4  bot_rows=4  ctr_rows=8  n_full=128
  [Round 9] T_prime=16  T_target=15  HPWL_w=472000000  HPWL_eq=472  maxL=23  WNS(T')=-7  WNS*(T)=-8  picked=1  solve_ms=17.9568
[OC-Shortest/pow2] m=8 h=8 SEG=4 bits=32 words=1 threads=24
[DP-fwdX] L=0 states=1 -> 1
[DP-fwdX] L=16 states=141 -> 164
[DP-bwdX] L=64 states=1 -> 1
[DP-bwdX] L=48 states=141 -> 164
[DP-fwdX] L=0 states=1 -> 1
[DP-bwdX] L=32 states=1 -> 1
[DP-fwdX] L=0 states=1 -> 1
[DP-bwdX] L=16 states=1 -> 2
[DP-fwdX] L=0 states=1 -> 1
[DP-fwdX] L=0 states=1 -> 1
[DP-fwdX] L=0 states=1 -> 1
[DP-bwdX] L=16 states=1 -> 2
[DP-bwdX] L=16 states=1 -> 2
[DP-bwdX] L=16 states=1 -> 2
[DP-fwdX] L=16 states=1 -> 3
[DP-bwdX] L=32 states=1 -> 1
[DP-fwdX] L=16 states=1 -> 3
[DP-fwdX] L=16 states=1 -> 3
[DP-fwdX] L=16 states=1 -> 3
[DP-bwdX] L=32 states=1 -> 1
[DP-bwdX] L=32 states=1 -> 1
[DP-bwdX] L=32 states=1 -> 1
[DP-fwdX] L=32 states=1 -> 1
[DP-bwdX] L=64 states=1 -> 1
[DP-fwdX] L=32 states=1 -> 1
[DP-bwdX] L=48 states=1 -> 3
[DP-fwdX] L=32 states=1 -> 1
[DP-fwdX] L=32 states=1 -> 1
[DP-fwdX] L=32 states=1 -> 1
[DP-bwdX] L=48 states=1 -> 3
[DP-bwdX] L=48 states=1 -> 3
[DP-bwdX] L=48 states=1 -> 3
[DP-fwdX] L=48 states=1 -> 2
[DP-bwdX] L=64 states=1 -> 1
[DP-fwdX] L=48 states=1 -> 2
[DP-fwdX] L=48 states=1 -> 2
[DP-fwdX] L=48 states=1 -> 2
[DP-bwdX] L=64 states=1 -> 1
[DP-bwdX] L=64 states=1 -> 1
[DP-bwdX] L=64 states=1 -> 1
[RowSwapCTR] expand small 8x8 -> full 16x8  top_rows=4  bot_rows=4  ctr_rows=8  n_full=128
  [Round 10] T_prime=16  T_target=15  HPWL_w=472000000  HPWL_eq=472  maxL=23  WNS(T')=-7  WNS*(T)=-8  picked=1  solve_ms=17.3493
[OC-Shortest/pow2] m=8 h=8 SEG=4 bits=32 words=1 threads=24
[DP-fwdX] L=0 states=1 -> 1
[DP-fwdX] L=16 states=141 -> 164
[DP-bwdX] L=64 states=1 -> 1
[DP-bwdX] L=48 states=141 -> 164
[DP-fwdX] L=0 states=1 -> 1
[DP-bwdX] L=32 states=1 -> 1
[DP-fwdX] L=0 states=1 -> 1
[DP-bwdX] L=16 states=1 -> 2
[DP-fwdX] L=0 states=1 -> 1
[DP-fwdX] L=0 states=1 -> 1
[DP-fwdX] L=0 states=1 -> 1
[DP-bwdX] L=16 states=1 -> 2
[DP-bwdX] L=16 states=1 -> 2
[DP-bwdX] L=16 states=1 -> 2
[DP-fwdX] L=16 states=1 -> 3
[DP-bwdX] L=32 states=1 -> 1
[DP-fwdX] L=16 states=1 -> 3
[DP-fwdX] L=16 states=1 -> 3
[DP-fwdX] L=16 states=1 -> 3
[DP-bwdX] L=32 states=1 -> 1
[DP-bwdX] L=32 states=1 -> 1
[DP-bwdX] L=32 states=1 -> 1
[DP-fwdX] L=32 states=1 -> 1
[DP-bwdX] L=64 states=1 -> 1
[DP-fwdX] L=32 states=1 -> 1
[DP-bwdX] L=48 states=1 -> 3
[DP-fwdX] L=32 states=1 -> 1
[DP-fwdX] L=32 states=1 -> 1
[DP-fwdX] L=32 states=1 -> 1
[DP-bwdX] L=48 states=1 -> 3
[DP-bwdX] L=48 states=1 -> 3
[DP-bwdX] L=48 states=1 -> 3
[DP-fwdX] L=48 states=1 -> 2
[DP-bwdX] L=64 states=1 -> 1
[DP-fwdX] L=48 states=1 -> 2
[DP-fwdX] L=48 states=1 -> 2
[DP-fwdX] L=48 states=1 -> 2
[DP-bwdX] L=64 states=1 -> 1
[DP-bwdX] L=64 states=1 -> 1
[DP-bwdX] L=64 states=1 -> 1
[RowSwapCTR] expand small 8x8 -> full 16x8  top_rows=4  bot_rows=4  ctr_rows=8  n_full=128
  [Round 11] T_prime=16  T_target=15  HPWL_w=472000000  HPWL_eq=472  maxL=23  WNS(T')=-7  WNS*(T)=-8  picked=1  solve_ms=17.4944
[OC-Shortest/pow2] m=8 h=8 SEG=4 bits=32 words=1 threads=24
[DP-fwdX] L=0 states=1 -> 1
[DP-fwdX] L=16 states=141 -> 164
[DP-bwdX] L=64 states=1 -> 1
[DP-bwdX] L=48 states=141 -> 164
[DP-fwdX] L=0 states=1 -> 1
[DP-bwdX] L=32 states=1 -> 1
[DP-fwdX] L=0 states=1 -> 1
[DP-bwdX] L=16 states=1 -> 2
[DP-fwdX] L=0 states=1 -> 1
[DP-fwdX] L=0 states=1 -> 1
[DP-fwdX] L=0 states=1 -> 1
[DP-bwdX] L=16 states=1 -> 2
[DP-bwdX] L=16 states=1 -> 2
[DP-bwdX] L=16 states=1 -> 2
[DP-fwdX] L=16 states=1 -> 3
[DP-bwdX] L=32 states=1 -> 1
[DP-fwdX] L=16 states=1 -> 3
[DP-fwdX] L=16 states=1 -> 3
[DP-fwdX] L=16 states=1 -> 3
[DP-bwdX] L=32 states=1 -> 1
[DP-bwdX] L=32 states=1 -> 1
[DP-bwdX] L=32 states=1 -> 1
[DP-fwdX] L=32 states=1 -> 1
[DP-bwdX] L=64 states=1 -> 1
[DP-fwdX] L=32 states=1 -> 1
[DP-bwdX] L=48 states=1 -> 3
[DP-fwdX] L=32 states=1 -> 1
[DP-fwdX] L=32 states=1 -> 1
[DP-fwdX] L=32 states=1 -> 1
[DP-bwdX] L=48 states=1 -> 3
[DP-bwdX] L=48 states=1 -> 3
[DP-bwdX] L=48 states=1 -> 3
[DP-fwdX] L=48 states=1 -> 2
[DP-bwdX] L=64 states=1 -> 1
[DP-fwdX] L=48 states=1 -> 2
[DP-fwdX] L=48 states=1 -> 2
[DP-fwdX] L=48 states=1 -> 2
[DP-bwdX] L=64 states=1 -> 1
[DP-bwdX] L=64 states=1 -> 1
[DP-bwdX] L=64 states=1 -> 1
[RowSwapCTR] expand small 8x8 -> full 16x8  top_rows=4  bot_rows=4  ctr_rows=8  n_full=128
  [Round 12] T_prime=16  T_target=15  HPWL_w=472000000  HPWL_eq=472  maxL=23  WNS(T')=-7  WNS*(T)=-8  picked=1  solve_ms=17.4211
[OC-Shortest/pow2] m=8 h=8 SEG=4 bits=32 words=1 threads=24
[DP-fwdX] L=0 states=1 -> 1
[DP-fwdX] L=16 states=141 -> 164
[DP-bwdX] L=64 states=1 -> 1
[DP-bwdX] L=48 states=141 -> 164
[DP-fwdX] L=0 states=1 -> 1
[DP-bwdX] L=32 states=1 -> 1
[DP-fwdX] L=0 states=1 -> 1
[DP-bwdX] L=16 states=1 -> 2
[DP-fwdX] L=0 states=1 -> 1
[DP-fwdX] L=0 states=1 -> 1
[DP-fwdX] L=0 states=1 -> 1
[DP-bwdX] L=16 states=1 -> 2
[DP-bwdX] L=16 states=1 -> 2
[DP-bwdX] L=16 states=1 -> 2
[DP-fwdX] L=16 states=1 -> 3
[DP-bwdX] L=32 states=1 -> 1
[DP-fwdX] L=16 states=1 -> 3
[DP-fwdX] L=16 states=1 -> 3
[DP-fwdX] L=16 states=1 -> 3
[DP-bwdX] L=32 states=1 -> 1
[DP-bwdX] L=32 states=1 -> 1
[DP-bwdX] L=32 states=1 -> 1
[DP-fwdX] L=32 states=1 -> 1
[DP-bwdX] L=64 states=1 -> 1
[DP-fwdX] L=32 states=1 -> 1
[DP-bwdX] L=48 states=1 -> 3
[DP-fwdX] L=32 states=1 -> 1
[DP-fwdX] L=32 states=1 -> 1
[DP-fwdX] L=32 states=1 -> 1
[DP-bwdX] L=48 states=1 -> 3
[DP-bwdX] L=48 states=1 -> 3
[DP-bwdX] L=48 states=1 -> 3
[DP-fwdX] L=48 states=1 -> 2
[DP-bwdX] L=64 states=1 -> 1
[DP-fwdX] L=48 states=1 -> 2
[DP-fwdX] L=48 states=1 -> 2
[DP-fwdX] L=48 states=1 -> 2
[DP-bwdX] L=64 states=1 -> 1
[DP-bwdX] L=64 states=1 -> 1
[DP-bwdX] L=64 states=1 -> 1
[RowSwapCTR] expand small 8x8 -> full 16x8  top_rows=4  bot_rows=4  ctr_rows=8  n_full=128
  [Round 13] T_prime=16  T_target=15  HPWL_w=472000000  HPWL_eq=472  maxL=23  WNS(T')=-7  WNS*(T)=-8  picked=1  solve_ms=17.67
[OC-Shortest/pow2] m=8 h=8 SEG=4 bits=32 words=1 threads=24
[DP-fwdX] L=0 states=1 -> 1
[DP-fwdX] L=16 states=141 -> 164
[DP-bwdX] L=64 states=1 -> 1
[DP-bwdX] L=48 states=141 -> 164
[DP-fwdX] L=0 states=1 -> 1
[DP-bwdX] L=32 states=1 -> 1
[DP-fwdX] L=0 states=1 -> 1
[DP-bwdX] L=16 states=1 -> 2
[DP-fwdX] L=0 states=1 -> 1
[DP-fwdX] L=0 states=1 -> 1
[DP-fwdX] L=0 states=1 -> 1
[DP-bwdX] L=16 states=1 -> 2
[DP-bwdX] L=16 states=1 -> 2
[DP-bwdX] L=16 states=1 -> 2
[DP-fwdX] L=16 states=1 -> 3
[DP-bwdX] L=32 states=1 -> 1
[DP-fwdX] L=16 states=1 -> 3
[DP-fwdX] L=16 states=1 -> 3
[DP-fwdX] L=16 states=1 -> 3
[DP-bwdX] L=32 states=1 -> 1
[DP-bwdX] L=32 states=1 -> 1
[DP-bwdX] L=32 states=1 -> 1
[DP-fwdX] L=32 states=1 -> 1
[DP-bwdX] L=64 states=1 -> 1
[DP-fwdX] L=32 states=1 -> 1
[DP-bwdX] L=48 states=1 -> 3
[DP-fwdX] L=32 states=1 -> 1
[DP-fwdX] L=32 states=1 -> 1
[DP-fwdX] L=32 states=1 -> 1
[DP-bwdX] L=48 states=1 -> 3
[DP-bwdX] L=48 states=1 -> 3
[DP-bwdX] L=48 states=1 -> 3
[DP-fwdX] L=48 states=1 -> 2
[DP-bwdX] L=64 states=1 -> 1
[DP-fwdX] L=48 states=1 -> 2
[DP-fwdX] L=48 states=1 -> 2
[DP-fwdX] L=48 states=1 -> 2
[DP-bwdX] L=64 states=1 -> 1
[DP-bwdX] L=64 states=1 -> 1
[DP-bwdX] L=64 states=1 -> 1
[RowSwapCTR] expand small 8x8 -> full 16x8  top_rows=4  bot_rows=4  ctr_rows=8  n_full=128
  [Round 14] T_prime=16  T_target=15  HPWL_w=472000000  HPWL_eq=472  maxL=23  WNS(T')=-7  WNS*(T)=-8  picked=1  solve_ms=17.5431
[OC-Shortest/pow2] m=8 h=8 SEG=4 bits=32 words=1 threads=24
[DP-fwdX] L=0 states=1 -> 1
[DP-fwdX] L=16 states=141 -> 164
[DP-bwdX] L=64 states=1 -> 1
[DP-bwdX] L=48 states=141 -> 164
[DP-fwdX] L=0 states=1 -> 1
[DP-bwdX] L=32 states=1 -> 1
[DP-fwdX] L=0 states=1 -> 1
[DP-bwdX] L=16 states=1 -> 2
[DP-fwdX] L=0 states=1 -> 1
[DP-fwdX] L=0 states=1 -> 1
[DP-fwdX] L=0 states=1 -> 1
[DP-bwdX] L=16 states=1 -> 2
[DP-bwdX] L=16 states=1 -> 2
[DP-bwdX] L=16 states=1 -> 2
[DP-fwdX] L=16 states=1 -> 3
[DP-bwdX] L=32 states=1 -> 1
[DP-fwdX] L=16 states=1 -> 3
[DP-fwdX] L=16 states=1 -> 3
[DP-fwdX] L=16 states=1 -> 3
[DP-bwdX] L=32 states=1 -> 1
[DP-bwdX] L=32 states=1 -> 1
[DP-bwdX] L=32 states=1 -> 1
[DP-fwdX] L=32 states=1 -> 1
[DP-bwdX] L=64 states=1 -> 1
[DP-fwdX] L=32 states=1 -> 1
[DP-bwdX] L=48 states=1 -> 3
[DP-fwdX] L=32 states=1 -> 1
[DP-fwdX] L=32 states=1 -> 1
[DP-fwdX] L=32 states=1 -> 1
[DP-bwdX] L=48 states=1 -> 3
[DP-bwdX] L=48 states=1 -> 3
[DP-bwdX] L=48 states=1 -> 3
[DP-fwdX] L=48 states=1 -> 2
[DP-bwdX] L=64 states=1 -> 1
[DP-fwdX] L=48 states=1 -> 2
[DP-fwdX] L=48 states=1 -> 2
[DP-fwdX] L=48 states=1 -> 2
[DP-bwdX] L=64 states=1 -> 1
[DP-bwdX] L=64 states=1 -> 1
[DP-bwdX] L=64 states=1 -> 1
[RowSwapCTR] expand small 8x8 -> full 16x8  top_rows=4  bot_rows=4  ctr_rows=8  n_full=128
  [Round 15] T_prime=16  T_target=15  HPWL_w=472000000  HPWL_eq=472  maxL=23  WNS(T')=-7  WNS*(T)=-8  picked=1  solve_ms=17.4286
[OC-Shortest/pow2] m=8 h=8 SEG=4 bits=32 words=1 threads=24
[DP-fwdX] L=0 states=1 -> 1
[DP-fwdX] L=16 states=141 -> 164
[DP-bwdX] L=64 states=1 -> 1
[DP-bwdX] L=48 states=141 -> 164
[DP-fwdX] L=0 states=1 -> 1
[DP-bwdX] L=32 states=1 -> 1
[DP-fwdX] L=0 states=1 -> 1
[DP-bwdX] L=16 states=1 -> 2
[DP-fwdX] L=0 states=1 -> 1
[DP-fwdX] L=0 states=1 -> 1
[DP-fwdX] L=0 states=1 -> 1
[DP-bwdX] L=16 states=1 -> 2
[DP-bwdX] L=16 states=1 -> 2
[DP-bwdX] L=16 states=1 -> 2
[DP-fwdX] L=16 states=1 -> 3
[DP-bwdX] L=32 states=1 -> 1
[DP-fwdX] L=16 states=1 -> 3
[DP-fwdX] L=16 states=1 -> 3
[DP-fwdX] L=16 states=1 -> 3
[DP-bwdX] L=32 states=1 -> 1
[DP-bwdX] L=32 states=1 -> 1
[DP-bwdX] L=32 states=1 -> 1
[DP-fwdX] L=32 states=1 -> 1
[DP-bwdX] L=64 states=1 -> 1
[DP-fwdX] L=32 states=1 -> 1
[DP-bwdX] L=48 states=1 -> 3
[DP-fwdX] L=32 states=1 -> 1
[DP-fwdX] L=32 states=1 -> 1
[DP-fwdX] L=32 states=1 -> 1
[DP-bwdX] L=48 states=1 -> 3
[DP-bwdX] L=48 states=1 -> 3
[DP-bwdX] L=48 states=1 -> 3
[DP-fwdX] L=48 states=1 -> 2
[DP-bwdX] L=64 states=1 -> 1
[DP-fwdX] L=48 states=1 -> 2
[DP-fwdX] L=48 states=1 -> 2
[DP-fwdX] L=48 states=1 -> 2
[DP-bwdX] L=64 states=1 -> 1
[DP-bwdX] L=64 states=1 -> 1
[DP-bwdX] L=64 states=1 -> 1
[RowSwapCTR] expand small 8x8 -> full 16x8  top_rows=4  bot_rows=4  ctr_rows=8  n_full=128
  [Round 16] T_prime=16  T_target=15  HPWL_w=472000000  HPWL_eq=472  maxL=23  WNS(T')=-7  WNS*(T)=-8  picked=1  solve_ms=17.467
[OC-Shortest/pow2] m=8 h=8 SEG=4 bits=32 words=1 threads=24
[DP-fwdX] L=0 states=1 -> 1
[DP-fwdX] L=16 states=141 -> 164
[DP-bwdX] L=64 states=1 -> 1
[DP-bwdX] L=48 states=141 -> 164
[DP-fwdX] L=0 states=1 -> 1
[DP-bwdX] L=32 states=1 -> 1
[DP-fwdX] L=0 states=1 -> 1
[DP-bwdX] L=16 states=1 -> 2
[DP-fwdX] L=0 states=1 -> 1
[DP-fwdX] L=0 states=1 -> 1
[DP-fwdX] L=0 states=1 -> 1
[DP-bwdX] L=16 states=1 -> 2
[DP-bwdX] L=16 states=1 -> 2
[DP-bwdX] L=16 states=1 -> 2
[DP-fwdX] L=16 states=1 -> 3
[DP-bwdX] L=32 states=1 -> 1
[DP-fwdX] L=16 states=1 -> 3
[DP-fwdX] L=16 states=1 -> 3
[DP-fwdX] L=16 states=1 -> 3
[DP-bwdX] L=32 states=1 -> 1
[DP-bwdX] L=32 states=1 -> 1
[DP-bwdX] L=32 states=1 -> 1
[DP-fwdX] L=32 states=1 -> 1
[DP-bwdX] L=64 states=1 -> 1
[DP-fwdX] L=32 states=1 -> 1
[DP-bwdX] L=48 states=1 -> 3
[DP-fwdX] L=32 states=1 -> 1
[DP-fwdX] L=32 states=1 -> 1
[DP-fwdX] L=32 states=1 -> 1
[DP-bwdX] L=48 states=1 -> 3
[DP-bwdX] L=48 states=1 -> 3
[DP-bwdX] L=48 states=1 -> 3
[DP-fwdX] L=48 states=1 -> 2
[DP-bwdX] L=64 states=1 -> 1
[DP-fwdX] L=48 states=1 -> 2
[DP-fwdX] L=48 states=1 -> 2
[DP-fwdX] L=48 states=1 -> 2
[DP-bwdX] L=64 states=1 -> 1
[DP-bwdX] L=64 states=1 -> 1
[DP-bwdX] L=64 states=1 -> 1
[RowSwapCTR] expand small 8x8 -> full 16x8  top_rows=4  bot_rows=4  ctr_rows=8  n_full=128
  [Round 17] T_prime=16  T_target=15  HPWL_w=472000000  HPWL_eq=472  maxL=23  WNS(T')=-7  WNS*(T)=-8  picked=1  solve_ms=17.5551
[OC-Shortest/pow2] m=8 h=8 SEG=4 bits=32 words=1 threads=24
[DP-fwdX] L=0 states=1 -> 1
[DP-fwdX] L=16 states=141 -> 164
[DP-bwdX] L=64 states=1 -> 1
[DP-bwdX] L=48 states=141 -> 164
[DP-fwdX] L=0 states=1 -> 1
[DP-bwdX] L=32 states=1 -> 1
[DP-fwdX] L=0 states=1 -> 1
[DP-bwdX] L=16 states=1 -> 2
[DP-fwdX] L=0 states=1 -> 1
[DP-fwdX] L=0 states=1 -> 1
[DP-fwdX] L=0 states=1 -> 1
[DP-bwdX] L=16 states=1 -> 2
[DP-bwdX] L=16 states=1 -> 2
[DP-bwdX] L=16 states=1 -> 2
[DP-fwdX] L=16 states=1 -> 3
[DP-bwdX] L=32 states=1 -> 1
[DP-fwdX] L=16 states=1 -> 3
[DP-fwdX] L=16 states=1 -> 3
[DP-fwdX] L=16 states=1 -> 3
[DP-bwdX] L=32 states=1 -> 1
[DP-bwdX] L=32 states=1 -> 1
[DP-bwdX] L=32 states=1 -> 1
[DP-fwdX] L=32 states=1 -> 1
[DP-bwdX] L=64 states=1 -> 1
[DP-fwdX] L=32 states=1 -> 1
[DP-bwdX] L=48 states=1 -> 3
[DP-fwdX] L=32 states=1 -> 1
[DP-fwdX] L=32 states=1 -> 1
[DP-fwdX] L=32 states=1 -> 1
[DP-bwdX] L=48 states=1 -> 3
[DP-bwdX] L=48 states=1 -> 3
[DP-bwdX] L=48 states=1 -> 3
[DP-fwdX] L=48 states=1 -> 2
[DP-bwdX] L=64 states=1 -> 1
[DP-fwdX] L=48 states=1 -> 2
[DP-fwdX] L=48 states=1 -> 2
[DP-fwdX] L=48 states=1 -> 2
[DP-bwdX] L=64 states=1 -> 1
[DP-bwdX] L=64 states=1 -> 1
[DP-bwdX] L=64 states=1 -> 1
[RowSwapCTR] expand small 8x8 -> full 16x8  top_rows=4  bot_rows=4  ctr_rows=8  n_full=128
  [Round 18] T_prime=16  T_target=15  HPWL_w=472000000  HPWL_eq=472  maxL=23  WNS(T')=-7  WNS*(T)=-8  picked=1  solve_ms=17.5849
[OC-Shortest/pow2] m=8 h=8 SEG=4 bits=32 words=1 threads=24
[DP-fwdX] L=0 states=1 -> 1
[DP-fwdX] L=16 states=141 -> 164
[DP-bwdX] L=64 states=1 -> 1
[DP-bwdX] L=48 states=141 -> 164
[DP-fwdX] L=0 states=1 -> 1
[DP-bwdX] L=32 states=1 -> 1
[DP-fwdX] L=0 states=1 -> 1
[DP-bwdX] L=16 states=1 -> 2
[DP-fwdX] L=0 states=1 -> 1
[DP-fwdX] L=0 states=1 -> 1
[DP-fwdX] L=0 states=1 -> 1
[DP-bwdX] L=16 states=1 -> 2
[DP-bwdX] L=16 states=1 -> 2
[DP-bwdX] L=16 states=1 -> 2
[DP-fwdX] L=16 states=1 -> 3
[DP-bwdX] L=32 states=1 -> 1
[DP-fwdX] L=16 states=1 -> 3
[DP-fwdX] L=16 states=1 -> 3
[DP-fwdX] L=16 states=1 -> 3
[DP-bwdX] L=32 states=1 -> 1
[DP-bwdX] L=32 states=1 -> 1
[DP-bwdX] L=32 states=1 -> 1
[DP-fwdX] L=32 states=1 -> 1
[DP-bwdX] L=64 states=1 -> 1
[DP-fwdX] L=32 states=1 -> 1
[DP-bwdX] L=48 states=1 -> 3
[DP-fwdX] L=32 states=1 -> 1
[DP-fwdX] L=32 states=1 -> 1
[DP-fwdX] L=32 states=1 -> 1
[DP-bwdX] L=48 states=1 -> 3
[DP-bwdX] L=48 states=1 -> 3
[DP-bwdX] L=48 states=1 -> 3
[DP-fwdX] L=48 states=1 -> 2
[DP-bwdX] L=64 states=1 -> 1
[DP-fwdX] L=48 states=1 -> 2
[DP-fwdX] L=48 states=1 -> 2
[DP-fwdX] L=48 states=1 -> 2
[DP-bwdX] L=64 states=1 -> 1
[DP-bwdX] L=64 states=1 -> 1
[DP-bwdX] L=64 states=1 -> 1
[RowSwapCTR] expand small 8x8 -> full 16x8  top_rows=4  bot_rows=4  ctr_rows=8  n_full=128
  [Round 19] T_prime=16  T_target=15  HPWL_w=472000000  HPWL_eq=472  maxL=23  WNS(T')=-7  WNS*(T)=-8  picked=1  solve_ms=17.4017
[OC-Shortest/pow2] m=8 h=8 SEG=4 bits=32 words=1 threads=24
[DP-fwdX] L=0 states=1 -> 1
[DP-fwdX] L=16 states=141 -> 164
[DP-bwdX] L=64 states=1 -> 1
[DP-bwdX] L=48 states=141 -> 164
[DP-fwdX] L=0 states=1 -> 1
[DP-bwdX] L=32 states=1 -> 1
[DP-fwdX] L=0 states=1 -> 1
[DP-bwdX] L=16 states=1 -> 2
[DP-fwdX] L=0 states=1 -> 1
[DP-fwdX] L=0 states=1 -> 1
[DP-fwdX] L=0 states=1 -> 1
[DP-bwdX] L=16 states=1 -> 2
[DP-bwdX] L=16 states=1 -> 2
[DP-bwdX] L=16 states=1 -> 2
[DP-fwdX] L=16 states=1 -> 3
[DP-bwdX] L=32 states=1 -> 1
[DP-fwdX] L=16 states=1 -> 3
[DP-fwdX] L=16 states=1 -> 3
[DP-fwdX] L=16 states=1 -> 3
[DP-bwdX] L=32 states=1 -> 1
[DP-bwdX] L=32 states=1 -> 1
[DP-bwdX] L=32 states=1 -> 1
[DP-fwdX] L=32 states=1 -> 1
[DP-bwdX] L=64 states=1 -> 1
[DP-fwdX] L=32 states=1 -> 1
[DP-bwdX] L=48 states=1 -> 3
[DP-fwdX] L=32 states=1 -> 1
[DP-fwdX] L=32 states=1 -> 1
[DP-fwdX] L=32 states=1 -> 1
[DP-bwdX] L=48 states=1 -> 3
[DP-bwdX] L=48 states=1 -> 3
[DP-bwdX] L=48 states=1 -> 3
[DP-fwdX] L=48 states=1 -> 2
[DP-bwdX] L=64 states=1 -> 1
[DP-fwdX] L=48 states=1 -> 2
[DP-fwdX] L=48 states=1 -> 2
[DP-fwdX] L=48 states=1 -> 2
[DP-bwdX] L=64 states=1 -> 1
[DP-bwdX] L=64 states=1 -> 1
[DP-bwdX] L=64 states=1 -> 1
[RowSwapCTR] expand small 8x8 -> full 16x8  top_rows=4  bot_rows=4  ctr_rows=8  n_full=128
  [Round 20] T_prime=16  T_target=15  HPWL_w=472000000  HPWL_eq=472  maxL=23  WNS(T')=-7  WNS*(T)=-8  picked=1  solve_ms=17.3712
[OC-Shortest/pow2] m=8 h=8 SEG=4 bits=32 words=1 threads=24
[DP-fwdX] L=0 states=1 -> 1
[DP-fwdX] L=16 states=141 -> 164
[DP-bwdX] L=64 states=1 -> 1
[DP-bwdX] L=48 states=141 -> 164
[DP-fwdX] L=0 states=1 -> 1
[DP-bwdX] L=32 states=1 -> 1
[DP-fwdX] L=0 states=1 -> 1
[DP-bwdX] L=16 states=1 -> 2
[DP-fwdX] L=0 states=1 -> 1
[DP-fwdX] L=0 states=1 -> 1
[DP-fwdX] L=0 states=1 -> 1
[DP-bwdX] L=16 states=1 -> 2
[DP-bwdX] L=16 states=1 -> 2
[DP-bwdX] L=16 states=1 -> 2
[DP-fwdX] L=16 states=1 -> 3
[DP-bwdX] L=32 states=1 -> 1
[DP-fwdX] L=16 states=1 -> 3
[DP-fwdX] L=16 states=1 -> 3
[DP-fwdX] L=16 states=1 -> 3
[DP-bwdX] L=32 states=1 -> 1
[DP-bwdX] L=32 states=1 -> 1
[DP-bwdX] L=32 states=1 -> 1
[DP-fwdX] L=32 states=1 -> 1
[DP-bwdX] L=64 states=1 -> 1
[DP-fwdX] L=32 states=1 -> 1
[DP-bwdX] L=48 states=1 -> 3
[DP-fwdX] L=32 states=1 -> 1
[DP-fwdX] L=32 states=1 -> 1
[DP-fwdX] L=32 states=1 -> 1
[DP-bwdX] L=48 states=1 -> 3
[DP-bwdX] L=48 states=1 -> 3
[DP-bwdX] L=48 states=1 -> 3
[DP-fwdX] L=48 states=1 -> 2
[DP-bwdX] L=64 states=1 -> 1
[DP-fwdX] L=48 states=1 -> 2
[DP-fwdX] L=48 states=1 -> 2
[DP-fwdX] L=48 states=1 -> 2
[DP-bwdX] L=64 states=1 -> 1
[DP-bwdX] L=64 states=1 -> 1
[DP-bwdX] L=64 states=1 -> 1
[RowSwapCTR] expand small 8x8 -> full 16x8  top_rows=4  bot_rows=4  ctr_rows=8  n_full=128
  [Round 21] T_prime=16  T_target=15  HPWL_w=472000000  HPWL_eq=472  maxL=23  WNS(T')=-7  WNS*(T)=-8  picked=1  solve_ms=17.5214
[OC-Shortest/pow2] m=8 h=8 SEG=4 bits=32 words=1 threads=24
[DP-fwdX] L=0 states=1 -> 1
[DP-fwdX] L=16 states=141 -> 164
[DP-bwdX] L=64 states=1 -> 1
[DP-bwdX] L=48 states=141 -> 164
[DP-fwdX] L=0 states=1 -> 1
[DP-bwdX] L=32 states=1 -> 1
[DP-fwdX] L=0 states=1 -> 1
[DP-bwdX] L=16 states=1 -> 2
[DP-fwdX] L=0 states=1 -> 1
[DP-fwdX] L=0 states=1 -> 1
[DP-fwdX] L=0 states=1 -> 1
[DP-bwdX] L=16 states=1 -> 2
[DP-bwdX] L=16 states=1 -> 2
[DP-bwdX] L=16 states=1 -> 2
[DP-fwdX] L=16 states=1 -> 3
[DP-bwdX] L=32 states=1 -> 1
[DP-fwdX] L=16 states=1 -> 3
[DP-fwdX] L=16 states=1 -> 3
[DP-fwdX] L=16 states=1 -> 3
[DP-bwdX] L=32 states=1 -> 1
[DP-bwdX] L=32 states=1 -> 1
[DP-bwdX] L=32 states=1 -> 1
[DP-fwdX] L=32 states=1 -> 1
[DP-bwdX] L=64 states=1 -> 1
[DP-fwdX] L=32 states=1 -> 1
[DP-bwdX] L=48 states=1 -> 3
[DP-fwdX] L=32 states=1 -> 1
[DP-fwdX] L=32 states=1 -> 1
[DP-fwdX] L=32 states=1 -> 1
[DP-bwdX] L=48 states=1 -> 3
[DP-bwdX] L=48 states=1 -> 3
[DP-bwdX] L=48 states=1 -> 3
[DP-fwdX] L=48 states=1 -> 2
[DP-bwdX] L=64 states=1 -> 1
[DP-fwdX] L=48 states=1 -> 2
[DP-fwdX] L=48 states=1 -> 2
[DP-fwdX] L=48 states=1 -> 2
[DP-bwdX] L=64 states=1 -> 1
[DP-bwdX] L=64 states=1 -> 1
[DP-bwdX] L=64 states=1 -> 1
[RowSwapCTR] expand small 8x8 -> full 16x8  top_rows=4  bot_rows=4  ctr_rows=8  n_full=128
  [Round 22] T_prime=16  T_target=15  HPWL_w=472000000  HPWL_eq=472  maxL=23  WNS(T')=-7  WNS*(T)=-8  picked=1  solve_ms=17.3651
[OC-Shortest/pow2] m=8 h=8 SEG=4 bits=32 words=1 threads=24
[DP-fwdX] L=0 states=1 -> 1
[DP-fwdX] L=16 states=141 -> 164
[DP-bwdX] L=64 states=1 -> 1
[DP-bwdX] L=48 states=141 -> 164
[DP-fwdX] L=0 states=1 -> 1
[DP-bwdX] L=32 states=1 -> 1
[DP-fwdX] L=0 states=1 -> 1
[DP-bwdX] L=16 states=1 -> 2
[DP-fwdX] L=0 states=1 -> 1
[DP-fwdX] L=0 states=1 -> 1
[DP-fwdX] L=0 states=1 -> 1
[DP-bwdX] L=16 states=1 -> 2
[DP-bwdX] L=16 states=1 -> 2
[DP-bwdX] L=16 states=1 -> 2
[DP-fwdX] L=16 states=1 -> 3
[DP-bwdX] L=32 states=1 -> 1
[DP-fwdX] L=16 states=1 -> 3
[DP-fwdX] L=16 states=1 -> 3
[DP-fwdX] L=16 states=1 -> 3
[DP-bwdX] L=32 states=1 -> 1
[DP-bwdX] L=32 states=1 -> 1
[DP-bwdX] L=32 states=1 -> 1
[DP-fwdX] L=32 states=1 -> 1
[DP-bwdX] L=64 states=1 -> 1
[DP-fwdX] L=32 states=1 -> 1
[DP-bwdX] L=48 states=1 -> 3
[DP-fwdX] L=32 states=1 -> 1
[DP-fwdX] L=32 states=1 -> 1
[DP-fwdX] L=32 states=1 -> 1
[DP-bwdX] L=48 states=1 -> 3
[DP-bwdX] L=48 states=1 -> 3
[DP-bwdX] L=48 states=1 -> 3
[DP-fwdX] L=48 states=1 -> 2
[DP-bwdX] L=64 states=1 -> 1
[DP-fwdX] L=48 states=1 -> 2
[DP-fwdX] L=48 states=1 -> 2
[DP-fwdX] L=48 states=1 -> 2
[DP-bwdX] L=64 states=1 -> 1
[DP-bwdX] L=64 states=1 -> 1
[DP-bwdX] L=64 states=1 -> 1
[RowSwapCTR] expand small 8x8 -> full 16x8  top_rows=4  bot_rows=4  ctr_rows=8  n_full=128
  [Round 23] T_prime=16  T_target=15  HPWL_w=472000000  HPWL_eq=472  maxL=23  WNS(T')=-7  WNS*(T)=-8  picked=1  solve_ms=17.4024
[OC-Shortest/pow2] m=8 h=8 SEG=4 bits=32 words=1 threads=24
[DP-fwdX] L=0 states=1 -> 1
[DP-fwdX] L=16 states=141 -> 164
[DP-bwdX] L=64 states=1 -> 1
[DP-bwdX] L=48 states=141 -> 164
[DP-fwdX] L=0 states=1 -> 1
[DP-bwdX] L=32 states=1 -> 1
[DP-fwdX] L=0 states=1 -> 1
[DP-bwdX] L=16 states=1 -> 2
[DP-fwdX] L=0 states=1 -> 1
[DP-fwdX] L=0 states=1 -> 1
[DP-fwdX] L=0 states=1 -> 1
[DP-bwdX] L=16 states=1 -> 2
[DP-bwdX] L=16 states=1 -> 2
[DP-bwdX] L=16 states=1 -> 2
[DP-fwdX] L=16 states=1 -> 3
[DP-bwdX] L=32 states=1 -> 1
[DP-fwdX] L=16 states=1 -> 3
[DP-fwdX] L=16 states=1 -> 3
[DP-fwdX] L=16 states=1 -> 3
[DP-bwdX] L=32 states=1 -> 1
[DP-bwdX] L=32 states=1 -> 1
[DP-bwdX] L=32 states=1 -> 1
[DP-fwdX] L=32 states=1 -> 1
[DP-bwdX] L=64 states=1 -> 1
[DP-fwdX] L=32 states=1 -> 1
[DP-bwdX] L=48 states=1 -> 3
[DP-fwdX] L=32 states=1 -> 1
[DP-fwdX] L=32 states=1 -> 1
[DP-fwdX] L=32 states=1 -> 1
[DP-bwdX] L=48 states=1 -> 3
[DP-bwdX] L=48 states=1 -> 3
[DP-bwdX] L=48 states=1 -> 3
[DP-fwdX] L=48 states=1 -> 2
[DP-bwdX] L=64 states=1 -> 1
[DP-fwdX] L=48 states=1 -> 2
[DP-fwdX] L=48 states=1 -> 2
[DP-fwdX] L=48 states=1 -> 2
[DP-bwdX] L=64 states=1 -> 1
[DP-bwdX] L=64 states=1 -> 1
[DP-bwdX] L=64 states=1 -> 1
[RowSwapCTR] expand small 8x8 -> full 16x8  top_rows=4  bot_rows=4  ctr_rows=8  n_full=128
  [Round 24] T_prime=16  T_target=15  HPWL_w=472000000  HPWL_eq=472  maxL=23  WNS(T')=-7  WNS*(T)=-8  picked=1  solve_ms=17.4827
[OC-Shortest/pow2] m=8 h=8 SEG=4 bits=32 words=1 threads=24
[DP-fwdX] L=0 states=1 -> 1
[DP-fwdX] L=16 states=141 -> 164
[DP-bwdX] L=64 states=1 -> 1
[DP-bwdX] L=48 states=141 -> 164
[DP-fwdX] L=0 states=1 -> 1
[DP-bwdX] L=32 states=1 -> 1
[DP-fwdX] L=0 states=1 -> 1
[DP-bwdX] L=16 states=1 -> 2
[DP-fwdX] L=0 states=1 -> 1
[DP-fwdX] L=0 states=1 -> 1
[DP-fwdX] L=0 states=1 -> 1
[DP-bwdX] L=16 states=1 -> 2
[DP-bwdX] L=16 states=1 -> 2
[DP-bwdX] L=16 states=1 -> 2
[DP-fwdX] L=16 states=1 -> 3
[DP-bwdX] L=32 states=1 -> 1
[DP-fwdX] L=16 states=1 -> 3
[DP-fwdX] L=16 states=1 -> 3
[DP-fwdX] L=16 states=1 -> 3
[DP-bwdX] L=32 states=1 -> 1
[DP-bwdX] L=32 states=1 -> 1
[DP-bwdX] L=32 states=1 -> 1
[DP-fwdX] L=32 states=1 -> 1
[DP-bwdX] L=64 states=1 -> 1
[DP-fwdX] L=32 states=1 -> 1
[DP-bwdX] L=48 states=1 -> 3
[DP-fwdX] L=32 states=1 -> 1
[DP-fwdX] L=32 states=1 -> 1
[DP-fwdX] L=32 states=1 -> 1
[DP-bwdX] L=48 states=1 -> 3
[DP-bwdX] L=48 states=1 -> 3
[DP-bwdX] L=48 states=1 -> 3
[DP-fwdX] L=48 states=1 -> 2
[DP-bwdX] L=64 states=1 -> 1
[DP-fwdX] L=48 states=1 -> 2
[DP-fwdX] L=48 states=1 -> 2
[DP-fwdX] L=48 states=1 -> 2
[DP-bwdX] L=64 states=1 -> 1
[DP-bwdX] L=64 states=1 -> 1
[DP-bwdX] L=64 states=1 -> 1
[RowSwapCTR] expand small 8x8 -> full 16x8  top_rows=4  bot_rows=4  ctr_rows=8  n_full=128
  [Round 25] T_prime=16  T_target=15  HPWL_w=472000000  HPWL_eq=472  maxL=23  WNS(T')=-7  WNS*(T)=-8  picked=1  solve_ms=17.3647
[OC-Shortest/pow2] m=8 h=8 SEG=4 bits=32 words=1 threads=24
[DP-fwdX] L=0 states=1 -> 1
[DP-fwdX] L=16 states=141 -> 164
[DP-bwdX] L=64 states=1 -> 1
[DP-bwdX] L=48 states=141 -> 164
[DP-fwdX] L=0 states=1 -> 1
[DP-bwdX] L=32 states=1 -> 1
[DP-fwdX] L=0 states=1 -> 1
[DP-bwdX] L=16 states=1 -> 2
[DP-fwdX] L=0 states=1 -> 1
[DP-fwdX] L=0 states=1 -> 1
[DP-fwdX] L=0 states=1 -> 1
[DP-bwdX] L=16 states=1 -> 2
[DP-bwdX] L=16 states=1 -> 2
[DP-bwdX] L=16 states=1 -> 2
[DP-fwdX] L=16 states=1 -> 3
[DP-bwdX] L=32 states=1 -> 1
[DP-fwdX] L=16 states=1 -> 3
[DP-fwdX] L=16 states=1 -> 3
[DP-fwdX] L=16 states=1 -> 3
[DP-bwdX] L=32 states=1 -> 1
[DP-bwdX] L=32 states=1 -> 1
[DP-bwdX] L=32 states=1 -> 1
[DP-fwdX] L=32 states=1 -> 1
[DP-bwdX] L=64 states=1 -> 1
[DP-fwdX] L=32 states=1 -> 1
[DP-bwdX] L=48 states=1 -> 3
[DP-fwdX] L=32 states=1 -> 1
[DP-fwdX] L=32 states=1 -> 1
[DP-fwdX] L=32 states=1 -> 1
[DP-bwdX] L=48 states=1 -> 3
[DP-bwdX] L=48 states=1 -> 3
[DP-bwdX] L=48 states=1 -> 3
[DP-fwdX] L=48 states=1 -> 2
[DP-bwdX] L=64 states=1 -> 1
[DP-fwdX] L=48 states=1 -> 2
[DP-fwdX] L=48 states=1 -> 2
[DP-fwdX] L=48 states=1 -> 2
[DP-bwdX] L=64 states=1 -> 1
[DP-bwdX] L=64 states=1 -> 1
[DP-bwdX] L=64 states=1 -> 1
[RowSwapCTR] expand small 8x8 -> full 16x8  top_rows=4  bot_rows=4  ctr_rows=8  n_full=128
  [Round 26] T_prime=16  T_target=15  HPWL_w=472000000  HPWL_eq=472  maxL=23  WNS(T')=-7  WNS*(T)=-8  picked=1  solve_ms=17.3738
[OC-Shortest/pow2] m=8 h=8 SEG=4 bits=32 words=1 threads=24
[DP-fwdX] L=0 states=1 -> 1
[DP-fwdX] L=16 states=141 -> 164
[DP-bwdX] L=64 states=1 -> 1
[DP-bwdX] L=48 states=141 -> 164
[DP-fwdX] L=0 states=1 -> 1
[DP-bwdX] L=32 states=1 -> 1
[DP-fwdX] L=0 states=1 -> 1
[DP-bwdX] L=16 states=1 -> 2
[DP-fwdX] L=0 states=1 -> 1
[DP-fwdX] L=0 states=1 -> 1
[DP-fwdX] L=0 states=1 -> 1
[DP-bwdX] L=16 states=1 -> 2
[DP-bwdX] L=16 states=1 -> 2
[DP-bwdX] L=16 states=1 -> 2
[DP-fwdX] L=16 states=1 -> 3
[DP-bwdX] L=32 states=1 -> 1
[DP-fwdX] L=16 states=1 -> 3
[DP-fwdX] L=16 states=1 -> 3
[DP-fwdX] L=16 states=1 -> 3
[DP-bwdX] L=32 states=1 -> 1
[DP-bwdX] L=32 states=1 -> 1
[DP-bwdX] L=32 states=1 -> 1
[DP-fwdX] L=32 states=1 -> 1
[DP-bwdX] L=64 states=1 -> 1
[DP-fwdX] L=32 states=1 -> 1
[DP-bwdX] L=48 states=1 -> 3
[DP-fwdX] L=32 states=1 -> 1
[DP-fwdX] L=32 states=1 -> 1
[DP-fwdX] L=32 states=1 -> 1
[DP-bwdX] L=48 states=1 -> 3
[DP-bwdX] L=48 states=1 -> 3
[DP-bwdX] L=48 states=1 -> 3
[DP-fwdX] L=48 states=1 -> 2
[DP-bwdX] L=64 states=1 -> 1
[DP-fwdX] L=48 states=1 -> 2
[DP-fwdX] L=48 states=1 -> 2
[DP-fwdX] L=48 states=1 -> 2
[DP-bwdX] L=64 states=1 -> 1
[DP-bwdX] L=64 states=1 -> 1
[DP-bwdX] L=64 states=1 -> 1
[RowSwapCTR] expand small 8x8 -> full 16x8  top_rows=4  bot_rows=4  ctr_rows=8  n_full=128
  [Round 27] T_prime=16  T_target=15  HPWL_w=472000000  HPWL_eq=472  maxL=23  WNS(T')=-7  WNS*(T)=-8  picked=1  solve_ms=17.3502
[OC-Shortest/pow2] m=8 h=8 SEG=4 bits=32 words=1 threads=24
[DP-fwdX] L=0 states=1 -> 1
[DP-fwdX] L=16 states=141 -> 164
[DP-bwdX] L=64 states=1 -> 1
[DP-bwdX] L=48 states=141 -> 164
[DP-fwdX] L=0 states=1 -> 1
[DP-bwdX] L=32 states=1 -> 1
[DP-fwdX] L=0 states=1 -> 1
[DP-bwdX] L=16 states=1 -> 2
[DP-fwdX] L=0 states=1 -> 1
[DP-fwdX] L=0 states=1 -> 1
[DP-fwdX] L=0 states=1 -> 1
[DP-bwdX] L=16 states=1 -> 2
[DP-bwdX] L=16 states=1 -> 2
[DP-bwdX] L=16 states=1 -> 2
[DP-fwdX] L=16 states=1 -> 3
[DP-bwdX] L=32 states=1 -> 1
[DP-fwdX] L=16 states=1 -> 3
[DP-fwdX] L=16 states=1 -> 3
[DP-fwdX] L=16 states=1 -> 3
[DP-bwdX] L=32 states=1 -> 1
[DP-bwdX] L=32 states=1 -> 1
[DP-bwdX] L=32 states=1 -> 1
[DP-fwdX] L=32 states=1 -> 1
[DP-bwdX] L=64 states=1 -> 1
[DP-fwdX] L=32 states=1 -> 1
[DP-bwdX] L=48 states=1 -> 3
[DP-fwdX] L=32 states=1 -> 1
[DP-fwdX] L=32 states=1 -> 1
[DP-fwdX] L=32 states=1 -> 1
[DP-bwdX] L=48 states=1 -> 3
[DP-bwdX] L=48 states=1 -> 3
[DP-bwdX] L=48 states=1 -> 3
[DP-fwdX] L=48 states=1 -> 2
[DP-bwdX] L=64 states=1 -> 1
[DP-fwdX] L=48 states=1 -> 2
[DP-fwdX] L=48 states=1 -> 2
[DP-fwdX] L=48 states=1 -> 2
[DP-bwdX] L=64 states=1 -> 1
[DP-bwdX] L=64 states=1 -> 1
[DP-bwdX] L=64 states=1 -> 1
[RowSwapCTR] expand small 8x8 -> full 16x8  top_rows=4  bot_rows=4  ctr_rows=8  n_full=128
  [Round 28] T_prime=16  T_target=15  HPWL_w=472000000  HPWL_eq=472  maxL=23  WNS(T')=-7  WNS*(T)=-8  picked=1  solve_ms=17.2801
[OC-Shortest/pow2] m=8 h=8 SEG=4 bits=32 words=1 threads=24
[DP-fwdX] L=0 states=1 -> 1
[DP-fwdX] L=16 states=141 -> 164
[DP-bwdX] L=64 states=1 -> 1
[DP-bwdX] L=48 states=141 -> 164
[DP-fwdX] L=0 states=1 -> 1
[DP-bwdX] L=32 states=1 -> 1
[DP-fwdX] L=0 states=1 -> 1
[DP-bwdX] L=16 states=1 -> 2
[DP-fwdX] L=0 states=1 -> 1
[DP-fwdX] L=0 states=1 -> 1
[DP-fwdX] L=0 states=1 -> 1
[DP-bwdX] L=16 states=1 -> 2
[DP-bwdX] L=16 states=1 -> 2
[DP-bwdX] L=16 states=1 -> 2
[DP-fwdX] L=16 states=1 -> 3
[DP-bwdX] L=32 states=1 -> 1
[DP-fwdX] L=16 states=1 -> 3
[DP-fwdX] L=16 states=1 -> 3
[DP-fwdX] L=16 states=1 -> 3
[DP-bwdX] L=32 states=1 -> 1
[DP-bwdX] L=32 states=1 -> 1
[DP-bwdX] L=32 states=1 -> 1
[DP-fwdX] L=32 states=1 -> 1
[DP-bwdX] L=64 states=1 -> 1
[DP-fwdX] L=32 states=1 -> 1
[DP-bwdX] L=48 states=1 -> 3
[DP-fwdX] L=32 states=1 -> 1
[DP-fwdX] L=32 states=1 -> 1
[DP-fwdX] L=32 states=1 -> 1
[DP-bwdX] L=48 states=1 -> 3
[DP-bwdX] L=48 states=1 -> 3
[DP-bwdX] L=48 states=1 -> 3
[DP-fwdX] L=48 states=1 -> 2
[DP-bwdX] L=64 states=1 -> 1
[DP-fwdX] L=48 states=1 -> 2
[DP-fwdX] L=48 states=1 -> 2
[DP-fwdX] L=48 states=1 -> 2
[DP-bwdX] L=64 states=1 -> 1
[DP-bwdX] L=64 states=1 -> 1
[DP-bwdX] L=64 states=1 -> 1
[RowSwapCTR] expand small 8x8 -> full 16x8  top_rows=4  bot_rows=4  ctr_rows=8  n_full=128
  [Round 29] T_prime=16  T_target=15  HPWL_w=472000000  HPWL_eq=472  maxL=23  WNS(T')=-7  WNS*(T)=-8  picked=1  solve_ms=17.352
[OC-Shortest/pow2] m=8 h=8 SEG=4 bits=32 words=1 threads=24
[DP-fwdX] L=0 states=1 -> 1
[DP-fwdX] L=16 states=141 -> 164
[DP-bwdX] L=64 states=1 -> 1
[DP-bwdX] L=48 states=141 -> 164
[DP-fwdX] L=0 states=1 -> 1
[DP-bwdX] L=32 states=1 -> 1
[DP-fwdX] L=0 states=1 -> 1
[DP-bwdX] L=16 states=1 -> 2
[DP-fwdX] L=0 states=1 -> 1
[DP-fwdX] L=0 states=1 -> 1
[DP-fwdX] L=0 states=1 -> 1
[DP-bwdX] L=16 states=1 -> 2
[DP-bwdX] L=16 states=1 -> 2
[DP-bwdX] L=16 states=1 -> 2
[DP-fwdX] L=16 states=1 -> 3
[DP-bwdX] L=32 states=1 -> 1
[DP-fwdX] L=16 states=1 -> 3
[DP-fwdX] L=16 states=1 -> 3
[DP-fwdX] L=16 states=1 -> 3
[DP-bwdX] L=32 states=1 -> 1
[DP-bwdX] L=32 states=1 -> 1
[DP-bwdX] L=32 states=1 -> 1
[DP-fwdX] L=32 states=1 -> 1
[DP-bwdX] L=64 states=1 -> 1
[DP-fwdX] L=32 states=1 -> 1
[DP-bwdX] L=48 states=1 -> 3
[DP-fwdX] L=32 states=1 -> 1
[DP-fwdX] L=32 states=1 -> 1
[DP-fwdX] L=32 states=1 -> 1
[DP-bwdX] L=48 states=1 -> 3
[DP-bwdX] L=48 states=1 -> 3
[DP-bwdX] L=48 states=1 -> 3
[DP-fwdX] L=48 states=1 -> 2
[DP-bwdX] L=64 states=1 -> 1
[DP-fwdX] L=48 states=1 -> 2
[DP-fwdX] L=48 states=1 -> 2
[DP-fwdX] L=48 states=1 -> 2
[DP-bwdX] L=64 states=1 -> 1
[DP-bwdX] L=64 states=1 -> 1
[DP-bwdX] L=64 states=1 -> 1
[RowSwapCTR] expand small 8x8 -> full 16x8  top_rows=4  bot_rows=4  ctr_rows=8  n_full=128
  [Round 30] T_prime=16  T_target=15  HPWL_w=472000000  HPWL_eq=472  maxL=23  WNS(T')=-7  WNS*(T)=-8  picked=1  solve_ms=17.4896
[OC-Shortest/pow2] m=8 h=8 SEG=4 bits=32 words=1 threads=24
[DP-fwdX] L=0 states=1 -> 1
[DP-fwdX] L=16 states=141 -> 164
[DP-bwdX] L=64 states=1 -> 1
[DP-bwdX] L=48 states=141 -> 164
[DP-fwdX] L=0 states=1 -> 1
[DP-bwdX] L=32 states=1 -> 1
[DP-fwdX] L=0 states=1 -> 1
[DP-bwdX] L=16 states=1 -> 2
[DP-fwdX] L=0 states=1 -> 1
[DP-fwdX] L=0 states=1 -> 1
[DP-fwdX] L=0 states=1 -> 1
[DP-bwdX] L=16 states=1 -> 2
[DP-bwdX] L=16 states=1 -> 2
[DP-bwdX] L=16 states=1 -> 2
[DP-fwdX] L=16 states=1 -> 3
[DP-bwdX] L=32 states=1 -> 1
[DP-fwdX] L=16 states=1 -> 3
[DP-fwdX] L=16 states=1 -> 3
[DP-fwdX] L=16 states=1 -> 3
[DP-bwdX] L=32 states=1 -> 1
[DP-bwdX] L=32 states=1 -> 1
[DP-bwdX] L=32 states=1 -> 1
[DP-fwdX] L=32 states=1 -> 1
[DP-bwdX] L=64 states=1 -> 1
[DP-fwdX] L=32 states=1 -> 1
[DP-bwdX] L=48 states=1 -> 3
[DP-fwdX] L=32 states=1 -> 1
[DP-fwdX] L=32 states=1 -> 1
[DP-fwdX] L=32 states=1 -> 1
[DP-bwdX] L=48 states=1 -> 3
[DP-bwdX] L=48 states=1 -> 3
[DP-bwdX] L=48 states=1 -> 3
[DP-fwdX] L=48 states=1 -> 2
[DP-bwdX] L=64 states=1 -> 1
[DP-fwdX] L=48 states=1 -> 2
[DP-fwdX] L=48 states=1 -> 2
[DP-fwdX] L=48 states=1 -> 2
[DP-bwdX] L=64 states=1 -> 1
[DP-bwdX] L=64 states=1 -> 1
[DP-bwdX] L=64 states=1 -> 1
[RowSwapCTR] expand small 8x8 -> full 16x8  top_rows=4  bot_rows=4  ctr_rows=8  n_full=128
  [Round 31] T_prime=16  T_target=15  HPWL_w=472000000  HPWL_eq=472  maxL=23  WNS(T')=-7  WNS*(T)=-8  picked=1  solve_ms=17.4686
[OC-Shortest/pow2] m=8 h=8 SEG=4 bits=32 words=1 threads=24
[DP-fwdX] L=0 states=1 -> 1
[DP-fwdX] L=16 states=141 -> 164
[DP-bwdX] L=64 states=1 -> 1
[DP-bwdX] L=48 states=141 -> 164
[DP-fwdX] L=0 states=1 -> 1
[DP-bwdX] L=32 states=1 -> 1
[DP-fwdX] L=0 states=1 -> 1
[DP-bwdX] L=16 states=1 -> 2
[DP-fwdX] L=0 states=1 -> 1
[DP-fwdX] L=0 states=1 -> 1
[DP-fwdX] L=0 states=1 -> 1
[DP-bwdX] L=16 states=1 -> 2
[DP-bwdX] L=16 states=1 -> 2
[DP-bwdX] L=16 states=1 -> 2
[DP-fwdX] L=16 states=1 -> 3
[DP-bwdX] L=32 states=1 -> 1
[DP-fwdX] L=16 states=1 -> 3
[DP-fwdX] L=16 states=1 -> 3
[DP-fwdX] L=16 states=1 -> 3
[DP-bwdX] L=32 states=1 -> 1
[DP-bwdX] L=32 states=1 -> 1
[DP-bwdX] L=32 states=1 -> 1
[DP-fwdX] L=32 states=1 -> 1
[DP-bwdX] L=64 states=1 -> 1
[DP-fwdX] L=32 states=1 -> 1
[DP-bwdX] L=48 states=1 -> 3
[DP-fwdX] L=32 states=1 -> 1
[DP-fwdX] L=32 states=1 -> 1
[DP-fwdX] L=32 states=1 -> 1
[DP-bwdX] L=48 states=1 -> 3
[DP-bwdX] L=48 states=1 -> 3
[DP-bwdX] L=48 states=1 -> 3
[DP-fwdX] L=48 states=1 -> 2
[DP-bwdX] L=64 states=1 -> 1
[DP-fwdX] L=48 states=1 -> 2
[DP-fwdX] L=48 states=1 -> 2
[DP-fwdX] L=48 states=1 -> 2
[DP-bwdX] L=64 states=1 -> 1
[DP-bwdX] L=64 states=1 -> 1
[DP-bwdX] L=64 states=1 -> 1
[RowSwapCTR] expand small 8x8 -> full 16x8  top_rows=4  bot_rows=4  ctr_rows=8  n_full=128
  [Round 32] T_prime=16  T_target=15  HPWL_w=472000000  HPWL_eq=472  maxL=23  WNS(T')=-7  WNS*(T)=-8  picked=1  solve_ms=23.3877
[OC-Shortest/pow2] m=8 h=8 SEG=4 bits=32 words=1 threads=24
[DP-fwdX] L=0 states=1 -> 1
[DP-fwdX] L=16 states=141 -> 164
[DP-bwdX] L=64 states=1 -> 1
[DP-bwdX] L=48 states=141 -> 164
[DP-fwdX] L=0 states=1 -> 1
[DP-bwdX] L=32 states=1 -> 1
[DP-fwdX] L=0 states=1 -> 1
[DP-bwdX] L=16 states=1 -> 2
[DP-fwdX] L=0 states=1 -> 1
[DP-fwdX] L=0 states=1 -> 1
[DP-fwdX] L=0 states=1 -> 1
[DP-bwdX] L=16 states=1 -> 2
[DP-bwdX] L=16 states=1 -> 2
[DP-bwdX] L=16 states=1 -> 2
[DP-fwdX] L=16 states=1 -> 3
[DP-bwdX] L=32 states=1 -> 1
[DP-fwdX] L=16 states=1 -> 3
[DP-fwdX] L=16 states=1 -> 3
[DP-fwdX] L=16 states=1 -> 3
[DP-bwdX] L=32 states=1 -> 1
[DP-bwdX] L=32 states=1 -> 1
[DP-bwdX] L=32 states=1 -> 1
[DP-fwdX] L=32 states=1 -> 1
[DP-bwdX] L=64 states=1 -> 1
[DP-fwdX] L=32 states=1 -> 1
[DP-bwdX] L=48 states=1 -> 3
[DP-fwdX] L=32 states=1 -> 1
[DP-fwdX] L=32 states=1 -> 1
[DP-fwdX] L=32 states=1 -> 1
[DP-bwdX] L=48 states=1 -> 3
[DP-bwdX] L=48 states=1 -> 3
[DP-bwdX] L=48 states=1 -> 3
[DP-fwdX] L=48 states=1 -> 2
[DP-bwdX] L=64 states=1 -> 1
[DP-fwdX] L=48 states=1 -> 2
[DP-fwdX] L=48 states=1 -> 2
[DP-fwdX] L=48 states=1 -> 2
[DP-bwdX] L=64 states=1 -> 1
[DP-bwdX] L=64 states=1 -> 1
[DP-bwdX] L=64 states=1 -> 1
[RowSwapCTR] expand small 8x8 -> full 16x8  top_rows=4  bot_rows=4  ctr_rows=8  n_full=128
  [Round 33] T_prime=16  T_target=15  HPWL_w=472000000  HPWL_eq=472  maxL=23  WNS(T')=-7  WNS*(T)=-8  picked=1  solve_ms=16.9764
[OC-Shortest/pow2] m=8 h=8 SEG=4 bits=32 words=1 threads=24
[DP-fwdX] L=0 states=1 -> 1
[DP-fwdX] L=16 states=141 -> 164
[DP-bwdX] L=64 states=1 -> 1
[DP-bwdX] L=48 states=141 -> 164
[DP-fwdX] L=0 states=1 -> 1
[DP-bwdX] L=32 states=1 -> 1
[DP-fwdX] L=0 states=1 -> 1
[DP-bwdX] L=16 states=1 -> 2
[DP-fwdX] L=0 states=1 -> 1
[DP-fwdX] L=0 states=1 -> 1
[DP-fwdX] L=0 states=1 -> 1
[DP-bwdX] L=16 states=1 -> 2
[DP-bwdX] L=16 states=1 -> 2
[DP-bwdX] L=16 states=1 -> 2
[DP-fwdX] L=16 states=1 -> 3
[DP-bwdX] L=32 states=1 -> 1
[DP-fwdX] L=16 states=1 -> 3
[DP-fwdX] L=16 states=1 -> 3
[DP-fwdX] L=16 states=1 -> 3
[DP-bwdX] L=32 states=1 -> 1
[DP-bwdX] L=32 states=1 -> 1
[DP-bwdX] L=32 states=1 -> 1
[DP-fwdX] L=32 states=1 -> 1
[DP-bwdX] L=64 states=1 -> 1
[DP-fwdX] L=32 states=1 -> 1
[DP-bwdX] L=48 states=1 -> 3
[DP-fwdX] L=32 states=1 -> 1
[DP-fwdX] L=32 states=1 -> 1
[DP-fwdX] L=32 states=1 -> 1
[DP-bwdX] L=48 states=1 -> 3
[DP-bwdX] L=48 states=1 -> 3
[DP-bwdX] L=48 states=1 -> 3
[DP-fwdX] L=48 states=1 -> 2
[DP-bwdX] L=64 states=1 -> 1
[DP-fwdX] L=48 states=1 -> 2
[DP-fwdX] L=48 states=1 -> 2
[DP-fwdX] L=48 states=1 -> 2
[DP-bwdX] L=64 states=1 -> 1
[DP-bwdX] L=64 states=1 -> 1
[DP-bwdX] L=64 states=1 -> 1
[RowSwapCTR] expand small 8x8 -> full 16x8  top_rows=4  bot_rows=4  ctr_rows=8  n_full=128
  [Round 34] T_prime=16  T_target=15  HPWL_w=472000000  HPWL_eq=472  maxL=23  WNS(T')=-7  WNS*(T)=-8  picked=1  solve_ms=17.1656
[OC-Shortest/pow2] m=8 h=8 SEG=4 bits=32 words=1 threads=24
[DP-fwdX] L=0 states=1 -> 1
[DP-fwdX] L=16 states=141 -> 164
[DP-bwdX] L=64 states=1 -> 1
[DP-bwdX] L=48 states=141 -> 164
[DP-fwdX] L=0 states=1 -> 1
[DP-bwdX] L=32 states=1 -> 1
[DP-fwdX] L=0 states=1 -> 1
[DP-bwdX] L=16 states=1 -> 2
[DP-fwdX] L=0 states=1 -> 1
[DP-fwdX] L=0 states=1 -> 1
[DP-fwdX] L=0 states=1 -> 1
[DP-bwdX] L=16 states=1 -> 2
[DP-bwdX] L=16 states=1 -> 2
[DP-bwdX] L=16 states=1 -> 2
[DP-fwdX] L=16 states=1 -> 3
[DP-bwdX] L=32 states=1 -> 1
[DP-fwdX] L=16 states=1 -> 3
[DP-fwdX] L=16 states=1 -> 3
[DP-fwdX] L=16 states=1 -> 3
[DP-bwdX] L=32 states=1 -> 1
[DP-bwdX] L=32 states=1 -> 1
[DP-bwdX] L=32 states=1 -> 1
[DP-fwdX] L=32 states=1 -> 1
[DP-bwdX] L=64 states=1 -> 1
[DP-fwdX] L=32 states=1 -> 1
[DP-bwdX] L=48 states=1 -> 3
[DP-fwdX] L=32 states=1 -> 1
[DP-fwdX] L=32 states=1 -> 1
[DP-fwdX] L=32 states=1 -> 1
[DP-bwdX] L=48 states=1 -> 3
[DP-bwdX] L=48 states=1 -> 3
[DP-bwdX] L=48 states=1 -> 3
[DP-fwdX] L=48 states=1 -> 2
[DP-bwdX] L=64 states=1 -> 1
[DP-fwdX] L=48 states=1 -> 2
[DP-fwdX] L=48 states=1 -> 2
[DP-fwdX] L=48 states=1 -> 2
[DP-bwdX] L=64 states=1 -> 1
[DP-bwdX] L=64 states=1 -> 1
[DP-bwdX] L=64 states=1 -> 1
[RowSwapCTR] expand small 8x8 -> full 16x8  top_rows=4  bot_rows=4  ctr_rows=8  n_full=128
  [Round 35] T_prime=16  T_target=15  HPWL_w=472000000  HPWL_eq=472  maxL=23  WNS(T')=-7  WNS*(T)=-8  picked=1  solve_ms=16.9866
[OC-Shortest/pow2] m=8 h=8 SEG=4 bits=32 words=1 threads=24
[DP-fwdX] L=0 states=1 -> 1
[DP-fwdX] L=16 states=141 -> 164
[DP-bwdX] L=64 states=1 -> 1
[DP-bwdX] L=48 states=141 -> 164
[DP-fwdX] L=0 states=1 -> 1
[DP-bwdX] L=32 states=1 -> 1
[DP-fwdX] L=0 states=1 -> 1
[DP-bwdX] L=16 states=1 -> 2
[DP-fwdX] L=0 states=1 -> 1
[DP-fwdX] L=0 states=1 -> 1
[DP-fwdX] L=0 states=1 -> 1
[DP-bwdX] L=16 states=1 -> 2
[DP-bwdX] L=16 states=1 -> 2
[DP-bwdX] L=16 states=1 -> 2
[DP-fwdX] L=16 states=1 -> 3
[DP-bwdX] L=32 states=1 -> 1
[DP-fwdX] L=16 states=1 -> 3
[DP-fwdX] L=16 states=1 -> 3
[DP-fwdX] L=16 states=1 -> 3
[DP-bwdX] L=32 states=1 -> 1
[DP-bwdX] L=32 states=1 -> 1
[DP-bwdX] L=32 states=1 -> 1
[DP-fwdX] L=32 states=1 -> 1
[DP-bwdX] L=64 states=1 -> 1
[DP-fwdX] L=32 states=1 -> 1
[DP-bwdX] L=48 states=1 -> 3
[DP-fwdX] L=32 states=1 -> 1
[DP-fwdX] L=32 states=1 -> 1
[DP-fwdX] L=32 states=1 -> 1
[DP-bwdX] L=48 states=1 -> 3
[DP-bwdX] L=48 states=1 -> 3
[DP-bwdX] L=48 states=1 -> 3
[DP-fwdX] L=48 states=1 -> 2
[DP-bwdX] L=64 states=1 -> 1
[DP-fwdX] L=48 states=1 -> 2
[DP-fwdX] L=48 states=1 -> 2
[DP-fwdX] L=48 states=1 -> 2
[DP-bwdX] L=64 states=1 -> 1
[DP-bwdX] L=64 states=1 -> 1
[DP-bwdX] L=64 states=1 -> 1
[RowSwapCTR] expand small 8x8 -> full 16x8  top_rows=4  bot_rows=4  ctr_rows=8  n_full=128
  [Round 36] T_prime=16  T_target=15  HPWL_w=472000000  HPWL_eq=472  maxL=23  WNS(T')=-7  WNS*(T)=-8  picked=1  solve_ms=17.1283
[OC-Shortest/pow2] m=8 h=8 SEG=4 bits=32 words=1 threads=24
[DP-fwdX] L=0 states=1 -> 1
[DP-fwdX] L=16 states=141 -> 164
[DP-bwdX] L=64 states=1 -> 1
[DP-bwdX] L=48 states=141 -> 164
[DP-fwdX] L=0 states=1 -> 1
[DP-bwdX] L=32 states=1 -> 1
[DP-fwdX] L=0 states=1 -> 1
[DP-bwdX] L=16 states=1 -> 2
[DP-fwdX] L=0 states=1 -> 1
[DP-fwdX] L=0 states=1 -> 1
[DP-fwdX] L=0 states=1 -> 1
[DP-bwdX] L=16 states=1 -> 2
[DP-bwdX] L=16 states=1 -> 2
[DP-bwdX] L=16 states=1 -> 2
[DP-fwdX] L=16 states=1 -> 3
[DP-bwdX] L=32 states=1 -> 1
[DP-fwdX] L=16 states=1 -> 3
[DP-fwdX] L=16 states=1 -> 3
[DP-fwdX] L=16 states=1 -> 3
[DP-bwdX] L=32 states=1 -> 1
[DP-bwdX] L=32 states=1 -> 1
[DP-bwdX] L=32 states=1 -> 1
[DP-fwdX] L=32 states=1 -> 1
[DP-bwdX] L=64 states=1 -> 1
[DP-fwdX] L=32 states=1 -> 1
[DP-bwdX] L=48 states=1 -> 3
[DP-fwdX] L=32 states=1 -> 1
[DP-fwdX] L=32 states=1 -> 1
[DP-fwdX] L=32 states=1 -> 1
[DP-bwdX] L=48 states=1 -> 3
[DP-bwdX] L=48 states=1 -> 3
[DP-bwdX] L=48 states=1 -> 3
[DP-fwdX] L=48 states=1 -> 2
[DP-bwdX] L=64 states=1 -> 1
[DP-fwdX] L=48 states=1 -> 2
[DP-fwdX] L=48 states=1 -> 2
[DP-fwdX] L=48 states=1 -> 2
[DP-bwdX] L=64 states=1 -> 1
[DP-bwdX] L=64 states=1 -> 1
[DP-bwdX] L=64 states=1 -> 1
[RowSwapCTR] expand small 8x8 -> full 16x8  top_rows=4  bot_rows=4  ctr_rows=8  n_full=128
  [Round 37] T_prime=16  T_target=15  HPWL_w=472000000  HPWL_eq=472  maxL=23  WNS(T')=-7  WNS*(T)=-8  picked=1  solve_ms=17.112
[OC-Shortest/pow2] m=8 h=8 SEG=4 bits=32 words=1 threads=24
[DP-fwdX] L=0 states=1 -> 1
[DP-fwdX] L=16 states=141 -> 164
[DP-bwdX] L=64 states=1 -> 1
[DP-bwdX] L=48 states=141 -> 164
[DP-fwdX] L=0 states=1 -> 1
[DP-bwdX] L=32 states=1 -> 1
[DP-fwdX] L=0 states=1 -> 1
[DP-bwdX] L=16 states=1 -> 2
[DP-fwdX] L=0 states=1 -> 1
[DP-fwdX] L=0 states=1 -> 1
[DP-fwdX] L=0 states=1 -> 1
[DP-bwdX] L=16 states=1 -> 2
[DP-bwdX] L=16 states=1 -> 2
[DP-bwdX] L=16 states=1 -> 2
[DP-fwdX] L=16 states=1 -> 3
[DP-bwdX] L=32 states=1 -> 1
[DP-fwdX] L=16 states=1 -> 3
[DP-fwdX] L=16 states=1 -> 3
[DP-fwdX] L=16 states=1 -> 3
[DP-bwdX] L=32 states=1 -> 1
[DP-bwdX] L=32 states=1 -> 1
[DP-bwdX] L=32 states=1 -> 1
[DP-fwdX] L=32 states=1 -> 1
[DP-bwdX] L=64 states=1 -> 1
[DP-fwdX] L=32 states=1 -> 1
[DP-bwdX] L=48 states=1 -> 3
[DP-fwdX] L=32 states=1 -> 1
[DP-fwdX] L=32 states=1 -> 1
[DP-fwdX] L=32 states=1 -> 1
[DP-bwdX] L=48 states=1 -> 3
[DP-bwdX] L=48 states=1 -> 3
[DP-bwdX] L=48 states=1 -> 3
[DP-fwdX] L=48 states=1 -> 2
[DP-bwdX] L=64 states=1 -> 1
[DP-fwdX] L=48 states=1 -> 2
[DP-fwdX] L=48 states=1 -> 2
[DP-fwdX] L=48 states=1 -> 2
[DP-bwdX] L=64 states=1 -> 1
[DP-bwdX] L=64 states=1 -> 1
[DP-bwdX] L=64 states=1 -> 1
[RowSwapCTR] expand small 8x8 -> full 16x8  top_rows=4  bot_rows=4  ctr_rows=8  n_full=128
  [Round 38] T_prime=16  T_target=15  HPWL_w=472000000  HPWL_eq=472  maxL=23  WNS(T')=-7  WNS*(T)=-8  picked=1  solve_ms=16.7923
[OC-Shortest/pow2] m=8 h=8 SEG=4 bits=32 words=1 threads=24
[DP-fwdX] L=0 states=1 -> 1
[DP-fwdX] L=16 states=141 -> 164
[DP-bwdX] L=64 states=1 -> 1
[DP-bwdX] L=48 states=141 -> 164
[DP-fwdX] L=0 states=1 -> 1
[DP-bwdX] L=32 states=1 -> 1
[DP-fwdX] L=0 states=1 -> 1
[DP-bwdX] L=16 states=1 -> 2
[DP-fwdX] L=0 states=1 -> 1
[DP-fwdX] L=0 states=1 -> 1
[DP-fwdX] L=0 states=1 -> 1
[DP-bwdX] L=16 states=1 -> 2
[DP-bwdX] L=16 states=1 -> 2
[DP-bwdX] L=16 states=1 -> 2
[DP-fwdX] L=16 states=1 -> 3
[DP-bwdX] L=32 states=1 -> 1
[DP-fwdX] L=16 states=1 -> 3
[DP-fwdX] L=16 states=1 -> 3
[DP-fwdX] L=16 states=1 -> 3
[DP-bwdX] L=32 states=1 -> 1
[DP-bwdX] L=32 states=1 -> 1
[DP-bwdX] L=32 states=1 -> 1
[DP-fwdX] L=32 states=1 -> 1
[DP-bwdX] L=64 states=1 -> 1
[DP-fwdX] L=32 states=1 -> 1
[DP-bwdX] L=48 states=1 -> 3
[DP-fwdX] L=32 states=1 -> 1
[DP-fwdX] L=32 states=1 -> 1
[DP-fwdX] L=32 states=1 -> 1
[DP-bwdX] L=48 states=1 -> 3
[DP-bwdX] L=48 states=1 -> 3
[DP-bwdX] L=48 states=1 -> 3
[DP-fwdX] L=48 states=1 -> 2
[DP-bwdX] L=64 states=1 -> 1
[DP-fwdX] L=48 states=1 -> 2
[DP-fwdX] L=48 states=1 -> 2
[DP-fwdX] L=48 states=1 -> 2
[DP-bwdX] L=64 states=1 -> 1
[DP-bwdX] L=64 states=1 -> 1
[DP-bwdX] L=64 states=1 -> 1
[RowSwapCTR] expand small 8x8 -> full 16x8  top_rows=4  bot_rows=4  ctr_rows=8  n_full=128
  [Round 39] T_prime=16  T_target=15  HPWL_w=472000000  HPWL_eq=472  maxL=23  WNS(T')=-7  WNS*(T)=-8  picked=1  solve_ms=16.7504
[OC-Shortest/pow2] m=8 h=8 SEG=4 bits=32 words=1 threads=24
[DP-fwdX] L=0 states=1 -> 1
[DP-fwdX] L=16 states=141 -> 164
[DP-bwdX] L=64 states=1 -> 1
[DP-bwdX] L=48 states=141 -> 164
[DP-fwdX] L=0 states=1 -> 1
[DP-bwdX] L=32 states=1 -> 1
[DP-fwdX] L=0 states=1 -> 1
[DP-bwdX] L=16 states=1 -> 2
[DP-fwdX] L=0 states=1 -> 1
[DP-fwdX] L=0 states=1 -> 1
[DP-fwdX] L=0 states=1 -> 1
[DP-bwdX] L=16 states=1 -> 2
[DP-bwdX] L=16 states=1 -> 2
[DP-bwdX] L=16 states=1 -> 2
[DP-fwdX] L=16 states=1 -> 3
[DP-bwdX] L=32 states=1 -> 1
[DP-fwdX] L=16 states=1 -> 3
[DP-fwdX] L=16 states=1 -> 3
[DP-fwdX] L=16 states=1 -> 3
[DP-bwdX] L=32 states=1 -> 1
[DP-bwdX] L=32 states=1 -> 1
[DP-bwdX] L=32 states=1 -> 1
[DP-fwdX] L=32 states=1 -> 1
[DP-bwdX] L=64 states=1 -> 1
[DP-fwdX] L=32 states=1 -> 1
[DP-bwdX] L=48 states=1 -> 3
[DP-fwdX] L=32 states=1 -> 1
[DP-fwdX] L=32 states=1 -> 1
[DP-fwdX] L=32 states=1 -> 1
[DP-bwdX] L=48 states=1 -> 3
[DP-bwdX] L=48 states=1 -> 3
[DP-bwdX] L=48 states=1 -> 3
[DP-fwdX] L=48 states=1 -> 2
[DP-bwdX] L=64 states=1 -> 1
[DP-fwdX] L=48 states=1 -> 2
[DP-fwdX] L=48 states=1 -> 2
[DP-fwdX] L=48 states=1 -> 2
[DP-bwdX] L=64 states=1 -> 1
[DP-bwdX] L=64 states=1 -> 1
[DP-bwdX] L=64 states=1 -> 1
[RowSwapCTR] expand small 8x8 -> full 16x8  top_rows=4  bot_rows=4  ctr_rows=8  n_full=128
  [Round 40] T_prime=16  T_target=15  HPWL_w=472000000  HPWL_eq=472  maxL=23  WNS(T')=-7  WNS*(T)=-8  picked=1  solve_ms=16.647
[OC-Shortest/pow2] m=8 h=8 SEG=4 bits=32 words=1 threads=24
[DP-fwdX] L=0 states=1 -> 1
[DP-fwdX] L=16 states=141 -> 164
[DP-bwdX] L=64 states=1 -> 1
[DP-bwdX] L=48 states=141 -> 164
[DP-fwdX] L=0 states=1 -> 1
[DP-bwdX] L=32 states=1 -> 1
[DP-fwdX] L=0 states=1 -> 1
[DP-bwdX] L=16 states=1 -> 2
[DP-fwdX] L=0 states=1 -> 1
[DP-fwdX] L=0 states=1 -> 1
[DP-fwdX] L=0 states=1 -> 1
[DP-bwdX] L=16 states=1 -> 2
[DP-bwdX] L=16 states=1 -> 2
[DP-bwdX] L=16 states=1 -> 2
[DP-fwdX] L=16 states=1 -> 3
[DP-bwdX] L=32 states=1 -> 1
[DP-fwdX] L=16 states=1 -> 3
[DP-fwdX] L=16 states=1 -> 3
[DP-fwdX] L=16 states=1 -> 3
[DP-bwdX] L=32 states=1 -> 1
[DP-bwdX] L=32 states=1 -> 1
[DP-bwdX] L=32 states=1 -> 1
[DP-fwdX] L=32 states=1 -> 1
[DP-bwdX] L=64 states=1 -> 1
[DP-fwdX] L=32 states=1 -> 1
[DP-bwdX] L=48 states=1 -> 3
[DP-fwdX] L=32 states=1 -> 1
[DP-fwdX] L=32 states=1 -> 1
[DP-fwdX] L=32 states=1 -> 1
[DP-bwdX] L=48 states=1 -> 3
[DP-bwdX] L=48 states=1 -> 3
[DP-bwdX] L=48 states=1 -> 3
[DP-fwdX] L=48 states=1 -> 2
[DP-bwdX] L=64 states=1 -> 1
[DP-fwdX] L=48 states=1 -> 2
[DP-fwdX] L=48 states=1 -> 2
[DP-fwdX] L=48 states=1 -> 2
[DP-bwdX] L=64 states=1 -> 1
[DP-bwdX] L=64 states=1 -> 1
[DP-bwdX] L=64 states=1 -> 1
[RowSwapCTR] expand small 8x8 -> full 16x8  top_rows=4  bot_rows=4  ctr_rows=8  n_full=128
  [Round 41] T_prime=16  T_target=15  HPWL_w=472000000  HPWL_eq=472  maxL=23  WNS(T')=-7  WNS*(T)=-8  picked=1  solve_ms=16.8445
[OC-Shortest/pow2] m=8 h=8 SEG=4 bits=32 words=1 threads=24
[DP-fwdX] L=0 states=1 -> 1
[DP-fwdX] L=16 states=141 -> 164
[DP-bwdX] L=64 states=1 -> 1
[DP-bwdX] L=48 states=141 -> 164
[DP-fwdX] L=0 states=1 -> 1
[DP-bwdX] L=32 states=1 -> 1
[DP-fwdX] L=0 states=1 -> 1
[DP-bwdX] L=16 states=1 -> 2
[DP-fwdX] L=0 states=1 -> 1
[DP-fwdX] L=0 states=1 -> 1
[DP-fwdX] L=0 states=1 -> 1
[DP-bwdX] L=16 states=1 -> 2
[DP-bwdX] L=16 states=1 -> 2
[DP-bwdX] L=16 states=1 -> 2
[DP-fwdX] L=16 states=1 -> 3
[DP-bwdX] L=32 states=1 -> 1
[DP-fwdX] L=16 states=1 -> 3
[DP-fwdX] L=16 states=1 -> 3
[DP-fwdX] L=16 states=1 -> 3
[DP-bwdX] L=32 states=1 -> 1
[DP-bwdX] L=32 states=1 -> 1
[DP-bwdX] L=32 states=1 -> 1
[DP-fwdX] L=32 states=1 -> 1
[DP-bwdX] L=64 states=1 -> 1
[DP-fwdX] L=32 states=1 -> 1
[DP-bwdX] L=48 states=1 -> 3
[DP-fwdX] L=32 states=1 -> 1
[DP-fwdX] L=32 states=1 -> 1
[DP-fwdX] L=32 states=1 -> 1
[DP-bwdX] L=48 states=1 -> 3
[DP-bwdX] L=48 states=1 -> 3
[DP-bwdX] L=48 states=1 -> 3
[DP-fwdX] L=48 states=1 -> 2
[DP-bwdX] L=64 states=1 -> 1
[DP-fwdX] L=48 states=1 -> 2
[DP-fwdX] L=48 states=1 -> 2
[DP-fwdX] L=48 states=1 -> 2
[DP-bwdX] L=64 states=1 -> 1
[DP-bwdX] L=64 states=1 -> 1
[DP-bwdX] L=64 states=1 -> 1
[RowSwapCTR] expand small 8x8 -> full 16x8  top_rows=4  bot_rows=4  ctr_rows=8  n_full=128
  [Round 42] T_prime=16  T_target=15  HPWL_w=472000000  HPWL_eq=472  maxL=23  WNS(T')=-7  WNS*(T)=-8  picked=1  solve_ms=16.9844
[OC-Shortest/pow2] m=8 h=8 SEG=4 bits=32 words=1 threads=24
[DP-fwdX] L=0 states=1 -> 1
[DP-fwdX] L=16 states=141 -> 164
[DP-bwdX] L=64 states=1 -> 1
[DP-bwdX] L=48 states=141 -> 164
[DP-fwdX] L=0 states=1 -> 1
[DP-bwdX] L=32 states=1 -> 1
[DP-fwdX] L=0 states=1 -> 1
[DP-bwdX] L=16 states=1 -> 2
[DP-fwdX] L=0 states=1 -> 1
[DP-fwdX] L=0 states=1 -> 1
[DP-fwdX] L=0 states=1 -> 1
[DP-bwdX] L=16 states=1 -> 2
[DP-bwdX] L=16 states=1 -> 2
[DP-bwdX] L=16 states=1 -> 2
[DP-fwdX] L=16 states=1 -> 3
[DP-bwdX] L=32 states=1 -> 1
[DP-fwdX] L=16 states=1 -> 3
[DP-fwdX] L=16 states=1 -> 3
[DP-fwdX] L=16 states=1 -> 3
[DP-bwdX] L=32 states=1 -> 1
[DP-bwdX] L=32 states=1 -> 1
[DP-bwdX] L=32 states=1 -> 1
[DP-fwdX] L=32 states=1 -> 1
[DP-bwdX] L=64 states=1 -> 1
[DP-fwdX] L=32 states=1 -> 1
[DP-bwdX] L=48 states=1 -> 3
[DP-fwdX] L=32 states=1 -> 1
[DP-fwdX] L=32 states=1 -> 1
[DP-fwdX] L=32 states=1 -> 1
[DP-bwdX] L=48 states=1 -> 3
[DP-bwdX] L=48 states=1 -> 3
[DP-bwdX] L=48 states=1 -> 3
[DP-fwdX] L=48 states=1 -> 2
[DP-bwdX] L=64 states=1 -> 1
[DP-fwdX] L=48 states=1 -> 2
[DP-fwdX] L=48 states=1 -> 2
[DP-fwdX] L=48 states=1 -> 2
[DP-bwdX] L=64 states=1 -> 1
[DP-bwdX] L=64 states=1 -> 1
[DP-bwdX] L=64 states=1 -> 1
[RowSwapCTR] expand small 8x8 -> full 16x8  top_rows=4  bot_rows=4  ctr_rows=8  n_full=128
  [Round 43] T_prime=16  T_target=15  HPWL_w=472000000  HPWL_eq=472  maxL=23  WNS(T')=-7  WNS*(T)=-8  picked=1  solve_ms=16.7294
[OC-Shortest/pow2] m=8 h=8 SEG=4 bits=32 words=1 threads=24
[DP-fwdX] L=0 states=1 -> 1
[DP-fwdX] L=16 states=141 -> 164
[DP-bwdX] L=64 states=1 -> 1
[DP-bwdX] L=48 states=141 -> 164
[DP-fwdX] L=0 states=1 -> 1
[DP-bwdX] L=32 states=1 -> 1
[DP-fwdX] L=0 states=1 -> 1
[DP-bwdX] L=16 states=1 -> 2
[DP-fwdX] L=0 states=1 -> 1
[DP-fwdX] L=0 states=1 -> 1
[DP-fwdX] L=0 states=1 -> 1
[DP-bwdX] L=16 states=1 -> 2
[DP-bwdX] L=16 states=1 -> 2
[DP-bwdX] L=16 states=1 -> 2
[DP-fwdX] L=16 states=1 -> 3
[DP-bwdX] L=32 states=1 -> 1
[DP-fwdX] L=16 states=1 -> 3
[DP-fwdX] L=16 states=1 -> 3
[DP-fwdX] L=16 states=1 -> 3
[DP-bwdX] L=32 states=1 -> 1
[DP-bwdX] L=32 states=1 -> 1
[DP-bwdX] L=32 states=1 -> 1
[DP-fwdX] L=32 states=1 -> 1
[DP-bwdX] L=64 states=1 -> 1
[DP-fwdX] L=32 states=1 -> 1
[DP-bwdX] L=48 states=1 -> 3
[DP-fwdX] L=32 states=1 -> 1
[DP-fwdX] L=32 states=1 -> 1
[DP-fwdX] L=32 states=1 -> 1
[DP-bwdX] L=48 states=1 -> 3
[DP-bwdX] L=48 states=1 -> 3
[DP-bwdX] L=48 states=1 -> 3
[DP-fwdX] L=48 states=1 -> 2
[DP-bwdX] L=64 states=1 -> 1
[DP-fwdX] L=48 states=1 -> 2
[DP-fwdX] L=48 states=1 -> 2
[DP-fwdX] L=48 states=1 -> 2
[DP-bwdX] L=64 states=1 -> 1
[DP-bwdX] L=64 states=1 -> 1
[DP-bwdX] L=64 states=1 -> 1
[RowSwapCTR] expand small 8x8 -> full 16x8  top_rows=4  bot_rows=4  ctr_rows=8  n_full=128
  [Round 44] T_prime=16  T_target=15  HPWL_w=472000000  HPWL_eq=472  maxL=23  WNS(T')=-7  WNS*(T)=-8  picked=1  solve_ms=16.8586
[OC-Shortest/pow2] m=8 h=8 SEG=4 bits=32 words=1 threads=24
[DP-fwdX] L=0 states=1 -> 1
[DP-fwdX] L=16 states=141 -> 164
[DP-bwdX] L=64 states=1 -> 1
[DP-bwdX] L=48 states=141 -> 164
[DP-fwdX] L=0 states=1 -> 1
[DP-bwdX] L=32 states=1 -> 1
[DP-fwdX] L=0 states=1 -> 1
[DP-bwdX] L=16 states=1 -> 2
[DP-fwdX] L=0 states=1 -> 1
[DP-fwdX] L=0 states=1 -> 1
[DP-fwdX] L=0 states=1 -> 1
[DP-bwdX] L=16 states=1 -> 2
[DP-bwdX] L=16 states=1 -> 2
[DP-bwdX] L=16 states=1 -> 2
[DP-fwdX] L=16 states=1 -> 3
[DP-bwdX] L=32 states=1 -> 1
[DP-fwdX] L=16 states=1 -> 3
[DP-fwdX] L=16 states=1 -> 3
[DP-fwdX] L=16 states=1 -> 3
[DP-bwdX] L=32 states=1 -> 1
[DP-bwdX] L=32 states=1 -> 1
[DP-bwdX] L=32 states=1 -> 1
[DP-fwdX] L=32 states=1 -> 1
[DP-bwdX] L=64 states=1 -> 1
[DP-fwdX] L=32 states=1 -> 1
[DP-bwdX] L=48 states=1 -> 3
[DP-fwdX] L=32 states=1 -> 1
[DP-fwdX] L=32 states=1 -> 1
[DP-fwdX] L=32 states=1 -> 1
[DP-bwdX] L=48 states=1 -> 3
[DP-bwdX] L=48 states=1 -> 3
[DP-bwdX] L=48 states=1 -> 3
[DP-fwdX] L=48 states=1 -> 2
[DP-bwdX] L=64 states=1 -> 1
[DP-fwdX] L=48 states=1 -> 2
[DP-fwdX] L=48 states=1 -> 2
[DP-fwdX] L=48 states=1 -> 2
[DP-bwdX] L=64 states=1 -> 1
[DP-bwdX] L=64 states=1 -> 1
[DP-bwdX] L=64 states=1 -> 1
[RowSwapCTR] expand small 8x8 -> full 16x8  top_rows=4  bot_rows=4  ctr_rows=8  n_full=128
  [Round 45] T_prime=16  T_target=15  HPWL_w=472000000  HPWL_eq=472  maxL=23  WNS(T')=-7  WNS*(T)=-8  picked=1  solve_ms=16.7392
[OC-Shortest/pow2] m=8 h=8 SEG=4 bits=32 words=1 threads=24
[DP-fwdX] L=0 states=1 -> 1
[DP-fwdX] L=16 states=141 -> 164
[DP-bwdX] L=64 states=1 -> 1
[DP-bwdX] L=48 states=141 -> 164
[DP-fwdX] L=0 states=1 -> 1
[DP-bwdX] L=32 states=1 -> 1
[DP-fwdX] L=0 states=1 -> 1
[DP-bwdX] L=16 states=1 -> 2
[DP-fwdX] L=0 states=1 -> 1
[DP-fwdX] L=0 states=1 -> 1
[DP-fwdX] L=0 states=1 -> 1
[DP-bwdX] L=16 states=1 -> 2
[DP-bwdX] L=16 states=1 -> 2
[DP-bwdX] L=16 states=1 -> 2
[DP-fwdX] L=16 states=1 -> 3
[DP-bwdX] L=32 states=1 -> 1
[DP-fwdX] L=16 states=1 -> 3
[DP-fwdX] L=16 states=1 -> 3
[DP-fwdX] L=16 states=1 -> 3
[DP-bwdX] L=32 states=1 -> 1
[DP-bwdX] L=32 states=1 -> 1
[DP-bwdX] L=32 states=1 -> 1
[DP-fwdX] L=32 states=1 -> 1
[DP-bwdX] L=64 states=1 -> 1
[DP-fwdX] L=32 states=1 -> 1
[DP-bwdX] L=48 states=1 -> 3
[DP-fwdX] L=32 states=1 -> 1
[DP-fwdX] L=32 states=1 -> 1
[DP-fwdX] L=32 states=1 -> 1
[DP-bwdX] L=48 states=1 -> 3
[DP-bwdX] L=48 states=1 -> 3
[DP-bwdX] L=48 states=1 -> 3
[DP-fwdX] L=48 states=1 -> 2
[DP-bwdX] L=64 states=1 -> 1
[DP-fwdX] L=48 states=1 -> 2
[DP-fwdX] L=48 states=1 -> 2
[DP-fwdX] L=48 states=1 -> 2
[DP-bwdX] L=64 states=1 -> 1
[DP-bwdX] L=64 states=1 -> 1
[DP-bwdX] L=64 states=1 -> 1
[RowSwapCTR] expand small 8x8 -> full 16x8  top_rows=4  bot_rows=4  ctr_rows=8  n_full=128
  [Round 46] T_prime=16  T_target=15  HPWL_w=472000000  HPWL_eq=472  maxL=23  WNS(T')=-7  WNS*(T)=-8  picked=1  solve_ms=16.8747
[OC-Shortest/pow2] m=8 h=8 SEG=4 bits=32 words=1 threads=24
[DP-fwdX] L=0 states=1 -> 1
[DP-fwdX] L=16 states=141 -> 164
[DP-bwdX] L=64 states=1 -> 1
[DP-bwdX] L=48 states=141 -> 164
[DP-fwdX] L=0 states=1 -> 1
[DP-bwdX] L=32 states=1 -> 1
[DP-fwdX] L=0 states=1 -> 1
[DP-bwdX] L=16 states=1 -> 2
[DP-fwdX] L=0 states=1 -> 1
[DP-fwdX] L=0 states=1 -> 1
[DP-fwdX] L=0 states=1 -> 1
[DP-bwdX] L=16 states=1 -> 2
[DP-bwdX] L=16 states=1 -> 2
[DP-bwdX] L=16 states=1 -> 2
[DP-fwdX] L=16 states=1 -> 3
[DP-bwdX] L=32 states=1 -> 1
[DP-fwdX] L=16 states=1 -> 3
[DP-fwdX] L=16 states=1 -> 3
[DP-fwdX] L=16 states=1 -> 3
[DP-bwdX] L=32 states=1 -> 1
[DP-bwdX] L=32 states=1 -> 1
[DP-bwdX] L=32 states=1 -> 1
[DP-fwdX] L=32 states=1 -> 1
[DP-bwdX] L=64 states=1 -> 1
[DP-fwdX] L=32 states=1 -> 1
[DP-bwdX] L=48 states=1 -> 3
[DP-fwdX] L=32 states=1 -> 1
[DP-fwdX] L=32 states=1 -> 1
[DP-fwdX] L=32 states=1 -> 1
[DP-bwdX] L=48 states=1 -> 3
[DP-bwdX] L=48 states=1 -> 3
[DP-bwdX] L=48 states=1 -> 3
[DP-fwdX] L=48 states=1 -> 2
[DP-bwdX] L=64 states=1 -> 1
[DP-fwdX] L=48 states=1 -> 2
[DP-fwdX] L=48 states=1 -> 2
[DP-fwdX] L=48 states=1 -> 2
[DP-bwdX] L=64 states=1 -> 1
[DP-bwdX] L=64 states=1 -> 1
[DP-bwdX] L=64 states=1 -> 1
[RowSwapCTR] expand small 8x8 -> full 16x8  top_rows=4  bot_rows=4  ctr_rows=8  n_full=128
  [Round 47] T_prime=16  T_target=15  HPWL_w=472000000  HPWL_eq=472  maxL=23  WNS(T')=-7  WNS*(T)=-8  picked=1  solve_ms=16.6299
[OC-Shortest/pow2] m=8 h=8 SEG=4 bits=32 words=1 threads=24
[DP-fwdX] L=0 states=1 -> 1
[DP-fwdX] L=16 states=141 -> 164
[DP-bwdX] L=64 states=1 -> 1
[DP-bwdX] L=48 states=141 -> 164
[DP-fwdX] L=0 states=1 -> 1
[DP-bwdX] L=32 states=1 -> 1
[DP-fwdX] L=0 states=1 -> 1
[DP-bwdX] L=16 states=1 -> 2
[DP-fwdX] L=0 states=1 -> 1
[DP-fwdX] L=0 states=1 -> 1
[DP-fwdX] L=0 states=1 -> 1
[DP-bwdX] L=16 states=1 -> 2
[DP-bwdX] L=16 states=1 -> 2
[DP-bwdX] L=16 states=1 -> 2
[DP-fwdX] L=16 states=1 -> 3
[DP-bwdX] L=32 states=1 -> 1
[DP-fwdX] L=16 states=1 -> 3
[DP-fwdX] L=16 states=1 -> 3
[DP-fwdX] L=16 states=1 -> 3
[DP-bwdX] L=32 states=1 -> 1
[DP-bwdX] L=32 states=1 -> 1
[DP-bwdX] L=32 states=1 -> 1
[DP-fwdX] L=32 states=1 -> 1
[DP-bwdX] L=64 states=1 -> 1
[DP-fwdX] L=32 states=1 -> 1
[DP-bwdX] L=48 states=1 -> 3
[DP-fwdX] L=32 states=1 -> 1
[DP-fwdX] L=32 states=1 -> 1
[DP-fwdX] L=32 states=1 -> 1
[DP-bwdX] L=48 states=1 -> 3
[DP-bwdX] L=48 states=1 -> 3
[DP-bwdX] L=48 states=1 -> 3
[DP-fwdX] L=48 states=1 -> 2
[DP-bwdX] L=64 states=1 -> 1
[DP-fwdX] L=48 states=1 -> 2
[DP-fwdX] L=48 states=1 -> 2
[DP-fwdX] L=48 states=1 -> 2
[DP-bwdX] L=64 states=1 -> 1
[DP-bwdX] L=64 states=1 -> 1
[DP-bwdX] L=64 states=1 -> 1
[RowSwapCTR] expand small 8x8 -> full 16x8  top_rows=4  bot_rows=4  ctr_rows=8  n_full=128
  [Round 48] T_prime=16  T_target=15  HPWL_w=472000000  HPWL_eq=472  maxL=23  WNS(T')=-7  WNS*(T)=-8  picked=1  solve_ms=16.7444
[OC-Shortest/pow2] m=8 h=8 SEG=4 bits=32 words=1 threads=24
[DP-fwdX] L=0 states=1 -> 1
[DP-fwdX] L=16 states=141 -> 164
[DP-bwdX] L=64 states=1 -> 1
[DP-bwdX] L=48 states=141 -> 164
[DP-fwdX] L=0 states=1 -> 1
[DP-bwdX] L=32 states=1 -> 1
[DP-fwdX] L=0 states=1 -> 1
[DP-bwdX] L=16 states=1 -> 2
[DP-fwdX] L=0 states=1 -> 1
[DP-fwdX] L=0 states=1 -> 1
[DP-fwdX] L=0 states=1 -> 1
[DP-bwdX] L=16 states=1 -> 2
[DP-bwdX] L=16 states=1 -> 2
[DP-bwdX] L=16 states=1 -> 2
[DP-fwdX] L=16 states=1 -> 3
[DP-bwdX] L=32 states=1 -> 1
[DP-fwdX] L=16 states=1 -> 3
[DP-fwdX] L=16 states=1 -> 3
[DP-fwdX] L=16 states=1 -> 3
[DP-bwdX] L=32 states=1 -> 1
[DP-bwdX] L=32 states=1 -> 1
[DP-bwdX] L=32 states=1 -> 1
[DP-fwdX] L=32 states=1 -> 1
[DP-bwdX] L=64 states=1 -> 1
[DP-fwdX] L=32 states=1 -> 1
[DP-bwdX] L=48 states=1 -> 3
[DP-fwdX] L=32 states=1 -> 1
[DP-fwdX] L=32 states=1 -> 1
[DP-fwdX] L=32 states=1 -> 1
[DP-bwdX] L=48 states=1 -> 3
[DP-bwdX] L=48 states=1 -> 3
[DP-bwdX] L=48 states=1 -> 3
[DP-fwdX] L=48 states=1 -> 2
[DP-bwdX] L=64 states=1 -> 1
[DP-fwdX] L=48 states=1 -> 2
[DP-fwdX] L=48 states=1 -> 2
[DP-fwdX] L=48 states=1 -> 2
[DP-bwdX] L=64 states=1 -> 1
[DP-bwdX] L=64 states=1 -> 1
[DP-bwdX] L=64 states=1 -> 1
[RowSwapCTR] expand small 8x8 -> full 16x8  top_rows=4  bot_rows=4  ctr_rows=8  n_full=128
  [Round 49] T_prime=16  T_target=15  HPWL_w=472000000  HPWL_eq=472  maxL=23  WNS(T')=-7  WNS*(T)=-8  picked=1  solve_ms=16.7692
[OC-Shortest/pow2] m=8 h=8 SEG=4 bits=32 words=1 threads=24
[DP-fwdX] L=0 states=1 -> 1
[DP-fwdX] L=16 states=141 -> 164
[DP-bwdX] L=64 states=1 -> 1
[DP-bwdX] L=48 states=141 -> 164
[DP-fwdX] L=0 states=1 -> 1
[DP-bwdX] L=32 states=1 -> 1
[DP-fwdX] L=0 states=1 -> 1
[DP-bwdX] L=16 states=1 -> 2
[DP-fwdX] L=0 states=1 -> 1
[DP-fwdX] L=0 states=1 -> 1
[DP-fwdX] L=0 states=1 -> 1
[DP-bwdX] L=16 states=1 -> 2
[DP-bwdX] L=16 states=1 -> 2
[DP-bwdX] L=16 states=1 -> 2
[DP-fwdX] L=16 states=1 -> 3
[DP-bwdX] L=32 states=1 -> 1
[DP-fwdX] L=16 states=1 -> 3
[DP-fwdX] L=16 states=1 -> 3
[DP-fwdX] L=16 states=1 -> 3
[DP-bwdX] L=32 states=1 -> 1
[DP-bwdX] L=32 states=1 -> 1
[DP-bwdX] L=32 states=1 -> 1
[DP-fwdX] L=32 states=1 -> 1
[DP-bwdX] L=64 states=1 -> 1
[DP-fwdX] L=32 states=1 -> 1
[DP-bwdX] L=48 states=1 -> 3
[DP-fwdX] L=32 states=1 -> 1
[DP-fwdX] L=32 states=1 -> 1
[DP-fwdX] L=32 states=1 -> 1
[DP-bwdX] L=48 states=1 -> 3
[DP-bwdX] L=48 states=1 -> 3
[DP-bwdX] L=48 states=1 -> 3
[DP-fwdX] L=48 states=1 -> 2
[DP-bwdX] L=64 states=1 -> 1
[DP-fwdX] L=48 states=1 -> 2
[DP-fwdX] L=48 states=1 -> 2
[DP-fwdX] L=48 states=1 -> 2
[DP-bwdX] L=64 states=1 -> 1
[DP-bwdX] L=64 states=1 -> 1
[DP-bwdX] L=64 states=1 -> 1
[RowSwapCTR] expand small 8x8 -> full 16x8  top_rows=4  bot_rows=4  ctr_rows=8  n_full=128
  [Round 50] T_prime=16  T_target=15  HPWL_w=472000000  HPWL_eq=472  maxL=23  WNS(T')=-7  WNS*(T)=-8  picked=1  solve_ms=16.7452
[OC-Shortest/pow2] m=8 h=8 SEG=4 bits=32 words=1 threads=24
[DP-fwdX] L=0 states=1 -> 1
[DP-fwdX] L=16 states=141 -> 164
[DP-bwdX] L=64 states=1 -> 1
[DP-bwdX] L=48 states=141 -> 164
[DP-fwdX] L=0 states=1 -> 1
[DP-bwdX] L=32 states=1 -> 1
[DP-fwdX] L=0 states=1 -> 1
[DP-bwdX] L=16 states=1 -> 2
[DP-fwdX] L=0 states=1 -> 1
[DP-fwdX] L=0 states=1 -> 1
[DP-fwdX] L=0 states=1 -> 1
[DP-bwdX] L=16 states=1 -> 2
[DP-bwdX] L=16 states=1 -> 2
[DP-bwdX] L=16 states=1 -> 2
[DP-fwdX] L=16 states=1 -> 3
[DP-bwdX] L=32 states=1 -> 1
[DP-fwdX] L=16 states=1 -> 3
[DP-fwdX] L=16 states=1 -> 3
[DP-fwdX] L=16 states=1 -> 3
[DP-bwdX] L=32 states=1 -> 1
[DP-bwdX] L=32 states=1 -> 1
[DP-bwdX] L=32 states=1 -> 1
[DP-fwdX] L=32 states=1 -> 1
[DP-bwdX] L=64 states=1 -> 1
[DP-fwdX] L=32 states=1 -> 1
[DP-bwdX] L=48 states=1 -> 3
[DP-fwdX] L=32 states=1 -> 1
[DP-fwdX] L=32 states=1 -> 1
[DP-fwdX] L=32 states=1 -> 1
[DP-bwdX] L=48 states=1 -> 3
[DP-bwdX] L=48 states=1 -> 3
[DP-bwdX] L=48 states=1 -> 3
[DP-fwdX] L=48 states=1 -> 2
[DP-bwdX] L=64 states=1 -> 1
[DP-fwdX] L=48 states=1 -> 2
[DP-fwdX] L=48 states=1 -> 2
[DP-fwdX] L=48 states=1 -> 2
[DP-bwdX] L=64 states=1 -> 1
[DP-bwdX] L=64 states=1 -> 1
[DP-bwdX] L=64 states=1 -> 1
[RowSwapCTR] expand small 8x8 -> full 16x8  top_rows=4  bot_rows=4  ctr_rows=8  n_full=128
  [Round 51] T_prime=16  T_target=15  HPWL_w=472000000  HPWL_eq=472  maxL=23  WNS(T')=-7  WNS*(T)=-8  picked=1  solve_ms=68.1194
[OC-Shortest/pow2] m=8 h=8 SEG=4 bits=32 words=1 threads=24
[DP-fwdX] L=0 states=1 -> 1
[DP-fwdX] L=16 states=141 -> 164
[DP-bwdX] L=64 states=1 -> 1
[DP-bwdX] L=48 states=141 -> 164
[DP-fwdX] L=0 states=1 -> 1
[DP-bwdX] L=32 states=1 -> 1
[DP-fwdX] L=0 states=1 -> 1
[DP-bwdX] L=16 states=1 -> 2
[DP-fwdX] L=0 states=1 -> 1
[DP-fwdX] L=0 states=1 -> 1
[DP-fwdX] L=0 states=1 -> 1
[DP-bwdX] L=16 states=1 -> 2
[DP-bwdX] L=16 states=1 -> 2
[DP-bwdX] L=16 states=1 -> 2
[DP-fwdX] L=16 states=1 -> 3
[DP-bwdX] L=32 states=1 -> 1
[DP-fwdX] L=16 states=1 -> 3
[DP-fwdX] L=16 states=1 -> 3
[DP-fwdX] L=16 states=1 -> 3
[DP-bwdX] L=32 states=1 -> 1
[DP-bwdX] L=32 states=1 -> 1
[DP-bwdX] L=32 states=1 -> 1
[DP-fwdX] L=32 states=1 -> 1
[DP-bwdX] L=64 states=1 -> 1
[DP-fwdX] L=32 states=1 -> 1
[DP-bwdX] L=48 states=1 -> 3
[DP-fwdX] L=32 states=1 -> 1
[DP-fwdX] L=32 states=1 -> 1
[DP-fwdX] L=32 states=1 -> 1
[DP-bwdX] L=48 states=1 -> 3
[DP-bwdX] L=48 states=1 -> 3
[DP-bwdX] L=48 states=1 -> 3
[DP-fwdX] L=48 states=1 -> 2
[DP-bwdX] L=64 states=1 -> 1
[DP-fwdX] L=48 states=1 -> 2
[DP-fwdX] L=48 states=1 -> 2
[DP-fwdX] L=48 states=1 -> 2
[DP-bwdX] L=64 states=1 -> 1
[DP-bwdX] L=64 states=1 -> 1
[DP-bwdX] L=64 states=1 -> 1
[RowSwapCTR] expand small 8x8 -> full 16x8  top_rows=4  bot_rows=4  ctr_rows=8  n_full=128
  [Round 52] T_prime=16  T_target=15  HPWL_w=472000000  HPWL_eq=472  maxL=23  WNS(T')=-7  WNS*(T)=-8  picked=1  solve_ms=18.521
[OC-Shortest/pow2] m=8 h=8 SEG=4 bits=32 words=1 threads=24
[DP-fwdX] L=0 states=1 -> 1
[DP-fwdX] L=16 states=141 -> 164
[DP-bwdX] L=64 states=1 -> 1
[DP-bwdX] L=48 states=141 -> 164
[DP-fwdX] L=0 states=1 -> 1
[DP-bwdX] L=32 states=1 -> 1
[DP-fwdX] L=0 states=1 -> 1
[DP-bwdX] L=16 states=1 -> 2
[DP-fwdX] L=0 states=1 -> 1
[DP-fwdX] L=0 states=1 -> 1
[DP-fwdX] L=0 states=1 -> 1
[DP-bwdX] L=16 states=1 -> 2
[DP-bwdX] L=16 states=1 -> 2
[DP-bwdX] L=16 states=1 -> 2
[DP-fwdX] L=16 states=1 -> 3
[DP-bwdX] L=32 states=1 -> 1
[DP-fwdX] L=16 states=1 -> 3
[DP-fwdX] L=16 states=1 -> 3
[DP-fwdX] L=16 states=1 -> 3
[DP-bwdX] L=32 states=1 -> 1
[DP-bwdX] L=32 states=1 -> 1
[DP-bwdX] L=32 states=1 -> 1
[DP-fwdX] L=32 states=1 -> 1
[DP-bwdX] L=64 states=1 -> 1
[DP-fwdX] L=32 states=1 -> 1
[DP-bwdX] L=48 states=1 -> 3
[DP-fwdX] L=32 states=1 -> 1
[DP-fwdX] L=32 states=1 -> 1
[DP-fwdX] L=32 states=1 -> 1
[DP-bwdX] L=48 states=1 -> 3
[DP-bwdX] L=48 states=1 -> 3
[DP-bwdX] L=48 states=1 -> 3
[DP-fwdX] L=48 states=1 -> 2
[DP-bwdX] L=64 states=1 -> 1
[DP-fwdX] L=48 states=1 -> 2
[DP-fwdX] L=48 states=1 -> 2
[DP-fwdX] L=48 states=1 -> 2
[DP-bwdX] L=64 states=1 -> 1
[DP-bwdX] L=64 states=1 -> 1
[DP-bwdX] L=64 states=1 -> 1
[RowSwapCTR] expand small 8x8 -> full 16x8  top_rows=4  bot_rows=4  ctr_rows=8  n_full=128
  [Round 53] T_prime=16  T_target=15  HPWL_w=472000000  HPWL_eq=472  maxL=23  WNS(T')=-7  WNS*(T)=-8  picked=1  solve_ms=18.5466
[OC-Shortest/pow2] m=8 h=8 SEG=4 bits=32 words=1 threads=24
[DP-fwdX] L=0 states=1 -> 1
[DP-fwdX] L=16 states=141 -> 164
[DP-bwdX] L=64 states=1 -> 1
[DP-bwdX] L=48 states=141 -> 164
[DP-fwdX] L=0 states=1 -> 1
[DP-bwdX] L=32 states=1 -> 1
[DP-fwdX] L=0 states=1 -> 1
[DP-bwdX] L=16 states=1 -> 2
[DP-fwdX] L=0 states=1 -> 1
[DP-fwdX] L=0 states=1 -> 1
[DP-fwdX] L=0 states=1 -> 1
[DP-bwdX] L=16 states=1 -> 2
[DP-bwdX] L=16 states=1 -> 2
[DP-bwdX] L=16 states=1 -> 2
[DP-fwdX] L=16 states=1 -> 3
[DP-bwdX] L=32 states=1 -> 1
[DP-fwdX] L=16 states=1 -> 3
[DP-fwdX] L=16 states=1 -> 3
[DP-fwdX] L=16 states=1 -> 3
[DP-bwdX] L=32 states=1 -> 1
[DP-bwdX] L=32 states=1 -> 1
[DP-bwdX] L=32 states=1 -> 1
[DP-fwdX] L=32 states=1 -> 1
[DP-bwdX] L=64 states=1 -> 1
[DP-fwdX] L=32 states=1 -> 1
[DP-bwdX] L=48 states=1 -> 3
[DP-fwdX] L=32 states=1 -> 1
[DP-fwdX] L=32 states=1 -> 1
[DP-fwdX] L=32 states=1 -> 1
[DP-bwdX] L=48 states=1 -> 3
[DP-bwdX] L=48 states=1 -> 3
[DP-bwdX] L=48 states=1 -> 3
[DP-fwdX] L=48 states=1 -> 2
[DP-bwdX] L=64 states=1 -> 1
[DP-fwdX] L=48 states=1 -> 2
[DP-fwdX] L=48 states=1 -> 2
[DP-fwdX] L=48 states=1 -> 2
[DP-bwdX] L=64 states=1 -> 1
[DP-bwdX] L=64 states=1 -> 1
[DP-bwdX] L=64 states=1 -> 1
[RowSwapCTR] expand small 8x8 -> full 16x8  top_rows=4  bot_rows=4  ctr_rows=8  n_full=128
  [Round 54] T_prime=16  T_target=15  HPWL_w=472000000  HPWL_eq=472  maxL=23  WNS(T')=-7  WNS*(T)=-8  picked=1  solve_ms=18.684
[OC-Shortest/pow2] m=8 h=8 SEG=4 bits=32 words=1 threads=24
[DP-fwdX] L=0 states=1 -> 1
[DP-fwdX] L=16 states=141 -> 164
[DP-bwdX] L=64 states=1 -> 1
[DP-bwdX] L=48 states=141 -> 164
[DP-fwdX] L=0 states=1 -> 1
[DP-bwdX] L=32 states=1 -> 1
[DP-fwdX] L=0 states=1 -> 1
[DP-bwdX] L=16 states=1 -> 2
[DP-fwdX] L=0 states=1 -> 1
[DP-fwdX] L=0 states=1 -> 1
[DP-fwdX] L=0 states=1 -> 1
[DP-bwdX] L=16 states=1 -> 2
[DP-bwdX] L=16 states=1 -> 2
[DP-bwdX] L=16 states=1 -> 2
[DP-fwdX] L=16 states=1 -> 3
[DP-bwdX] L=32 states=1 -> 1
[DP-fwdX] L=16 states=1 -> 3
[DP-fwdX] L=16 states=1 -> 3
[DP-fwdX] L=16 states=1 -> 3
[DP-bwdX] L=32 states=1 -> 1
[DP-bwdX] L=32 states=1 -> 1
[DP-bwdX] L=32 states=1 -> 1
[DP-fwdX] L=32 states=1 -> 1
[DP-bwdX] L=64 states=1 -> 1
[DP-fwdX] L=32 states=1 -> 1
[DP-bwdX] L=48 states=1 -> 3
[DP-fwdX] L=32 states=1 -> 1
[DP-fwdX] L=32 states=1 -> 1
[DP-fwdX] L=32 states=1 -> 1
[DP-bwdX] L=48 states=1 -> 3
[DP-bwdX] L=48 states=1 -> 3
[DP-bwdX] L=48 states=1 -> 3
[DP-fwdX] L=48 states=1 -> 2
[DP-bwdX] L=64 states=1 -> 1
[DP-fwdX] L=48 states=1 -> 2
[DP-fwdX] L=48 states=1 -> 2
[DP-fwdX] L=48 states=1 -> 2
[DP-bwdX] L=64 states=1 -> 1
[DP-bwdX] L=64 states=1 -> 1
[DP-bwdX] L=64 states=1 -> 1
[RowSwapCTR] expand small 8x8 -> full 16x8  top_rows=4  bot_rows=4  ctr_rows=8  n_full=128
  [Round 55] T_prime=16  T_target=15  HPWL_w=472000000  HPWL_eq=472  maxL=23  WNS(T')=-7  WNS*(T)=-8  picked=1  solve_ms=20.2775
[OC-Shortest/pow2] m=8 h=8 SEG=4 bits=32 words=1 threads=24
[DP-fwdX] L=0 states=1 -> 1
[DP-fwdX] L=16 states=141 -> 164
[DP-bwdX] L=64 states=1 -> 1
[DP-bwdX] L=48 states=141 -> 164
[DP-fwdX] L=0 states=1 -> 1
[DP-bwdX] L=32 states=1 -> 1
[DP-fwdX] L=0 states=1 -> 1
[DP-bwdX] L=16 states=1 -> 2
[DP-fwdX] L=0 states=1 -> 1
[DP-fwdX] L=0 states=1 -> 1
[DP-fwdX] L=0 states=1 -> 1
[DP-bwdX] L=16 states=1 -> 2
[DP-bwdX] L=16 states=1 -> 2
[DP-bwdX] L=16 states=1 -> 2
[DP-fwdX] L=16 states=1 -> 3
[DP-bwdX] L=32 states=1 -> 1
[DP-fwdX] L=16 states=1 -> 3
[DP-fwdX] L=16 states=1 -> 3
[DP-fwdX] L=16 states=1 -> 3
[DP-bwdX] L=32 states=1 -> 1
[DP-bwdX] L=32 states=1 -> 1
[DP-bwdX] L=32 states=1 -> 1
[DP-fwdX] L=32 states=1 -> 1
[DP-bwdX] L=64 states=1 -> 1
[DP-fwdX] L=32 states=1 -> 1
[DP-bwdX] L=48 states=1 -> 3
[DP-fwdX] L=32 states=1 -> 1
[DP-fwdX] L=32 states=1 -> 1
[DP-fwdX] L=32 states=1 -> 1
[DP-bwdX] L=48 states=1 -> 3
[DP-bwdX] L=48 states=1 -> 3
[DP-bwdX] L=48 states=1 -> 3
[DP-fwdX] L=48 states=1 -> 2
[DP-bwdX] L=64 states=1 -> 1
[DP-fwdX] L=48 states=1 -> 2
[DP-fwdX] L=48 states=1 -> 2
[DP-fwdX] L=48 states=1 -> 2
[DP-bwdX] L=64 states=1 -> 1
[DP-bwdX] L=64 states=1 -> 1
[DP-bwdX] L=64 states=1 -> 1
[RowSwapCTR] expand small 8x8 -> full 16x8  top_rows=4  bot_rows=4  ctr_rows=8  n_full=128
  [Round 56] T_prime=16  T_target=15  HPWL_w=472000000  HPWL_eq=472  maxL=23  WNS(T')=-7  WNS*(T)=-8  picked=1  solve_ms=19.3905
[OC-Shortest/pow2] m=8 h=8 SEG=4 bits=32 words=1 threads=24
[DP-fwdX] L=0 states=1 -> 1
[DP-fwdX] L=16 states=141 -> 164
[DP-bwdX] L=64 states=1 -> 1
[DP-bwdX] L=48 states=141 -> 164
[DP-fwdX] L=0 states=1 -> 1
[DP-bwdX] L=32 states=1 -> 1
[DP-fwdX] L=0 states=1 -> 1
[DP-bwdX] L=16 states=1 -> 2
[DP-fwdX] L=0 states=1 -> 1
[DP-fwdX] L=0 states=1 -> 1
[DP-fwdX] L=0 states=1 -> 1
[DP-bwdX] L=16 states=1 -> 2
[DP-bwdX] L=16 states=1 -> 2
[DP-bwdX] L=16 states=1 -> 2
[DP-fwdX] L=16 states=1 -> 3
[DP-bwdX] L=32 states=1 -> 1
[DP-fwdX] L=16 states=1 -> 3
[DP-fwdX] L=16 states=1 -> 3
[DP-fwdX] L=16 states=1 -> 3
[DP-bwdX] L=32 states=1 -> 1
[DP-bwdX] L=32 states=1 -> 1
[DP-bwdX] L=32 states=1 -> 1
[DP-fwdX] L=32 states=1 -> 1
[DP-bwdX] L=64 states=1 -> 1
[DP-fwdX] L=32 states=1 -> 1
[DP-bwdX] L=48 states=1 -> 3
[DP-fwdX] L=32 states=1 -> 1
[DP-fwdX] L=32 states=1 -> 1
[DP-fwdX] L=32 states=1 -> 1
[DP-bwdX] L=48 states=1 -> 3
[DP-bwdX] L=48 states=1 -> 3
[DP-bwdX] L=48 states=1 -> 3
[DP-fwdX] L=48 states=1 -> 2
[DP-bwdX] L=64 states=1 -> 1
[DP-fwdX] L=48 states=1 -> 2
[DP-fwdX] L=48 states=1 -> 2
[DP-fwdX] L=48 states=1 -> 2
[DP-bwdX] L=64 states=1 -> 1
[DP-bwdX] L=64 states=1 -> 1
[DP-bwdX] L=64 states=1 -> 1
[RowSwapCTR] expand small 8x8 -> full 16x8  top_rows=4  bot_rows=4  ctr_rows=8  n_full=128
  [Round 57] T_prime=16  T_target=15  HPWL_w=472000000  HPWL_eq=472  maxL=23  WNS(T')=-7  WNS*(T)=-8  picked=1  solve_ms=19.3086
[OC-Shortest/pow2] m=8 h=8 SEG=4 bits=32 words=1 threads=24
[DP-fwdX] L=0 states=1 -> 1
[DP-fwdX] L=16 states=141 -> 164
[DP-bwdX] L=64 states=1 -> 1
[DP-bwdX] L=48 states=141 -> 164
[DP-fwdX] L=0 states=1 -> 1
[DP-bwdX] L=32 states=1 -> 1
[DP-fwdX] L=0 states=1 -> 1
[DP-bwdX] L=16 states=1 -> 2
[DP-fwdX] L=0 states=1 -> 1
[DP-fwdX] L=0 states=1 -> 1
[DP-fwdX] L=0 states=1 -> 1
[DP-bwdX] L=16 states=1 -> 2
[DP-bwdX] L=16 states=1 -> 2
[DP-bwdX] L=16 states=1 -> 2
[DP-fwdX] L=16 states=1 -> 3
[DP-bwdX] L=32 states=1 -> 1
[DP-fwdX] L=16 states=1 -> 3
[DP-fwdX] L=16 states=1 -> 3
[DP-fwdX] L=16 states=1 -> 3
[DP-bwdX] L=32 states=1 -> 1
[DP-bwdX] L=32 states=1 -> 1
[DP-bwdX] L=32 states=1 -> 1
[DP-fwdX] L=32 states=1 -> 1
[DP-bwdX] L=64 states=1 -> 1
[DP-fwdX] L=32 states=1 -> 1
[DP-bwdX] L=48 states=1 -> 3
[DP-fwdX] L=32 states=1 -> 1
[DP-fwdX] L=32 states=1 -> 1
[DP-fwdX] L=32 states=1 -> 1
[DP-bwdX] L=48 states=1 -> 3
[DP-bwdX] L=48 states=1 -> 3
[DP-bwdX] L=48 states=1 -> 3
[DP-fwdX] L=48 states=1 -> 2
[DP-bwdX] L=64 states=1 -> 1
[DP-fwdX] L=48 states=1 -> 2
[DP-fwdX] L=48 states=1 -> 2
[DP-fwdX] L=48 states=1 -> 2
[DP-bwdX] L=64 states=1 -> 1
[DP-bwdX] L=64 states=1 -> 1
[DP-bwdX] L=64 states=1 -> 1
[RowSwapCTR] expand small 8x8 -> full 16x8  top_rows=4  bot_rows=4  ctr_rows=8  n_full=128
  [Round 58] T_prime=16  T_target=15  HPWL_w=472000000  HPWL_eq=472  maxL=23  WNS(T')=-7  WNS*(T)=-8  picked=1  solve_ms=19.3116
[OC-Shortest/pow2] m=8 h=8 SEG=4 bits=32 words=1 threads=24
[DP-fwdX] L=0 states=1 -> 1
[DP-fwdX] L=16 states=141 -> 164
[DP-bwdX] L=64 states=1 -> 1
[DP-bwdX] L=48 states=141 -> 164
[DP-fwdX] L=0 states=1 -> 1
[DP-bwdX] L=32 states=1 -> 1
[DP-fwdX] L=0 states=1 -> 1
[DP-bwdX] L=16 states=1 -> 2
[DP-fwdX] L=0 states=1 -> 1
[DP-fwdX] L=0 states=1 -> 1
[DP-fwdX] L=0 states=1 -> 1
[DP-bwdX] L=16 states=1 -> 2
[DP-bwdX] L=16 states=1 -> 2
[DP-bwdX] L=16 states=1 -> 2
[DP-fwdX] L=16 states=1 -> 3
[DP-bwdX] L=32 states=1 -> 1
[DP-fwdX] L=16 states=1 -> 3
[DP-fwdX] L=16 states=1 -> 3
[DP-fwdX] L=16 states=1 -> 3
[DP-bwdX] L=32 states=1 -> 1
[DP-bwdX] L=32 states=1 -> 1
[DP-bwdX] L=32 states=1 -> 1
[DP-fwdX] L=32 states=1 -> 1
[DP-bwdX] L=64 states=1 -> 1
[DP-fwdX] L=32 states=1 -> 1
[DP-bwdX] L=48 states=1 -> 3
[DP-fwdX] L=32 states=1 -> 1
[DP-fwdX] L=32 states=1 -> 1
[DP-fwdX] L=32 states=1 -> 1
[DP-bwdX] L=48 states=1 -> 3
[DP-bwdX] L=48 states=1 -> 3
[DP-bwdX] L=48 states=1 -> 3
[DP-fwdX] L=48 states=1 -> 2
[DP-bwdX] L=64 states=1 -> 1
[DP-fwdX] L=48 states=1 -> 2
[DP-fwdX] L=48 states=1 -> 2
[DP-fwdX] L=48 states=1 -> 2
[DP-bwdX] L=64 states=1 -> 1
[DP-bwdX] L=64 states=1 -> 1
[DP-bwdX] L=64 states=1 -> 1
[RowSwapCTR] expand small 8x8 -> full 16x8  top_rows=4  bot_rows=4  ctr_rows=8  n_full=128
  [Round 59] T_prime=16  T_target=15  HPWL_w=472000000  HPWL_eq=472  maxL=23  WNS(T')=-7  WNS*(T)=-8  picked=1  solve_ms=19.3287
[OC-Shortest/pow2] m=8 h=8 SEG=4 bits=32 words=1 threads=24
[DP-fwdX] L=0 states=1 -> 1
[DP-fwdX] L=16 states=141 -> 164
[DP-bwdX] L=64 states=1 -> 1
[DP-bwdX] L=48 states=141 -> 164
[DP-fwdX] L=0 states=1 -> 1
[DP-bwdX] L=32 states=1 -> 1
[DP-fwdX] L=0 states=1 -> 1
[DP-bwdX] L=16 states=1 -> 2
[DP-fwdX] L=0 states=1 -> 1
[DP-fwdX] L=0 states=1 -> 1
[DP-fwdX] L=0 states=1 -> 1
[DP-bwdX] L=16 states=1 -> 2
[DP-bwdX] L=16 states=1 -> 2
[DP-bwdX] L=16 states=1 -> 2
[DP-fwdX] L=16 states=1 -> 3
[DP-bwdX] L=32 states=1 -> 1
[DP-fwdX] L=16 states=1 -> 3
[DP-fwdX] L=16 states=1 -> 3
[DP-fwdX] L=16 states=1 -> 3
[DP-bwdX] L=32 states=1 -> 1
[DP-bwdX] L=32 states=1 -> 1
[DP-bwdX] L=32 states=1 -> 1
[DP-fwdX] L=32 states=1 -> 1
[DP-bwdX] L=64 states=1 -> 1
[DP-fwdX] L=32 states=1 -> 1
[DP-bwdX] L=48 states=1 -> 3
[DP-fwdX] L=32 states=1 -> 1
[DP-fwdX] L=32 states=1 -> 1
[DP-fwdX] L=32 states=1 -> 1
[DP-bwdX] L=48 states=1 -> 3
[DP-bwdX] L=48 states=1 -> 3
[DP-bwdX] L=48 states=1 -> 3
[DP-fwdX] L=48 states=1 -> 2
[DP-bwdX] L=64 states=1 -> 1
[DP-fwdX] L=48 states=1 -> 2
[DP-fwdX] L=48 states=1 -> 2
[DP-fwdX] L=48 states=1 -> 2
[DP-bwdX] L=64 states=1 -> 1
[DP-bwdX] L=64 states=1 -> 1
[DP-bwdX] L=64 states=1 -> 1
[RowSwapCTR] expand small 8x8 -> full 16x8  top_rows=4  bot_rows=4  ctr_rows=8  n_full=128
  [Round 60] T_prime=16  T_target=15  HPWL_w=472000000  HPWL_eq=472  maxL=23  WNS(T')=-7  WNS*(T)=-8  picked=1  solve_ms=19.2764
[OC-Shortest/pow2] m=8 h=8 SEG=4 bits=32 words=1 threads=24
[DP-fwdX] L=0 states=1 -> 1
[DP-fwdX] L=16 states=141 -> 164
[DP-bwdX] L=64 states=1 -> 1
[DP-bwdX] L=48 states=141 -> 164
[DP-fwdX] L=0 states=1 -> 1
[DP-bwdX] L=32 states=1 -> 1
[DP-fwdX] L=0 states=1 -> 1
[DP-bwdX] L=16 states=1 -> 2
[DP-fwdX] L=0 states=1 -> 1
[DP-fwdX] L=0 states=1 -> 1
[DP-fwdX] L=0 states=1 -> 1
[DP-bwdX] L=16 states=1 -> 2
[DP-bwdX] L=16 states=1 -> 2
[DP-bwdX] L=16 states=1 -> 2
[DP-fwdX] L=16 states=1 -> 3
[DP-bwdX] L=32 states=1 -> 1
[DP-fwdX] L=16 states=1 -> 3
[DP-fwdX] L=16 states=1 -> 3
[DP-fwdX] L=16 states=1 -> 3
[DP-bwdX] L=32 states=1 -> 1
[DP-bwdX] L=32 states=1 -> 1
[DP-bwdX] L=32 states=1 -> 1
[DP-fwdX] L=32 states=1 -> 1
[DP-bwdX] L=64 states=1 -> 1
[DP-fwdX] L=32 states=1 -> 1
[DP-bwdX] L=48 states=1 -> 3
[DP-fwdX] L=32 states=1 -> 1
[DP-fwdX] L=32 states=1 -> 1
[DP-fwdX] L=32 states=1 -> 1
[DP-bwdX] L=48 states=1 -> 3
[DP-bwdX] L=48 states=1 -> 3
[DP-bwdX] L=48 states=1 -> 3
[DP-fwdX] L=48 states=1 -> 2
[DP-bwdX] L=64 states=1 -> 1
[DP-fwdX] L=48 states=1 -> 2
[DP-fwdX] L=48 states=1 -> 2
[DP-fwdX] L=48 states=1 -> 2
[DP-bwdX] L=64 states=1 -> 1
[DP-bwdX] L=64 states=1 -> 1
[DP-bwdX] L=64 states=1 -> 1
[RowSwapCTR] expand small 8x8 -> full 16x8  top_rows=4  bot_rows=4  ctr_rows=8  n_full=128
  [Round 61] T_prime=16  T_target=15  HPWL_w=472000000  HPWL_eq=472  maxL=23  WNS(T')=-7  WNS*(T)=-8  picked=1  solve_ms=18.275
[OC-Shortest/pow2] m=8 h=8 SEG=4 bits=32 words=1 threads=24
[DP-fwdX] L=0 states=1 -> 1
[DP-fwdX] L=16 states=141 -> 164
[DP-bwdX] L=64 states=1 -> 1
[DP-bwdX] L=48 states=141 -> 164
[DP-fwdX] L=0 states=1 -> 1
[DP-bwdX] L=32 states=1 -> 1
[DP-fwdX] L=0 states=1 -> 1
[DP-bwdX] L=16 states=1 -> 2
[DP-fwdX] L=0 states=1 -> 1
[DP-fwdX] L=0 states=1 -> 1
[DP-fwdX] L=0 states=1 -> 1
[DP-bwdX] L=16 states=1 -> 2
[DP-bwdX] L=16 states=1 -> 2
[DP-bwdX] L=16 states=1 -> 2
[DP-fwdX] L=16 states=1 -> 3
[DP-bwdX] L=32 states=1 -> 1
[DP-fwdX] L=16 states=1 -> 3
[DP-fwdX] L=16 states=1 -> 3
[DP-fwdX] L=16 states=1 -> 3
[DP-bwdX] L=32 states=1 -> 1
[DP-bwdX] L=32 states=1 -> 1
[DP-bwdX] L=32 states=1 -> 1
[DP-fwdX] L=32 states=1 -> 1
[DP-bwdX] L=64 states=1 -> 1
[DP-fwdX] L=32 states=1 -> 1
[DP-bwdX] L=48 states=1 -> 3
[DP-fwdX] L=32 states=1 -> 1
[DP-fwdX] L=32 states=1 -> 1
[DP-fwdX] L=32 states=1 -> 1
[DP-bwdX] L=48 states=1 -> 3
[DP-bwdX] L=48 states=1 -> 3
[DP-bwdX] L=48 states=1 -> 3
[DP-fwdX] L=48 states=1 -> 2
[DP-bwdX] L=64 states=1 -> 1
[DP-fwdX] L=48 states=1 -> 2
[DP-fwdX] L=48 states=1 -> 2
[DP-fwdX] L=48 states=1 -> 2
[DP-bwdX] L=64 states=1 -> 1
[DP-bwdX] L=64 states=1 -> 1
[DP-bwdX] L=64 states=1 -> 1
[RowSwapCTR] expand small 8x8 -> full 16x8  top_rows=4  bot_rows=4  ctr_rows=8  n_full=128
  [Round 62] T_prime=16  T_target=15  HPWL_w=472000000  HPWL_eq=472  maxL=23  WNS(T')=-7  WNS*(T)=-8  picked=1  solve_ms=18.5635
[OC-Shortest/pow2] m=8 h=8 SEG=4 bits=32 words=1 threads=24
[DP-fwdX] L=0 states=1 -> 1
[DP-fwdX] L=16 states=141 -> 164
[DP-bwdX] L=64 states=1 -> 1
[DP-bwdX] L=48 states=141 -> 164
[DP-fwdX] L=0 states=1 -> 1
[DP-bwdX] L=32 states=1 -> 1
[DP-fwdX] L=0 states=1 -> 1
[DP-bwdX] L=16 states=1 -> 2
[DP-fwdX] L=0 states=1 -> 1
[DP-fwdX] L=0 states=1 -> 1
[DP-fwdX] L=0 states=1 -> 1
[DP-bwdX] L=16 states=1 -> 2
[DP-bwdX] L=16 states=1 -> 2
[DP-bwdX] L=16 states=1 -> 2
[DP-fwdX] L=16 states=1 -> 3
[DP-bwdX] L=32 states=1 -> 1
[DP-fwdX] L=16 states=1 -> 3
[DP-fwdX] L=16 states=1 -> 3
[DP-fwdX] L=16 states=1 -> 3
[DP-bwdX] L=32 states=1 -> 1
[DP-bwdX] L=32 states=1 -> 1
[DP-bwdX] L=32 states=1 -> 1
[DP-fwdX] L=32 states=1 -> 1
[DP-bwdX] L=64 states=1 -> 1
[DP-fwdX] L=32 states=1 -> 1
[DP-bwdX] L=48 states=1 -> 3
[DP-fwdX] L=32 states=1 -> 1
[DP-fwdX] L=32 states=1 -> 1
[DP-fwdX] L=32 states=1 -> 1
[DP-bwdX] L=48 states=1 -> 3
[DP-bwdX] L=48 states=1 -> 3
[DP-bwdX] L=48 states=1 -> 3
[DP-fwdX] L=48 states=1 -> 2
[DP-bwdX] L=64 states=1 -> 1
[DP-fwdX] L=48 states=1 -> 2
[DP-fwdX] L=48 states=1 -> 2
[DP-fwdX] L=48 states=1 -> 2
[DP-bwdX] L=64 states=1 -> 1
[DP-bwdX] L=64 states=1 -> 1
[DP-bwdX] L=64 states=1 -> 1
[RowSwapCTR] expand small 8x8 -> full 16x8  top_rows=4  bot_rows=4  ctr_rows=8  n_full=128
  [Round 63] T_prime=16  T_target=15  HPWL_w=472000000  HPWL_eq=472  maxL=23  WNS(T')=-7  WNS*(T)=-8  picked=1  solve_ms=18.195
[OC-Shortest/pow2] m=8 h=8 SEG=4 bits=32 words=1 threads=24
[DP-fwdX] L=0 states=1 -> 1
[DP-fwdX] L=16 states=141 -> 164
[DP-bwdX] L=64 states=1 -> 1
[DP-bwdX] L=48 states=141 -> 164
[DP-fwdX] L=0 states=1 -> 1
[DP-bwdX] L=32 states=1 -> 1
[DP-fwdX] L=0 states=1 -> 1
[DP-bwdX] L=16 states=1 -> 2
[DP-fwdX] L=0 states=1 -> 1
[DP-fwdX] L=0 states=1 -> 1
[DP-fwdX] L=0 states=1 -> 1
[DP-bwdX] L=16 states=1 -> 2
[DP-bwdX] L=16 states=1 -> 2
[DP-bwdX] L=16 states=1 -> 2
[DP-fwdX] L=16 states=1 -> 3
[DP-bwdX] L=32 states=1 -> 1
[DP-fwdX] L=16 states=1 -> 3
[DP-fwdX] L=16 states=1 -> 3
[DP-fwdX] L=16 states=1 -> 3
[DP-bwdX] L=32 states=1 -> 1
[DP-bwdX] L=32 states=1 -> 1
[DP-bwdX] L=32 states=1 -> 1
[DP-fwdX] L=32 states=1 -> 1
[DP-bwdX] L=64 states=1 -> 1
[DP-fwdX] L=32 states=1 -> 1
[DP-bwdX] L=48 states=1 -> 3
[DP-fwdX] L=32 states=1 -> 1
[DP-fwdX] L=32 states=1 -> 1
[DP-fwdX] L=32 states=1 -> 1
[DP-bwdX] L=48 states=1 -> 3
[DP-bwdX] L=48 states=1 -> 3
[DP-bwdX] L=48 states=1 -> 3
[DP-fwdX] L=48 states=1 -> 2
[DP-bwdX] L=64 states=1 -> 1
[DP-fwdX] L=48 states=1 -> 2
[DP-fwdX] L=48 states=1 -> 2
[DP-fwdX] L=48 states=1 -> 2
[DP-bwdX] L=64 states=1 -> 1
[DP-bwdX] L=64 states=1 -> 1
[DP-bwdX] L=64 states=1 -> 1
[RowSwapCTR] expand small 8x8 -> full 16x8  top_rows=4  bot_rows=4  ctr_rows=8  n_full=128
  [Round 64] T_prime=16  T_target=15  HPWL_w=472000000  HPWL_eq=472  maxL=23  WNS(T')=-7  WNS*(T)=-8  picked=1  solve_ms=18.1788
[OC-Shortest/pow2] m=8 h=8 SEG=4 bits=32 words=1 threads=24
[DP-fwdX] L=0 states=1 -> 1
[DP-fwdX] L=16 states=141 -> 164
[DP-bwdX] L=64 states=1 -> 1
[DP-bwdX] L=48 states=141 -> 164
[DP-fwdX] L=0 states=1 -> 1
[DP-bwdX] L=32 states=1 -> 1
[DP-fwdX] L=0 states=1 -> 1
[DP-bwdX] L=16 states=1 -> 2
[DP-fwdX] L=0 states=1 -> 1
[DP-fwdX] L=0 states=1 -> 1
[DP-fwdX] L=0 states=1 -> 1
[DP-bwdX] L=16 states=1 -> 2
[DP-bwdX] L=16 states=1 -> 2
[DP-bwdX] L=16 states=1 -> 2
[DP-fwdX] L=16 states=1 -> 3
[DP-bwdX] L=32 states=1 -> 1
[DP-fwdX] L=16 states=1 -> 3
[DP-fwdX] L=16 states=1 -> 3
[DP-fwdX] L=16 states=1 -> 3
[DP-bwdX] L=32 states=1 -> 1
[DP-bwdX] L=32 states=1 -> 1
[DP-bwdX] L=32 states=1 -> 1
[DP-fwdX] L=32 states=1 -> 1
[DP-bwdX] L=64 states=1 -> 1
[DP-fwdX] L=32 states=1 -> 1
[DP-bwdX] L=48 states=1 -> 3
[DP-fwdX] L=32 states=1 -> 1
[DP-fwdX] L=32 states=1 -> 1
[DP-fwdX] L=32 states=1 -> 1
[DP-bwdX] L=48 states=1 -> 3
[DP-bwdX] L=48 states=1 -> 3
[DP-bwdX] L=48 states=1 -> 3
[DP-fwdX] L=48 states=1 -> 2
[DP-bwdX] L=64 states=1 -> 1
[DP-fwdX] L=48 states=1 -> 2
[DP-fwdX] L=48 states=1 -> 2
[DP-fwdX] L=48 states=1 -> 2
[DP-bwdX] L=64 states=1 -> 1
[DP-bwdX] L=64 states=1 -> 1
[DP-bwdX] L=64 states=1 -> 1
[RowSwapCTR] expand small 8x8 -> full 16x8  top_rows=4  bot_rows=4  ctr_rows=8  n_full=128
  [Round 65] T_prime=16  T_target=15  HPWL_w=472000000  HPWL_eq=472  maxL=23  WNS(T')=-7  WNS*(T)=-8  picked=1  solve_ms=17.9285
[OC-Shortest/pow2] m=8 h=8 SEG=4 bits=32 words=1 threads=24
[DP-fwdX] L=0 states=1 -> 1
[DP-fwdX] L=16 states=141 -> 164
[DP-bwdX] L=64 states=1 -> 1
[DP-bwdX] L=48 states=141 -> 164
[DP-fwdX] L=0 states=1 -> 1
[DP-bwdX] L=32 states=1 -> 1
[DP-fwdX] L=0 states=1 -> 1
[DP-bwdX] L=16 states=1 -> 2
[DP-fwdX] L=0 states=1 -> 1
[DP-fwdX] L=0 states=1 -> 1
[DP-fwdX] L=0 states=1 -> 1
[DP-bwdX] L=16 states=1 -> 2
[DP-bwdX] L=16 states=1 -> 2
[DP-bwdX] L=16 states=1 -> 2
[DP-fwdX] L=16 states=1 -> 3
[DP-bwdX] L=32 states=1 -> 1
[DP-fwdX] L=16 states=1 -> 3
[DP-fwdX] L=16 states=1 -> 3
[DP-fwdX] L=16 states=1 -> 3
[DP-bwdX] L=32 states=1 -> 1
[DP-bwdX] L=32 states=1 -> 1
[DP-bwdX] L=32 states=1 -> 1
[DP-fwdX] L=32 states=1 -> 1
[DP-bwdX] L=64 states=1 -> 1
[DP-fwdX] L=32 states=1 -> 1
[DP-bwdX] L=48 states=1 -> 3
[DP-fwdX] L=32 states=1 -> 1
[DP-fwdX] L=32 states=1 -> 1
[DP-fwdX] L=32 states=1 -> 1
[DP-bwdX] L=48 states=1 -> 3
[DP-bwdX] L=48 states=1 -> 3
[DP-bwdX] L=48 states=1 -> 3
[DP-fwdX] L=48 states=1 -> 2
[DP-bwdX] L=64 states=1 -> 1
[DP-fwdX] L=48 states=1 -> 2
[DP-fwdX] L=48 states=1 -> 2
[DP-fwdX] L=48 states=1 -> 2
[DP-bwdX] L=64 states=1 -> 1
[DP-bwdX] L=64 states=1 -> 1
[DP-bwdX] L=64 states=1 -> 1
[RowSwapCTR] expand small 8x8 -> full 16x8  top_rows=4  bot_rows=4  ctr_rows=8  n_full=128
  [Round 66] T_prime=16  T_target=15  HPWL_w=472000000  HPWL_eq=472  maxL=23  WNS(T')=-7  WNS*(T)=-8  picked=1  solve_ms=17.6045
[OC-Shortest/pow2] m=8 h=8 SEG=4 bits=32 words=1 threads=24
[DP-fwdX] L=0 states=1 -> 1
[DP-fwdX] L=16 states=141 -> 164
[DP-bwdX] L=64 states=1 -> 1
[DP-bwdX] L=48 states=141 -> 164
[DP-fwdX] L=0 states=1 -> 1
[DP-bwdX] L=32 states=1 -> 1
[DP-fwdX] L=0 states=1 -> 1
[DP-bwdX] L=16 states=1 -> 2
[DP-fwdX] L=0 states=1 -> 1
[DP-fwdX] L=0 states=1 -> 1
[DP-fwdX] L=0 states=1 -> 1
[DP-bwdX] L=16 states=1 -> 2
[DP-bwdX] L=16 states=1 -> 2
[DP-bwdX] L=16 states=1 -> 2
[DP-fwdX] L=16 states=1 -> 3
[DP-bwdX] L=32 states=1 -> 1
[DP-fwdX] L=16 states=1 -> 3
[DP-fwdX] L=16 states=1 -> 3
[DP-fwdX] L=16 states=1 -> 3
[DP-bwdX] L=32 states=1 -> 1
[DP-bwdX] L=32 states=1 -> 1
[DP-bwdX] L=32 states=1 -> 1
[DP-fwdX] L=32 states=1 -> 1
[DP-bwdX] L=64 states=1 -> 1
[DP-fwdX] L=32 states=1 -> 1
[DP-bwdX] L=48 states=1 -> 3
[DP-fwdX] L=32 states=1 -> 1
[DP-fwdX] L=32 states=1 -> 1
[DP-fwdX] L=32 states=1 -> 1
[DP-bwdX] L=48 states=1 -> 3
[DP-bwdX] L=48 states=1 -> 3
[DP-bwdX] L=48 states=1 -> 3
[DP-fwdX] L=48 states=1 -> 2
[DP-bwdX] L=64 states=1 -> 1
[DP-fwdX] L=48 states=1 -> 2
[DP-fwdX] L=48 states=1 -> 2
[DP-fwdX] L=48 states=1 -> 2
[DP-bwdX] L=64 states=1 -> 1
[DP-bwdX] L=64 states=1 -> 1
[DP-bwdX] L=64 states=1 -> 1
[RowSwapCTR] expand small 8x8 -> full 16x8  top_rows=4  bot_rows=4  ctr_rows=8  n_full=128
  [Round 67] T_prime=16  T_target=15  HPWL_w=472000000  HPWL_eq=472  maxL=23  WNS(T')=-7  WNS*(T)=-8  picked=1  solve_ms=17.09
[OC-Shortest/pow2] m=8 h=8 SEG=4 bits=32 words=1 threads=24
[DP-fwdX] L=0 states=1 -> 1
[DP-fwdX] L=16 states=141 -> 164
[DP-bwdX] L=64 states=1 -> 1
[DP-bwdX] L=48 states=141 -> 164
[DP-fwdX] L=0 states=1 -> 1
[DP-bwdX] L=32 states=1 -> 1
[DP-fwdX] L=0 states=1 -> 1
[DP-bwdX] L=16 states=1 -> 2
[DP-fwdX] L=0 states=1 -> 1
[DP-fwdX] L=0 states=1 -> 1
[DP-fwdX] L=0 states=1 -> 1
[DP-bwdX] L=16 states=1 -> 2
[DP-bwdX] L=16 states=1 -> 2
[DP-bwdX] L=16 states=1 -> 2
[DP-fwdX] L=16 states=1 -> 3
[DP-bwdX] L=32 states=1 -> 1
[DP-fwdX] L=16 states=1 -> 3
[DP-fwdX] L=16 states=1 -> 3
[DP-fwdX] L=16 states=1 -> 3
[DP-bwdX] L=32 states=1 -> 1
[DP-bwdX] L=32 states=1 -> 1
[DP-bwdX] L=32 states=1 -> 1
[DP-fwdX] L=32 states=1 -> 1
[DP-bwdX] L=64 states=1 -> 1
[DP-fwdX] L=32 states=1 -> 1
[DP-bwdX] L=48 states=1 -> 3
[DP-fwdX] L=32 states=1 -> 1
[DP-fwdX] L=32 states=1 -> 1
[DP-fwdX] L=32 states=1 -> 1
[DP-bwdX] L=48 states=1 -> 3
[DP-bwdX] L=48 states=1 -> 3
[DP-bwdX] L=48 states=1 -> 3
[DP-fwdX] L=48 states=1 -> 2
[DP-bwdX] L=64 states=1 -> 1
[DP-fwdX] L=48 states=1 -> 2
[DP-fwdX] L=48 states=1 -> 2
[DP-fwdX] L=48 states=1 -> 2
[DP-bwdX] L=64 states=1 -> 1
[DP-bwdX] L=64 states=1 -> 1
[DP-bwdX] L=64 states=1 -> 1
[RowSwapCTR] expand small 8x8 -> full 16x8  top_rows=4  bot_rows=4  ctr_rows=8  n_full=128
  [Round 68] T_prime=16  T_target=15  HPWL_w=472000000  HPWL_eq=472  maxL=23  WNS(T')=-7  WNS*(T)=-8  picked=1  solve_ms=17.2771
[OC-Shortest/pow2] m=8 h=8 SEG=4 bits=32 words=1 threads=24
[DP-fwdX] L=0 states=1 -> 1
[DP-fwdX] L=16 states=141 -> 164
[DP-bwdX] L=64 states=1 -> 1
[DP-bwdX] L=48 states=141 -> 164
[DP-fwdX] L=0 states=1 -> 1
[DP-bwdX] L=32 states=1 -> 1
[DP-fwdX] L=0 states=1 -> 1
[DP-bwdX] L=16 states=1 -> 2
[DP-fwdX] L=0 states=1 -> 1
[DP-fwdX] L=0 states=1 -> 1
[DP-fwdX] L=0 states=1 -> 1
[DP-bwdX] L=16 states=1 -> 2
[DP-bwdX] L=16 states=1 -> 2
[DP-bwdX] L=16 states=1 -> 2
[DP-fwdX] L=16 states=1 -> 3
[DP-bwdX] L=32 states=1 -> 1
[DP-fwdX] L=16 states=1 -> 3
[DP-fwdX] L=16 states=1 -> 3
[DP-fwdX] L=16 states=1 -> 3
[DP-bwdX] L=32 states=1 -> 1
[DP-bwdX] L=32 states=1 -> 1
[DP-bwdX] L=32 states=1 -> 1
[DP-fwdX] L=32 states=1 -> 1
[DP-bwdX] L=64 states=1 -> 1
[DP-fwdX] L=32 states=1 -> 1
[DP-bwdX] L=48 states=1 -> 3
[DP-fwdX] L=32 states=1 -> 1
[DP-fwdX] L=32 states=1 -> 1
[DP-fwdX] L=32 states=1 -> 1
[DP-bwdX] L=48 states=1 -> 3
[DP-bwdX] L=48 states=1 -> 3
[DP-bwdX] L=48 states=1 -> 3
[DP-fwdX] L=48 states=1 -> 2
[DP-bwdX] L=64 states=1 -> 1
[DP-fwdX] L=48 states=1 -> 2
[DP-fwdX] L=48 states=1 -> 2
[DP-fwdX] L=48 states=1 -> 2
[DP-bwdX] L=64 states=1 -> 1
[DP-bwdX] L=64 states=1 -> 1
[DP-bwdX] L=64 states=1 -> 1
[RowSwapCTR] expand small 8x8 -> full 16x8  top_rows=4  bot_rows=4  ctr_rows=8  n_full=128
  [Round 69] T_prime=16  T_target=15  HPWL_w=472000000  HPWL_eq=472  maxL=23  WNS(T')=-7  WNS*(T)=-8  picked=1  solve_ms=17.3315
[OC-Shortest/pow2] m=8 h=8 SEG=4 bits=32 words=1 threads=24
[DP-fwdX] L=0 states=1 -> 1
[DP-fwdX] L=16 states=141 -> 164
[DP-bwdX] L=64 states=1 -> 1
[DP-bwdX] L=48 states=141 -> 164
[DP-fwdX] L=0 states=1 -> 1
[DP-bwdX] L=32 states=1 -> 1
[DP-fwdX] L=0 states=1 -> 1
[DP-bwdX] L=16 states=1 -> 2
[DP-fwdX] L=0 states=1 -> 1
[DP-fwdX] L=0 states=1 -> 1
[DP-fwdX] L=0 states=1 -> 1
[DP-bwdX] L=16 states=1 -> 2
[DP-bwdX] L=16 states=1 -> 2
[DP-bwdX] L=16 states=1 -> 2
[DP-fwdX] L=16 states=1 -> 3
[DP-bwdX] L=32 states=1 -> 1
[DP-fwdX] L=16 states=1 -> 3
[DP-fwdX] L=16 states=1 -> 3
[DP-fwdX] L=16 states=1 -> 3
[DP-bwdX] L=32 states=1 -> 1
[DP-bwdX] L=32 states=1 -> 1
[DP-bwdX] L=32 states=1 -> 1
[DP-fwdX] L=32 states=1 -> 1
[DP-bwdX] L=64 states=1 -> 1
[DP-fwdX] L=32 states=1 -> 1
[DP-bwdX] L=48 states=1 -> 3
[DP-fwdX] L=32 states=1 -> 1
[DP-fwdX] L=32 states=1 -> 1
[DP-fwdX] L=32 states=1 -> 1
[DP-bwdX] L=48 states=1 -> 3
[DP-bwdX] L=48 states=1 -> 3
[DP-bwdX] L=48 states=1 -> 3
[DP-fwdX] L=48 states=1 -> 2
[DP-bwdX] L=64 states=1 -> 1
[DP-fwdX] L=48 states=1 -> 2
[DP-fwdX] L=48 states=1 -> 2
[DP-fwdX] L=48 states=1 -> 2
[DP-bwdX] L=64 states=1 -> 1
[DP-bwdX] L=64 states=1 -> 1
[DP-bwdX] L=64 states=1 -> 1
[RowSwapCTR] expand small 8x8 -> full 16x8  top_rows=4  bot_rows=4  ctr_rows=8  n_full=128
  [Round 70] T_prime=16  T_target=15  HPWL_w=472000000  HPWL_eq=472  maxL=23  WNS(T')=-7  WNS*(T)=-8  picked=1  solve_ms=17.4267
[OC-Shortest/pow2] m=8 h=8 SEG=4 bits=32 words=1 threads=24
[DP-fwdX] L=0 states=1 -> 1
[DP-fwdX] L=16 states=141 -> 164
[DP-bwdX] L=64 states=1 -> 1
[DP-bwdX] L=48 states=141 -> 164
[DP-fwdX] L=0 states=1 -> 1
[DP-bwdX] L=32 states=1 -> 1
[DP-fwdX] L=0 states=1 -> 1
[DP-bwdX] L=16 states=1 -> 2
[DP-fwdX] L=0 states=1 -> 1
[DP-fwdX] L=0 states=1 -> 1
[DP-fwdX] L=0 states=1 -> 1
[DP-bwdX] L=16 states=1 -> 2
[DP-bwdX] L=16 states=1 -> 2
[DP-bwdX] L=16 states=1 -> 2
[DP-fwdX] L=16 states=1 -> 3
[DP-bwdX] L=32 states=1 -> 1
[DP-fwdX] L=16 states=1 -> 3
[DP-fwdX] L=16 states=1 -> 3
[DP-fwdX] L=16 states=1 -> 3
[DP-bwdX] L=32 states=1 -> 1
[DP-bwdX] L=32 states=1 -> 1
[DP-bwdX] L=32 states=1 -> 1
[DP-fwdX] L=32 states=1 -> 1
[DP-bwdX] L=64 states=1 -> 1
[DP-fwdX] L=32 states=1 -> 1
[DP-bwdX] L=48 states=1 -> 3
[DP-fwdX] L=32 states=1 -> 1
[DP-fwdX] L=32 states=1 -> 1
[DP-fwdX] L=32 states=1 -> 1
[DP-bwdX] L=48 states=1 -> 3
[DP-bwdX] L=48 states=1 -> 3
[DP-bwdX] L=48 states=1 -> 3
[DP-fwdX] L=48 states=1 -> 2
[DP-bwdX] L=64 states=1 -> 1
[DP-fwdX] L=48 states=1 -> 2
[DP-fwdX] L=48 states=1 -> 2
[DP-fwdX] L=48 states=1 -> 2
[DP-bwdX] L=64 states=1 -> 1
[DP-bwdX] L=64 states=1 -> 1
[DP-bwdX] L=64 states=1 -> 1
[RowSwapCTR] expand small 8x8 -> full 16x8  top_rows=4  bot_rows=4  ctr_rows=8  n_full=128
  [Round 71] T_prime=16  T_target=15  HPWL_w=472000000  HPWL_eq=472  maxL=23  WNS(T')=-7  WNS*(T)=-8  picked=1  solve_ms=17.3353
[OC-Shortest/pow2] m=8 h=8 SEG=4 bits=32 words=1 threads=24
[DP-fwdX] L=0 states=1 -> 1
[DP-fwdX] L=16 states=141 -> 164
[DP-bwdX] L=64 states=1 -> 1
[DP-bwdX] L=48 states=141 -> 164
[DP-fwdX] L=0 states=1 -> 1
[DP-bwdX] L=32 states=1 -> 1
[DP-fwdX] L=0 states=1 -> 1
[DP-bwdX] L=16 states=1 -> 2
[DP-fwdX] L=0 states=1 -> 1
[DP-fwdX] L=0 states=1 -> 1
[DP-fwdX] L=0 states=1 -> 1
[DP-bwdX] L=16 states=1 -> 2
[DP-bwdX] L=16 states=1 -> 2
[DP-bwdX] L=16 states=1 -> 2
[DP-fwdX] L=16 states=1 -> 3
[DP-bwdX] L=32 states=1 -> 1
[DP-fwdX] L=16 states=1 -> 3
[DP-fwdX] L=16 states=1 -> 3
[DP-fwdX] L=16 states=1 -> 3
[DP-bwdX] L=32 states=1 -> 1
[DP-bwdX] L=32 states=1 -> 1
[DP-bwdX] L=32 states=1 -> 1
[DP-fwdX] L=32 states=1 -> 1
[DP-bwdX] L=64 states=1 -> 1
[DP-fwdX] L=32 states=1 -> 1
[DP-bwdX] L=48 states=1 -> 3
[DP-fwdX] L=32 states=1 -> 1
[DP-fwdX] L=32 states=1 -> 1
[DP-fwdX] L=32 states=1 -> 1
[DP-bwdX] L=48 states=1 -> 3
[DP-bwdX] L=48 states=1 -> 3
[DP-bwdX] L=48 states=1 -> 3
[DP-fwdX] L=48 states=1 -> 2
[DP-bwdX] L=64 states=1 -> 1
[DP-fwdX] L=48 states=1 -> 2
[DP-fwdX] L=48 states=1 -> 2
[DP-fwdX] L=48 states=1 -> 2
[DP-bwdX] L=64 states=1 -> 1
[DP-bwdX] L=64 states=1 -> 1
[DP-bwdX] L=64 states=1 -> 1
[RowSwapCTR] expand small 8x8 -> full 16x8  top_rows=4  bot_rows=4  ctr_rows=8  n_full=128
  [Round 72] T_prime=16  T_target=15  HPWL_w=472000000  HPWL_eq=472  maxL=23  WNS(T')=-7  WNS*(T)=-8  picked=1  solve_ms=17.2652
[OC-Shortest/pow2] m=8 h=8 SEG=4 bits=32 words=1 threads=24
[DP-fwdX] L=0 states=1 -> 1
[DP-fwdX] L=16 states=141 -> 164
[DP-bwdX] L=64 states=1 -> 1
[DP-bwdX] L=48 states=141 -> 164
[DP-fwdX] L=0 states=1 -> 1
[DP-bwdX] L=32 states=1 -> 1
[DP-fwdX] L=0 states=1 -> 1
[DP-bwdX] L=16 states=1 -> 2
[DP-fwdX] L=0 states=1 -> 1
[DP-fwdX] L=0 states=1 -> 1
[DP-fwdX] L=0 states=1 -> 1
[DP-bwdX] L=16 states=1 -> 2
[DP-bwdX] L=16 states=1 -> 2
[DP-bwdX] L=16 states=1 -> 2
[DP-fwdX] L=16 states=1 -> 3
[DP-bwdX] L=32 states=1 -> 1
[DP-fwdX] L=16 states=1 -> 3
[DP-fwdX] L=16 states=1 -> 3
[DP-fwdX] L=16 states=1 -> 3
[DP-bwdX] L=32 states=1 -> 1
[DP-bwdX] L=32 states=1 -> 1
[DP-bwdX] L=32 states=1 -> 1
[DP-fwdX] L=32 states=1 -> 1
[DP-bwdX] L=64 states=1 -> 1
[DP-fwdX] L=32 states=1 -> 1
[DP-bwdX] L=48 states=1 -> 3
[DP-fwdX] L=32 states=1 -> 1
[DP-fwdX] L=32 states=1 -> 1
[DP-fwdX] L=32 states=1 -> 1
[DP-bwdX] L=48 states=1 -> 3
[DP-bwdX] L=48 states=1 -> 3
[DP-bwdX] L=48 states=1 -> 3
[DP-fwdX] L=48 states=1 -> 2
[DP-bwdX] L=64 states=1 -> 1
[DP-fwdX] L=48 states=1 -> 2
[DP-fwdX] L=48 states=1 -> 2
[DP-fwdX] L=48 states=1 -> 2
[DP-bwdX] L=64 states=1 -> 1
[DP-bwdX] L=64 states=1 -> 1
[DP-bwdX] L=64 states=1 -> 1
[RowSwapCTR] expand small 8x8 -> full 16x8  top_rows=4  bot_rows=4  ctr_rows=8  n_full=128
  [Round 73] T_prime=16  T_target=15  HPWL_w=472000000  HPWL_eq=472  maxL=23  WNS(T')=-7  WNS*(T)=-8  picked=1  solve_ms=17.4603
[OC-Shortest/pow2] m=8 h=8 SEG=4 bits=32 words=1 threads=24
[DP-fwdX] L=0 states=1 -> 1
[DP-fwdX] L=16 states=141 -> 164
[DP-bwdX] L=64 states=1 -> 1
[DP-bwdX] L=48 states=141 -> 164
[DP-fwdX] L=0 states=1 -> 1
[DP-bwdX] L=32 states=1 -> 1
[DP-fwdX] L=0 states=1 -> 1
[DP-bwdX] L=16 states=1 -> 2
[DP-fwdX] L=0 states=1 -> 1
[DP-fwdX] L=0 states=1 -> 1
[DP-fwdX] L=0 states=1 -> 1
[DP-bwdX] L=16 states=1 -> 2
[DP-bwdX] L=16 states=1 -> 2
[DP-bwdX] L=16 states=1 -> 2
[DP-fwdX] L=16 states=1 -> 3
[DP-bwdX] L=32 states=1 -> 1
[DP-fwdX] L=16 states=1 -> 3
[DP-fwdX] L=16 states=1 -> 3
[DP-fwdX] L=16 states=1 -> 3
[DP-bwdX] L=32 states=1 -> 1
[DP-bwdX] L=32 states=1 -> 1
[DP-bwdX] L=32 states=1 -> 1
[DP-fwdX] L=32 states=1 -> 1
[DP-bwdX] L=64 states=1 -> 1
[DP-fwdX] L=32 states=1 -> 1
[DP-bwdX] L=48 states=1 -> 3
[DP-fwdX] L=32 states=1 -> 1
[DP-fwdX] L=32 states=1 -> 1
[DP-fwdX] L=32 states=1 -> 1
[DP-bwdX] L=48 states=1 -> 3
[DP-bwdX] L=48 states=1 -> 3
[DP-bwdX] L=48 states=1 -> 3
[DP-fwdX] L=48 states=1 -> 2
[DP-bwdX] L=64 states=1 -> 1
[DP-fwdX] L=48 states=1 -> 2
[DP-fwdX] L=48 states=1 -> 2
[DP-fwdX] L=48 states=1 -> 2
[DP-bwdX] L=64 states=1 -> 1
[DP-bwdX] L=64 states=1 -> 1
[DP-bwdX] L=64 states=1 -> 1
[RowSwapCTR] expand small 8x8 -> full 16x8  top_rows=4  bot_rows=4  ctr_rows=8  n_full=128
  [Round 74] T_prime=16  T_target=15  HPWL_w=472000000  HPWL_eq=472  maxL=23  WNS(T')=-7  WNS*(T)=-8  picked=1  solve_ms=17.2956
[OC-Shortest/pow2] m=8 h=8 SEG=4 bits=32 words=1 threads=24
[DP-fwdX] L=0 states=1 -> 1
[DP-fwdX] L=16 states=141 -> 164
[DP-bwdX] L=64 states=1 -> 1
[DP-bwdX] L=48 states=141 -> 164
[DP-fwdX] L=0 states=1 -> 1
[DP-bwdX] L=32 states=1 -> 1
[DP-fwdX] L=0 states=1 -> 1
[DP-bwdX] L=16 states=1 -> 2
[DP-fwdX] L=0 states=1 -> 1
[DP-fwdX] L=0 states=1 -> 1
[DP-fwdX] L=0 states=1 -> 1
[DP-bwdX] L=16 states=1 -> 2
[DP-bwdX] L=16 states=1 -> 2
[DP-bwdX] L=16 states=1 -> 2
[DP-fwdX] L=16 states=1 -> 3
[DP-bwdX] L=32 states=1 -> 1
[DP-fwdX] L=16 states=1 -> 3
[DP-fwdX] L=16 states=1 -> 3
[DP-fwdX] L=16 states=1 -> 3
[DP-bwdX] L=32 states=1 -> 1
[DP-bwdX] L=32 states=1 -> 1
[DP-bwdX] L=32 states=1 -> 1
[DP-fwdX] L=32 states=1 -> 1
[DP-bwdX] L=64 states=1 -> 1
[DP-fwdX] L=32 states=1 -> 1
[DP-bwdX] L=48 states=1 -> 3
[DP-fwdX] L=32 states=1 -> 1
[DP-fwdX] L=32 states=1 -> 1
[DP-fwdX] L=32 states=1 -> 1
[DP-bwdX] L=48 states=1 -> 3
[DP-bwdX] L=48 states=1 -> 3
[DP-bwdX] L=48 states=1 -> 3
[DP-fwdX] L=48 states=1 -> 2
[DP-bwdX] L=64 states=1 -> 1
[DP-fwdX] L=48 states=1 -> 2
[DP-fwdX] L=48 states=1 -> 2
[DP-fwdX] L=48 states=1 -> 2
[DP-bwdX] L=64 states=1 -> 1
[DP-bwdX] L=64 states=1 -> 1
[DP-bwdX] L=64 states=1 -> 1
[RowSwapCTR] expand small 8x8 -> full 16x8  top_rows=4  bot_rows=4  ctr_rows=8  n_full=128
  [Round 75] T_prime=16  T_target=15  HPWL_w=472000000  HPWL_eq=472  maxL=23  WNS(T')=-7  WNS*(T)=-8  picked=1  solve_ms=17.3366
[OC-Shortest/pow2] m=8 h=8 SEG=4 bits=32 words=1 threads=24
[DP-fwdX] L=0 states=1 -> 1
[DP-fwdX] L=16 states=141 -> 164
[DP-bwdX] L=64 states=1 -> 1
[DP-bwdX] L=48 states=141 -> 164
[DP-fwdX] L=0 states=1 -> 1
[DP-bwdX] L=32 states=1 -> 1
[DP-fwdX] L=0 states=1 -> 1
[DP-bwdX] L=16 states=1 -> 2
[DP-fwdX] L=0 states=1 -> 1
[DP-fwdX] L=0 states=1 -> 1
[DP-fwdX] L=0 states=1 -> 1
[DP-bwdX] L=16 states=1 -> 2
[DP-bwdX] L=16 states=1 -> 2
[DP-bwdX] L=16 states=1 -> 2
[DP-fwdX] L=16 states=1 -> 3
[DP-bwdX] L=32 states=1 -> 1
[DP-fwdX] L=16 states=1 -> 3
[DP-fwdX] L=16 states=1 -> 3
[DP-fwdX] L=16 states=1 -> 3
[DP-bwdX] L=32 states=1 -> 1
[DP-bwdX] L=32 states=1 -> 1
[DP-bwdX] L=32 states=1 -> 1
[DP-fwdX] L=32 states=1 -> 1
[DP-bwdX] L=64 states=1 -> 1
[DP-fwdX] L=32 states=1 -> 1
[DP-bwdX] L=48 states=1 -> 3
[DP-fwdX] L=32 states=1 -> 1
[DP-fwdX] L=32 states=1 -> 1
[DP-fwdX] L=32 states=1 -> 1
[DP-bwdX] L=48 states=1 -> 3
[DP-bwdX] L=48 states=1 -> 3
[DP-bwdX] L=48 states=1 -> 3
[DP-fwdX] L=48 states=1 -> 2
[DP-bwdX] L=64 states=1 -> 1
[DP-fwdX] L=48 states=1 -> 2
[DP-fwdX] L=48 states=1 -> 2
[DP-fwdX] L=48 states=1 -> 2
[DP-bwdX] L=64 states=1 -> 1
[DP-bwdX] L=64 states=1 -> 1
[DP-bwdX] L=64 states=1 -> 1
[RowSwapCTR] expand small 8x8 -> full 16x8  top_rows=4  bot_rows=4  ctr_rows=8  n_full=128
  [Round 76] T_prime=16  T_target=15  HPWL_w=472000000  HPWL_eq=472  maxL=23  WNS(T')=-7  WNS*(T)=-8  picked=1  solve_ms=17.2759
[OC-Shortest/pow2] m=8 h=8 SEG=4 bits=32 words=1 threads=24
[DP-fwdX] L=0 states=1 -> 1
[DP-fwdX] L=16 states=141 -> 164
[DP-bwdX] L=64 states=1 -> 1
[DP-bwdX] L=48 states=141 -> 164
[DP-fwdX] L=0 states=1 -> 1
[DP-bwdX] L=32 states=1 -> 1
[DP-fwdX] L=0 states=1 -> 1
[DP-bwdX] L=16 states=1 -> 2
[DP-fwdX] L=0 states=1 -> 1
[DP-fwdX] L=0 states=1 -> 1
[DP-fwdX] L=0 states=1 -> 1
[DP-bwdX] L=16 states=1 -> 2
[DP-bwdX] L=16 states=1 -> 2
[DP-bwdX] L=16 states=1 -> 2
[DP-fwdX] L=16 states=1 -> 3
[DP-bwdX] L=32 states=1 -> 1
[DP-fwdX] L=16 states=1 -> 3
[DP-fwdX] L=16 states=1 -> 3
[DP-fwdX] L=16 states=1 -> 3
[DP-bwdX] L=32 states=1 -> 1
[DP-bwdX] L=32 states=1 -> 1
[DP-bwdX] L=32 states=1 -> 1
[DP-fwdX] L=32 states=1 -> 1
[DP-bwdX] L=64 states=1 -> 1
[DP-fwdX] L=32 states=1 -> 1
[DP-bwdX] L=48 states=1 -> 3
[DP-fwdX] L=32 states=1 -> 1
[DP-fwdX] L=32 states=1 -> 1
[DP-fwdX] L=32 states=1 -> 1
[DP-bwdX] L=48 states=1 -> 3
[DP-bwdX] L=48 states=1 -> 3
[DP-bwdX] L=48 states=1 -> 3
[DP-fwdX] L=48 states=1 -> 2
[DP-bwdX] L=64 states=1 -> 1
[DP-fwdX] L=48 states=1 -> 2
[DP-fwdX] L=48 states=1 -> 2
[DP-fwdX] L=48 states=1 -> 2
[DP-bwdX] L=64 states=1 -> 1
[DP-bwdX] L=64 states=1 -> 1
[DP-bwdX] L=64 states=1 -> 1
[RowSwapCTR] expand small 8x8 -> full 16x8  top_rows=4  bot_rows=4  ctr_rows=8  n_full=128
  [Round 77] T_prime=16  T_target=15  HPWL_w=472000000  HPWL_eq=472  maxL=23  WNS(T')=-7  WNS*(T)=-8  picked=1  solve_ms=17.5079
[OC-Shortest/pow2] m=8 h=8 SEG=4 bits=32 words=1 threads=24
[DP-fwdX] L=0 states=1 -> 1
[DP-fwdX] L=16 states=141 -> 164
[DP-bwdX] L=64 states=1 -> 1
[DP-bwdX] L=48 states=141 -> 164
[DP-fwdX] L=0 states=1 -> 1
[DP-bwdX] L=32 states=1 -> 1
[DP-fwdX] L=0 states=1 -> 1
[DP-bwdX] L=16 states=1 -> 2
[DP-fwdX] L=0 states=1 -> 1
[DP-fwdX] L=0 states=1 -> 1
[DP-fwdX] L=0 states=1 -> 1
[DP-bwdX] L=16 states=1 -> 2
[DP-bwdX] L=16 states=1 -> 2
[DP-bwdX] L=16 states=1 -> 2
[DP-fwdX] L=16 states=1 -> 3
[DP-bwdX] L=32 states=1 -> 1
[DP-fwdX] L=16 states=1 -> 3
[DP-fwdX] L=16 states=1 -> 3
[DP-fwdX] L=16 states=1 -> 3
[DP-bwdX] L=32 states=1 -> 1
[DP-bwdX] L=32 states=1 -> 1
[DP-bwdX] L=32 states=1 -> 1
[DP-fwdX] L=32 states=1 -> 1
[DP-bwdX] L=64 states=1 -> 1
[DP-fwdX] L=32 states=1 -> 1
[DP-bwdX] L=48 states=1 -> 3
[DP-fwdX] L=32 states=1 -> 1
[DP-fwdX] L=32 states=1 -> 1
[DP-fwdX] L=32 states=1 -> 1
[DP-bwdX] L=48 states=1 -> 3
[DP-bwdX] L=48 states=1 -> 3
[DP-bwdX] L=48 states=1 -> 3
[DP-fwdX] L=48 states=1 -> 2
[DP-bwdX] L=64 states=1 -> 1
[DP-fwdX] L=48 states=1 -> 2
[DP-fwdX] L=48 states=1 -> 2
[DP-fwdX] L=48 states=1 -> 2
[DP-bwdX] L=64 states=1 -> 1
[DP-bwdX] L=64 states=1 -> 1
[DP-bwdX] L=64 states=1 -> 1
[RowSwapCTR] expand small 8x8 -> full 16x8  top_rows=4  bot_rows=4  ctr_rows=8  n_full=128
  [Round 78] T_prime=16  T_target=15  HPWL_w=472000000  HPWL_eq=472  maxL=23  WNS(T')=-7  WNS*(T)=-8  picked=1  solve_ms=17.1921
[OC-Shortest/pow2] m=8 h=8 SEG=4 bits=32 words=1 threads=24
[DP-fwdX] L=0 states=1 -> 1
[DP-fwdX] L=16 states=141 -> 164
[DP-bwdX] L=64 states=1 -> 1
[DP-bwdX] L=48 states=141 -> 164
[DP-fwdX] L=0 states=1 -> 1
[DP-bwdX] L=32 states=1 -> 1
[DP-fwdX] L=0 states=1 -> 1
[DP-bwdX] L=16 states=1 -> 2
[DP-fwdX] L=0 states=1 -> 1
[DP-fwdX] L=0 states=1 -> 1
[DP-fwdX] L=0 states=1 -> 1
[DP-bwdX] L=16 states=1 -> 2
[DP-bwdX] L=16 states=1 -> 2
[DP-bwdX] L=16 states=1 -> 2
[DP-fwdX] L=16 states=1 -> 3
[DP-bwdX] L=32 states=1 -> 1
[DP-fwdX] L=16 states=1 -> 3
[DP-fwdX] L=16 states=1 -> 3
[DP-fwdX] L=16 states=1 -> 3
[DP-bwdX] L=32 states=1 -> 1
[DP-bwdX] L=32 states=1 -> 1
[DP-bwdX] L=32 states=1 -> 1
[DP-fwdX] L=32 states=1 -> 1
[DP-bwdX] L=64 states=1 -> 1
[DP-fwdX] L=32 states=1 -> 1
[DP-bwdX] L=48 states=1 -> 3
[DP-fwdX] L=32 states=1 -> 1
[DP-fwdX] L=32 states=1 -> 1
[DP-fwdX] L=32 states=1 -> 1
[DP-bwdX] L=48 states=1 -> 3
[DP-bwdX] L=48 states=1 -> 3
[DP-bwdX] L=48 states=1 -> 3
[DP-fwdX] L=48 states=1 -> 2
[DP-bwdX] L=64 states=1 -> 1
[DP-fwdX] L=48 states=1 -> 2
[DP-fwdX] L=48 states=1 -> 2
[DP-fwdX] L=48 states=1 -> 2
[DP-bwdX] L=64 states=1 -> 1
[DP-bwdX] L=64 states=1 -> 1
[DP-bwdX] L=64 states=1 -> 1
[RowSwapCTR] expand small 8x8 -> full 16x8  top_rows=4  bot_rows=4  ctr_rows=8  n_full=128
  [Round 79] T_prime=16  T_target=15  HPWL_w=472000000  HPWL_eq=472  maxL=23  WNS(T')=-7  WNS*(T)=-8  picked=1  solve_ms=17.384
[OC-Shortest/pow2] m=8 h=8 SEG=4 bits=32 words=1 threads=24
[DP-fwdX] L=0 states=1 -> 1
[DP-fwdX] L=16 states=141 -> 164
[DP-bwdX] L=64 states=1 -> 1
[DP-bwdX] L=48 states=141 -> 164
[DP-fwdX] L=0 states=1 -> 1
[DP-bwdX] L=32 states=1 -> 1
[DP-fwdX] L=0 states=1 -> 1
[DP-bwdX] L=16 states=1 -> 2
[DP-fwdX] L=0 states=1 -> 1
[DP-fwdX] L=0 states=1 -> 1
[DP-fwdX] L=0 states=1 -> 1
[DP-bwdX] L=16 states=1 -> 2
[DP-bwdX] L=16 states=1 -> 2
[DP-bwdX] L=16 states=1 -> 2
[DP-fwdX] L=16 states=1 -> 3
[DP-bwdX] L=32 states=1 -> 1
[DP-fwdX] L=16 states=1 -> 3
[DP-fwdX] L=16 states=1 -> 3
[DP-fwdX] L=16 states=1 -> 3
[DP-bwdX] L=32 states=1 -> 1
[DP-bwdX] L=32 states=1 -> 1
[DP-bwdX] L=32 states=1 -> 1
[DP-fwdX] L=32 states=1 -> 1
[DP-bwdX] L=64 states=1 -> 1
[DP-fwdX] L=32 states=1 -> 1
[DP-bwdX] L=48 states=1 -> 3
[DP-fwdX] L=32 states=1 -> 1
[DP-fwdX] L=32 states=1 -> 1
[DP-fwdX] L=32 states=1 -> 1
[DP-bwdX] L=48 states=1 -> 3
[DP-bwdX] L=48 states=1 -> 3
[DP-bwdX] L=48 states=1 -> 3
[DP-fwdX] L=48 states=1 -> 2
[DP-bwdX] L=64 states=1 -> 1
[DP-fwdX] L=48 states=1 -> 2
[DP-fwdX] L=48 states=1 -> 2
[DP-fwdX] L=48 states=1 -> 2
[DP-bwdX] L=64 states=1 -> 1
[DP-bwdX] L=64 states=1 -> 1
[DP-bwdX] L=64 states=1 -> 1
[RowSwapCTR] expand small 8x8 -> full 16x8  top_rows=4  bot_rows=4  ctr_rows=8  n_full=128
  [Round 80] T_prime=16  T_target=15  HPWL_w=472000000  HPWL_eq=472  maxL=23  WNS(T')=-7  WNS*(T)=-8  picked=1  solve_ms=17.8438
[OC-Shortest/pow2] m=8 h=8 SEG=4 bits=32 words=1 threads=24
[DP-fwdX] L=0 states=1 -> 1
[DP-fwdX] L=16 states=141 -> 164
[DP-bwdX] L=64 states=1 -> 1
[DP-bwdX] L=48 states=141 -> 164
[DP-fwdX] L=0 states=1 -> 1
[DP-bwdX] L=32 states=1 -> 1
[DP-fwdX] L=0 states=1 -> 1
[DP-bwdX] L=16 states=1 -> 2
[DP-fwdX] L=0 states=1 -> 1
[DP-fwdX] L=0 states=1 -> 1
[DP-fwdX] L=0 states=1 -> 1
[DP-bwdX] L=16 states=1 -> 2
[DP-bwdX] L=16 states=1 -> 2
[DP-bwdX] L=16 states=1 -> 2
[DP-fwdX] L=16 states=1 -> 3
[DP-bwdX] L=32 states=1 -> 1
[DP-fwdX] L=16 states=1 -> 3
[DP-fwdX] L=16 states=1 -> 3
[DP-fwdX] L=16 states=1 -> 3
[DP-bwdX] L=32 states=1 -> 1
[DP-bwdX] L=32 states=1 -> 1
[DP-bwdX] L=32 states=1 -> 1
[DP-fwdX] L=32 states=1 -> 1
[DP-bwdX] L=64 states=1 -> 1
[DP-fwdX] L=32 states=1 -> 1
[DP-bwdX] L=48 states=1 -> 3
[DP-fwdX] L=32 states=1 -> 1
[DP-fwdX] L=32 states=1 -> 1
[DP-fwdX] L=32 states=1 -> 1
[DP-bwdX] L=48 states=1 -> 3
[DP-bwdX] L=48 states=1 -> 3
[DP-bwdX] L=48 states=1 -> 3
[DP-fwdX] L=48 states=1 -> 2
[DP-bwdX] L=64 states=1 -> 1
[DP-fwdX] L=48 states=1 -> 2
[DP-fwdX] L=48 states=1 -> 2
[DP-fwdX] L=48 states=1 -> 2
[DP-bwdX] L=64 states=1 -> 1
[DP-bwdX] L=64 states=1 -> 1
[DP-bwdX] L=64 states=1 -> 1
[RowSwapCTR] expand small 8x8 -> full 16x8  top_rows=4  bot_rows=4  ctr_rows=8  n_full=128
  [Round 81] T_prime=16  T_target=15  HPWL_w=472000000  HPWL_eq=472  maxL=23  WNS(T')=-7  WNS*(T)=-8  picked=1  solve_ms=17.3194
[OC-Shortest/pow2] m=8 h=8 SEG=4 bits=32 words=1 threads=24
[DP-fwdX] L=0 states=1 -> 1
[DP-fwdX] L=16 states=141 -> 164
[DP-bwdX] L=64 states=1 -> 1
[DP-bwdX] L=48 states=141 -> 164
[DP-fwdX] L=0 states=1 -> 1
[DP-bwdX] L=32 states=1 -> 1
[DP-fwdX] L=0 states=1 -> 1
[DP-bwdX] L=16 states=1 -> 2
[DP-fwdX] L=0 states=1 -> 1
[DP-fwdX] L=0 states=1 -> 1
[DP-fwdX] L=0 states=1 -> 1
[DP-bwdX] L=16 states=1 -> 2
[DP-bwdX] L=16 states=1 -> 2
[DP-bwdX] L=16 states=1 -> 2
[DP-fwdX] L=16 states=1 -> 3
[DP-bwdX] L=32 states=1 -> 1
[DP-fwdX] L=16 states=1 -> 3
[DP-fwdX] L=16 states=1 -> 3
[DP-fwdX] L=16 states=1 -> 3
[DP-bwdX] L=32 states=1 -> 1
[DP-bwdX] L=32 states=1 -> 1
[DP-bwdX] L=32 states=1 -> 1
[DP-fwdX] L=32 states=1 -> 1
[DP-bwdX] L=64 states=1 -> 1
[DP-fwdX] L=32 states=1 -> 1
[DP-bwdX] L=48 states=1 -> 3
[DP-fwdX] L=32 states=1 -> 1
[DP-fwdX] L=32 states=1 -> 1
[DP-fwdX] L=32 states=1 -> 1
[DP-bwdX] L=48 states=1 -> 3
[DP-bwdX] L=48 states=1 -> 3
[DP-bwdX] L=48 states=1 -> 3
[DP-fwdX] L=48 states=1 -> 2
[DP-bwdX] L=64 states=1 -> 1
[DP-fwdX] L=48 states=1 -> 2
[DP-fwdX] L=48 states=1 -> 2
[DP-fwdX] L=48 states=1 -> 2
[DP-bwdX] L=64 states=1 -> 1
[DP-bwdX] L=64 states=1 -> 1
[DP-bwdX] L=64 states=1 -> 1
[RowSwapCTR] expand small 8x8 -> full 16x8  top_rows=4  bot_rows=4  ctr_rows=8  n_full=128
  [Round 82] T_prime=16  T_target=15  HPWL_w=472000000  HPWL_eq=472  maxL=23  WNS(T')=-7  WNS*(T)=-8  picked=1  solve_ms=33.5478
[OC-Shortest/pow2] m=8 h=8 SEG=4 bits=32 words=1 threads=24
[DP-fwdX] L=0 states=1 -> 1
[DP-fwdX] L=16 states=141 -> 164
[DP-bwdX] L=64 states=1 -> 1
[DP-bwdX] L=48 states=141 -> 164
[DP-fwdX] L=0 states=1 -> 1
[DP-bwdX] L=32 states=1 -> 1
[DP-fwdX] L=0 states=1 -> 1
[DP-bwdX] L=16 states=1 -> 2
[DP-fwdX] L=0 states=1 -> 1
[DP-fwdX] L=0 states=1 -> 1
[DP-fwdX] L=0 states=1 -> 1
[DP-bwdX] L=16 states=1 -> 2
[DP-bwdX] L=16 states=1 -> 2
[DP-bwdX] L=16 states=1 -> 2
[DP-fwdX] L=16 states=1 -> 3
[DP-bwdX] L=32 states=1 -> 1
[DP-fwdX] L=16 states=1 -> 3
[DP-fwdX] L=16 states=1 -> 3
[DP-fwdX] L=16 states=1 -> 3
[DP-bwdX] L=32 states=1 -> 1
[DP-bwdX] L=32 states=1 -> 1
[DP-bwdX] L=32 states=1 -> 1
[DP-fwdX] L=32 states=1 -> 1
[DP-bwdX] L=64 states=1 -> 1
[DP-fwdX] L=32 states=1 -> 1
[DP-bwdX] L=48 states=1 -> 3
[DP-fwdX] L=32 states=1 -> 1
[DP-fwdX] L=32 states=1 -> 1
[DP-fwdX] L=32 states=1 -> 1
[DP-bwdX] L=48 states=1 -> 3
[DP-bwdX] L=48 states=1 -> 3
[DP-bwdX] L=48 states=1 -> 3
[DP-fwdX] L=48 states=1 -> 2
[DP-bwdX] L=64 states=1 -> 1
[DP-fwdX] L=48 states=1 -> 2
[DP-fwdX] L=48 states=1 -> 2
[DP-fwdX] L=48 states=1 -> 2
[DP-bwdX] L=64 states=1 -> 1
[DP-bwdX] L=64 states=1 -> 1
[DP-bwdX] L=64 states=1 -> 1
[RowSwapCTR] expand small 8x8 -> full 16x8  top_rows=4  bot_rows=4  ctr_rows=8  n_full=128
  [Round 83] T_prime=16  T_target=15  HPWL_w=472000000  HPWL_eq=472  maxL=23  WNS(T')=-7  WNS*(T)=-8  picked=1  solve_ms=17.5362
[OC-Shortest/pow2] m=8 h=8 SEG=4 bits=32 words=1 threads=24
[DP-fwdX] L=0 states=1 -> 1
[DP-fwdX] L=16 states=141 -> 164
[DP-bwdX] L=64 states=1 -> 1
[DP-bwdX] L=48 states=141 -> 164
[DP-fwdX] L=0 states=1 -> 1
[DP-bwdX] L=32 states=1 -> 1
[DP-fwdX] L=0 states=1 -> 1
[DP-bwdX] L=16 states=1 -> 2
[DP-fwdX] L=0 states=1 -> 1
[DP-fwdX] L=0 states=1 -> 1
[DP-fwdX] L=0 states=1 -> 1
[DP-bwdX] L=16 states=1 -> 2
[DP-bwdX] L=16 states=1 -> 2
[DP-bwdX] L=16 states=1 -> 2
[DP-fwdX] L=16 states=1 -> 3
[DP-bwdX] L=32 states=1 -> 1
[DP-fwdX] L=16 states=1 -> 3
[DP-fwdX] L=16 states=1 -> 3
[DP-fwdX] L=16 states=1 -> 3
[DP-bwdX] L=32 states=1 -> 1
[DP-bwdX] L=32 states=1 -> 1
[DP-bwdX] L=32 states=1 -> 1
[DP-fwdX] L=32 states=1 -> 1
[DP-bwdX] L=64 states=1 -> 1
[DP-fwdX] L=32 states=1 -> 1
[DP-bwdX] L=48 states=1 -> 3
[DP-fwdX] L=32 states=1 -> 1
[DP-fwdX] L=32 states=1 -> 1
[DP-fwdX] L=32 states=1 -> 1
[DP-bwdX] L=48 states=1 -> 3
[DP-bwdX] L=48 states=1 -> 3
[DP-bwdX] L=48 states=1 -> 3
[DP-fwdX] L=48 states=1 -> 2
[DP-bwdX] L=64 states=1 -> 1
[DP-fwdX] L=48 states=1 -> 2
[DP-fwdX] L=48 states=1 -> 2
[DP-fwdX] L=48 states=1 -> 2
[DP-bwdX] L=64 states=1 -> 1
[DP-bwdX] L=64 states=1 -> 1
[DP-bwdX] L=64 states=1 -> 1
[RowSwapCTR] expand small 8x8 -> full 16x8  top_rows=4  bot_rows=4  ctr_rows=8  n_full=128
  [Round 84] T_prime=16  T_target=15  HPWL_w=472000000  HPWL_eq=472  maxL=23  WNS(T')=-7  WNS*(T)=-8  picked=1  solve_ms=17.4099
[OC-Shortest/pow2] m=8 h=8 SEG=4 bits=32 words=1 threads=24
[DP-fwdX] L=0 states=1 -> 1
[DP-fwdX] L=16 states=141 -> 164
[DP-bwdX] L=64 states=1 -> 1
[DP-bwdX] L=48 states=141 -> 164
[DP-fwdX] L=0 states=1 -> 1
[DP-bwdX] L=32 states=1 -> 1
[DP-fwdX] L=0 states=1 -> 1
[DP-bwdX] L=16 states=1 -> 2
[DP-fwdX] L=0 states=1 -> 1
[DP-fwdX] L=0 states=1 -> 1
[DP-fwdX] L=0 states=1 -> 1
[DP-bwdX] L=16 states=1 -> 2
[DP-bwdX] L=16 states=1 -> 2
[DP-bwdX] L=16 states=1 -> 2
[DP-fwdX] L=16 states=1 -> 3
[DP-bwdX] L=32 states=1 -> 1
[DP-fwdX] L=16 states=1 -> 3
[DP-fwdX] L=16 states=1 -> 3
[DP-fwdX] L=16 states=1 -> 3
[DP-bwdX] L=32 states=1 -> 1
[DP-bwdX] L=32 states=1 -> 1
[DP-bwdX] L=32 states=1 -> 1
[DP-fwdX] L=32 states=1 -> 1
[DP-bwdX] L=64 states=1 -> 1
[DP-fwdX] L=32 states=1 -> 1
[DP-bwdX] L=48 states=1 -> 3
[DP-fwdX] L=32 states=1 -> 1
[DP-fwdX] L=32 states=1 -> 1
[DP-fwdX] L=32 states=1 -> 1
[DP-bwdX] L=48 states=1 -> 3
[DP-bwdX] L=48 states=1 -> 3
[DP-bwdX] L=48 states=1 -> 3
[DP-fwdX] L=48 states=1 -> 2
[DP-bwdX] L=64 states=1 -> 1
[DP-fwdX] L=48 states=1 -> 2
[DP-fwdX] L=48 states=1 -> 2
[DP-fwdX] L=48 states=1 -> 2
[DP-bwdX] L=64 states=1 -> 1
[DP-bwdX] L=64 states=1 -> 1
[DP-bwdX] L=64 states=1 -> 1
[RowSwapCTR] expand small 8x8 -> full 16x8  top_rows=4  bot_rows=4  ctr_rows=8  n_full=128
  [Round 85] T_prime=16  T_target=15  HPWL_w=472000000  HPWL_eq=472  maxL=23  WNS(T')=-7  WNS*(T)=-8  picked=1  solve_ms=17.4336
[OC-Shortest/pow2] m=8 h=8 SEG=4 bits=32 words=1 threads=24
[DP-fwdX] L=0 states=1 -> 1
[DP-fwdX] L=16 states=141 -> 164
[DP-bwdX] L=64 states=1 -> 1
[DP-bwdX] L=48 states=141 -> 164
[DP-fwdX] L=0 states=1 -> 1
[DP-bwdX] L=32 states=1 -> 1
[DP-fwdX] L=0 states=1 -> 1
[DP-bwdX] L=16 states=1 -> 2
[DP-fwdX] L=0 states=1 -> 1
[DP-fwdX] L=0 states=1 -> 1
[DP-fwdX] L=0 states=1 -> 1
[DP-bwdX] L=16 states=1 -> 2
[DP-bwdX] L=16 states=1 -> 2
[DP-bwdX] L=16 states=1 -> 2
[DP-fwdX] L=16 states=1 -> 3
[DP-bwdX] L=32 states=1 -> 1
[DP-fwdX] L=16 states=1 -> 3
[DP-fwdX] L=16 states=1 -> 3
[DP-fwdX] L=16 states=1 -> 3
[DP-bwdX] L=32 states=1 -> 1
[DP-bwdX] L=32 states=1 -> 1
[DP-bwdX] L=32 states=1 -> 1
[DP-fwdX] L=32 states=1 -> 1
[DP-bwdX] L=64 states=1 -> 1
[DP-fwdX] L=32 states=1 -> 1
[DP-bwdX] L=48 states=1 -> 3
[DP-fwdX] L=32 states=1 -> 1
[DP-fwdX] L=32 states=1 -> 1
[DP-fwdX] L=32 states=1 -> 1
[DP-bwdX] L=48 states=1 -> 3
[DP-bwdX] L=48 states=1 -> 3
[DP-bwdX] L=48 states=1 -> 3
[DP-fwdX] L=48 states=1 -> 2
[DP-bwdX] L=64 states=1 -> 1
[DP-fwdX] L=48 states=1 -> 2
[DP-fwdX] L=48 states=1 -> 2
[DP-fwdX] L=48 states=1 -> 2
[DP-bwdX] L=64 states=1 -> 1
[DP-bwdX] L=64 states=1 -> 1
[DP-bwdX] L=64 states=1 -> 1
[RowSwapCTR] expand small 8x8 -> full 16x8  top_rows=4  bot_rows=4  ctr_rows=8  n_full=128
  [Round 86] T_prime=16  T_target=15  HPWL_w=472000000  HPWL_eq=472  maxL=23  WNS(T')=-7  WNS*(T)=-8  picked=1  solve_ms=17.4007
[OC-Shortest/pow2] m=8 h=8 SEG=4 bits=32 words=1 threads=24
[DP-fwdX] L=0 states=1 -> 1
[DP-fwdX] L=16 states=141 -> 164
[DP-bwdX] L=64 states=1 -> 1
[DP-bwdX] L=48 states=141 -> 164
[DP-fwdX] L=0 states=1 -> 1
[DP-bwdX] L=32 states=1 -> 1
[DP-fwdX] L=0 states=1 -> 1
[DP-bwdX] L=16 states=1 -> 2
[DP-fwdX] L=0 states=1 -> 1
[DP-fwdX] L=0 states=1 -> 1
[DP-fwdX] L=0 states=1 -> 1
[DP-bwdX] L=16 states=1 -> 2
[DP-bwdX] L=16 states=1 -> 2
[DP-bwdX] L=16 states=1 -> 2
[DP-fwdX] L=16 states=1 -> 3
[DP-bwdX] L=32 states=1 -> 1
[DP-fwdX] L=16 states=1 -> 3
[DP-fwdX] L=16 states=1 -> 3
[DP-fwdX] L=16 states=1 -> 3
[DP-bwdX] L=32 states=1 -> 1
[DP-bwdX] L=32 states=1 -> 1
[DP-bwdX] L=32 states=1 -> 1
[DP-fwdX] L=32 states=1 -> 1
[DP-bwdX] L=64 states=1 -> 1
[DP-fwdX] L=32 states=1 -> 1
[DP-bwdX] L=48 states=1 -> 3
[DP-fwdX] L=32 states=1 -> 1
[DP-fwdX] L=32 states=1 -> 1
[DP-fwdX] L=32 states=1 -> 1
[DP-bwdX] L=48 states=1 -> 3
[DP-bwdX] L=48 states=1 -> 3
[DP-bwdX] L=48 states=1 -> 3
[DP-fwdX] L=48 states=1 -> 2
[DP-bwdX] L=64 states=1 -> 1
[DP-fwdX] L=48 states=1 -> 2
[DP-fwdX] L=48 states=1 -> 2
[DP-fwdX] L=48 states=1 -> 2
[DP-bwdX] L=64 states=1 -> 1
[DP-bwdX] L=64 states=1 -> 1
[DP-bwdX] L=64 states=1 -> 1
[RowSwapCTR] expand small 8x8 -> full 16x8  top_rows=4  bot_rows=4  ctr_rows=8  n_full=128
  [Round 87] T_prime=16  T_target=15  HPWL_w=472000000  HPWL_eq=472  maxL=23  WNS(T')=-7  WNS*(T)=-8  picked=1  solve_ms=17.7353
[OC-Shortest/pow2] m=8 h=8 SEG=4 bits=32 words=1 threads=24
[DP-fwdX] L=0 states=1 -> 1
[DP-fwdX] L=16 states=141 -> 164
[DP-bwdX] L=64 states=1 -> 1
[DP-bwdX] L=48 states=141 -> 164
[DP-fwdX] L=0 states=1 -> 1
[DP-bwdX] L=32 states=1 -> 1
[DP-fwdX] L=0 states=1 -> 1
[DP-bwdX] L=16 states=1 -> 2
[DP-fwdX] L=0 states=1 -> 1
[DP-fwdX] L=0 states=1 -> 1
[DP-fwdX] L=0 states=1 -> 1
[DP-bwdX] L=16 states=1 -> 2
[DP-bwdX] L=16 states=1 -> 2
[DP-bwdX] L=16 states=1 -> 2
[DP-fwdX] L=16 states=1 -> 3
[DP-bwdX] L=32 states=1 -> 1
[DP-fwdX] L=16 states=1 -> 3
[DP-fwdX] L=16 states=1 -> 3
[DP-fwdX] L=16 states=1 -> 3
[DP-bwdX] L=32 states=1 -> 1
[DP-bwdX] L=32 states=1 -> 1
[DP-bwdX] L=32 states=1 -> 1
[DP-fwdX] L=32 states=1 -> 1
[DP-bwdX] L=64 states=1 -> 1
[DP-fwdX] L=32 states=1 -> 1
[DP-bwdX] L=48 states=1 -> 3
[DP-fwdX] L=32 states=1 -> 1
[DP-fwdX] L=32 states=1 -> 1
[DP-fwdX] L=32 states=1 -> 1
[DP-bwdX] L=48 states=1 -> 3
[DP-bwdX] L=48 states=1 -> 3
[DP-bwdX] L=48 states=1 -> 3
[DP-fwdX] L=48 states=1 -> 2
[DP-bwdX] L=64 states=1 -> 1
[DP-fwdX] L=48 states=1 -> 2
[DP-fwdX] L=48 states=1 -> 2
[DP-fwdX] L=48 states=1 -> 2
[DP-bwdX] L=64 states=1 -> 1
[DP-bwdX] L=64 states=1 -> 1
[DP-bwdX] L=64 states=1 -> 1
[RowSwapCTR] expand small 8x8 -> full 16x8  top_rows=4  bot_rows=4  ctr_rows=8  n_full=128
  [Round 88] T_prime=16  T_target=15  HPWL_w=472000000  HPWL_eq=472  maxL=23  WNS(T')=-7  WNS*(T)=-8  picked=1  solve_ms=17.2929
[OC-Shortest/pow2] m=8 h=8 SEG=4 bits=32 words=1 threads=24
[DP-fwdX] L=0 states=1 -> 1
[DP-fwdX] L=16 states=141 -> 164
[DP-bwdX] L=64 states=1 -> 1
[DP-bwdX] L=48 states=141 -> 164
[DP-fwdX] L=0 states=1 -> 1
[DP-bwdX] L=32 states=1 -> 1
[DP-fwdX] L=0 states=1 -> 1
[DP-bwdX] L=16 states=1 -> 2
[DP-fwdX] L=0 states=1 -> 1
[DP-fwdX] L=0 states=1 -> 1
[DP-fwdX] L=0 states=1 -> 1
[DP-bwdX] L=16 states=1 -> 2
[DP-bwdX] L=16 states=1 -> 2
[DP-bwdX] L=16 states=1 -> 2
[DP-fwdX] L=16 states=1 -> 3
[DP-bwdX] L=32 states=1 -> 1
[DP-fwdX] L=16 states=1 -> 3
[DP-fwdX] L=16 states=1 -> 3
[DP-fwdX] L=16 states=1 -> 3
[DP-bwdX] L=32 states=1 -> 1
[DP-bwdX] L=32 states=1 -> 1
[DP-bwdX] L=32 states=1 -> 1
[DP-fwdX] L=32 states=1 -> 1
[DP-bwdX] L=64 states=1 -> 1
[DP-fwdX] L=32 states=1 -> 1
[DP-bwdX] L=48 states=1 -> 3
[DP-fwdX] L=32 states=1 -> 1
[DP-fwdX] L=32 states=1 -> 1
[DP-fwdX] L=32 states=1 -> 1
[DP-bwdX] L=48 states=1 -> 3
[DP-bwdX] L=48 states=1 -> 3
[DP-bwdX] L=48 states=1 -> 3
[DP-fwdX] L=48 states=1 -> 2
[DP-bwdX] L=64 states=1 -> 1
[DP-fwdX] L=48 states=1 -> 2
[DP-fwdX] L=48 states=1 -> 2
[DP-fwdX] L=48 states=1 -> 2
[DP-bwdX] L=64 states=1 -> 1
[DP-bwdX] L=64 states=1 -> 1
[DP-bwdX] L=64 states=1 -> 1
[RowSwapCTR] expand small 8x8 -> full 16x8  top_rows=4  bot_rows=4  ctr_rows=8  n_full=128
  [Round 89] T_prime=16  T_target=15  HPWL_w=472000000  HPWL_eq=472  maxL=23  WNS(T')=-7  WNS*(T)=-8  picked=1  solve_ms=17.4459
[OC-Shortest/pow2] m=8 h=8 SEG=4 bits=32 words=1 threads=24
[DP-fwdX] L=0 states=1 -> 1
[DP-fwdX] L=16 states=141 -> 164
[DP-bwdX] L=64 states=1 -> 1
[DP-bwdX] L=48 states=141 -> 164
[DP-fwdX] L=0 states=1 -> 1
[DP-bwdX] L=32 states=1 -> 1
[DP-fwdX] L=0 states=1 -> 1
[DP-bwdX] L=16 states=1 -> 2
[DP-fwdX] L=0 states=1 -> 1
[DP-fwdX] L=0 states=1 -> 1
[DP-fwdX] L=0 states=1 -> 1
[DP-bwdX] L=16 states=1 -> 2
[DP-bwdX] L=16 states=1 -> 2
[DP-bwdX] L=16 states=1 -> 2
[DP-fwdX] L=16 states=1 -> 3
[DP-bwdX] L=32 states=1 -> 1
[DP-fwdX] L=16 states=1 -> 3
[DP-fwdX] L=16 states=1 -> 3
[DP-fwdX] L=16 states=1 -> 3
[DP-bwdX] L=32 states=1 -> 1
[DP-bwdX] L=32 states=1 -> 1
[DP-bwdX] L=32 states=1 -> 1
[DP-fwdX] L=32 states=1 -> 1
[DP-bwdX] L=64 states=1 -> 1
[DP-fwdX] L=32 states=1 -> 1
[DP-bwdX] L=48 states=1 -> 3
[DP-fwdX] L=32 states=1 -> 1
[DP-fwdX] L=32 states=1 -> 1
[DP-fwdX] L=32 states=1 -> 1
[DP-bwdX] L=48 states=1 -> 3
[DP-bwdX] L=48 states=1 -> 3
[DP-bwdX] L=48 states=1 -> 3
[DP-fwdX] L=48 states=1 -> 2
[DP-bwdX] L=64 states=1 -> 1
[DP-fwdX] L=48 states=1 -> 2
[DP-fwdX] L=48 states=1 -> 2
[DP-fwdX] L=48 states=1 -> 2
[DP-bwdX] L=64 states=1 -> 1
[DP-bwdX] L=64 states=1 -> 1
[DP-bwdX] L=64 states=1 -> 1
[RowSwapCTR] expand small 8x8 -> full 16x8  top_rows=4  bot_rows=4  ctr_rows=8  n_full=128
  [Round 90] T_prime=16  T_target=15  HPWL_w=472000000  HPWL_eq=472  maxL=23  WNS(T')=-7  WNS*(T)=-8  picked=1  solve_ms=17.3375
[OC-Shortest/pow2] m=8 h=8 SEG=4 bits=32 words=1 threads=24
[DP-fwdX] L=0 states=1 -> 1
[DP-fwdX] L=16 states=141 -> 164
[DP-bwdX] L=64 states=1 -> 1
[DP-bwdX] L=48 states=141 -> 164
[DP-fwdX] L=0 states=1 -> 1
[DP-bwdX] L=32 states=1 -> 1
[DP-fwdX] L=0 states=1 -> 1
[DP-bwdX] L=16 states=1 -> 2
[DP-fwdX] L=0 states=1 -> 1
[DP-fwdX] L=0 states=1 -> 1
[DP-fwdX] L=0 states=1 -> 1
[DP-bwdX] L=16 states=1 -> 2
[DP-bwdX] L=16 states=1 -> 2
[DP-bwdX] L=16 states=1 -> 2
[DP-fwdX] L=16 states=1 -> 3
[DP-bwdX] L=32 states=1 -> 1
[DP-fwdX] L=16 states=1 -> 3
[DP-fwdX] L=16 states=1 -> 3
[DP-fwdX] L=16 states=1 -> 3
[DP-bwdX] L=32 states=1 -> 1
[DP-bwdX] L=32 states=1 -> 1
[DP-bwdX] L=32 states=1 -> 1
[DP-fwdX] L=32 states=1 -> 1
[DP-bwdX] L=64 states=1 -> 1
[DP-fwdX] L=32 states=1 -> 1
[DP-bwdX] L=48 states=1 -> 3
[DP-fwdX] L=32 states=1 -> 1
[DP-fwdX] L=32 states=1 -> 1
[DP-fwdX] L=32 states=1 -> 1
[DP-bwdX] L=48 states=1 -> 3
[DP-bwdX] L=48 states=1 -> 3
[DP-bwdX] L=48 states=1 -> 3
[DP-fwdX] L=48 states=1 -> 2
[DP-bwdX] L=64 states=1 -> 1
[DP-fwdX] L=48 states=1 -> 2
[DP-fwdX] L=48 states=1 -> 2
[DP-fwdX] L=48 states=1 -> 2
[DP-bwdX] L=64 states=1 -> 1
[DP-bwdX] L=64 states=1 -> 1
[DP-bwdX] L=64 states=1 -> 1
[RowSwapCTR] expand small 8x8 -> full 16x8  top_rows=4  bot_rows=4  ctr_rows=8  n_full=128
  [Round 91] T_prime=16  T_target=15  HPWL_w=472000000  HPWL_eq=472  maxL=23  WNS(T')=-7  WNS*(T)=-8  picked=1  solve_ms=17.373
[OC-Shortest/pow2] m=8 h=8 SEG=4 bits=32 words=1 threads=24
[DP-fwdX] L=0 states=1 -> 1
[DP-fwdX] L=16 states=141 -> 164
[DP-bwdX] L=64 states=1 -> 1
[DP-bwdX] L=48 states=141 -> 164
[DP-fwdX] L=0 states=1 -> 1
[DP-bwdX] L=32 states=1 -> 1
[DP-fwdX] L=0 states=1 -> 1
[DP-bwdX] L=16 states=1 -> 2
[DP-fwdX] L=0 states=1 -> 1
[DP-fwdX] L=0 states=1 -> 1
[DP-fwdX] L=0 states=1 -> 1
[DP-bwdX] L=16 states=1 -> 2
[DP-bwdX] L=16 states=1 -> 2
[DP-bwdX] L=16 states=1 -> 2
[DP-fwdX] L=16 states=1 -> 3
[DP-bwdX] L=32 states=1 -> 1
[DP-fwdX] L=16 states=1 -> 3
[DP-fwdX] L=16 states=1 -> 3
[DP-fwdX] L=16 states=1 -> 3
[DP-bwdX] L=32 states=1 -> 1
[DP-bwdX] L=32 states=1 -> 1
[DP-bwdX] L=32 states=1 -> 1
[DP-fwdX] L=32 states=1 -> 1
[DP-bwdX] L=64 states=1 -> 1
[DP-fwdX] L=32 states=1 -> 1
[DP-bwdX] L=48 states=1 -> 3
[DP-fwdX] L=32 states=1 -> 1
[DP-fwdX] L=32 states=1 -> 1
[DP-fwdX] L=32 states=1 -> 1
[DP-bwdX] L=48 states=1 -> 3
[DP-bwdX] L=48 states=1 -> 3
[DP-bwdX] L=48 states=1 -> 3
[DP-fwdX] L=48 states=1 -> 2
[DP-bwdX] L=64 states=1 -> 1
[DP-fwdX] L=48 states=1 -> 2
[DP-fwdX] L=48 states=1 -> 2
[DP-fwdX] L=48 states=1 -> 2
[DP-bwdX] L=64 states=1 -> 1
[DP-bwdX] L=64 states=1 -> 1
[DP-bwdX] L=64 states=1 -> 1
[RowSwapCTR] expand small 8x8 -> full 16x8  top_rows=4  bot_rows=4  ctr_rows=8  n_full=128
  [Round 92] T_prime=16  T_target=15  HPWL_w=472000000  HPWL_eq=472  maxL=23  WNS(T')=-7  WNS*(T)=-8  picked=1  solve_ms=17.4084
[OC-Shortest/pow2] m=8 h=8 SEG=4 bits=32 words=1 threads=24
[DP-fwdX] L=0 states=1 -> 1
[DP-fwdX] L=16 states=141 -> 164
[DP-bwdX] L=64 states=1 -> 1
[DP-bwdX] L=48 states=141 -> 164
[DP-fwdX] L=0 states=1 -> 1
[DP-bwdX] L=32 states=1 -> 1
[DP-fwdX] L=0 states=1 -> 1
[DP-bwdX] L=16 states=1 -> 2
[DP-fwdX] L=0 states=1 -> 1
[DP-fwdX] L=0 states=1 -> 1
[DP-fwdX] L=0 states=1 -> 1
[DP-bwdX] L=16 states=1 -> 2
[DP-bwdX] L=16 states=1 -> 2
[DP-bwdX] L=16 states=1 -> 2
[DP-fwdX] L=16 states=1 -> 3
[DP-bwdX] L=32 states=1 -> 1
[DP-fwdX] L=16 states=1 -> 3
[DP-fwdX] L=16 states=1 -> 3
[DP-fwdX] L=16 states=1 -> 3
[DP-bwdX] L=32 states=1 -> 1
[DP-bwdX] L=32 states=1 -> 1
[DP-bwdX] L=32 states=1 -> 1
[DP-fwdX] L=32 states=1 -> 1
[DP-bwdX] L=64 states=1 -> 1
[DP-fwdX] L=32 states=1 -> 1
[DP-bwdX] L=48 states=1 -> 3
[DP-fwdX] L=32 states=1 -> 1
[DP-fwdX] L=32 states=1 -> 1
[DP-fwdX] L=32 states=1 -> 1
[DP-bwdX] L=48 states=1 -> 3
[DP-bwdX] L=48 states=1 -> 3
[DP-bwdX] L=48 states=1 -> 3
[DP-fwdX] L=48 states=1 -> 2
[DP-bwdX] L=64 states=1 -> 1
[DP-fwdX] L=48 states=1 -> 2
[DP-fwdX] L=48 states=1 -> 2
[DP-fwdX] L=48 states=1 -> 2
[DP-bwdX] L=64 states=1 -> 1
[DP-bwdX] L=64 states=1 -> 1
[DP-bwdX] L=64 states=1 -> 1
[RowSwapCTR] expand small 8x8 -> full 16x8  top_rows=4  bot_rows=4  ctr_rows=8  n_full=128
  [Round 93] T_prime=16  T_target=15  HPWL_w=472000000  HPWL_eq=472  maxL=23  WNS(T')=-7  WNS*(T)=-8  picked=1  solve_ms=17.5208
[OC-Shortest/pow2] m=8 h=8 SEG=4 bits=32 words=1 threads=24
[DP-fwdX] L=0 states=1 -> 1
[DP-fwdX] L=16 states=141 -> 164
[DP-bwdX] L=64 states=1 -> 1
[DP-bwdX] L=48 states=141 -> 164
[DP-fwdX] L=0 states=1 -> 1
[DP-bwdX] L=32 states=1 -> 1
[DP-fwdX] L=0 states=1 -> 1
[DP-bwdX] L=16 states=1 -> 2
[DP-fwdX] L=0 states=1 -> 1
[DP-fwdX] L=0 states=1 -> 1
[DP-fwdX] L=0 states=1 -> 1
[DP-bwdX] L=16 states=1 -> 2
[DP-bwdX] L=16 states=1 -> 2
[DP-bwdX] L=16 states=1 -> 2
[DP-fwdX] L=16 states=1 -> 3
[DP-bwdX] L=32 states=1 -> 1
[DP-fwdX] L=16 states=1 -> 3
[DP-fwdX] L=16 states=1 -> 3
[DP-fwdX] L=16 states=1 -> 3
[DP-bwdX] L=32 states=1 -> 1
[DP-bwdX] L=32 states=1 -> 1
[DP-bwdX] L=32 states=1 -> 1
[DP-fwdX] L=32 states=1 -> 1
[DP-bwdX] L=64 states=1 -> 1
[DP-fwdX] L=32 states=1 -> 1
[DP-bwdX] L=48 states=1 -> 3
[DP-fwdX] L=32 states=1 -> 1
[DP-fwdX] L=32 states=1 -> 1
[DP-fwdX] L=32 states=1 -> 1
[DP-bwdX] L=48 states=1 -> 3
[DP-bwdX] L=48 states=1 -> 3
[DP-bwdX] L=48 states=1 -> 3
[DP-fwdX] L=48 states=1 -> 2
[DP-bwdX] L=64 states=1 -> 1
[DP-fwdX] L=48 states=1 -> 2
[DP-fwdX] L=48 states=1 -> 2
[DP-fwdX] L=48 states=1 -> 2
[DP-bwdX] L=64 states=1 -> 1
[DP-bwdX] L=64 states=1 -> 1
[DP-bwdX] L=64 states=1 -> 1
[RowSwapCTR] expand small 8x8 -> full 16x8  top_rows=4  bot_rows=4  ctr_rows=8  n_full=128
  [Round 94] T_prime=16  T_target=15  HPWL_w=472000000  HPWL_eq=472  maxL=23  WNS(T')=-7  WNS*(T)=-8  picked=1  solve_ms=17.367
[OC-Shortest/pow2] m=8 h=8 SEG=4 bits=32 words=1 threads=24
[DP-fwdX] L=0 states=1 -> 1
[DP-fwdX] L=16 states=141 -> 164
[DP-bwdX] L=64 states=1 -> 1
[DP-bwdX] L=48 states=141 -> 164
[DP-fwdX] L=0 states=1 -> 1
[DP-bwdX] L=32 states=1 -> 1
[DP-fwdX] L=0 states=1 -> 1
[DP-bwdX] L=16 states=1 -> 2
[DP-fwdX] L=0 states=1 -> 1
[DP-fwdX] L=0 states=1 -> 1
[DP-fwdX] L=0 states=1 -> 1
[DP-bwdX] L=16 states=1 -> 2
[DP-bwdX] L=16 states=1 -> 2
[DP-bwdX] L=16 states=1 -> 2
[DP-fwdX] L=16 states=1 -> 3
[DP-bwdX] L=32 states=1 -> 1
[DP-fwdX] L=16 states=1 -> 3
[DP-fwdX] L=16 states=1 -> 3
[DP-fwdX] L=16 states=1 -> 3
[DP-bwdX] L=32 states=1 -> 1
[DP-bwdX] L=32 states=1 -> 1
[DP-bwdX] L=32 states=1 -> 1
[DP-fwdX] L=32 states=1 -> 1
[DP-bwdX] L=64 states=1 -> 1
[DP-fwdX] L=32 states=1 -> 1
[DP-bwdX] L=48 states=1 -> 3
[DP-fwdX] L=32 states=1 -> 1
[DP-fwdX] L=32 states=1 -> 1
[DP-fwdX] L=32 states=1 -> 1
[DP-bwdX] L=48 states=1 -> 3
[DP-bwdX] L=48 states=1 -> 3
[DP-bwdX] L=48 states=1 -> 3
[DP-fwdX] L=48 states=1 -> 2
[DP-bwdX] L=64 states=1 -> 1
[DP-fwdX] L=48 states=1 -> 2
[DP-fwdX] L=48 states=1 -> 2
[DP-fwdX] L=48 states=1 -> 2
[DP-bwdX] L=64 states=1 -> 1
[DP-bwdX] L=64 states=1 -> 1
[DP-bwdX] L=64 states=1 -> 1
[RowSwapCTR] expand small 8x8 -> full 16x8  top_rows=4  bot_rows=4  ctr_rows=8  n_full=128
  [Round 95] T_prime=16  T_target=15  HPWL_w=472000000  HPWL_eq=472  maxL=23  WNS(T')=-7  WNS*(T)=-8  picked=1  solve_ms=17.4285
[OC-Shortest/pow2] m=8 h=8 SEG=4 bits=32 words=1 threads=24
[DP-fwdX] L=0 states=1 -> 1
[DP-fwdX] L=16 states=141 -> 164
[DP-bwdX] L=64 states=1 -> 1
[DP-bwdX] L=48 states=141 -> 164
[DP-fwdX] L=0 states=1 -> 1
[DP-bwdX] L=32 states=1 -> 1
[DP-fwdX] L=0 states=1 -> 1
[DP-bwdX] L=16 states=1 -> 2
[DP-fwdX] L=0 states=1 -> 1
[DP-fwdX] L=0 states=1 -> 1
[DP-fwdX] L=0 states=1 -> 1
[DP-bwdX] L=16 states=1 -> 2
[DP-bwdX] L=16 states=1 -> 2
[DP-bwdX] L=16 states=1 -> 2
[DP-fwdX] L=16 states=1 -> 3
[DP-bwdX] L=32 states=1 -> 1
[DP-fwdX] L=16 states=1 -> 3
[DP-fwdX] L=16 states=1 -> 3
[DP-fwdX] L=16 states=1 -> 3
[DP-bwdX] L=32 states=1 -> 1
[DP-bwdX] L=32 states=1 -> 1
[DP-bwdX] L=32 states=1 -> 1
[DP-fwdX] L=32 states=1 -> 1
[DP-bwdX] L=64 states=1 -> 1
[DP-fwdX] L=32 states=1 -> 1
[DP-bwdX] L=48 states=1 -> 3
[DP-fwdX] L=32 states=1 -> 1
[DP-fwdX] L=32 states=1 -> 1
[DP-fwdX] L=32 states=1 -> 1
[DP-bwdX] L=48 states=1 -> 3
[DP-bwdX] L=48 states=1 -> 3
[DP-bwdX] L=48 states=1 -> 3
[DP-fwdX] L=48 states=1 -> 2
[DP-bwdX] L=64 states=1 -> 1
[DP-fwdX] L=48 states=1 -> 2
[DP-fwdX] L=48 states=1 -> 2
[DP-fwdX] L=48 states=1 -> 2
[DP-bwdX] L=64 states=1 -> 1
[DP-bwdX] L=64 states=1 -> 1
[DP-bwdX] L=64 states=1 -> 1
[RowSwapCTR] expand small 8x8 -> full 16x8  top_rows=4  bot_rows=4  ctr_rows=8  n_full=128
  [Round 96] T_prime=16  T_target=15  HPWL_w=472000000  HPWL_eq=472  maxL=23  WNS(T')=-7  WNS*(T)=-8  picked=1  solve_ms=17.4397
[OC-Shortest/pow2] m=8 h=8 SEG=4 bits=32 words=1 threads=24
[DP-fwdX] L=0 states=1 -> 1
[DP-fwdX] L=16 states=141 -> 164
[DP-bwdX] L=64 states=1 -> 1
[DP-bwdX] L=48 states=141 -> 164
[DP-fwdX] L=0 states=1 -> 1
[DP-bwdX] L=32 states=1 -> 1
[DP-fwdX] L=0 states=1 -> 1
[DP-bwdX] L=16 states=1 -> 2
[DP-fwdX] L=0 states=1 -> 1
[DP-fwdX] L=0 states=1 -> 1
[DP-fwdX] L=0 states=1 -> 1
[DP-bwdX] L=16 states=1 -> 2
[DP-bwdX] L=16 states=1 -> 2
[DP-bwdX] L=16 states=1 -> 2
[DP-fwdX] L=16 states=1 -> 3
[DP-bwdX] L=32 states=1 -> 1
[DP-fwdX] L=16 states=1 -> 3
[DP-fwdX] L=16 states=1 -> 3
[DP-fwdX] L=16 states=1 -> 3
[DP-bwdX] L=32 states=1 -> 1
[DP-bwdX] L=32 states=1 -> 1
[DP-bwdX] L=32 states=1 -> 1
[DP-fwdX] L=32 states=1 -> 1
[DP-bwdX] L=64 states=1 -> 1
[DP-fwdX] L=32 states=1 -> 1
[DP-bwdX] L=48 states=1 -> 3
[DP-fwdX] L=32 states=1 -> 1
[DP-fwdX] L=32 states=1 -> 1
[DP-fwdX] L=32 states=1 -> 1
[DP-bwdX] L=48 states=1 -> 3
[DP-bwdX] L=48 states=1 -> 3
[DP-bwdX] L=48 states=1 -> 3
[DP-fwdX] L=48 states=1 -> 2
[DP-bwdX] L=64 states=1 -> 1
[DP-fwdX] L=48 states=1 -> 2
[DP-fwdX] L=48 states=1 -> 2
[DP-fwdX] L=48 states=1 -> 2
[DP-bwdX] L=64 states=1 -> 1
[DP-bwdX] L=64 states=1 -> 1
[DP-bwdX] L=64 states=1 -> 1
[RowSwapCTR] expand small 8x8 -> full 16x8  top_rows=4  bot_rows=4  ctr_rows=8  n_full=128
  [Round 97] T_prime=16  T_target=15  HPWL_w=472000000  HPWL_eq=472  maxL=23  WNS(T')=-7  WNS*(T)=-8  picked=1  solve_ms=17.2351
[OC-Shortest/pow2] m=8 h=8 SEG=4 bits=32 words=1 threads=24
[DP-fwdX] L=0 states=1 -> 1
[DP-fwdX] L=16 states=141 -> 164
[DP-bwdX] L=64 states=1 -> 1
[DP-bwdX] L=48 states=141 -> 164
[DP-fwdX] L=0 states=1 -> 1
[DP-bwdX] L=32 states=1 -> 1
[DP-fwdX] L=0 states=1 -> 1
[DP-bwdX] L=16 states=1 -> 2
[DP-fwdX] L=0 states=1 -> 1
[DP-fwdX] L=0 states=1 -> 1
[DP-fwdX] L=0 states=1 -> 1
[DP-bwdX] L=16 states=1 -> 2
[DP-bwdX] L=16 states=1 -> 2
[DP-bwdX] L=16 states=1 -> 2
[DP-fwdX] L=16 states=1 -> 3
[DP-bwdX] L=32 states=1 -> 1
[DP-fwdX] L=16 states=1 -> 3
[DP-fwdX] L=16 states=1 -> 3
[DP-fwdX] L=16 states=1 -> 3
[DP-bwdX] L=32 states=1 -> 1
[DP-bwdX] L=32 states=1 -> 1
[DP-bwdX] L=32 states=1 -> 1
[DP-fwdX] L=32 states=1 -> 1
[DP-bwdX] L=64 states=1 -> 1
[DP-fwdX] L=32 states=1 -> 1
[DP-bwdX] L=48 states=1 -> 3
[DP-fwdX] L=32 states=1 -> 1
[DP-fwdX] L=32 states=1 -> 1
[DP-fwdX] L=32 states=1 -> 1
[DP-bwdX] L=48 states=1 -> 3
[DP-bwdX] L=48 states=1 -> 3
[DP-bwdX] L=48 states=1 -> 3
[DP-fwdX] L=48 states=1 -> 2
[DP-bwdX] L=64 states=1 -> 1
[DP-fwdX] L=48 states=1 -> 2
[DP-fwdX] L=48 states=1 -> 2
[DP-fwdX] L=48 states=1 -> 2
[DP-bwdX] L=64 states=1 -> 1
[DP-bwdX] L=64 states=1 -> 1
[DP-bwdX] L=64 states=1 -> 1
[RowSwapCTR] expand small 8x8 -> full 16x8  top_rows=4  bot_rows=4  ctr_rows=8  n_full=128
  [Round 98] T_prime=16  T_target=15  HPWL_w=472000000  HPWL_eq=472  maxL=23  WNS(T')=-7  WNS*(T)=-8  picked=1  solve_ms=17.3753
[OC-Shortest/pow2] m=8 h=8 SEG=4 bits=32 words=1 threads=24
[DP-fwdX] L=0 states=1 -> 1
[DP-fwdX] L=16 states=141 -> 164
[DP-bwdX] L=64 states=1 -> 1
[DP-bwdX] L=48 states=141 -> 164
[DP-fwdX] L=0 states=1 -> 1
[DP-bwdX] L=32 states=1 -> 1
[DP-fwdX] L=0 states=1 -> 1
[DP-bwdX] L=16 states=1 -> 2
[DP-fwdX] L=0 states=1 -> 1
[DP-fwdX] L=0 states=1 -> 1
[DP-fwdX] L=0 states=1 -> 1
[DP-bwdX] L=16 states=1 -> 2
[DP-bwdX] L=16 states=1 -> 2
[DP-bwdX] L=16 states=1 -> 2
[DP-fwdX] L=16 states=1 -> 3
[DP-bwdX] L=32 states=1 -> 1
[DP-fwdX] L=16 states=1 -> 3
[DP-fwdX] L=16 states=1 -> 3
[DP-fwdX] L=16 states=1 -> 3
[DP-bwdX] L=32 states=1 -> 1
[DP-bwdX] L=32 states=1 -> 1
[DP-bwdX] L=32 states=1 -> 1
[DP-fwdX] L=32 states=1 -> 1
[DP-bwdX] L=64 states=1 -> 1
[DP-fwdX] L=32 states=1 -> 1
[DP-bwdX] L=48 states=1 -> 3
[DP-fwdX] L=32 states=1 -> 1
[DP-fwdX] L=32 states=1 -> 1
[DP-fwdX] L=32 states=1 -> 1
[DP-bwdX] L=48 states=1 -> 3
[DP-bwdX] L=48 states=1 -> 3
[DP-bwdX] L=48 states=1 -> 3
[DP-fwdX] L=48 states=1 -> 2
[DP-bwdX] L=64 states=1 -> 1
[DP-fwdX] L=48 states=1 -> 2
[DP-fwdX] L=48 states=1 -> 2
[DP-fwdX] L=48 states=1 -> 2
[DP-bwdX] L=64 states=1 -> 1
[DP-bwdX] L=64 states=1 -> 1
[DP-bwdX] L=64 states=1 -> 1
[RowSwapCTR] expand small 8x8 -> full 16x8  top_rows=4  bot_rows=4  ctr_rows=8  n_full=128
  [Round 99] T_prime=16  T_target=15  HPWL_w=472000000  HPWL_eq=472  maxL=23  WNS(T')=-7  WNS*(T)=-8  picked=1  solve_ms=17.2546
[OC-Shortest/pow2] m=8 h=8 SEG=4 bits=32 words=1 threads=24
[DP-fwdX] L=0 states=1 -> 1
[DP-fwdX] L=16 states=141 -> 164
[DP-bwdX] L=64 states=1 -> 1
[DP-bwdX] L=48 states=141 -> 164
[DP-fwdX] L=0 states=1 -> 1
[DP-bwdX] L=32 states=1 -> 1
[DP-fwdX] L=0 states=1 -> 1
[DP-bwdX] L=16 states=1 -> 2
[DP-fwdX] L=0 states=1 -> 1
[DP-fwdX] L=0 states=1 -> 1
[DP-fwdX] L=0 states=1 -> 1
[DP-bwdX] L=16 states=1 -> 2
[DP-bwdX] L=16 states=1 -> 2
[DP-bwdX] L=16 states=1 -> 2
[DP-fwdX] L=16 states=1 -> 3
[DP-bwdX] L=32 states=1 -> 1
[DP-fwdX] L=16 states=1 -> 3
[DP-fwdX] L=16 states=1 -> 3
[DP-fwdX] L=16 states=1 -> 3
[DP-bwdX] L=32 states=1 -> 1
[DP-bwdX] L=32 states=1 -> 1
[DP-bwdX] L=32 states=1 -> 1
[DP-fwdX] L=32 states=1 -> 1
[DP-bwdX] L=64 states=1 -> 1
[DP-fwdX] L=32 states=1 -> 1
[DP-bwdX] L=48 states=1 -> 3
[DP-fwdX] L=32 states=1 -> 1
[DP-fwdX] L=32 states=1 -> 1
[DP-fwdX] L=32 states=1 -> 1
[DP-bwdX] L=48 states=1 -> 3
[DP-bwdX] L=48 states=1 -> 3
[DP-bwdX] L=48 states=1 -> 3
[DP-fwdX] L=48 states=1 -> 2
[DP-bwdX] L=64 states=1 -> 1
[DP-fwdX] L=48 states=1 -> 2
[DP-fwdX] L=48 states=1 -> 2
[DP-fwdX] L=48 states=1 -> 2
[DP-bwdX] L=64 states=1 -> 1
[DP-bwdX] L=64 states=1 -> 1
[DP-bwdX] L=64 states=1 -> 1
[RowSwapCTR] expand small 8x8 -> full 16x8  top_rows=4  bot_rows=4  ctr_rows=8  n_full=128
  [Round 100] T_prime=16  T_target=15  HPWL_w=472000000  HPWL_eq=472  maxL=23  WNS(T')=-7  WNS*(T)=-8  picked=1  solve_ms=17.3084
[OC-Shortest/pow2] m=8 h=8 SEG=4 bits=32 words=1 threads=24
[DP-fwdX] L=0 states=1 -> 1
[DP-fwdX] L=16 states=141 -> 164
[DP-bwdX] L=64 states=1 -> 1
[DP-bwdX] L=48 states=141 -> 164
[DP-fwdX] L=0 states=1 -> 1
[DP-bwdX] L=32 states=1 -> 1
[DP-fwdX] L=0 states=1 -> 1
[DP-bwdX] L=16 states=1 -> 2
[DP-fwdX] L=0 states=1 -> 1
[DP-fwdX] L=0 states=1 -> 1
[DP-fwdX] L=0 states=1 -> 1
[DP-bwdX] L=16 states=1 -> 2
[DP-bwdX] L=16 states=1 -> 2
[DP-bwdX] L=16 states=1 -> 2
[DP-fwdX] L=16 states=1 -> 3
[DP-bwdX] L=32 states=1 -> 1
[DP-fwdX] L=16 states=1 -> 3
[DP-fwdX] L=16 states=1 -> 3
[DP-fwdX] L=16 states=1 -> 3
[DP-bwdX] L=32 states=1 -> 1
[DP-bwdX] L=32 states=1 -> 1
[DP-bwdX] L=32 states=1 -> 1
[DP-fwdX] L=32 states=1 -> 1
[DP-bwdX] L=64 states=1 -> 1
[DP-fwdX] L=32 states=1 -> 1
[DP-bwdX] L=48 states=1 -> 3
[DP-fwdX] L=32 states=1 -> 1
[DP-fwdX] L=32 states=1 -> 1
[DP-fwdX] L=32 states=1 -> 1
[DP-bwdX] L=48 states=1 -> 3
[DP-bwdX] L=48 states=1 -> 3
[DP-bwdX] L=48 states=1 -> 3
[DP-fwdX] L=48 states=1 -> 2
[DP-bwdX] L=64 states=1 -> 1
[DP-fwdX] L=48 states=1 -> 2
[DP-fwdX] L=48 states=1 -> 2
[DP-fwdX] L=48 states=1 -> 2
[DP-bwdX] L=64 states=1 -> 1
[DP-bwdX] L=64 states=1 -> 1
[DP-bwdX] L=64 states=1 -> 1
[RowSwapCTR] expand small 8x8 -> full 16x8  top_rows=4  bot_rows=4  ctr_rows=8  n_full=128
  [Round 101] T_prime=16  T_target=15  HPWL_w=472000000  HPWL_eq=472  maxL=23  WNS(T')=-7  WNS*(T)=-8  picked=1  solve_ms=17.5702
[OC-Shortest/pow2] m=8 h=8 SEG=4 bits=32 words=1 threads=24
[DP-fwdX] L=0 states=1 -> 1
[DP-fwdX] L=16 states=141 -> 164
[DP-bwdX] L=64 states=1 -> 1
[DP-bwdX] L=48 states=141 -> 164
[DP-fwdX] L=0 states=1 -> 1
[DP-bwdX] L=32 states=1 -> 1
[DP-fwdX] L=0 states=1 -> 1
[DP-bwdX] L=16 states=1 -> 2
[DP-fwdX] L=0 states=1 -> 1
[DP-fwdX] L=0 states=1 -> 1
[DP-fwdX] L=0 states=1 -> 1
[DP-bwdX] L=16 states=1 -> 2
[DP-bwdX] L=16 states=1 -> 2
[DP-bwdX] L=16 states=1 -> 2
[DP-fwdX] L=16 states=1 -> 3
[DP-bwdX] L=32 states=1 -> 1
[DP-fwdX] L=16 states=1 -> 3
[DP-fwdX] L=16 states=1 -> 3
[DP-fwdX] L=16 states=1 -> 3
[DP-bwdX] L=32 states=1 -> 1
[DP-bwdX] L=32 states=1 -> 1
[DP-bwdX] L=32 states=1 -> 1
[DP-fwdX] L=32 states=1 -> 1
[DP-bwdX] L=64 states=1 -> 1
[DP-fwdX] L=32 states=1 -> 1
[DP-bwdX] L=48 states=1 -> 3
[DP-fwdX] L=32 states=1 -> 1
[DP-fwdX] L=32 states=1 -> 1
[DP-fwdX] L=32 states=1 -> 1
[DP-bwdX] L=48 states=1 -> 3
[DP-bwdX] L=48 states=1 -> 3
[DP-bwdX] L=48 states=1 -> 3
[DP-fwdX] L=48 states=1 -> 2
[DP-bwdX] L=64 states=1 -> 1
[DP-fwdX] L=48 states=1 -> 2
[DP-fwdX] L=48 states=1 -> 2
[DP-fwdX] L=48 states=1 -> 2
[DP-bwdX] L=64 states=1 -> 1
[DP-bwdX] L=64 states=1 -> 1
[DP-bwdX] L=64 states=1 -> 1
[RowSwapCTR] expand small 8x8 -> full 16x8  top_rows=4  bot_rows=4  ctr_rows=8  n_full=128
  [Round 102] T_prime=16  T_target=15  HPWL_w=472000000  HPWL_eq=472  maxL=23  WNS(T')=-7  WNS*(T)=-8  picked=1  solve_ms=17.2726
[OC-Shortest/pow2] m=8 h=8 SEG=4 bits=32 words=1 threads=24
[DP-fwdX] L=0 states=1 -> 1
[DP-fwdX] L=16 states=141 -> 164
[DP-bwdX] L=64 states=1 -> 1
[DP-bwdX] L=48 states=141 -> 164
[DP-fwdX] L=0 states=1 -> 1
[DP-bwdX] L=32 states=1 -> 1
[DP-fwdX] L=0 states=1 -> 1
[DP-bwdX] L=16 states=1 -> 2
[DP-fwdX] L=0 states=1 -> 1
[DP-fwdX] L=0 states=1 -> 1
[DP-fwdX] L=0 states=1 -> 1
[DP-bwdX] L=16 states=1 -> 2
[DP-bwdX] L=16 states=1 -> 2
[DP-bwdX] L=16 states=1 -> 2
[DP-fwdX] L=16 states=1 -> 3
[DP-bwdX] L=32 states=1 -> 1
[DP-fwdX] L=16 states=1 -> 3
[DP-fwdX] L=16 states=1 -> 3
[DP-fwdX] L=16 states=1 -> 3
[DP-bwdX] L=32 states=1 -> 1
[DP-bwdX] L=32 states=1 -> 1
[DP-bwdX] L=32 states=1 -> 1
[DP-fwdX] L=32 states=1 -> 1
[DP-bwdX] L=64 states=1 -> 1
[DP-fwdX] L=32 states=1 -> 1
[DP-bwdX] L=48 states=1 -> 3
[DP-fwdX] L=32 states=1 -> 1
[DP-fwdX] L=32 states=1 -> 1
[DP-fwdX] L=32 states=1 -> 1
[DP-bwdX] L=48 states=1 -> 3
[DP-bwdX] L=48 states=1 -> 3
[DP-bwdX] L=48 states=1 -> 3
[DP-fwdX] L=48 states=1 -> 2
[DP-bwdX] L=64 states=1 -> 1
[DP-fwdX] L=48 states=1 -> 2
[DP-fwdX] L=48 states=1 -> 2
[DP-fwdX] L=48 states=1 -> 2
[DP-bwdX] L=64 states=1 -> 1
[DP-bwdX] L=64 states=1 -> 1
[DP-bwdX] L=64 states=1 -> 1
[RowSwapCTR] expand small 8x8 -> full 16x8  top_rows=4  bot_rows=4  ctr_rows=8  n_full=128
  [Round 103] T_prime=16  T_target=15  HPWL_w=472000000  HPWL_eq=472  maxL=23  WNS(T')=-7  WNS*(T)=-8  picked=1  solve_ms=70.1463
[OC-Shortest/pow2] m=8 h=8 SEG=4 bits=32 words=1 threads=24
[DP-fwdX] L=0 states=1 -> 1
[DP-fwdX] L=16 states=141 -> 164
[DP-bwdX] L=64 states=1 -> 1
[DP-bwdX] L=48 states=141 -> 164
[DP-fwdX] L=0 states=1 -> 1
[DP-bwdX] L=32 states=1 -> 1
[DP-fwdX] L=0 states=1 -> 1
[DP-bwdX] L=16 states=1 -> 2
[DP-fwdX] L=0 states=1 -> 1
[DP-fwdX] L=0 states=1 -> 1
[DP-fwdX] L=0 states=1 -> 1
[DP-bwdX] L=16 states=1 -> 2
[DP-bwdX] L=16 states=1 -> 2
[DP-bwdX] L=16 states=1 -> 2
[DP-fwdX] L=16 states=1 -> 3
[DP-bwdX] L=32 states=1 -> 1
[DP-fwdX] L=16 states=1 -> 3
[DP-fwdX] L=16 states=1 -> 3
[DP-fwdX] L=16 states=1 -> 3
[DP-bwdX] L=32 states=1 -> 1
[DP-bwdX] L=32 states=1 -> 1
[DP-bwdX] L=32 states=1 -> 1
[DP-fwdX] L=32 states=1 -> 1
[DP-bwdX] L=64 states=1 -> 1
[DP-fwdX] L=32 states=1 -> 1
[DP-bwdX] L=48 states=1 -> 3
[DP-fwdX] L=32 states=1 -> 1
[DP-fwdX] L=32 states=1 -> 1
[DP-fwdX] L=32 states=1 -> 1
[DP-bwdX] L=48 states=1 -> 3
[DP-bwdX] L=48 states=1 -> 3
[DP-bwdX] L=48 states=1 -> 3
[DP-fwdX] L=48 states=1 -> 2
[DP-bwdX] L=64 states=1 -> 1
[DP-fwdX] L=48 states=1 -> 2
[DP-fwdX] L=48 states=1 -> 2
[DP-fwdX] L=48 states=1 -> 2
[DP-bwdX] L=64 states=1 -> 1
[DP-bwdX] L=64 states=1 -> 1
[DP-bwdX] L=64 states=1 -> 1
[RowSwapCTR] expand small 8x8 -> full 16x8  top_rows=4  bot_rows=4  ctr_rows=8  n_full=128
  [Round 104] T_prime=16  T_target=15  HPWL_w=472000000  HPWL_eq=472  maxL=23  WNS(T')=-7  WNS*(T)=-8  picked=1  solve_ms=19.4156
[OC-Shortest/pow2] m=8 h=8 SEG=4 bits=32 words=1 threads=24
[DP-fwdX] L=0 states=1 -> 1
[DP-fwdX] L=16 states=141 -> 164
[DP-bwdX] L=64 states=1 -> 1
[DP-bwdX] L=48 states=141 -> 164
[DP-fwdX] L=0 states=1 -> 1
[DP-bwdX] L=32 states=1 -> 1
[DP-fwdX] L=0 states=1 -> 1
[DP-bwdX] L=16 states=1 -> 2
[DP-fwdX] L=0 states=1 -> 1
[DP-fwdX] L=0 states=1 -> 1
[DP-fwdX] L=0 states=1 -> 1
[DP-bwdX] L=16 states=1 -> 2
[DP-bwdX] L=16 states=1 -> 2
[DP-bwdX] L=16 states=1 -> 2
[DP-fwdX] L=16 states=1 -> 3
[DP-bwdX] L=32 states=1 -> 1
[DP-fwdX] L=16 states=1 -> 3
[DP-fwdX] L=16 states=1 -> 3
[DP-fwdX] L=16 states=1 -> 3
[DP-bwdX] L=32 states=1 -> 1
[DP-bwdX] L=32 states=1 -> 1
[DP-bwdX] L=32 states=1 -> 1
[DP-fwdX] L=32 states=1 -> 1
[DP-bwdX] L=64 states=1 -> 1
[DP-fwdX] L=32 states=1 -> 1
[DP-bwdX] L=48 states=1 -> 3
[DP-fwdX] L=32 states=1 -> 1
[DP-fwdX] L=32 states=1 -> 1
[DP-fwdX] L=32 states=1 -> 1
[DP-bwdX] L=48 states=1 -> 3
[DP-bwdX] L=48 states=1 -> 3
[DP-bwdX] L=48 states=1 -> 3
[DP-fwdX] L=48 states=1 -> 2
[DP-bwdX] L=64 states=1 -> 1
[DP-fwdX] L=48 states=1 -> 2
[DP-fwdX] L=48 states=1 -> 2
[DP-fwdX] L=48 states=1 -> 2
[DP-bwdX] L=64 states=1 -> 1
[DP-bwdX] L=64 states=1 -> 1
[DP-bwdX] L=64 states=1 -> 1
[RowSwapCTR] expand small 8x8 -> full 16x8  top_rows=4  bot_rows=4  ctr_rows=8  n_full=128
  [Round 105] T_prime=16  T_target=15  HPWL_w=472000000  HPWL_eq=472  maxL=23  WNS(T')=-7  WNS*(T)=-8  picked=1  solve_ms=19.3951
[OC-Shortest/pow2] m=8 h=8 SEG=4 bits=32 words=1 threads=24
[DP-fwdX] L=0 states=1 -> 1
[DP-fwdX] L=16 states=141 -> 164
[DP-bwdX] L=64 states=1 -> 1
[DP-bwdX] L=48 states=141 -> 164
[DP-fwdX] L=0 states=1 -> 1
[DP-bwdX] L=32 states=1 -> 1
[DP-fwdX] L=0 states=1 -> 1
[DP-bwdX] L=16 states=1 -> 2
[DP-fwdX] L=0 states=1 -> 1
[DP-fwdX] L=0 states=1 -> 1
[DP-fwdX] L=0 states=1 -> 1
[DP-bwdX] L=16 states=1 -> 2
[DP-bwdX] L=16 states=1 -> 2
[DP-bwdX] L=16 states=1 -> 2
[DP-fwdX] L=16 states=1 -> 3
[DP-bwdX] L=32 states=1 -> 1
[DP-fwdX] L=16 states=1 -> 3
[DP-fwdX] L=16 states=1 -> 3
[DP-fwdX] L=16 states=1 -> 3
[DP-bwdX] L=32 states=1 -> 1
[DP-bwdX] L=32 states=1 -> 1
[DP-bwdX] L=32 states=1 -> 1
[DP-fwdX] L=32 states=1 -> 1
[DP-bwdX] L=64 states=1 -> 1
[DP-fwdX] L=32 states=1 -> 1
[DP-bwdX] L=48 states=1 -> 3
[DP-fwdX] L=32 states=1 -> 1
[DP-fwdX] L=32 states=1 -> 1
[DP-fwdX] L=32 states=1 -> 1
[DP-bwdX] L=48 states=1 -> 3
[DP-bwdX] L=48 states=1 -> 3
[DP-bwdX] L=48 states=1 -> 3
[DP-fwdX] L=48 states=1 -> 2
[DP-bwdX] L=64 states=1 -> 1
[DP-fwdX] L=48 states=1 -> 2
[DP-fwdX] L=48 states=1 -> 2
[DP-fwdX] L=48 states=1 -> 2
[DP-bwdX] L=64 states=1 -> 1
[DP-bwdX] L=64 states=1 -> 1
[DP-bwdX] L=64 states=1 -> 1
[RowSwapCTR] expand small 8x8 -> full 16x8  top_rows=4  bot_rows=4  ctr_rows=8  n_full=128
  [Round 106] T_prime=16  T_target=15  HPWL_w=472000000  HPWL_eq=472  maxL=23  WNS(T')=-7  WNS*(T)=-8  picked=1  solve_ms=19.4612
[OC-Shortest/pow2] m=8 h=8 SEG=4 bits=32 words=1 threads=24
[DP-fwdX] L=0 states=1 -> 1
[DP-fwdX] L=16 states=141 -> 164
[DP-bwdX] L=64 states=1 -> 1
[DP-bwdX] L=48 states=141 -> 164
[DP-fwdX] L=0 states=1 -> 1
[DP-bwdX] L=32 states=1 -> 1
[DP-fwdX] L=0 states=1 -> 1
[DP-bwdX] L=16 states=1 -> 2
[DP-fwdX] L=0 states=1 -> 1
[DP-fwdX] L=0 states=1 -> 1
[DP-fwdX] L=0 states=1 -> 1
[DP-bwdX] L=16 states=1 -> 2
[DP-bwdX] L=16 states=1 -> 2
[DP-bwdX] L=16 states=1 -> 2
[DP-fwdX] L=16 states=1 -> 3
[DP-bwdX] L=32 states=1 -> 1
[DP-fwdX] L=16 states=1 -> 3
[DP-fwdX] L=16 states=1 -> 3
[DP-fwdX] L=16 states=1 -> 3
[DP-bwdX] L=32 states=1 -> 1
[DP-bwdX] L=32 states=1 -> 1
[DP-bwdX] L=32 states=1 -> 1
[DP-fwdX] L=32 states=1 -> 1
[DP-bwdX] L=64 states=1 -> 1
[DP-fwdX] L=32 states=1 -> 1
[DP-bwdX] L=48 states=1 -> 3
[DP-fwdX] L=32 states=1 -> 1
[DP-fwdX] L=32 states=1 -> 1
[DP-fwdX] L=32 states=1 -> 1
[DP-bwdX] L=48 states=1 -> 3
[DP-bwdX] L=48 states=1 -> 3
[DP-bwdX] L=48 states=1 -> 3
[DP-fwdX] L=48 states=1 -> 2
[DP-bwdX] L=64 states=1 -> 1
[DP-fwdX] L=48 states=1 -> 2
[DP-fwdX] L=48 states=1 -> 2
[DP-fwdX] L=48 states=1 -> 2
[DP-bwdX] L=64 states=1 -> 1
[DP-bwdX] L=64 states=1 -> 1
[DP-bwdX] L=64 states=1 -> 1
[RowSwapCTR] expand small 8x8 -> full 16x8  top_rows=4  bot_rows=4  ctr_rows=8  n_full=128
  [Round 107] T_prime=16  T_target=15  HPWL_w=472000000  HPWL_eq=472  maxL=23  WNS(T')=-7  WNS*(T)=-8  picked=1  solve_ms=19.4535
[OC-Shortest/pow2] m=8 h=8 SEG=4 bits=32 words=1 threads=24
[DP-fwdX] L=0 states=1 -> 1
[DP-fwdX] L=16 states=141 -> 164
[DP-bwdX] L=64 states=1 -> 1
[DP-bwdX] L=48 states=141 -> 164
[DP-fwdX] L=0 states=1 -> 1
[DP-bwdX] L=32 states=1 -> 1
[DP-fwdX] L=0 states=1 -> 1
[DP-bwdX] L=16 states=1 -> 2
[DP-fwdX] L=0 states=1 -> 1
[DP-fwdX] L=0 states=1 -> 1
[DP-fwdX] L=0 states=1 -> 1
[DP-bwdX] L=16 states=1 -> 2
[DP-bwdX] L=16 states=1 -> 2
[DP-bwdX] L=16 states=1 -> 2
[DP-fwdX] L=16 states=1 -> 3
[DP-bwdX] L=32 states=1 -> 1
[DP-fwdX] L=16 states=1 -> 3
[DP-fwdX] L=16 states=1 -> 3
[DP-fwdX] L=16 states=1 -> 3
[DP-bwdX] L=32 states=1 -> 1
[DP-bwdX] L=32 states=1 -> 1
[DP-bwdX] L=32 states=1 -> 1
[DP-fwdX] L=32 states=1 -> 1
[DP-bwdX] L=64 states=1 -> 1
[DP-fwdX] L=32 states=1 -> 1
[DP-bwdX] L=48 states=1 -> 3
[DP-fwdX] L=32 states=1 -> 1
[DP-fwdX] L=32 states=1 -> 1
[DP-fwdX] L=32 states=1 -> 1
[DP-bwdX] L=48 states=1 -> 3
[DP-bwdX] L=48 states=1 -> 3
[DP-bwdX] L=48 states=1 -> 3
[DP-fwdX] L=48 states=1 -> 2
[DP-bwdX] L=64 states=1 -> 1
[DP-fwdX] L=48 states=1 -> 2
[DP-fwdX] L=48 states=1 -> 2
[DP-fwdX] L=48 states=1 -> 2
[DP-bwdX] L=64 states=1 -> 1
[DP-bwdX] L=64 states=1 -> 1
[DP-bwdX] L=64 states=1 -> 1
[RowSwapCTR] expand small 8x8 -> full 16x8  top_rows=4  bot_rows=4  ctr_rows=8  n_full=128
  [Round 108] T_prime=16  T_target=15  HPWL_w=472000000  HPWL_eq=472  maxL=23  WNS(T')=-7  WNS*(T)=-8  picked=1  solve_ms=19.4267
[OC-Shortest/pow2] m=8 h=8 SEG=4 bits=32 words=1 threads=24
[DP-fwdX] L=0 states=1 -> 1
[DP-fwdX] L=16 states=141 -> 164
[DP-bwdX] L=64 states=1 -> 1
[DP-bwdX] L=48 states=141 -> 164
[DP-fwdX] L=0 states=1 -> 1
[DP-bwdX] L=32 states=1 -> 1
[DP-fwdX] L=0 states=1 -> 1
[DP-bwdX] L=16 states=1 -> 2
[DP-fwdX] L=0 states=1 -> 1
[DP-fwdX] L=0 states=1 -> 1
[DP-fwdX] L=0 states=1 -> 1
[DP-bwdX] L=16 states=1 -> 2
[DP-bwdX] L=16 states=1 -> 2
[DP-bwdX] L=16 states=1 -> 2
[DP-fwdX] L=16 states=1 -> 3
[DP-bwdX] L=32 states=1 -> 1
[DP-fwdX] L=16 states=1 -> 3
[DP-fwdX] L=16 states=1 -> 3
[DP-fwdX] L=16 states=1 -> 3
[DP-bwdX] L=32 states=1 -> 1
[DP-bwdX] L=32 states=1 -> 1
[DP-bwdX] L=32 states=1 -> 1
[DP-fwdX] L=32 states=1 -> 1
[DP-bwdX] L=64 states=1 -> 1
[DP-fwdX] L=32 states=1 -> 1
[DP-bwdX] L=48 states=1 -> 3
[DP-fwdX] L=32 states=1 -> 1
[DP-fwdX] L=32 states=1 -> 1
[DP-fwdX] L=32 states=1 -> 1
[DP-bwdX] L=48 states=1 -> 3
[DP-bwdX] L=48 states=1 -> 3
[DP-bwdX] L=48 states=1 -> 3
[DP-fwdX] L=48 states=1 -> 2
[DP-bwdX] L=64 states=1 -> 1
[DP-fwdX] L=48 states=1 -> 2
[DP-fwdX] L=48 states=1 -> 2
[DP-fwdX] L=48 states=1 -> 2
[DP-bwdX] L=64 states=1 -> 1
[DP-bwdX] L=64 states=1 -> 1
[DP-bwdX] L=64 states=1 -> 1
[RowSwapCTR] expand small 8x8 -> full 16x8  top_rows=4  bot_rows=4  ctr_rows=8  n_full=128
  [Round 109] T_prime=16  T_target=15  HPWL_w=472000000  HPWL_eq=472  maxL=23  WNS(T')=-7  WNS*(T)=-8  picked=1  solve_ms=19.5569
[OC-Shortest/pow2] m=8 h=8 SEG=4 bits=32 words=1 threads=24
[DP-fwdX] L=0 states=1 -> 1
[DP-fwdX] L=16 states=141 -> 164
[DP-bwdX] L=64 states=1 -> 1
[DP-bwdX] L=48 states=141 -> 164
[DP-fwdX] L=0 states=1 -> 1
[DP-bwdX] L=32 states=1 -> 1
[DP-fwdX] L=0 states=1 -> 1
[DP-bwdX] L=16 states=1 -> 2
[DP-fwdX] L=0 states=1 -> 1
[DP-fwdX] L=0 states=1 -> 1
[DP-fwdX] L=0 states=1 -> 1
[DP-bwdX] L=16 states=1 -> 2
[DP-bwdX] L=16 states=1 -> 2
[DP-bwdX] L=16 states=1 -> 2
[DP-fwdX] L=16 states=1 -> 3
[DP-bwdX] L=32 states=1 -> 1
[DP-fwdX] L=16 states=1 -> 3
[DP-fwdX] L=16 states=1 -> 3
[DP-fwdX] L=16 states=1 -> 3
[DP-bwdX] L=32 states=1 -> 1
[DP-bwdX] L=32 states=1 -> 1
[DP-bwdX] L=32 states=1 -> 1
[DP-fwdX] L=32 states=1 -> 1
[DP-bwdX] L=64 states=1 -> 1
[DP-fwdX] L=32 states=1 -> 1
[DP-bwdX] L=48 states=1 -> 3
[DP-fwdX] L=32 states=1 -> 1
[DP-fwdX] L=32 states=1 -> 1
[DP-fwdX] L=32 states=1 -> 1
[DP-bwdX] L=48 states=1 -> 3
[DP-bwdX] L=48 states=1 -> 3
[DP-bwdX] L=48 states=1 -> 3
[DP-fwdX] L=48 states=1 -> 2
[DP-bwdX] L=64 states=1 -> 1
[DP-fwdX] L=48 states=1 -> 2
[DP-fwdX] L=48 states=1 -> 2
[DP-fwdX] L=48 states=1 -> 2
[DP-bwdX] L=64 states=1 -> 1
[DP-bwdX] L=64 states=1 -> 1
[DP-bwdX] L=64 states=1 -> 1
[RowSwapCTR] expand small 8x8 -> full 16x8  top_rows=4  bot_rows=4  ctr_rows=8  n_full=128
  [Round 110] T_prime=16  T_target=15  HPWL_w=472000000  HPWL_eq=472  maxL=23  WNS(T')=-7  WNS*(T)=-8  picked=1  solve_ms=19.3704
[OC-Shortest/pow2] m=8 h=8 SEG=4 bits=32 words=1 threads=24
[DP-fwdX] L=0 states=1 -> 1
[DP-fwdX] L=16 states=141 -> 164
[DP-bwdX] L=64 states=1 -> 1
[DP-bwdX] L=48 states=141 -> 164
[DP-fwdX] L=0 states=1 -> 1
[DP-bwdX] L=32 states=1 -> 1
[DP-fwdX] L=0 states=1 -> 1
[DP-bwdX] L=16 states=1 -> 2
[DP-fwdX] L=0 states=1 -> 1
[DP-fwdX] L=0 states=1 -> 1
[DP-fwdX] L=0 states=1 -> 1
[DP-bwdX] L=16 states=1 -> 2
[DP-bwdX] L=16 states=1 -> 2
[DP-bwdX] L=16 states=1 -> 2
[DP-fwdX] L=16 states=1 -> 3
[DP-bwdX] L=32 states=1 -> 1
[DP-fwdX] L=16 states=1 -> 3
[DP-fwdX] L=16 states=1 -> 3
[DP-fwdX] L=16 states=1 -> 3
[DP-bwdX] L=32 states=1 -> 1
[DP-bwdX] L=32 states=1 -> 1
[DP-bwdX] L=32 states=1 -> 1
[DP-fwdX] L=32 states=1 -> 1
[DP-bwdX] L=64 states=1 -> 1
[DP-fwdX] L=32 states=1 -> 1
[DP-bwdX] L=48 states=1 -> 3
[DP-fwdX] L=32 states=1 -> 1
[DP-fwdX] L=32 states=1 -> 1
[DP-fwdX] L=32 states=1 -> 1
[DP-bwdX] L=48 states=1 -> 3
[DP-bwdX] L=48 states=1 -> 3
[DP-bwdX] L=48 states=1 -> 3
[DP-fwdX] L=48 states=1 -> 2
[DP-bwdX] L=64 states=1 -> 1
[DP-fwdX] L=48 states=1 -> 2
[DP-fwdX] L=48 states=1 -> 2
[DP-fwdX] L=48 states=1 -> 2
[DP-bwdX] L=64 states=1 -> 1
[DP-bwdX] L=64 states=1 -> 1
[DP-bwdX] L=64 states=1 -> 1
[RowSwapCTR] expand small 8x8 -> full 16x8  top_rows=4  bot_rows=4  ctr_rows=8  n_full=128
  [Round 111] T_prime=16  T_target=15  HPWL_w=472000000  HPWL_eq=472  maxL=23  WNS(T')=-7  WNS*(T)=-8  picked=1  solve_ms=20.7104
[OC-Shortest/pow2] m=8 h=8 SEG=4 bits=32 words=1 threads=24
[DP-fwdX] L=0 states=1 -> 1
[DP-fwdX] L=16 states=141 -> 164
[DP-bwdX] L=64 states=1 -> 1
[DP-bwdX] L=48 states=141 -> 164
[DP-fwdX] L=0 states=1 -> 1
[DP-bwdX] L=32 states=1 -> 1
[DP-fwdX] L=0 states=1 -> 1
[DP-bwdX] L=16 states=1 -> 2
[DP-fwdX] L=0 states=1 -> 1
[DP-fwdX] L=0 states=1 -> 1
[DP-fwdX] L=0 states=1 -> 1
[DP-bwdX] L=16 states=1 -> 2
[DP-bwdX] L=16 states=1 -> 2
[DP-bwdX] L=16 states=1 -> 2
[DP-fwdX] L=16 states=1 -> 3
[DP-bwdX] L=32 states=1 -> 1
[DP-fwdX] L=16 states=1 -> 3
[DP-fwdX] L=16 states=1 -> 3
[DP-fwdX] L=16 states=1 -> 3
[DP-bwdX] L=32 states=1 -> 1
[DP-bwdX] L=32 states=1 -> 1
[DP-bwdX] L=32 states=1 -> 1
[DP-fwdX] L=32 states=1 -> 1
[DP-bwdX] L=64 states=1 -> 1
[DP-fwdX] L=32 states=1 -> 1
[DP-bwdX] L=48 states=1 -> 3
[DP-fwdX] L=32 states=1 -> 1
[DP-fwdX] L=32 states=1 -> 1
[DP-fwdX] L=32 states=1 -> 1
[DP-bwdX] L=48 states=1 -> 3
[DP-bwdX] L=48 states=1 -> 3
[DP-bwdX] L=48 states=1 -> 3
[DP-fwdX] L=48 states=1 -> 2
[DP-bwdX] L=64 states=1 -> 1
[DP-fwdX] L=48 states=1 -> 2
[DP-fwdX] L=48 states=1 -> 2
[DP-fwdX] L=48 states=1 -> 2
[DP-bwdX] L=64 states=1 -> 1
[DP-bwdX] L=64 states=1 -> 1
[DP-bwdX] L=64 states=1 -> 1
[RowSwapCTR] expand small 8x8 -> full 16x8  top_rows=4  bot_rows=4  ctr_rows=8  n_full=128
  [Round 112] T_prime=16  T_target=15  HPWL_w=472000000  HPWL_eq=472  maxL=23  WNS(T')=-7  WNS*(T)=-8  picked=1  solve_ms=19.4659
[OC-Shortest/pow2] m=8 h=8 SEG=4 bits=32 words=1 threads=24
[DP-fwdX] L=0 states=1 -> 1
[DP-fwdX] L=16 states=141 -> 164
[DP-bwdX] L=64 states=1 -> 1
[DP-bwdX] L=48 states=141 -> 164
[DP-fwdX] L=0 states=1 -> 1
[DP-bwdX] L=32 states=1 -> 1
[DP-fwdX] L=0 states=1 -> 1
[DP-bwdX] L=16 states=1 -> 2
[DP-fwdX] L=0 states=1 -> 1
[DP-fwdX] L=0 states=1 -> 1
[DP-fwdX] L=0 states=1 -> 1
[DP-bwdX] L=16 states=1 -> 2
[DP-bwdX] L=16 states=1 -> 2
[DP-bwdX] L=16 states=1 -> 2
[DP-fwdX] L=16 states=1 -> 3
[DP-bwdX] L=32 states=1 -> 1
[DP-fwdX] L=16 states=1 -> 3
[DP-fwdX] L=16 states=1 -> 3
[DP-fwdX] L=16 states=1 -> 3
[DP-bwdX] L=32 states=1 -> 1
[DP-bwdX] L=32 states=1 -> 1
[DP-bwdX] L=32 states=1 -> 1
[DP-fwdX] L=32 states=1 -> 1
[DP-bwdX] L=64 states=1 -> 1
[DP-fwdX] L=32 states=1 -> 1
[DP-bwdX] L=48 states=1 -> 3
[DP-fwdX] L=32 states=1 -> 1
[DP-fwdX] L=32 states=1 -> 1
[DP-fwdX] L=32 states=1 -> 1
[DP-bwdX] L=48 states=1 -> 3
[DP-bwdX] L=48 states=1 -> 3
[DP-bwdX] L=48 states=1 -> 3
[DP-fwdX] L=48 states=1 -> 2
[DP-bwdX] L=64 states=1 -> 1
[DP-fwdX] L=48 states=1 -> 2
[DP-fwdX] L=48 states=1 -> 2
[DP-fwdX] L=48 states=1 -> 2
[DP-bwdX] L=64 states=1 -> 1
[DP-bwdX] L=64 states=1 -> 1
[DP-bwdX] L=64 states=1 -> 1
[RowSwapCTR] expand small 8x8 -> full 16x8  top_rows=4  bot_rows=4  ctr_rows=8  n_full=128
  [Round 113] T_prime=16  T_target=15  HPWL_w=472000000  HPWL_eq=472  maxL=23  WNS(T')=-7  WNS*(T)=-8  picked=1  solve_ms=19.2849
[OC-Shortest/pow2] m=8 h=8 SEG=4 bits=32 words=1 threads=24
[DP-fwdX] L=0 states=1 -> 1
[DP-fwdX] L=16 states=141 -> 164
[DP-bwdX] L=64 states=1 -> 1
[DP-bwdX] L=48 states=141 -> 164
[DP-fwdX] L=0 states=1 -> 1
[DP-bwdX] L=32 states=1 -> 1
[DP-fwdX] L=0 states=1 -> 1
[DP-bwdX] L=16 states=1 -> 2
[DP-fwdX] L=0 states=1 -> 1
[DP-fwdX] L=0 states=1 -> 1
[DP-fwdX] L=0 states=1 -> 1
[DP-bwdX] L=16 states=1 -> 2
[DP-bwdX] L=16 states=1 -> 2
[DP-bwdX] L=16 states=1 -> 2
[DP-fwdX] L=16 states=1 -> 3
[DP-bwdX] L=32 states=1 -> 1
[DP-fwdX] L=16 states=1 -> 3
[DP-fwdX] L=16 states=1 -> 3
[DP-fwdX] L=16 states=1 -> 3
[DP-bwdX] L=32 states=1 -> 1
[DP-bwdX] L=32 states=1 -> 1
[DP-bwdX] L=32 states=1 -> 1
[DP-fwdX] L=32 states=1 -> 1
[DP-bwdX] L=64 states=1 -> 1
[DP-fwdX] L=32 states=1 -> 1
[DP-bwdX] L=48 states=1 -> 3
[DP-fwdX] L=32 states=1 -> 1
[DP-fwdX] L=32 states=1 -> 1
[DP-fwdX] L=32 states=1 -> 1
[DP-bwdX] L=48 states=1 -> 3
[DP-bwdX] L=48 states=1 -> 3
[DP-bwdX] L=48 states=1 -> 3
[DP-fwdX] L=48 states=1 -> 2
[DP-bwdX] L=64 states=1 -> 1
[DP-fwdX] L=48 states=1 -> 2
[DP-fwdX] L=48 states=1 -> 2
[DP-fwdX] L=48 states=1 -> 2
[DP-bwdX] L=64 states=1 -> 1
[DP-bwdX] L=64 states=1 -> 1
[DP-bwdX] L=64 states=1 -> 1
[RowSwapCTR] expand small 8x8 -> full 16x8  top_rows=4  bot_rows=4  ctr_rows=8  n_full=128
  [Round 114] T_prime=16  T_target=15  HPWL_w=472000000  HPWL_eq=472  maxL=23  WNS(T')=-7  WNS*(T)=-8  picked=1  solve_ms=19.1439
[OC-Shortest/pow2] m=8 h=8 SEG=4 bits=32 words=1 threads=24
[DP-fwdX] L=0 states=1 -> 1
[DP-fwdX] L=16 states=141 -> 164
[DP-bwdX] L=64 states=1 -> 1
[DP-bwdX] L=48 states=141 -> 164
[DP-fwdX] L=0 states=1 -> 1
[DP-bwdX] L=32 states=1 -> 1
[DP-fwdX] L=0 states=1 -> 1
[DP-bwdX] L=16 states=1 -> 2
[DP-fwdX] L=0 states=1 -> 1
[DP-fwdX] L=0 states=1 -> 1
[DP-fwdX] L=0 states=1 -> 1
[DP-bwdX] L=16 states=1 -> 2
[DP-bwdX] L=16 states=1 -> 2
[DP-bwdX] L=16 states=1 -> 2
[DP-fwdX] L=16 states=1 -> 3
[DP-bwdX] L=32 states=1 -> 1
[DP-fwdX] L=16 states=1 -> 3
[DP-fwdX] L=16 states=1 -> 3
[DP-fwdX] L=16 states=1 -> 3
[DP-bwdX] L=32 states=1 -> 1
[DP-bwdX] L=32 states=1 -> 1
[DP-bwdX] L=32 states=1 -> 1
[DP-fwdX] L=32 states=1 -> 1
[DP-bwdX] L=64 states=1 -> 1
[DP-fwdX] L=32 states=1 -> 1
[DP-bwdX] L=48 states=1 -> 3
[DP-fwdX] L=32 states=1 -> 1
[DP-fwdX] L=32 states=1 -> 1
[DP-fwdX] L=32 states=1 -> 1
[DP-bwdX] L=48 states=1 -> 3
[DP-bwdX] L=48 states=1 -> 3
[DP-bwdX] L=48 states=1 -> 3
[DP-fwdX] L=48 states=1 -> 2
[DP-bwdX] L=64 states=1 -> 1
[DP-fwdX] L=48 states=1 -> 2
[DP-fwdX] L=48 states=1 -> 2
[DP-fwdX] L=48 states=1 -> 2
[DP-bwdX] L=64 states=1 -> 1
[DP-bwdX] L=64 states=1 -> 1
[DP-bwdX] L=64 states=1 -> 1
[RowSwapCTR] expand small 8x8 -> full 16x8  top_rows=4  bot_rows=4  ctr_rows=8  n_full=128
  [Round 115] T_prime=16  T_target=15  HPWL_w=472000000  HPWL_eq=472  maxL=23  WNS(T')=-7  WNS*(T)=-8  picked=1  solve_ms=19.1757
[OC-Shortest/pow2] m=8 h=8 SEG=4 bits=32 words=1 threads=24
[DP-fwdX] L=0 states=1 -> 1
[DP-fwdX] L=16 states=141 -> 164
[DP-bwdX] L=64 states=1 -> 1
[DP-bwdX] L=48 states=141 -> 164
[DP-fwdX] L=0 states=1 -> 1
[DP-bwdX] L=32 states=1 -> 1
[DP-fwdX] L=0 states=1 -> 1
[DP-bwdX] L=16 states=1 -> 2
[DP-fwdX] L=0 states=1 -> 1
[DP-fwdX] L=0 states=1 -> 1
[DP-fwdX] L=0 states=1 -> 1
[DP-bwdX] L=16 states=1 -> 2
[DP-bwdX] L=16 states=1 -> 2
[DP-bwdX] L=16 states=1 -> 2
[DP-fwdX] L=16 states=1 -> 3
[DP-bwdX] L=32 states=1 -> 1
[DP-fwdX] L=16 states=1 -> 3
[DP-fwdX] L=16 states=1 -> 3
[DP-fwdX] L=16 states=1 -> 3
[DP-bwdX] L=32 states=1 -> 1
[DP-bwdX] L=32 states=1 -> 1
[DP-bwdX] L=32 states=1 -> 1
[DP-fwdX] L=32 states=1 -> 1
[DP-bwdX] L=64 states=1 -> 1
[DP-fwdX] L=32 states=1 -> 1
[DP-bwdX] L=48 states=1 -> 3
[DP-fwdX] L=32 states=1 -> 1
[DP-fwdX] L=32 states=1 -> 1
[DP-fwdX] L=32 states=1 -> 1
[DP-bwdX] L=48 states=1 -> 3
[DP-bwdX] L=48 states=1 -> 3
[DP-bwdX] L=48 states=1 -> 3
[DP-fwdX] L=48 states=1 -> 2
[DP-bwdX] L=64 states=1 -> 1
[DP-fwdX] L=48 states=1 -> 2
[DP-fwdX] L=48 states=1 -> 2
[DP-fwdX] L=48 states=1 -> 2
[DP-bwdX] L=64 states=1 -> 1
[DP-bwdX] L=64 states=1 -> 1
[DP-bwdX] L=64 states=1 -> 1
[RowSwapCTR] expand small 8x8 -> full 16x8  top_rows=4  bot_rows=4  ctr_rows=8  n_full=128
  [Round 116] T_prime=16  T_target=15  HPWL_w=472000000  HPWL_eq=472  maxL=23  WNS(T')=-7  WNS*(T)=-8  picked=1  solve_ms=19.1917
[OC-Shortest/pow2] m=8 h=8 SEG=4 bits=32 words=1 threads=24
[DP-fwdX] L=0 states=1 -> 1
[DP-fwdX] L=16 states=141 -> 164
[DP-bwdX] L=64 states=1 -> 1
[DP-bwdX] L=48 states=141 -> 164
[DP-fwdX] L=0 states=1 -> 1
[DP-bwdX] L=32 states=1 -> 1
[DP-fwdX] L=0 states=1 -> 1
[DP-bwdX] L=16 states=1 -> 2
[DP-fwdX] L=0 states=1 -> 1
[DP-fwdX] L=0 states=1 -> 1
[DP-fwdX] L=0 states=1 -> 1
[DP-bwdX] L=16 states=1 -> 2
[DP-bwdX] L=16 states=1 -> 2
[DP-bwdX] L=16 states=1 -> 2
[DP-fwdX] L=16 states=1 -> 3
[DP-bwdX] L=32 states=1 -> 1
[DP-fwdX] L=16 states=1 -> 3
[DP-fwdX] L=16 states=1 -> 3
[DP-fwdX] L=16 states=1 -> 3
[DP-bwdX] L=32 states=1 -> 1
[DP-bwdX] L=32 states=1 -> 1
[DP-bwdX] L=32 states=1 -> 1
[DP-fwdX] L=32 states=1 -> 1
[DP-bwdX] L=64 states=1 -> 1
[DP-fwdX] L=32 states=1 -> 1
[DP-bwdX] L=48 states=1 -> 3
[DP-fwdX] L=32 states=1 -> 1
[DP-fwdX] L=32 states=1 -> 1
[DP-fwdX] L=32 states=1 -> 1
[DP-bwdX] L=48 states=1 -> 3
[DP-bwdX] L=48 states=1 -> 3
[DP-bwdX] L=48 states=1 -> 3
[DP-fwdX] L=48 states=1 -> 2
[DP-bwdX] L=64 states=1 -> 1
[DP-fwdX] L=48 states=1 -> 2
[DP-fwdX] L=48 states=1 -> 2
[DP-fwdX] L=48 states=1 -> 2
[DP-bwdX] L=64 states=1 -> 1
[DP-bwdX] L=64 states=1 -> 1
[DP-bwdX] L=64 states=1 -> 1
[RowSwapCTR] expand small 8x8 -> full 16x8  top_rows=4  bot_rows=4  ctr_rows=8  n_full=128
  [Round 117] T_prime=16  T_target=15  HPWL_w=472000000  HPWL_eq=472  maxL=23  WNS(T')=-7  WNS*(T)=-8  picked=1  solve_ms=39.0908
[OC-Shortest/pow2] m=8 h=8 SEG=4 bits=32 words=1 threads=24
[DP-fwdX] L=0 states=1 -> 1
[DP-fwdX] L=16 states=141 -> 164
[DP-bwdX] L=64 states=1 -> 1
[DP-bwdX] L=48 states=141 -> 164
[DP-fwdX] L=0 states=1 -> 1
[DP-bwdX] L=32 states=1 -> 1
[DP-fwdX] L=0 states=1 -> 1
[DP-bwdX] L=16 states=1 -> 2
[DP-fwdX] L=0 states=1 -> 1
[DP-fwdX] L=0 states=1 -> 1
[DP-fwdX] L=0 states=1 -> 1
[DP-bwdX] L=16 states=1 -> 2
[DP-bwdX] L=16 states=1 -> 2
[DP-bwdX] L=16 states=1 -> 2
[DP-fwdX] L=16 states=1 -> 3
[DP-bwdX] L=32 states=1 -> 1
[DP-fwdX] L=16 states=1 -> 3
[DP-fwdX] L=16 states=1 -> 3
[DP-fwdX] L=16 states=1 -> 3
[DP-bwdX] L=32 states=1 -> 1
[DP-bwdX] L=32 states=1 -> 1
[DP-bwdX] L=32 states=1 -> 1
[DP-fwdX] L=32 states=1 -> 1
[DP-bwdX] L=64 states=1 -> 1
[DP-fwdX] L=32 states=1 -> 1
[DP-bwdX] L=48 states=1 -> 3
[DP-fwdX] L=32 states=1 -> 1
[DP-fwdX] L=32 states=1 -> 1
[DP-fwdX] L=32 states=1 -> 1
[DP-bwdX] L=48 states=1 -> 3
[DP-bwdX] L=48 states=1 -> 3
[DP-bwdX] L=48 states=1 -> 3
[DP-fwdX] L=48 states=1 -> 2
[DP-bwdX] L=64 states=1 -> 1
[DP-fwdX] L=48 states=1 -> 2
[DP-fwdX] L=48 states=1 -> 2
[DP-fwdX] L=48 states=1 -> 2
[DP-bwdX] L=64 states=1 -> 1
[DP-bwdX] L=64 states=1 -> 1
[DP-bwdX] L=64 states=1 -> 1
[RowSwapCTR] expand small 8x8 -> full 16x8  top_rows=4  bot_rows=4  ctr_rows=8  n_full=128
  [Round 118] T_prime=16  T_target=15  HPWL_w=472000000  HPWL_eq=472  maxL=23  WNS(T')=-7  WNS*(T)=-8  picked=1  solve_ms=19.4907
[OC-Shortest/pow2] m=8 h=8 SEG=4 bits=32 words=1 threads=24
[DP-fwdX] L=0 states=1 -> 1
[DP-fwdX] L=16 states=141 -> 164
[DP-bwdX] L=64 states=1 -> 1
[DP-bwdX] L=48 states=141 -> 164
[DP-fwdX] L=0 states=1 -> 1
[DP-bwdX] L=32 states=1 -> 1
[DP-fwdX] L=0 states=1 -> 1
[DP-bwdX] L=16 states=1 -> 2
[DP-fwdX] L=0 states=1 -> 1
[DP-fwdX] L=0 states=1 -> 1
[DP-fwdX] L=0 states=1 -> 1
[DP-bwdX] L=16 states=1 -> 2
[DP-bwdX] L=16 states=1 -> 2
[DP-bwdX] L=16 states=1 -> 2
[DP-fwdX] L=16 states=1 -> 3
[DP-bwdX] L=32 states=1 -> 1
[DP-fwdX] L=16 states=1 -> 3
[DP-fwdX] L=16 states=1 -> 3
[DP-fwdX] L=16 states=1 -> 3
[DP-bwdX] L=32 states=1 -> 1
[DP-bwdX] L=32 states=1 -> 1
[DP-bwdX] L=32 states=1 -> 1
[DP-fwdX] L=32 states=1 -> 1
[DP-bwdX] L=64 states=1 -> 1
[DP-fwdX] L=32 states=1 -> 1
[DP-bwdX] L=48 states=1 -> 3
[DP-fwdX] L=32 states=1 -> 1
[DP-fwdX] L=32 states=1 -> 1
[DP-fwdX] L=32 states=1 -> 1
[DP-bwdX] L=48 states=1 -> 3
[DP-bwdX] L=48 states=1 -> 3
[DP-bwdX] L=48 states=1 -> 3
[DP-fwdX] L=48 states=1 -> 2
[DP-bwdX] L=64 states=1 -> 1
[DP-fwdX] L=48 states=1 -> 2
[DP-fwdX] L=48 states=1 -> 2
[DP-fwdX] L=48 states=1 -> 2
[DP-bwdX] L=64 states=1 -> 1
[DP-bwdX] L=64 states=1 -> 1
[DP-bwdX] L=64 states=1 -> 1
[RowSwapCTR] expand small 8x8 -> full 16x8  top_rows=4  bot_rows=4  ctr_rows=8  n_full=128
  [Round 119] T_prime=16  T_target=15  HPWL_w=472000000  HPWL_eq=472  maxL=23  WNS(T')=-7  WNS*(T)=-8  picked=1  solve_ms=19.3284
[OC-Shortest/pow2] m=8 h=8 SEG=4 bits=32 words=1 threads=24
[DP-fwdX] L=0 states=1 -> 1
[DP-fwdX] L=16 states=141 -> 164
[DP-bwdX] L=64 states=1 -> 1
[DP-bwdX] L=48 states=141 -> 164
[DP-fwdX] L=0 states=1 -> 1
[DP-bwdX] L=32 states=1 -> 1
[DP-fwdX] L=0 states=1 -> 1
[DP-bwdX] L=16 states=1 -> 2
[DP-fwdX] L=0 states=1 -> 1
[DP-fwdX] L=0 states=1 -> 1
[DP-fwdX] L=0 states=1 -> 1
[DP-bwdX] L=16 states=1 -> 2
[DP-bwdX] L=16 states=1 -> 2
[DP-bwdX] L=16 states=1 -> 2
[DP-fwdX] L=16 states=1 -> 3
[DP-bwdX] L=32 states=1 -> 1
[DP-fwdX] L=16 states=1 -> 3
[DP-fwdX] L=16 states=1 -> 3
[DP-fwdX] L=16 states=1 -> 3
[DP-bwdX] L=32 states=1 -> 1
[DP-bwdX] L=32 states=1 -> 1
[DP-bwdX] L=32 states=1 -> 1
[DP-fwdX] L=32 states=1 -> 1
[DP-bwdX] L=64 states=1 -> 1
[DP-fwdX] L=32 states=1 -> 1
[DP-bwdX] L=48 states=1 -> 3
[DP-fwdX] L=32 states=1 -> 1
[DP-fwdX] L=32 states=1 -> 1
[DP-fwdX] L=32 states=1 -> 1
[DP-bwdX] L=48 states=1 -> 3
[DP-bwdX] L=48 states=1 -> 3
[DP-bwdX] L=48 states=1 -> 3
[DP-fwdX] L=48 states=1 -> 2
[DP-bwdX] L=64 states=1 -> 1
[DP-fwdX] L=48 states=1 -> 2
[DP-fwdX] L=48 states=1 -> 2
[DP-fwdX] L=48 states=1 -> 2
[DP-bwdX] L=64 states=1 -> 1
[DP-bwdX] L=64 states=1 -> 1
[DP-bwdX] L=64 states=1 -> 1
[RowSwapCTR] expand small 8x8 -> full 16x8  top_rows=4  bot_rows=4  ctr_rows=8  n_full=128
  [Round 120] T_prime=16  T_target=15  HPWL_w=472000000  HPWL_eq=472  maxL=23  WNS(T')=-7  WNS*(T)=-8  picked=1  solve_ms=19.254
[OC-Shortest/pow2] m=8 h=8 SEG=4 bits=32 words=1 threads=24
[DP-fwdX] L=0 states=1 -> 1
[DP-fwdX] L=16 states=141 -> 164
[DP-bwdX] L=64 states=1 -> 1
[DP-bwdX] L=48 states=141 -> 164
[DP-fwdX] L=0 states=1 -> 1
[DP-bwdX] L=32 states=1 -> 1
[DP-fwdX] L=0 states=1 -> 1
[DP-bwdX] L=16 states=1 -> 2
[DP-fwdX] L=0 states=1 -> 1
[DP-fwdX] L=0 states=1 -> 1
[DP-fwdX] L=0 states=1 -> 1
[DP-bwdX] L=16 states=1 -> 2
[DP-bwdX] L=16 states=1 -> 2
[DP-bwdX] L=16 states=1 -> 2
[DP-fwdX] L=16 states=1 -> 3
[DP-bwdX] L=32 states=1 -> 1
[DP-fwdX] L=16 states=1 -> 3
[DP-fwdX] L=16 states=1 -> 3
[DP-fwdX] L=16 states=1 -> 3
[DP-bwdX] L=32 states=1 -> 1
[DP-bwdX] L=32 states=1 -> 1
[DP-bwdX] L=32 states=1 -> 1
[DP-fwdX] L=32 states=1 -> 1
[DP-bwdX] L=64 states=1 -> 1
[DP-fwdX] L=32 states=1 -> 1
[DP-bwdX] L=48 states=1 -> 3
[DP-fwdX] L=32 states=1 -> 1
[DP-fwdX] L=32 states=1 -> 1
[DP-fwdX] L=32 states=1 -> 1
[DP-bwdX] L=48 states=1 -> 3
[DP-bwdX] L=48 states=1 -> 3
[DP-bwdX] L=48 states=1 -> 3
[DP-fwdX] L=48 states=1 -> 2
[DP-bwdX] L=64 states=1 -> 1
[DP-fwdX] L=48 states=1 -> 2
[DP-fwdX] L=48 states=1 -> 2
[DP-fwdX] L=48 states=1 -> 2
[DP-bwdX] L=64 states=1 -> 1
[DP-bwdX] L=64 states=1 -> 1
[DP-bwdX] L=64 states=1 -> 1
[RowSwapCTR] expand small 8x8 -> full 16x8  top_rows=4  bot_rows=4  ctr_rows=8  n_full=128
  [Round 121] T_prime=16  T_target=15  HPWL_w=472000000  HPWL_eq=472  maxL=23  WNS(T')=-7  WNS*(T)=-8  picked=1  solve_ms=19.3438
[OC-Shortest/pow2] m=8 h=8 SEG=4 bits=32 words=1 threads=24
[DP-fwdX] L=0 states=1 -> 1
[DP-fwdX] L=16 states=141 -> 164
[DP-bwdX] L=64 states=1 -> 1
[DP-bwdX] L=48 states=141 -> 164
[DP-fwdX] L=0 states=1 -> 1
[DP-bwdX] L=32 states=1 -> 1
[DP-fwdX] L=0 states=1 -> 1
[DP-bwdX] L=16 states=1 -> 2
[DP-fwdX] L=0 states=1 -> 1
[DP-fwdX] L=0 states=1 -> 1
[DP-fwdX] L=0 states=1 -> 1
[DP-bwdX] L=16 states=1 -> 2
[DP-bwdX] L=16 states=1 -> 2
[DP-bwdX] L=16 states=1 -> 2
[DP-fwdX] L=16 states=1 -> 3
[DP-bwdX] L=32 states=1 -> 1
[DP-fwdX] L=16 states=1 -> 3
[DP-fwdX] L=16 states=1 -> 3
[DP-fwdX] L=16 states=1 -> 3
[DP-bwdX] L=32 states=1 -> 1
[DP-bwdX] L=32 states=1 -> 1
[DP-bwdX] L=32 states=1 -> 1
[DP-fwdX] L=32 states=1 -> 1
[DP-bwdX] L=64 states=1 -> 1
[DP-fwdX] L=32 states=1 -> 1
[DP-bwdX] L=48 states=1 -> 3
[DP-fwdX] L=32 states=1 -> 1
[DP-fwdX] L=32 states=1 -> 1
[DP-fwdX] L=32 states=1 -> 1
[DP-bwdX] L=48 states=1 -> 3
[DP-bwdX] L=48 states=1 -> 3
[DP-bwdX] L=48 states=1 -> 3
[DP-fwdX] L=48 states=1 -> 2
[DP-bwdX] L=64 states=1 -> 1
[DP-fwdX] L=48 states=1 -> 2
[DP-fwdX] L=48 states=1 -> 2
[DP-fwdX] L=48 states=1 -> 2
[DP-bwdX] L=64 states=1 -> 1
[DP-bwdX] L=64 states=1 -> 1
[DP-bwdX] L=64 states=1 -> 1
[RowSwapCTR] expand small 8x8 -> full 16x8  top_rows=4  bot_rows=4  ctr_rows=8  n_full=128
  [Round 122] T_prime=16  T_target=15  HPWL_w=472000000  HPWL_eq=472  maxL=23  WNS(T')=-7  WNS*(T)=-8  picked=1  solve_ms=18.5557
[OC-Shortest/pow2] m=8 h=8 SEG=4 bits=32 words=1 threads=24
[DP-fwdX] L=0 states=1 -> 1
[DP-fwdX] L=16 states=141 -> 164
[DP-bwdX] L=64 states=1 -> 1
[DP-bwdX] L=48 states=141 -> 164
[DP-fwdX] L=0 states=1 -> 1
[DP-bwdX] L=32 states=1 -> 1
[DP-fwdX] L=0 states=1 -> 1
[DP-bwdX] L=16 states=1 -> 2
[DP-fwdX] L=0 states=1 -> 1
[DP-fwdX] L=0 states=1 -> 1
[DP-fwdX] L=0 states=1 -> 1
[DP-bwdX] L=16 states=1 -> 2
[DP-bwdX] L=16 states=1 -> 2
[DP-bwdX] L=16 states=1 -> 2
[DP-fwdX] L=16 states=1 -> 3
[DP-bwdX] L=32 states=1 -> 1
[DP-fwdX] L=16 states=1 -> 3
[DP-fwdX] L=16 states=1 -> 3
[DP-fwdX] L=16 states=1 -> 3
[DP-bwdX] L=32 states=1 -> 1
[DP-bwdX] L=32 states=1 -> 1
[DP-bwdX] L=32 states=1 -> 1
[DP-fwdX] L=32 states=1 -> 1
[DP-bwdX] L=64 states=1 -> 1
[DP-fwdX] L=32 states=1 -> 1
[DP-bwdX] L=48 states=1 -> 3
[DP-fwdX] L=32 states=1 -> 1
[DP-fwdX] L=32 states=1 -> 1
[DP-fwdX] L=32 states=1 -> 1
[DP-bwdX] L=48 states=1 -> 3
[DP-bwdX] L=48 states=1 -> 3
[DP-bwdX] L=48 states=1 -> 3
[DP-fwdX] L=48 states=1 -> 2
[DP-bwdX] L=64 states=1 -> 1
[DP-fwdX] L=48 states=1 -> 2
[DP-fwdX] L=48 states=1 -> 2
[DP-fwdX] L=48 states=1 -> 2
[DP-bwdX] L=64 states=1 -> 1
[DP-bwdX] L=64 states=1 -> 1
[DP-bwdX] L=64 states=1 -> 1
[RowSwapCTR] expand small 8x8 -> full 16x8  top_rows=4  bot_rows=4  ctr_rows=8  n_full=128
  [Round 123] T_prime=16  T_target=15  HPWL_w=472000000  HPWL_eq=472  maxL=23  WNS(T')=-7  WNS*(T)=-8  picked=1  solve_ms=19.0333
[OC-Shortest/pow2] m=8 h=8 SEG=4 bits=32 words=1 threads=24
[DP-fwdX] L=0 states=1 -> 1
[DP-fwdX] L=16 states=141 -> 164
[DP-bwdX] L=64 states=1 -> 1
[DP-bwdX] L=48 states=141 -> 164
[DP-fwdX] L=0 states=1 -> 1
[DP-bwdX] L=32 states=1 -> 1
[DP-fwdX] L=0 states=1 -> 1
[DP-bwdX] L=16 states=1 -> 2
[DP-fwdX] L=0 states=1 -> 1
[DP-fwdX] L=0 states=1 -> 1
[DP-fwdX] L=0 states=1 -> 1
[DP-bwdX] L=16 states=1 -> 2
[DP-bwdX] L=16 states=1 -> 2
[DP-bwdX] L=16 states=1 -> 2
[DP-fwdX] L=16 states=1 -> 3
[DP-bwdX] L=32 states=1 -> 1
[DP-fwdX] L=16 states=1 -> 3
[DP-fwdX] L=16 states=1 -> 3
[DP-fwdX] L=16 states=1 -> 3
[DP-bwdX] L=32 states=1 -> 1
[DP-bwdX] L=32 states=1 -> 1
[DP-bwdX] L=32 states=1 -> 1
[DP-fwdX] L=32 states=1 -> 1
[DP-bwdX] L=64 states=1 -> 1
[DP-fwdX] L=32 states=1 -> 1
[DP-bwdX] L=48 states=1 -> 3
[DP-fwdX] L=32 states=1 -> 1
[DP-fwdX] L=32 states=1 -> 1
[DP-fwdX] L=32 states=1 -> 1
[DP-bwdX] L=48 states=1 -> 3
[DP-bwdX] L=48 states=1 -> 3
[DP-bwdX] L=48 states=1 -> 3
[DP-fwdX] L=48 states=1 -> 2
[DP-bwdX] L=64 states=1 -> 1
[DP-fwdX] L=48 states=1 -> 2
[DP-fwdX] L=48 states=1 -> 2
[DP-fwdX] L=48 states=1 -> 2
[DP-bwdX] L=64 states=1 -> 1
[DP-bwdX] L=64 states=1 -> 1
[DP-bwdX] L=64 states=1 -> 1
[RowSwapCTR] expand small 8x8 -> full 16x8  top_rows=4  bot_rows=4  ctr_rows=8  n_full=128
  [Round 124] T_prime=16  T_target=15  HPWL_w=472000000  HPWL_eq=472  maxL=23  WNS(T')=-7  WNS*(T)=-8  picked=1  solve_ms=42.3351
[OC-Shortest/pow2] m=8 h=8 SEG=4 bits=32 words=1 threads=24
[DP-fwdX] L=0 states=1 -> 1
[DP-fwdX] L=16 states=141 -> 164
[DP-bwdX] L=64 states=1 -> 1
[DP-bwdX] L=48 states=141 -> 164
[DP-fwdX] L=0 states=1 -> 1
[DP-bwdX] L=32 states=1 -> 1
[DP-fwdX] L=0 states=1 -> 1
[DP-bwdX] L=16 states=1 -> 2
[DP-fwdX] L=0 states=1 -> 1
[DP-fwdX] L=0 states=1 -> 1
[DP-fwdX] L=0 states=1 -> 1
[DP-bwdX] L=16 states=1 -> 2
[DP-bwdX] L=16 states=1 -> 2
[DP-bwdX] L=16 states=1 -> 2
[DP-fwdX] L=16 states=1 -> 3
[DP-bwdX] L=32 states=1 -> 1
[DP-fwdX] L=16 states=1 -> 3
[DP-fwdX] L=16 states=1 -> 3
[DP-fwdX] L=16 states=1 -> 3
[DP-bwdX] L=32 states=1 -> 1
[DP-bwdX] L=32 states=1 -> 1
[DP-bwdX] L=32 states=1 -> 1
[DP-fwdX] L=32 states=1 -> 1
[DP-bwdX] L=64 states=1 -> 1
[DP-fwdX] L=32 states=1 -> 1
[DP-bwdX] L=48 states=1 -> 3
[DP-fwdX] L=32 states=1 -> 1
[DP-fwdX] L=32 states=1 -> 1
[DP-fwdX] L=32 states=1 -> 1
[DP-bwdX] L=48 states=1 -> 3
[DP-bwdX] L=48 states=1 -> 3
[DP-bwdX] L=48 states=1 -> 3
[DP-fwdX] L=48 states=1 -> 2
[DP-bwdX] L=64 states=1 -> 1
[DP-fwdX] L=48 states=1 -> 2
[DP-fwdX] L=48 states=1 -> 2
[DP-fwdX] L=48 states=1 -> 2
[DP-bwdX] L=64 states=1 -> 1
[DP-bwdX] L=64 states=1 -> 1
[DP-bwdX] L=64 states=1 -> 1
[RowSwapCTR] expand small 8x8 -> full 16x8  top_rows=4  bot_rows=4  ctr_rows=8  n_full=128
  [Round 125] T_prime=16  T_target=15  HPWL_w=472000000  HPWL_eq=472  maxL=23  WNS(T')=-7  WNS*(T)=-8  picked=1  solve_ms=19.0717
[OC-Shortest/pow2] m=8 h=8 SEG=4 bits=32 words=1 threads=24
[DP-fwdX] L=0 states=1 -> 1
[DP-fwdX] L=16 states=141 -> 164
[DP-bwdX] L=64 states=1 -> 1
[DP-bwdX] L=48 states=141 -> 164
[DP-fwdX] L=0 states=1 -> 1
[DP-bwdX] L=32 states=1 -> 1
[DP-fwdX] L=0 states=1 -> 1
[DP-bwdX] L=16 states=1 -> 2
[DP-fwdX] L=0 states=1 -> 1
[DP-fwdX] L=0 states=1 -> 1
[DP-fwdX] L=0 states=1 -> 1
[DP-bwdX] L=16 states=1 -> 2
[DP-bwdX] L=16 states=1 -> 2
[DP-bwdX] L=16 states=1 -> 2
[DP-fwdX] L=16 states=1 -> 3
[DP-bwdX] L=32 states=1 -> 1
[DP-fwdX] L=16 states=1 -> 3
[DP-fwdX] L=16 states=1 -> 3
[DP-fwdX] L=16 states=1 -> 3
[DP-bwdX] L=32 states=1 -> 1
[DP-bwdX] L=32 states=1 -> 1
[DP-bwdX] L=32 states=1 -> 1
[DP-fwdX] L=32 states=1 -> 1
[DP-bwdX] L=64 states=1 -> 1
[DP-fwdX] L=32 states=1 -> 1
[DP-bwdX] L=48 states=1 -> 3
[DP-fwdX] L=32 states=1 -> 1
[DP-fwdX] L=32 states=1 -> 1
[DP-fwdX] L=32 states=1 -> 1
[DP-bwdX] L=48 states=1 -> 3
[DP-bwdX] L=48 states=1 -> 3
[DP-bwdX] L=48 states=1 -> 3
[DP-fwdX] L=48 states=1 -> 2
[DP-bwdX] L=64 states=1 -> 1
[DP-fwdX] L=48 states=1 -> 2
[DP-fwdX] L=48 states=1 -> 2
[DP-fwdX] L=48 states=1 -> 2
[DP-bwdX] L=64 states=1 -> 1
[DP-bwdX] L=64 states=1 -> 1
[DP-bwdX] L=64 states=1 -> 1
[RowSwapCTR] expand small 8x8 -> full 16x8  top_rows=4  bot_rows=4  ctr_rows=8  n_full=128
  [Round 126] T_prime=16  T_target=15  HPWL_w=472000000  HPWL_eq=472  maxL=23  WNS(T')=-7  WNS*(T)=-8  picked=1  solve_ms=18.7324
[OC-Shortest/pow2] m=8 h=8 SEG=4 bits=32 words=1 threads=24
[DP-fwdX] L=0 states=1 -> 1
[DP-fwdX] L=16 states=141 -> 164
[DP-bwdX] L=64 states=1 -> 1
[DP-bwdX] L=48 states=141 -> 164
[DP-fwdX] L=0 states=1 -> 1
[DP-bwdX] L=32 states=1 -> 1
[DP-fwdX] L=0 states=1 -> 1
[DP-bwdX] L=16 states=1 -> 2
[DP-fwdX] L=0 states=1 -> 1
[DP-fwdX] L=0 states=1 -> 1
[DP-fwdX] L=0 states=1 -> 1
[DP-bwdX] L=16 states=1 -> 2
[DP-bwdX] L=16 states=1 -> 2
[DP-bwdX] L=16 states=1 -> 2
[DP-fwdX] L=16 states=1 -> 3
[DP-bwdX] L=32 states=1 -> 1
[DP-fwdX] L=16 states=1 -> 3
[DP-fwdX] L=16 states=1 -> 3
[DP-fwdX] L=16 states=1 -> 3
[DP-bwdX] L=32 states=1 -> 1
[DP-bwdX] L=32 states=1 -> 1
[DP-bwdX] L=32 states=1 -> 1
[DP-fwdX] L=32 states=1 -> 1
[DP-bwdX] L=64 states=1 -> 1
[DP-fwdX] L=32 states=1 -> 1
[DP-bwdX] L=48 states=1 -> 3
[DP-fwdX] L=32 states=1 -> 1
[DP-fwdX] L=32 states=1 -> 1
[DP-fwdX] L=32 states=1 -> 1
[DP-bwdX] L=48 states=1 -> 3
[DP-bwdX] L=48 states=1 -> 3
[DP-bwdX] L=48 states=1 -> 3
[DP-fwdX] L=48 states=1 -> 2
[DP-bwdX] L=64 states=1 -> 1
[DP-fwdX] L=48 states=1 -> 2
[DP-fwdX] L=48 states=1 -> 2
[DP-fwdX] L=48 states=1 -> 2
[DP-bwdX] L=64 states=1 -> 1
[DP-bwdX] L=64 states=1 -> 1
[DP-bwdX] L=64 states=1 -> 1
[RowSwapCTR] expand small 8x8 -> full 16x8  top_rows=4  bot_rows=4  ctr_rows=8  n_full=128
  [Round 127] T_prime=16  T_target=15  HPWL_w=472000000  HPWL_eq=472  maxL=23  WNS(T')=-7  WNS*(T)=-8  picked=1  solve_ms=18.6108
[OC-Shortest/pow2] m=8 h=8 SEG=4 bits=32 words=1 threads=24
[DP-fwdX] L=0 states=1 -> 1
[DP-fwdX] L=16 states=141 -> 164
[DP-bwdX] L=64 states=1 -> 1
[DP-bwdX] L=48 states=141 -> 164
[DP-fwdX] L=0 states=1 -> 1
[DP-bwdX] L=32 states=1 -> 1
[DP-fwdX] L=0 states=1 -> 1
[DP-bwdX] L=16 states=1 -> 2
[DP-fwdX] L=0 states=1 -> 1
[DP-fwdX] L=0 states=1 -> 1
[DP-fwdX] L=0 states=1 -> 1
[DP-bwdX] L=16 states=1 -> 2
[DP-bwdX] L=16 states=1 -> 2
[DP-bwdX] L=16 states=1 -> 2
[DP-fwdX] L=16 states=1 -> 3
[DP-bwdX] L=32 states=1 -> 1
[DP-fwdX] L=16 states=1 -> 3
[DP-fwdX] L=16 states=1 -> 3
[DP-fwdX] L=16 states=1 -> 3
[DP-bwdX] L=32 states=1 -> 1
[DP-bwdX] L=32 states=1 -> 1
[DP-bwdX] L=32 states=1 -> 1
[DP-fwdX] L=32 states=1 -> 1
[DP-bwdX] L=64 states=1 -> 1
[DP-fwdX] L=32 states=1 -> 1
[DP-bwdX] L=48 states=1 -> 3
[DP-fwdX] L=32 states=1 -> 1
[DP-fwdX] L=32 states=1 -> 1
[DP-fwdX] L=32 states=1 -> 1
[DP-bwdX] L=48 states=1 -> 3
[DP-bwdX] L=48 states=1 -> 3
[DP-bwdX] L=48 states=1 -> 3
[DP-fwdX] L=48 states=1 -> 2
[DP-bwdX] L=64 states=1 -> 1
[DP-fwdX] L=48 states=1 -> 2
[DP-fwdX] L=48 states=1 -> 2
[DP-fwdX] L=48 states=1 -> 2
[DP-bwdX] L=64 states=1 -> 1
[DP-bwdX] L=64 states=1 -> 1
[DP-bwdX] L=64 states=1 -> 1
[RowSwapCTR] expand small 8x8 -> full 16x8  top_rows=4  bot_rows=4  ctr_rows=8  n_full=128
  [Round 128] T_prime=16  T_target=15  HPWL_w=472000000  HPWL_eq=472  maxL=23  WNS(T')=-7  WNS*(T)=-8  picked=1  solve_ms=18.7098
[OC-Shortest/pow2] m=8 h=8 SEG=4 bits=32 words=1 threads=24
[DP-fwdX] L=0 states=1 -> 1
[DP-fwdX] L=16 states=141 -> 164
[DP-bwdX] L=64 states=1 -> 1
[DP-bwdX] L=48 states=141 -> 164
[DP-fwdX] L=0 states=1 -> 1
[DP-bwdX] L=32 states=1 -> 1
[DP-fwdX] L=0 states=1 -> 1
[DP-bwdX] L=16 states=1 -> 2
[DP-fwdX] L=0 states=1 -> 1
[DP-fwdX] L=0 states=1 -> 1
[DP-fwdX] L=0 states=1 -> 1
[DP-bwdX] L=16 states=1 -> 2
[DP-bwdX] L=16 states=1 -> 2
[DP-bwdX] L=16 states=1 -> 2
[DP-fwdX] L=16 states=1 -> 3
[DP-bwdX] L=32 states=1 -> 1
[DP-fwdX] L=16 states=1 -> 3
[DP-fwdX] L=16 states=1 -> 3
[DP-fwdX] L=16 states=1 -> 3
[DP-bwdX] L=32 states=1 -> 1
[DP-bwdX] L=32 states=1 -> 1
[DP-bwdX] L=32 states=1 -> 1
[DP-fwdX] L=32 states=1 -> 1
[DP-bwdX] L=64 states=1 -> 1
[DP-fwdX] L=32 states=1 -> 1
[DP-bwdX] L=48 states=1 -> 3
[DP-fwdX] L=32 states=1 -> 1
[DP-fwdX] L=32 states=1 -> 1
[DP-fwdX] L=32 states=1 -> 1
[DP-bwdX] L=48 states=1 -> 3
[DP-bwdX] L=48 states=1 -> 3
[DP-bwdX] L=48 states=1 -> 3
[DP-fwdX] L=48 states=1 -> 2
[DP-bwdX] L=64 states=1 -> 1
[DP-fwdX] L=48 states=1 -> 2
[DP-fwdX] L=48 states=1 -> 2
[DP-fwdX] L=48 states=1 -> 2
[DP-bwdX] L=64 states=1 -> 1
[DP-bwdX] L=64 states=1 -> 1
[DP-bwdX] L=64 states=1 -> 1
[RowSwapCTR] expand small 8x8 -> full 16x8  top_rows=4  bot_rows=4  ctr_rows=8  n_full=128
  [Round 129] T_prime=16  T_target=15  HPWL_w=472000000  HPWL_eq=472  maxL=23  WNS(T')=-7  WNS*(T)=-8  picked=1  solve_ms=18.7031
[OC-Shortest/pow2] m=8 h=8 SEG=4 bits=32 words=1 threads=24
[DP-fwdX] L=0 states=1 -> 1
[DP-fwdX] L=16 states=141 -> 164
[DP-bwdX] L=64 states=1 -> 1
[DP-bwdX] L=48 states=141 -> 164
[DP-fwdX] L=0 states=1 -> 1
[DP-bwdX] L=32 states=1 -> 1
[DP-fwdX] L=0 states=1 -> 1
[DP-bwdX] L=16 states=1 -> 2
[DP-fwdX] L=0 states=1 -> 1
[DP-fwdX] L=0 states=1 -> 1
[DP-fwdX] L=0 states=1 -> 1
[DP-bwdX] L=16 states=1 -> 2
[DP-bwdX] L=16 states=1 -> 2
[DP-bwdX] L=16 states=1 -> 2
[DP-fwdX] L=16 states=1 -> 3
[DP-bwdX] L=32 states=1 -> 1
[DP-fwdX] L=16 states=1 -> 3
[DP-fwdX] L=16 states=1 -> 3
[DP-fwdX] L=16 states=1 -> 3
[DP-bwdX] L=32 states=1 -> 1
[DP-bwdX] L=32 states=1 -> 1
[DP-bwdX] L=32 states=1 -> 1
[DP-fwdX] L=32 states=1 -> 1
[DP-bwdX] L=64 states=1 -> 1
[DP-fwdX] L=32 states=1 -> 1
[DP-bwdX] L=48 states=1 -> 3
[DP-fwdX] L=32 states=1 -> 1
[DP-fwdX] L=32 states=1 -> 1
[DP-fwdX] L=32 states=1 -> 1
[DP-bwdX] L=48 states=1 -> 3
[DP-bwdX] L=48 states=1 -> 3
[DP-bwdX] L=48 states=1 -> 3
[DP-fwdX] L=48 states=1 -> 2
[DP-bwdX] L=64 states=1 -> 1
[DP-fwdX] L=48 states=1 -> 2
[DP-fwdX] L=48 states=1 -> 2
[DP-fwdX] L=48 states=1 -> 2
[DP-bwdX] L=64 states=1 -> 1
[DP-bwdX] L=64 states=1 -> 1
[DP-bwdX] L=64 states=1 -> 1
[RowSwapCTR] expand small 8x8 -> full 16x8  top_rows=4  bot_rows=4  ctr_rows=8  n_full=128
  [Round 130] T_prime=16  T_target=15  HPWL_w=472000000  HPWL_eq=472  maxL=23  WNS(T')=-7  WNS*(T)=-8  picked=1  solve_ms=18.5319
[OC-Shortest/pow2] m=8 h=8 SEG=4 bits=32 words=1 threads=24
[DP-fwdX] L=0 states=1 -> 1
[DP-fwdX] L=16 states=141 -> 164
[DP-bwdX] L=64 states=1 -> 1
[DP-bwdX] L=48 states=141 -> 164
[DP-fwdX] L=0 states=1 -> 1
[DP-bwdX] L=32 states=1 -> 1
[DP-fwdX] L=0 states=1 -> 1
[DP-bwdX] L=16 states=1 -> 2
[DP-fwdX] L=0 states=1 -> 1
[DP-fwdX] L=0 states=1 -> 1
[DP-fwdX] L=0 states=1 -> 1
[DP-bwdX] L=16 states=1 -> 2
[DP-bwdX] L=16 states=1 -> 2
[DP-bwdX] L=16 states=1 -> 2
[DP-fwdX] L=16 states=1 -> 3
[DP-bwdX] L=32 states=1 -> 1
[DP-fwdX] L=16 states=1 -> 3
[DP-fwdX] L=16 states=1 -> 3
[DP-fwdX] L=16 states=1 -> 3
[DP-bwdX] L=32 states=1 -> 1
[DP-bwdX] L=32 states=1 -> 1
[DP-bwdX] L=32 states=1 -> 1
[DP-fwdX] L=32 states=1 -> 1
[DP-bwdX] L=64 states=1 -> 1
[DP-fwdX] L=32 states=1 -> 1
[DP-bwdX] L=48 states=1 -> 3
[DP-fwdX] L=32 states=1 -> 1
[DP-fwdX] L=32 states=1 -> 1
[DP-fwdX] L=32 states=1 -> 1
[DP-bwdX] L=48 states=1 -> 3
[DP-bwdX] L=48 states=1 -> 3
[DP-bwdX] L=48 states=1 -> 3
[DP-fwdX] L=48 states=1 -> 2
[DP-bwdX] L=64 states=1 -> 1
[DP-fwdX] L=48 states=1 -> 2
[DP-fwdX] L=48 states=1 -> 2
[DP-fwdX] L=48 states=1 -> 2
[DP-bwdX] L=64 states=1 -> 1
[DP-bwdX] L=64 states=1 -> 1
[DP-bwdX] L=64 states=1 -> 1
[RowSwapCTR] expand small 8x8 -> full 16x8  top_rows=4  bot_rows=4  ctr_rows=8  n_full=128
  [Round 131] T_prime=16  T_target=15  HPWL_w=472000000  HPWL_eq=472  maxL=23  WNS(T')=-7  WNS*(T)=-8  picked=1  solve_ms=18.5688
[OC-Shortest/pow2] m=8 h=8 SEG=4 bits=32 words=1 threads=24
[DP-fwdX] L=0 states=1 -> 1
[DP-fwdX] L=16 states=141 -> 164
[DP-bwdX] L=64 states=1 -> 1
[DP-bwdX] L=48 states=141 -> 164
[DP-fwdX] L=0 states=1 -> 1
[DP-bwdX] L=32 states=1 -> 1
[DP-fwdX] L=0 states=1 -> 1
[DP-bwdX] L=16 states=1 -> 2
[DP-fwdX] L=0 states=1 -> 1
[DP-fwdX] L=0 states=1 -> 1
[DP-fwdX] L=0 states=1 -> 1
[DP-bwdX] L=16 states=1 -> 2
[DP-bwdX] L=16 states=1 -> 2
[DP-bwdX] L=16 states=1 -> 2
[DP-fwdX] L=16 states=1 -> 3
[DP-bwdX] L=32 states=1 -> 1
[DP-fwdX] L=16 states=1 -> 3
[DP-fwdX] L=16 states=1 -> 3
[DP-fwdX] L=16 states=1 -> 3
[DP-bwdX] L=32 states=1 -> 1
[DP-bwdX] L=32 states=1 -> 1
[DP-bwdX] L=32 states=1 -> 1
[DP-fwdX] L=32 states=1 -> 1
[DP-bwdX] L=64 states=1 -> 1
[DP-fwdX] L=32 states=1 -> 1
[DP-bwdX] L=48 states=1 -> 3
[DP-fwdX] L=32 states=1 -> 1
[DP-fwdX] L=32 states=1 -> 1
[DP-fwdX] L=32 states=1 -> 1
[DP-bwdX] L=48 states=1 -> 3
[DP-bwdX] L=48 states=1 -> 3
[DP-bwdX] L=48 states=1 -> 3
[DP-fwdX] L=48 states=1 -> 2
[DP-bwdX] L=64 states=1 -> 1
[DP-fwdX] L=48 states=1 -> 2
[DP-fwdX] L=48 states=1 -> 2
[DP-fwdX] L=48 states=1 -> 2
[DP-bwdX] L=64 states=1 -> 1
[DP-bwdX] L=64 states=1 -> 1
[DP-bwdX] L=64 states=1 -> 1
[RowSwapCTR] expand small 8x8 -> full 16x8  top_rows=4  bot_rows=4  ctr_rows=8  n_full=128
  [Round 132] T_prime=16  T_target=15  HPWL_w=472000000  HPWL_eq=472  maxL=23  WNS(T')=-7  WNS*(T)=-8  picked=1  solve_ms=18.9697
[OC-Shortest/pow2] m=8 h=8 SEG=4 bits=32 words=1 threads=24
[DP-fwdX] L=0 states=1 -> 1
[DP-fwdX] L=16 states=141 -> 164
[DP-bwdX] L=64 states=1 -> 1
[DP-bwdX] L=48 states=141 -> 164
[DP-fwdX] L=0 states=1 -> 1
[DP-bwdX] L=32 states=1 -> 1
[DP-fwdX] L=0 states=1 -> 1
[DP-bwdX] L=16 states=1 -> 2
[DP-fwdX] L=0 states=1 -> 1
[DP-fwdX] L=0 states=1 -> 1
[DP-fwdX] L=0 states=1 -> 1
[DP-bwdX] L=16 states=1 -> 2
[DP-bwdX] L=16 states=1 -> 2
[DP-bwdX] L=16 states=1 -> 2
[DP-fwdX] L=16 states=1 -> 3
[DP-bwdX] L=32 states=1 -> 1
[DP-fwdX] L=16 states=1 -> 3
[DP-fwdX] L=16 states=1 -> 3
[DP-fwdX] L=16 states=1 -> 3
[DP-bwdX] L=32 states=1 -> 1
[DP-bwdX] L=32 states=1 -> 1
[DP-bwdX] L=32 states=1 -> 1
[DP-fwdX] L=32 states=1 -> 1
[DP-bwdX] L=64 states=1 -> 1
[DP-fwdX] L=32 states=1 -> 1
[DP-bwdX] L=48 states=1 -> 3
[DP-fwdX] L=32 states=1 -> 1
[DP-fwdX] L=32 states=1 -> 1
[DP-fwdX] L=32 states=1 -> 1
[DP-bwdX] L=48 states=1 -> 3
[DP-bwdX] L=48 states=1 -> 3
[DP-bwdX] L=48 states=1 -> 3
[DP-fwdX] L=48 states=1 -> 2
[DP-bwdX] L=64 states=1 -> 1
[DP-fwdX] L=48 states=1 -> 2
[DP-fwdX] L=48 states=1 -> 2
[DP-fwdX] L=48 states=1 -> 2
[DP-bwdX] L=64 states=1 -> 1
[DP-bwdX] L=64 states=1 -> 1
[DP-bwdX] L=64 states=1 -> 1
[RowSwapCTR] expand small 8x8 -> full 16x8  top_rows=4  bot_rows=4  ctr_rows=8  n_full=128
  [Round 133] T_prime=16  T_target=15  HPWL_w=472000000  HPWL_eq=472  maxL=23  WNS(T')=-7  WNS*(T)=-8  picked=1  solve_ms=17.7777
[OC-Shortest/pow2] m=8 h=8 SEG=4 bits=32 words=1 threads=24
[DP-fwdX] L=0 states=1 -> 1
[DP-fwdX] L=16 states=141 -> 164
[DP-bwdX] L=64 states=1 -> 1
[DP-bwdX] L=48 states=141 -> 164
[DP-fwdX] L=0 states=1 -> 1
[DP-bwdX] L=32 states=1 -> 1
[DP-fwdX] L=0 states=1 -> 1
[DP-bwdX] L=16 states=1 -> 2
[DP-fwdX] L=0 states=1 -> 1
[DP-fwdX] L=0 states=1 -> 1
[DP-fwdX] L=0 states=1 -> 1
[DP-bwdX] L=16 states=1 -> 2
[DP-bwdX] L=16 states=1 -> 2
[DP-bwdX] L=16 states=1 -> 2
[DP-fwdX] L=16 states=1 -> 3
[DP-bwdX] L=32 states=1 -> 1
[DP-fwdX] L=16 states=1 -> 3
[DP-fwdX] L=16 states=1 -> 3
[DP-fwdX] L=16 states=1 -> 3
[DP-bwdX] L=32 states=1 -> 1
[DP-bwdX] L=32 states=1 -> 1
[DP-bwdX] L=32 states=1 -> 1
[DP-fwdX] L=32 states=1 -> 1
[DP-bwdX] L=64 states=1 -> 1
[DP-fwdX] L=32 states=1 -> 1
[DP-bwdX] L=48 states=1 -> 3
[DP-fwdX] L=32 states=1 -> 1
[DP-fwdX] L=32 states=1 -> 1
[DP-fwdX] L=32 states=1 -> 1
[DP-bwdX] L=48 states=1 -> 3
[DP-bwdX] L=48 states=1 -> 3
[DP-bwdX] L=48 states=1 -> 3
[DP-fwdX] L=48 states=1 -> 2
[DP-bwdX] L=64 states=1 -> 1
[DP-fwdX] L=48 states=1 -> 2
[DP-fwdX] L=48 states=1 -> 2
[DP-fwdX] L=48 states=1 -> 2
[DP-bwdX] L=64 states=1 -> 1
[DP-bwdX] L=64 states=1 -> 1
[DP-bwdX] L=64 states=1 -> 1
[RowSwapCTR] expand small 8x8 -> full 16x8  top_rows=4  bot_rows=4  ctr_rows=8  n_full=128
  [Round 134] T_prime=16  T_target=15  HPWL_w=472000000  HPWL_eq=472  maxL=23  WNS(T')=-7  WNS*(T)=-8  picked=1  solve_ms=18.1307
[OC-Shortest/pow2] m=8 h=8 SEG=4 bits=32 words=1 threads=24
[DP-fwdX] L=0 states=1 -> 1
[DP-fwdX] L=16 states=141 -> 164
[DP-bwdX] L=64 states=1 -> 1
[DP-bwdX] L=48 states=141 -> 164
[DP-fwdX] L=0 states=1 -> 1
[DP-bwdX] L=32 states=1 -> 1
[DP-fwdX] L=0 states=1 -> 1
[DP-bwdX] L=16 states=1 -> 2
[DP-fwdX] L=0 states=1 -> 1
[DP-fwdX] L=0 states=1 -> 1
[DP-fwdX] L=0 states=1 -> 1
[DP-bwdX] L=16 states=1 -> 2
[DP-bwdX] L=16 states=1 -> 2
[DP-bwdX] L=16 states=1 -> 2
[DP-fwdX] L=16 states=1 -> 3
[DP-bwdX] L=32 states=1 -> 1
[DP-fwdX] L=16 states=1 -> 3
[DP-fwdX] L=16 states=1 -> 3
[DP-fwdX] L=16 states=1 -> 3
[DP-bwdX] L=32 states=1 -> 1
[DP-bwdX] L=32 states=1 -> 1
[DP-bwdX] L=32 states=1 -> 1
[DP-fwdX] L=32 states=1 -> 1
[DP-bwdX] L=64 states=1 -> 1
[DP-fwdX] L=32 states=1 -> 1
[DP-bwdX] L=48 states=1 -> 3
[DP-fwdX] L=32 states=1 -> 1
[DP-fwdX] L=32 states=1 -> 1
[DP-fwdX] L=32 states=1 -> 1
[DP-bwdX] L=48 states=1 -> 3
[DP-bwdX] L=48 states=1 -> 3
[DP-bwdX] L=48 states=1 -> 3
[DP-fwdX] L=48 states=1 -> 2
[DP-bwdX] L=64 states=1 -> 1
[DP-fwdX] L=48 states=1 -> 2
[DP-fwdX] L=48 states=1 -> 2
[DP-fwdX] L=48 states=1 -> 2
[DP-bwdX] L=64 states=1 -> 1
[DP-bwdX] L=64 states=1 -> 1
[DP-bwdX] L=64 states=1 -> 1
[RowSwapCTR] expand small 8x8 -> full 16x8  top_rows=4  bot_rows=4  ctr_rows=8  n_full=128
  [Round 135] T_prime=16  T_target=15  HPWL_w=472000000  HPWL_eq=472  maxL=23  WNS(T')=-7  WNS*(T)=-8  picked=1  solve_ms=17.8257
[OC-Shortest/pow2] m=8 h=8 SEG=4 bits=32 words=1 threads=24
[DP-fwdX] L=0 states=1 -> 1
[DP-fwdX] L=16 states=141 -> 164
[DP-bwdX] L=64 states=1 -> 1
[DP-bwdX] L=48 states=141 -> 164
[DP-fwdX] L=0 states=1 -> 1
[DP-bwdX] L=32 states=1 -> 1
[DP-fwdX] L=0 states=1 -> 1
[DP-bwdX] L=16 states=1 -> 2
[DP-fwdX] L=0 states=1 -> 1
[DP-fwdX] L=0 states=1 -> 1
[DP-fwdX] L=0 states=1 -> 1
[DP-bwdX] L=16 states=1 -> 2
[DP-bwdX] L=16 states=1 -> 2
[DP-bwdX] L=16 states=1 -> 2
[DP-fwdX] L=16 states=1 -> 3
[DP-bwdX] L=32 states=1 -> 1
[DP-fwdX] L=16 states=1 -> 3
[DP-fwdX] L=16 states=1 -> 3
[DP-fwdX] L=16 states=1 -> 3
[DP-bwdX] L=32 states=1 -> 1
[DP-bwdX] L=32 states=1 -> 1
[DP-bwdX] L=32 states=1 -> 1
[DP-fwdX] L=32 states=1 -> 1
[DP-bwdX] L=64 states=1 -> 1
[DP-fwdX] L=32 states=1 -> 1
[DP-bwdX] L=48 states=1 -> 3
[DP-fwdX] L=32 states=1 -> 1
[DP-fwdX] L=32 states=1 -> 1
[DP-fwdX] L=32 states=1 -> 1
[DP-bwdX] L=48 states=1 -> 3
[DP-bwdX] L=48 states=1 -> 3
[DP-bwdX] L=48 states=1 -> 3
[DP-fwdX] L=48 states=1 -> 2
[DP-bwdX] L=64 states=1 -> 1
[DP-fwdX] L=48 states=1 -> 2
[DP-fwdX] L=48 states=1 -> 2
[DP-fwdX] L=48 states=1 -> 2
[DP-bwdX] L=64 states=1 -> 1
[DP-bwdX] L=64 states=1 -> 1
[DP-bwdX] L=64 states=1 -> 1
[RowSwapCTR] expand small 8x8 -> full 16x8  top_rows=4  bot_rows=4  ctr_rows=8  n_full=128
  [Round 136] T_prime=16  T_target=15  HPWL_w=472000000  HPWL_eq=472  maxL=23  WNS(T')=-7  WNS*(T)=-8  picked=1  solve_ms=17.7129
[OC-Shortest/pow2] m=8 h=8 SEG=4 bits=32 words=1 threads=24
[DP-fwdX] L=0 states=1 -> 1
[DP-fwdX] L=16 states=141 -> 164
[DP-bwdX] L=64 states=1 -> 1
[DP-bwdX] L=48 states=141 -> 164
[DP-fwdX] L=0 states=1 -> 1
[DP-bwdX] L=32 states=1 -> 1
[DP-fwdX] L=0 states=1 -> 1
[DP-bwdX] L=16 states=1 -> 2
[DP-fwdX] L=0 states=1 -> 1
[DP-fwdX] L=0 states=1 -> 1
[DP-fwdX] L=0 states=1 -> 1
[DP-bwdX] L=16 states=1 -> 2
[DP-bwdX] L=16 states=1 -> 2
[DP-bwdX] L=16 states=1 -> 2
[DP-fwdX] L=16 states=1 -> 3
[DP-bwdX] L=32 states=1 -> 1
[DP-fwdX] L=16 states=1 -> 3
[DP-fwdX] L=16 states=1 -> 3
[DP-fwdX] L=16 states=1 -> 3
[DP-bwdX] L=32 states=1 -> 1
[DP-bwdX] L=32 states=1 -> 1
[DP-bwdX] L=32 states=1 -> 1
[DP-fwdX] L=32 states=1 -> 1
[DP-bwdX] L=64 states=1 -> 1
[DP-fwdX] L=32 states=1 -> 1
[DP-bwdX] L=48 states=1 -> 3
[DP-fwdX] L=32 states=1 -> 1
[DP-fwdX] L=32 states=1 -> 1
[DP-fwdX] L=32 states=1 -> 1
[DP-bwdX] L=48 states=1 -> 3
[DP-bwdX] L=48 states=1 -> 3
[DP-bwdX] L=48 states=1 -> 3
[DP-fwdX] L=48 states=1 -> 2
[DP-bwdX] L=64 states=1 -> 1
[DP-fwdX] L=48 states=1 -> 2
[DP-fwdX] L=48 states=1 -> 2
[DP-fwdX] L=48 states=1 -> 2
[DP-bwdX] L=64 states=1 -> 1
[DP-bwdX] L=64 states=1 -> 1
[DP-bwdX] L=64 states=1 -> 1
[RowSwapCTR] expand small 8x8 -> full 16x8  top_rows=4  bot_rows=4  ctr_rows=8  n_full=128
  [Round 137] T_prime=16  T_target=15  HPWL_w=472000000  HPWL_eq=472  maxL=23  WNS(T')=-7  WNS*(T)=-8  picked=1  solve_ms=17.5022
[OC-Shortest/pow2] m=8 h=8 SEG=4 bits=32 words=1 threads=24
[DP-fwdX] L=0 states=1 -> 1
[DP-fwdX] L=16 states=141 -> 164
[DP-bwdX] L=64 states=1 -> 1
[DP-bwdX] L=48 states=141 -> 164
[DP-fwdX] L=0 states=1 -> 1
[DP-bwdX] L=32 states=1 -> 1
[DP-fwdX] L=0 states=1 -> 1
[DP-bwdX] L=16 states=1 -> 2
[DP-fwdX] L=0 states=1 -> 1
[DP-fwdX] L=0 states=1 -> 1
[DP-fwdX] L=0 states=1 -> 1
[DP-bwdX] L=16 states=1 -> 2
[DP-bwdX] L=16 states=1 -> 2
[DP-bwdX] L=16 states=1 -> 2
[DP-fwdX] L=16 states=1 -> 3
[DP-bwdX] L=32 states=1 -> 1
[DP-fwdX] L=16 states=1 -> 3
[DP-fwdX] L=16 states=1 -> 3
[DP-fwdX] L=16 states=1 -> 3
[DP-bwdX] L=32 states=1 -> 1
[DP-bwdX] L=32 states=1 -> 1
[DP-bwdX] L=32 states=1 -> 1
[DP-fwdX] L=32 states=1 -> 1
[DP-bwdX] L=64 states=1 -> 1
[DP-fwdX] L=32 states=1 -> 1
[DP-bwdX] L=48 states=1 -> 3
[DP-fwdX] L=32 states=1 -> 1
[DP-fwdX] L=32 states=1 -> 1
[DP-fwdX] L=32 states=1 -> 1
[DP-bwdX] L=48 states=1 -> 3
[DP-bwdX] L=48 states=1 -> 3
[DP-bwdX] L=48 states=1 -> 3
[DP-fwdX] L=48 states=1 -> 2
[DP-bwdX] L=64 states=1 -> 1
[DP-fwdX] L=48 states=1 -> 2
[DP-fwdX] L=48 states=1 -> 2
[DP-fwdX] L=48 states=1 -> 2
[DP-bwdX] L=64 states=1 -> 1
[DP-bwdX] L=64 states=1 -> 1
[DP-bwdX] L=64 states=1 -> 1
[RowSwapCTR] expand small 8x8 -> full 16x8  top_rows=4  bot_rows=4  ctr_rows=8  n_full=128
  [Round 138] T_prime=16  T_target=15  HPWL_w=472000000  HPWL_eq=472  maxL=23  WNS(T')=-7  WNS*(T)=-8  picked=1  solve_ms=17.4148
[OC-Shortest/pow2] m=8 h=8 SEG=4 bits=32 words=1 threads=24
[DP-fwdX] L=0 states=1 -> 1
[DP-fwdX] L=16 states=141 -> 164
[DP-bwdX] L=64 states=1 -> 1
[DP-bwdX] L=48 states=141 -> 164
[DP-fwdX] L=0 states=1 -> 1
[DP-bwdX] L=32 states=1 -> 1
[DP-fwdX] L=0 states=1 -> 1
[DP-bwdX] L=16 states=1 -> 2
[DP-fwdX] L=0 states=1 -> 1
[DP-fwdX] L=0 states=1 -> 1
[DP-fwdX] L=0 states=1 -> 1
[DP-bwdX] L=16 states=1 -> 2
[DP-bwdX] L=16 states=1 -> 2
[DP-bwdX] L=16 states=1 -> 2
[DP-fwdX] L=16 states=1 -> 3
[DP-bwdX] L=32 states=1 -> 1
[DP-fwdX] L=16 states=1 -> 3
[DP-fwdX] L=16 states=1 -> 3
[DP-fwdX] L=16 states=1 -> 3
[DP-bwdX] L=32 states=1 -> 1
[DP-bwdX] L=32 states=1 -> 1
[DP-bwdX] L=32 states=1 -> 1
[DP-fwdX] L=32 states=1 -> 1
[DP-bwdX] L=64 states=1 -> 1
[DP-fwdX] L=32 states=1 -> 1
[DP-bwdX] L=48 states=1 -> 3
[DP-fwdX] L=32 states=1 -> 1
[DP-fwdX] L=32 states=1 -> 1
[DP-fwdX] L=32 states=1 -> 1
[DP-bwdX] L=48 states=1 -> 3
[DP-bwdX] L=48 states=1 -> 3
[DP-bwdX] L=48 states=1 -> 3
[DP-fwdX] L=48 states=1 -> 2
[DP-bwdX] L=64 states=1 -> 1
[DP-fwdX] L=48 states=1 -> 2
[DP-fwdX] L=48 states=1 -> 2
[DP-fwdX] L=48 states=1 -> 2
[DP-bwdX] L=64 states=1 -> 1
[DP-bwdX] L=64 states=1 -> 1
[DP-bwdX] L=64 states=1 -> 1
[RowSwapCTR] expand small 8x8 -> full 16x8  top_rows=4  bot_rows=4  ctr_rows=8  n_full=128
  [Round 139] T_prime=16  T_target=15  HPWL_w=472000000  HPWL_eq=472  maxL=23  WNS(T')=-7  WNS*(T)=-8  picked=1  solve_ms=17.5037
[OC-Shortest/pow2] m=8 h=8 SEG=4 bits=32 words=1 threads=24
[DP-fwdX] L=0 states=1 -> 1
[DP-fwdX] L=16 states=141 -> 164
[DP-bwdX] L=64 states=1 -> 1
[DP-bwdX] L=48 states=141 -> 164
[DP-fwdX] L=0 states=1 -> 1
[DP-bwdX] L=32 states=1 -> 1
[DP-fwdX] L=0 states=1 -> 1
[DP-bwdX] L=16 states=1 -> 2
[DP-fwdX] L=0 states=1 -> 1
[DP-fwdX] L=0 states=1 -> 1
[DP-fwdX] L=0 states=1 -> 1
[DP-bwdX] L=16 states=1 -> 2
[DP-bwdX] L=16 states=1 -> 2
[DP-bwdX] L=16 states=1 -> 2
[DP-fwdX] L=16 states=1 -> 3
[DP-bwdX] L=32 states=1 -> 1
[DP-fwdX] L=16 states=1 -> 3
[DP-fwdX] L=16 states=1 -> 3
[DP-fwdX] L=16 states=1 -> 3
[DP-bwdX] L=32 states=1 -> 1
[DP-bwdX] L=32 states=1 -> 1
[DP-bwdX] L=32 states=1 -> 1
[DP-fwdX] L=32 states=1 -> 1
[DP-bwdX] L=64 states=1 -> 1
[DP-fwdX] L=32 states=1 -> 1
[DP-bwdX] L=48 states=1 -> 3
[DP-fwdX] L=32 states=1 -> 1
[DP-fwdX] L=32 states=1 -> 1
[DP-fwdX] L=32 states=1 -> 1
[DP-bwdX] L=48 states=1 -> 3
[DP-bwdX] L=48 states=1 -> 3
[DP-bwdX] L=48 states=1 -> 3
[DP-fwdX] L=48 states=1 -> 2
[DP-bwdX] L=64 states=1 -> 1
[DP-fwdX] L=48 states=1 -> 2
[DP-fwdX] L=48 states=1 -> 2
[DP-fwdX] L=48 states=1 -> 2
[DP-bwdX] L=64 states=1 -> 1
[DP-bwdX] L=64 states=1 -> 1
[DP-bwdX] L=64 states=1 -> 1
[RowSwapCTR] expand small 8x8 -> full 16x8  top_rows=4  bot_rows=4  ctr_rows=8  n_full=128
  [Round 140] T_prime=16  T_target=15  HPWL_w=472000000  HPWL_eq=472  maxL=23  WNS(T')=-7  WNS*(T)=-8  picked=1  solve_ms=17.4951
[OC-Shortest/pow2] m=8 h=8 SEG=4 bits=32 words=1 threads=24
[DP-fwdX] L=0 states=1 -> 1
[DP-fwdX] L=16 states=141 -> 164
[DP-bwdX] L=64 states=1 -> 1
[DP-bwdX] L=48 states=141 -> 164
[DP-fwdX] L=0 states=1 -> 1
[DP-bwdX] L=32 states=1 -> 1
[DP-fwdX] L=0 states=1 -> 1
[DP-bwdX] L=16 states=1 -> 2
[DP-fwdX] L=0 states=1 -> 1
[DP-fwdX] L=0 states=1 -> 1
[DP-fwdX] L=0 states=1 -> 1
[DP-bwdX] L=16 states=1 -> 2
[DP-bwdX] L=16 states=1 -> 2
[DP-bwdX] L=16 states=1 -> 2
[DP-fwdX] L=16 states=1 -> 3
[DP-bwdX] L=32 states=1 -> 1
[DP-fwdX] L=16 states=1 -> 3
[DP-fwdX] L=16 states=1 -> 3
[DP-fwdX] L=16 states=1 -> 3
[DP-bwdX] L=32 states=1 -> 1
[DP-bwdX] L=32 states=1 -> 1
[DP-bwdX] L=32 states=1 -> 1
[DP-fwdX] L=32 states=1 -> 1
[DP-bwdX] L=64 states=1 -> 1
[DP-fwdX] L=32 states=1 -> 1
[DP-bwdX] L=48 states=1 -> 3
[DP-fwdX] L=32 states=1 -> 1
[DP-fwdX] L=32 states=1 -> 1
[DP-fwdX] L=32 states=1 -> 1
[DP-bwdX] L=48 states=1 -> 3
[DP-bwdX] L=48 states=1 -> 3
[DP-bwdX] L=48 states=1 -> 3
[DP-fwdX] L=48 states=1 -> 2
[DP-bwdX] L=64 states=1 -> 1
[DP-fwdX] L=48 states=1 -> 2
[DP-fwdX] L=48 states=1 -> 2
[DP-fwdX] L=48 states=1 -> 2
[DP-bwdX] L=64 states=1 -> 1
[DP-bwdX] L=64 states=1 -> 1
[DP-bwdX] L=64 states=1 -> 1
[RowSwapCTR] expand small 8x8 -> full 16x8  top_rows=4  bot_rows=4  ctr_rows=8  n_full=128
  [Round 141] T_prime=16  T_target=15  HPWL_w=472000000  HPWL_eq=472  maxL=23  WNS(T')=-7  WNS*(T)=-8  picked=1  solve_ms=17.4648
[OC-Shortest/pow2] m=8 h=8 SEG=4 bits=32 words=1 threads=24
[DP-fwdX] L=0 states=1 -> 1
[DP-fwdX] L=16 states=141 -> 164
[DP-bwdX] L=64 states=1 -> 1
[DP-bwdX] L=48 states=141 -> 164
[DP-fwdX] L=0 states=1 -> 1
[DP-bwdX] L=32 states=1 -> 1
[DP-fwdX] L=0 states=1 -> 1
[DP-bwdX] L=16 states=1 -> 2
[DP-fwdX] L=0 states=1 -> 1
[DP-fwdX] L=0 states=1 -> 1
[DP-fwdX] L=0 states=1 -> 1
[DP-bwdX] L=16 states=1 -> 2
[DP-bwdX] L=16 states=1 -> 2
[DP-bwdX] L=16 states=1 -> 2
[DP-fwdX] L=16 states=1 -> 3
[DP-bwdX] L=32 states=1 -> 1
[DP-fwdX] L=16 states=1 -> 3
[DP-fwdX] L=16 states=1 -> 3
[DP-fwdX] L=16 states=1 -> 3
[DP-bwdX] L=32 states=1 -> 1
[DP-bwdX] L=32 states=1 -> 1
[DP-bwdX] L=32 states=1 -> 1
[DP-fwdX] L=32 states=1 -> 1
[DP-bwdX] L=64 states=1 -> 1
[DP-fwdX] L=32 states=1 -> 1
[DP-bwdX] L=48 states=1 -> 3
[DP-fwdX] L=32 states=1 -> 1
[DP-fwdX] L=32 states=1 -> 1
[DP-fwdX] L=32 states=1 -> 1
[DP-bwdX] L=48 states=1 -> 3
[DP-bwdX] L=48 states=1 -> 3
[DP-bwdX] L=48 states=1 -> 3
[DP-fwdX] L=48 states=1 -> 2
[DP-bwdX] L=64 states=1 -> 1
[DP-fwdX] L=48 states=1 -> 2
[DP-fwdX] L=48 states=1 -> 2
[DP-fwdX] L=48 states=1 -> 2
[DP-bwdX] L=64 states=1 -> 1
[DP-bwdX] L=64 states=1 -> 1
[DP-bwdX] L=64 states=1 -> 1
[RowSwapCTR] expand small 8x8 -> full 16x8  top_rows=4  bot_rows=4  ctr_rows=8  n_full=128
  [Round 142] T_prime=16  T_target=15  HPWL_w=472000000  HPWL_eq=472  maxL=23  WNS(T')=-7  WNS*(T)=-8  picked=1  solve_ms=17.5437
[OC-Shortest/pow2] m=8 h=8 SEG=4 bits=32 words=1 threads=24
[DP-fwdX] L=0 states=1 -> 1
[DP-fwdX] L=16 states=141 -> 164
[DP-bwdX] L=64 states=1 -> 1
[DP-bwdX] L=48 states=141 -> 164
[DP-fwdX] L=0 states=1 -> 1
[DP-bwdX] L=32 states=1 -> 1
[DP-fwdX] L=0 states=1 -> 1
[DP-bwdX] L=16 states=1 -> 2
[DP-fwdX] L=0 states=1 -> 1
[DP-fwdX] L=0 states=1 -> 1
[DP-fwdX] L=0 states=1 -> 1
[DP-bwdX] L=16 states=1 -> 2
[DP-bwdX] L=16 states=1 -> 2
[DP-bwdX] L=16 states=1 -> 2
[DP-fwdX] L=16 states=1 -> 3
[DP-bwdX] L=32 states=1 -> 1
[DP-fwdX] L=16 states=1 -> 3
[DP-fwdX] L=16 states=1 -> 3
[DP-fwdX] L=16 states=1 -> 3
[DP-bwdX] L=32 states=1 -> 1
[DP-bwdX] L=32 states=1 -> 1
[DP-bwdX] L=32 states=1 -> 1
[DP-fwdX] L=32 states=1 -> 1
[DP-bwdX] L=64 states=1 -> 1
[DP-fwdX] L=32 states=1 -> 1
[DP-bwdX] L=48 states=1 -> 3
[DP-fwdX] L=32 states=1 -> 1
[DP-fwdX] L=32 states=1 -> 1
[DP-fwdX] L=32 states=1 -> 1
[DP-bwdX] L=48 states=1 -> 3
[DP-bwdX] L=48 states=1 -> 3
[DP-bwdX] L=48 states=1 -> 3
[DP-fwdX] L=48 states=1 -> 2
[DP-bwdX] L=64 states=1 -> 1
[DP-fwdX] L=48 states=1 -> 2
[DP-fwdX] L=48 states=1 -> 2
[DP-fwdX] L=48 states=1 -> 2
[DP-bwdX] L=64 states=1 -> 1
[DP-bwdX] L=64 states=1 -> 1
[DP-bwdX] L=64 states=1 -> 1
[RowSwapCTR] expand small 8x8 -> full 16x8  top_rows=4  bot_rows=4  ctr_rows=8  n_full=128
  [Round 143] T_prime=16  T_target=15  HPWL_w=472000000  HPWL_eq=472  maxL=23  WNS(T')=-7  WNS*(T)=-8  picked=1  solve_ms=20.2434
[OC-Shortest/pow2] m=8 h=8 SEG=4 bits=32 words=1 threads=24
[DP-fwdX] L=0 states=1 -> 1
[DP-fwdX] L=16 states=141 -> 164
[DP-bwdX] L=64 states=1 -> 1
[DP-bwdX] L=48 states=141 -> 164
[DP-fwdX] L=0 states=1 -> 1
[DP-bwdX] L=32 states=1 -> 1
[DP-fwdX] L=0 states=1 -> 1
[DP-bwdX] L=16 states=1 -> 2
[DP-fwdX] L=0 states=1 -> 1
[DP-fwdX] L=0 states=1 -> 1
[DP-fwdX] L=0 states=1 -> 1
[DP-bwdX] L=16 states=1 -> 2
[DP-bwdX] L=16 states=1 -> 2
[DP-bwdX] L=16 states=1 -> 2
[DP-fwdX] L=16 states=1 -> 3
[DP-bwdX] L=32 states=1 -> 1
[DP-fwdX] L=16 states=1 -> 3
[DP-fwdX] L=16 states=1 -> 3
[DP-fwdX] L=16 states=1 -> 3
[DP-bwdX] L=32 states=1 -> 1
[DP-bwdX] L=32 states=1 -> 1
[DP-bwdX] L=32 states=1 -> 1
[DP-fwdX] L=32 states=1 -> 1
[DP-bwdX] L=64 states=1 -> 1
[DP-fwdX] L=32 states=1 -> 1
[DP-bwdX] L=48 states=1 -> 3
[DP-fwdX] L=32 states=1 -> 1
[DP-fwdX] L=32 states=1 -> 1
[DP-fwdX] L=32 states=1 -> 1
[DP-bwdX] L=48 states=1 -> 3
[DP-bwdX] L=48 states=1 -> 3
[DP-bwdX] L=48 states=1 -> 3
[DP-fwdX] L=48 states=1 -> 2
[DP-bwdX] L=64 states=1 -> 1
[DP-fwdX] L=48 states=1 -> 2
[DP-fwdX] L=48 states=1 -> 2
[DP-fwdX] L=48 states=1 -> 2
[DP-bwdX] L=64 states=1 -> 1
[DP-bwdX] L=64 states=1 -> 1
[DP-bwdX] L=64 states=1 -> 1
[RowSwapCTR] expand small 8x8 -> full 16x8  top_rows=4  bot_rows=4  ctr_rows=8  n_full=128
  [Round 144] T_prime=16  T_target=15  HPWL_w=472000000  HPWL_eq=472  maxL=23  WNS(T')=-7  WNS*(T)=-8  picked=1  solve_ms=17.7369
[OC-Shortest/pow2] m=8 h=8 SEG=4 bits=32 words=1 threads=24
[DP-fwdX] L=0 states=1 -> 1
[DP-fwdX] L=16 states=141 -> 164
[DP-bwdX] L=64 states=1 -> 1
[DP-bwdX] L=48 states=141 -> 164
[DP-fwdX] L=0 states=1 -> 1
[DP-bwdX] L=32 states=1 -> 1
[DP-fwdX] L=0 states=1 -> 1
[DP-bwdX] L=16 states=1 -> 2
[DP-fwdX] L=0 states=1 -> 1
[DP-fwdX] L=0 states=1 -> 1
[DP-fwdX] L=0 states=1 -> 1
[DP-bwdX] L=16 states=1 -> 2
[DP-bwdX] L=16 states=1 -> 2
[DP-bwdX] L=16 states=1 -> 2
[DP-fwdX] L=16 states=1 -> 3
[DP-bwdX] L=32 states=1 -> 1
[DP-fwdX] L=16 states=1 -> 3
[DP-fwdX] L=16 states=1 -> 3
[DP-fwdX] L=16 states=1 -> 3
[DP-bwdX] L=32 states=1 -> 1
[DP-bwdX] L=32 states=1 -> 1
[DP-bwdX] L=32 states=1 -> 1
[DP-fwdX] L=32 states=1 -> 1
[DP-bwdX] L=64 states=1 -> 1
[DP-fwdX] L=32 states=1 -> 1
[DP-bwdX] L=48 states=1 -> 3
[DP-fwdX] L=32 states=1 -> 1
[DP-fwdX] L=32 states=1 -> 1
[DP-fwdX] L=32 states=1 -> 1
[DP-bwdX] L=48 states=1 -> 3
[DP-bwdX] L=48 states=1 -> 3
[DP-bwdX] L=48 states=1 -> 3
[DP-fwdX] L=48 states=1 -> 2
[DP-bwdX] L=64 states=1 -> 1
[DP-fwdX] L=48 states=1 -> 2
[DP-fwdX] L=48 states=1 -> 2
[DP-fwdX] L=48 states=1 -> 2
[DP-bwdX] L=64 states=1 -> 1
[DP-bwdX] L=64 states=1 -> 1
[DP-bwdX] L=64 states=1 -> 1
[RowSwapCTR] expand small 8x8 -> full 16x8  top_rows=4  bot_rows=4  ctr_rows=8  n_full=128
  [Round 145] T_prime=16  T_target=15  HPWL_w=472000000  HPWL_eq=472  maxL=23  WNS(T')=-7  WNS*(T)=-8  picked=1  solve_ms=17.5781
[OC-Shortest/pow2] m=8 h=8 SEG=4 bits=32 words=1 threads=24
[DP-fwdX] L=0 states=1 -> 1
[DP-fwdX] L=16 states=141 -> 164
[DP-bwdX] L=64 states=1 -> 1
[DP-bwdX] L=48 states=141 -> 164
[DP-fwdX] L=0 states=1 -> 1
[DP-bwdX] L=32 states=1 -> 1
[DP-fwdX] L=0 states=1 -> 1
[DP-bwdX] L=16 states=1 -> 2
[DP-fwdX] L=0 states=1 -> 1
[DP-fwdX] L=0 states=1 -> 1
[DP-fwdX] L=0 states=1 -> 1
[DP-bwdX] L=16 states=1 -> 2
[DP-bwdX] L=16 states=1 -> 2
[DP-bwdX] L=16 states=1 -> 2
[DP-fwdX] L=16 states=1 -> 3
[DP-bwdX] L=32 states=1 -> 1
[DP-fwdX] L=16 states=1 -> 3
[DP-fwdX] L=16 states=1 -> 3
[DP-fwdX] L=16 states=1 -> 3
[DP-bwdX] L=32 states=1 -> 1
[DP-bwdX] L=32 states=1 -> 1
[DP-bwdX] L=32 states=1 -> 1
[DP-fwdX] L=32 states=1 -> 1
[DP-bwdX] L=64 states=1 -> 1
[DP-fwdX] L=32 states=1 -> 1
[DP-bwdX] L=48 states=1 -> 3
[DP-fwdX] L=32 states=1 -> 1
[DP-fwdX] L=32 states=1 -> 1
[DP-fwdX] L=32 states=1 -> 1
[DP-bwdX] L=48 states=1 -> 3
[DP-bwdX] L=48 states=1 -> 3
[DP-bwdX] L=48 states=1 -> 3
[DP-fwdX] L=48 states=1 -> 2
[DP-bwdX] L=64 states=1 -> 1
[DP-fwdX] L=48 states=1 -> 2
[DP-fwdX] L=48 states=1 -> 2
[DP-fwdX] L=48 states=1 -> 2
[DP-bwdX] L=64 states=1 -> 1
[DP-bwdX] L=64 states=1 -> 1
[DP-bwdX] L=64 states=1 -> 1
[RowSwapCTR] expand small 8x8 -> full 16x8  top_rows=4  bot_rows=4  ctr_rows=8  n_full=128
  [Round 146] T_prime=16  T_target=15  HPWL_w=472000000  HPWL_eq=472  maxL=23  WNS(T')=-7  WNS*(T)=-8  picked=1  solve_ms=49.1697
[OC-Shortest/pow2] m=8 h=8 SEG=4 bits=32 words=1 threads=24
[DP-fwdX] L=0 states=1 -> 1
[DP-fwdX] L=16 states=141 -> 164
[DP-bwdX] L=64 states=1 -> 1
[DP-bwdX] L=48 states=141 -> 164
[DP-fwdX] L=0 states=1 -> 1
[DP-bwdX] L=32 states=1 -> 1
[DP-fwdX] L=0 states=1 -> 1
[DP-bwdX] L=16 states=1 -> 2
[DP-fwdX] L=0 states=1 -> 1
[DP-fwdX] L=0 states=1 -> 1
[DP-fwdX] L=0 states=1 -> 1
[DP-bwdX] L=16 states=1 -> 2
[DP-bwdX] L=16 states=1 -> 2
[DP-bwdX] L=16 states=1 -> 2
[DP-fwdX] L=16 states=1 -> 3
[DP-bwdX] L=32 states=1 -> 1
[DP-fwdX] L=16 states=1 -> 3
[DP-fwdX] L=16 states=1 -> 3
[DP-fwdX] L=16 states=1 -> 3
[DP-bwdX] L=32 states=1 -> 1
[DP-bwdX] L=32 states=1 -> 1
[DP-bwdX] L=32 states=1 -> 1
[DP-fwdX] L=32 states=1 -> 1
[DP-bwdX] L=64 states=1 -> 1
[DP-fwdX] L=32 states=1 -> 1
[DP-bwdX] L=48 states=1 -> 3
[DP-fwdX] L=32 states=1 -> 1
[DP-fwdX] L=32 states=1 -> 1
[DP-fwdX] L=32 states=1 -> 1
[DP-bwdX] L=48 states=1 -> 3
[DP-bwdX] L=48 states=1 -> 3
[DP-bwdX] L=48 states=1 -> 3
[DP-fwdX] L=48 states=1 -> 2
[DP-bwdX] L=64 states=1 -> 1
[DP-fwdX] L=48 states=1 -> 2
[DP-fwdX] L=48 states=1 -> 2
[DP-fwdX] L=48 states=1 -> 2
[DP-bwdX] L=64 states=1 -> 1
[DP-bwdX] L=64 states=1 -> 1
[DP-bwdX] L=64 states=1 -> 1
[RowSwapCTR] expand small 8x8 -> full 16x8  top_rows=4  bot_rows=4  ctr_rows=8  n_full=128
  [Round 147] T_prime=16  T_target=15  HPWL_w=472000000  HPWL_eq=472  maxL=23  WNS(T')=-7  WNS*(T)=-8  picked=1  solve_ms=17.965
[OC-Shortest/pow2] m=8 h=8 SEG=4 bits=32 words=1 threads=24
[DP-fwdX] L=0 states=1 -> 1
[DP-fwdX] L=16 states=141 -> 164
[DP-bwdX] L=64 states=1 -> 1
[DP-bwdX] L=48 states=141 -> 164
[DP-fwdX] L=0 states=1 -> 1
[DP-bwdX] L=32 states=1 -> 1
[DP-fwdX] L=0 states=1 -> 1
[DP-bwdX] L=16 states=1 -> 2
[DP-fwdX] L=0 states=1 -> 1
[DP-fwdX] L=0 states=1 -> 1
[DP-fwdX] L=0 states=1 -> 1
[DP-bwdX] L=16 states=1 -> 2
[DP-bwdX] L=16 states=1 -> 2
[DP-bwdX] L=16 states=1 -> 2
[DP-fwdX] L=16 states=1 -> 3
[DP-bwdX] L=32 states=1 -> 1
[DP-fwdX] L=16 states=1 -> 3
[DP-fwdX] L=16 states=1 -> 3
[DP-fwdX] L=16 states=1 -> 3
[DP-bwdX] L=32 states=1 -> 1
[DP-bwdX] L=32 states=1 -> 1
[DP-bwdX] L=32 states=1 -> 1
[DP-fwdX] L=32 states=1 -> 1
[DP-bwdX] L=64 states=1 -> 1
[DP-fwdX] L=32 states=1 -> 1
[DP-bwdX] L=48 states=1 -> 3
[DP-fwdX] L=32 states=1 -> 1
[DP-fwdX] L=32 states=1 -> 1
[DP-fwdX] L=32 states=1 -> 1
[DP-bwdX] L=48 states=1 -> 3
[DP-bwdX] L=48 states=1 -> 3
[DP-bwdX] L=48 states=1 -> 3
[DP-fwdX] L=48 states=1 -> 2
[DP-bwdX] L=64 states=1 -> 1
[DP-fwdX] L=48 states=1 -> 2
[DP-fwdX] L=48 states=1 -> 2
[DP-fwdX] L=48 states=1 -> 2
[DP-bwdX] L=64 states=1 -> 1
[DP-bwdX] L=64 states=1 -> 1
[DP-bwdX] L=64 states=1 -> 1
[RowSwapCTR] expand small 8x8 -> full 16x8  top_rows=4  bot_rows=4  ctr_rows=8  n_full=128
  [Round 148] T_prime=16  T_target=15  HPWL_w=472000000  HPWL_eq=472  maxL=23  WNS(T')=-7  WNS*(T)=-8  picked=1  solve_ms=17.8769
[OC-Shortest/pow2] m=8 h=8 SEG=4 bits=32 words=1 threads=24
[DP-fwdX] L=0 states=1 -> 1
[DP-fwdX] L=16 states=141 -> 164
[DP-bwdX] L=64 states=1 -> 1
[DP-bwdX] L=48 states=141 -> 164
[DP-fwdX] L=0 states=1 -> 1
[DP-bwdX] L=32 states=1 -> 1
[DP-fwdX] L=0 states=1 -> 1
[DP-bwdX] L=16 states=1 -> 2
[DP-fwdX] L=0 states=1 -> 1
[DP-fwdX] L=0 states=1 -> 1
[DP-fwdX] L=0 states=1 -> 1
[DP-bwdX] L=16 states=1 -> 2
[DP-bwdX] L=16 states=1 -> 2
[DP-bwdX] L=16 states=1 -> 2
[DP-fwdX] L=16 states=1 -> 3
[DP-bwdX] L=32 states=1 -> 1
[DP-fwdX] L=16 states=1 -> 3
[DP-fwdX] L=16 states=1 -> 3
[DP-fwdX] L=16 states=1 -> 3
[DP-bwdX] L=32 states=1 -> 1
[DP-bwdX] L=32 states=1 -> 1
[DP-bwdX] L=32 states=1 -> 1
[DP-fwdX] L=32 states=1 -> 1
[DP-bwdX] L=64 states=1 -> 1
[DP-fwdX] L=32 states=1 -> 1
[DP-bwdX] L=48 states=1 -> 3
[DP-fwdX] L=32 states=1 -> 1
[DP-fwdX] L=32 states=1 -> 1
[DP-fwdX] L=32 states=1 -> 1
[DP-bwdX] L=48 states=1 -> 3
[DP-bwdX] L=48 states=1 -> 3
[DP-bwdX] L=48 states=1 -> 3
[DP-fwdX] L=48 states=1 -> 2
[DP-bwdX] L=64 states=1 -> 1
[DP-fwdX] L=48 states=1 -> 2
[DP-fwdX] L=48 states=1 -> 2
[DP-fwdX] L=48 states=1 -> 2
[DP-bwdX] L=64 states=1 -> 1
[DP-bwdX] L=64 states=1 -> 1
[DP-bwdX] L=64 states=1 -> 1
[RowSwapCTR] expand small 8x8 -> full 16x8  top_rows=4  bot_rows=4  ctr_rows=8  n_full=128
  [Round 149] T_prime=16  T_target=15  HPWL_w=472000000  HPWL_eq=472  maxL=23  WNS(T')=-7  WNS*(T)=-8  picked=1  solve_ms=17.8938
[OC-Shortest/pow2] m=8 h=8 SEG=4 bits=32 words=1 threads=24
[DP-fwdX] L=0 states=1 -> 1
[DP-fwdX] L=16 states=141 -> 164
[DP-bwdX] L=64 states=1 -> 1
[DP-bwdX] L=48 states=141 -> 164
[DP-fwdX] L=0 states=1 -> 1
[DP-bwdX] L=32 states=1 -> 1
[DP-fwdX] L=0 states=1 -> 1
[DP-bwdX] L=16 states=1 -> 2
[DP-fwdX] L=0 states=1 -> 1
[DP-fwdX] L=0 states=1 -> 1
[DP-fwdX] L=0 states=1 -> 1
[DP-bwdX] L=16 states=1 -> 2
[DP-bwdX] L=16 states=1 -> 2
[DP-bwdX] L=16 states=1 -> 2
[DP-fwdX] L=16 states=1 -> 3
[DP-bwdX] L=32 states=1 -> 1
[DP-fwdX] L=16 states=1 -> 3
[DP-fwdX] L=16 states=1 -> 3
[DP-fwdX] L=16 states=1 -> 3
[DP-bwdX] L=32 states=1 -> 1
[DP-bwdX] L=32 states=1 -> 1
[DP-bwdX] L=32 states=1 -> 1
[DP-fwdX] L=32 states=1 -> 1
[DP-bwdX] L=64 states=1 -> 1
[DP-fwdX] L=32 states=1 -> 1
[DP-bwdX] L=48 states=1 -> 3
[DP-fwdX] L=32 states=1 -> 1
[DP-fwdX] L=32 states=1 -> 1
[DP-fwdX] L=32 states=1 -> 1
[DP-bwdX] L=48 states=1 -> 3
[DP-bwdX] L=48 states=1 -> 3
[DP-bwdX] L=48 states=1 -> 3
[DP-fwdX] L=48 states=1 -> 2
[DP-bwdX] L=64 states=1 -> 1
[DP-fwdX] L=48 states=1 -> 2
[DP-fwdX] L=48 states=1 -> 2
[DP-fwdX] L=48 states=1 -> 2
[DP-bwdX] L=64 states=1 -> 1
[DP-bwdX] L=64 states=1 -> 1
[DP-bwdX] L=64 states=1 -> 1
[RowSwapCTR] expand small 8x8 -> full 16x8  top_rows=4  bot_rows=4  ctr_rows=8  n_full=128
  [Round 150] T_prime=16  T_target=15  HPWL_w=472000000  HPWL_eq=472  maxL=23  WNS(T')=-7  WNS*(T)=-8  picked=1  solve_ms=17.8276
[Policy] wrote placement to: placement16_Col_1_T_15.txt
[MultiCol] moved base placement to: ./base_placement_16x8_T_15.txt
[MultiCol] parsed base Y entries: 128 (expect 128)
[MultiCol] wrote multi-col placement: placement16_Col_2_T_15.txt
[MultiCol] done. placement=placement16_Col_2_T_15.txt  total_ms=2903.9 ms
