[MultiCol] m=32 h=36 K=4 T=12 rounds=150 policy=soft snake=1 work_dir=.
[MultiCol] exec: build/oc_policy_singlecol 32 9 150 --T=12 --policy=soft --freeze=1 --cap=64 --scale=1000 --dV=1 --pow2=1 --progress=1 --alpha=0.9 --eta=1 --gamma=0.3 --beta=3 --homotopy=1 --sigma=0.8 --shrink=0.9
[Policy] m_full=32 h_full=9  m_dp=9 h_dp=9  rounds=150 T_target=12 policy=soft+freeze cap=64 scale=1000 freeze=1 homotopy=1 sigma=0.8 shrink=0.9 fast_ctr=1
[OC-Shortest/pow2] m=9 h=9 SEG=4 bits=36 words=1 threads=24
[DP-fwdX] L=0 states=1 -> 1
[DP-fwdX] L=16 states=171 -> 207
[DP-fwdX] L=32 states=1292 -> 1368
[DP-bwdX] L=80 states=1 -> 2
[DP-bwdX] L=64 states=207 -> 251
[DP-bwdX] L=48 states=1368 -> 1437
[DP-fwdX] L=0 states=1 -> 1
[DP-fwdX] L=16 states=171 -> 207
[DP-bwdX] L=32 states=41 -> 50
[DP-fwdX] L=0 states=1 -> 1
[DP-bwdX] L=16 states=5 -> 7
[DP-fwdX] L=0 states=1 -> 1
[DP-fwdX] L=0 states=1 -> 1
[DP-fwdX] L=0 states=1 -> 1
[DP-bwdX] L=16 states=5 -> 7
[DP-fwdX] L=16 states=2 -> 5
[DP-bwdX] L=32 states=41 -> 50
[DP-fwdX] L=32 states=4 -> 7
[DP-bwdX] L=32 states=1 -> 2
[DP-fwdX] L=32 states=1 -> 2
[DP-fwdX] L=48 states=40 -> 48
[DP-bwdX] L=80 states=1 -> 2
[DP-bwdX] L=64 states=207 -> 251
[DP-fwdX] L=48 states=40 -> 48
[DP-bwdX] L=48 states=4 -> 7
[DP-bwdX] L=48 states=4 -> 7
[DP-fwdX] L=48 states=1 -> 2
[DP-fwdX] L=64 states=4 -> 5
[DP-bwdX] L=80 states=1 -> 2
[DP-fwdX] L=64 states=4 -> 5
[DP-bwdX] L=64 states=3 -> 7
[DP-bwdX] L=64 states=3 -> 7
[DP-bwdX] L=80 states=1 -> 2
[DP-bwdX] L=80 states=1 -> 2
[DP-bwdX] L=80 states=1 -> 2
[Init-Homotopy] round1 maxL=23  set T_prime0=19 (T_target=12)
  [Round 1] T_prime=19  T_target=12  HPWL_w=668000  HPWL_eq=668  maxL=23  WNS(T')=-4  WNS*(T)=-11  picked=6  solve_ms=49.5776
[OC-Shortest/pow2] m=9 h=9 SEG=4 bits=36 words=1 threads=24
[DP-fwdX] L=0 states=1 -> 1
[DP-fwdX] L=16 states=171 -> 207
[DP-fwdX] L=32 states=1292 -> 1368
[DP-bwdX] L=80 states=1 -> 2
[DP-bwdX] L=64 states=207 -> 251
[DP-bwdX] L=48 states=1368 -> 1437
[DP-fwdX] L=0 states=1 -> 1
[DP-fwdX] L=16 states=171 -> 207
[DP-bwdX] L=32 states=41 -> 50
[DP-fwdX] L=0 states=1 -> 1
[DP-bwdX] L=16 states=5 -> 7
[DP-fwdX] L=0 states=1 -> 1
[DP-fwdX] L=0 states=1 -> 1
[DP-fwdX] L=0 states=1 -> 1
[DP-bwdX] L=16 states=5 -> 7
[DP-fwdX] L=16 states=2 -> 5
[DP-bwdX] L=32 states=41 -> 50
[DP-fwdX] L=32 states=4 -> 7
[DP-bwdX] L=32 states=1 -> 2
[DP-fwdX] L=32 states=1 -> 2
[DP-fwdX] L=48 states=40 -> 48
[DP-bwdX] L=80 states=1 -> 2
[DP-bwdX] L=64 states=207 -> 251
[DP-fwdX] L=48 states=40 -> 48
[DP-bwdX] L=48 states=4 -> 7
[DP-bwdX] L=48 states=4 -> 7
[DP-fwdX] L=48 states=1 -> 2
[DP-fwdX] L=64 states=4 -> 5
[DP-bwdX] L=80 states=1 -> 2
[DP-fwdX] L=64 states=4 -> 5
[DP-bwdX] L=64 states=3 -> 7
[DP-bwdX] L=64 states=3 -> 7
[DP-bwdX] L=80 states=1 -> 2
[DP-bwdX] L=80 states=1 -> 2
[DP-bwdX] L=80 states=1 -> 2
  [Round 2] T_prime=19  T_target=12  HPWL_w=668186  HPWL_eq=668  maxL=23  WNS(T')=-4  WNS*(T)=-11  picked=6  solve_ms=42.1975
[OC-Shortest/pow2] m=9 h=9 SEG=4 bits=36 words=1 threads=24
[DP-fwdX] L=0 states=1 -> 1
[DP-fwdX] L=16 states=171 -> 207
[DP-fwdX] L=32 states=1292 -> 1368
[DP-bwdX] L=80 states=1 -> 2
[DP-bwdX] L=64 states=207 -> 251
[DP-bwdX] L=48 states=1368 -> 1437
[DP-fwdX] L=0 states=1 -> 1
[DP-fwdX] L=16 states=171 -> 207
[DP-bwdX] L=32 states=41 -> 50
[DP-fwdX] L=0 states=1 -> 1
[DP-bwdX] L=16 states=5 -> 7
[DP-fwdX] L=0 states=1 -> 1
[DP-fwdX] L=0 states=1 -> 1
[DP-fwdX] L=0 states=1 -> 1
[DP-bwdX] L=16 states=5 -> 7
[DP-fwdX] L=16 states=2 -> 5
[DP-bwdX] L=32 states=41 -> 50
[DP-fwdX] L=32 states=4 -> 7
[DP-bwdX] L=32 states=1 -> 2
[DP-fwdX] L=32 states=1 -> 2
[DP-fwdX] L=48 states=40 -> 48
[DP-bwdX] L=80 states=1 -> 2
[DP-bwdX] L=64 states=207 -> 251
[DP-fwdX] L=48 states=40 -> 48
[DP-bwdX] L=48 states=4 -> 7
[DP-bwdX] L=48 states=4 -> 7
[DP-fwdX] L=48 states=1 -> 2
[DP-fwdX] L=64 states=4 -> 5
[DP-bwdX] L=80 states=1 -> 2
[DP-fwdX] L=64 states=4 -> 5
[DP-bwdX] L=64 states=3 -> 7
[DP-bwdX] L=64 states=3 -> 7
[DP-bwdX] L=80 states=1 -> 2
[DP-bwdX] L=80 states=1 -> 2
[DP-bwdX] L=80 states=1 -> 2
  [Round 3] T_prime=19  T_target=12  HPWL_w=669622  HPWL_eq=668  maxL=23  WNS(T')=-4  WNS*(T)=-11  picked=6  solve_ms=42.2383
[OC-Shortest/pow2] m=9 h=9 SEG=4 bits=36 words=1 threads=24
[DP-fwdX] L=0 states=1 -> 1
[DP-fwdX] L=16 states=171 -> 207
[DP-fwdX] L=32 states=1292 -> 1368
[DP-bwdX] L=80 states=1 -> 2
[DP-bwdX] L=64 states=207 -> 251
[DP-bwdX] L=48 states=1368 -> 1437
[DP-fwdX] L=0 states=1 -> 1
[DP-fwdX] L=16 states=171 -> 207
[DP-bwdX] L=32 states=41 -> 50
[DP-fwdX] L=0 states=1 -> 1
[DP-bwdX] L=16 states=5 -> 7
[DP-fwdX] L=0 states=1 -> 1
[DP-fwdX] L=0 states=1 -> 1
[DP-fwdX] L=0 states=1 -> 1
[DP-bwdX] L=16 states=5 -> 7
[DP-fwdX] L=16 states=2 -> 5
[DP-bwdX] L=32 states=41 -> 50
[DP-fwdX] L=32 states=4 -> 7
[DP-bwdX] L=32 states=1 -> 2
[DP-fwdX] L=32 states=1 -> 2
[DP-fwdX] L=48 states=40 -> 48
[DP-bwdX] L=80 states=1 -> 2
[DP-bwdX] L=64 states=207 -> 251
[DP-fwdX] L=48 states=40 -> 48
[DP-bwdX] L=48 states=4 -> 7
[DP-bwdX] L=48 states=4 -> 7
[DP-fwdX] L=48 states=1 -> 2
[DP-fwdX] L=64 states=4 -> 5
[DP-bwdX] L=80 states=1 -> 2
[DP-fwdX] L=64 states=4 -> 5
[DP-bwdX] L=64 states=3 -> 7
[DP-bwdX] L=64 states=3 -> 7
[DP-bwdX] L=80 states=1 -> 2
[DP-bwdX] L=80 states=1 -> 2
[DP-bwdX] L=80 states=1 -> 2
  [Round 4] T_prime=19  T_target=12  HPWL_w=670286  HPWL_eq=668  maxL=23  WNS(T')=-4  WNS*(T)=-11  picked=6  solve_ms=41.9582
[OC-Shortest/pow2] m=9 h=9 SEG=4 bits=36 words=1 threads=24
[DP-fwdX] L=0 states=1 -> 1
[DP-fwdX] L=16 states=171 -> 207
[DP-fwdX] L=32 states=1292 -> 1368
[DP-bwdX] L=80 states=1 -> 2
[DP-bwdX] L=64 states=207 -> 251
[DP-bwdX] L=48 states=1368 -> 1437
[DP-fwdX] L=0 states=1 -> 1
[DP-fwdX] L=16 states=171 -> 207
[DP-bwdX] L=32 states=41 -> 50
[DP-fwdX] L=0 states=1 -> 1
[DP-bwdX] L=16 states=5 -> 7
[DP-fwdX] L=0 states=1 -> 1
[DP-fwdX] L=0 states=1 -> 1
[DP-fwdX] L=0 states=1 -> 1
[DP-bwdX] L=16 states=5 -> 7
[DP-fwdX] L=16 states=2 -> 5
[DP-bwdX] L=32 states=41 -> 50
[DP-fwdX] L=32 states=4 -> 7
[DP-bwdX] L=32 states=1 -> 2
[DP-fwdX] L=32 states=1 -> 2
[DP-fwdX] L=48 states=40 -> 48
[DP-bwdX] L=80 states=1 -> 2
[DP-bwdX] L=64 states=207 -> 251
[DP-fwdX] L=48 states=40 -> 48
[DP-bwdX] L=48 states=4 -> 7
[DP-bwdX] L=48 states=4 -> 7
[DP-fwdX] L=48 states=1 -> 2
[DP-fwdX] L=64 states=4 -> 5
[DP-bwdX] L=80 states=1 -> 2
[DP-fwdX] L=64 states=4 -> 5
[DP-bwdX] L=64 states=3 -> 7
[DP-bwdX] L=64 states=3 -> 7
[DP-bwdX] L=80 states=1 -> 2
[DP-bwdX] L=80 states=1 -> 2
[DP-bwdX] L=80 states=1 -> 2
  [Round 5] T_prime=19  T_target=12  HPWL_w=672920  HPWL_eq=668  maxL=23  WNS(T')=-4  WNS*(T)=-11  picked=6  solve_ms=49.9721
[OC-Shortest/pow2] m=9 h=9 SEG=4 bits=36 words=1 threads=24
[DP-fwdX] L=0 states=1 -> 1
[DP-fwdX] L=16 states=171 -> 207
[DP-fwdX] L=32 states=1292 -> 1368
[DP-bwdX] L=80 states=1 -> 2
[DP-bwdX] L=64 states=207 -> 251
[DP-bwdX] L=48 states=1368 -> 1437
[DP-fwdX] L=0 states=1 -> 1
[DP-fwdX] L=16 states=171 -> 207
[DP-bwdX] L=32 states=41 -> 50
[DP-fwdX] L=0 states=1 -> 1
[DP-bwdX] L=16 states=5 -> 7
[DP-fwdX] L=0 states=1 -> 1
[DP-fwdX] L=0 states=1 -> 1
[DP-fwdX] L=0 states=1 -> 1
[DP-bwdX] L=16 states=5 -> 7
[DP-fwdX] L=16 states=2 -> 5
[DP-bwdX] L=32 states=41 -> 50
[DP-fwdX] L=32 states=4 -> 7
[DP-bwdX] L=32 states=1 -> 2
[DP-fwdX] L=32 states=1 -> 2
[DP-fwdX] L=48 states=40 -> 48
[DP-bwdX] L=80 states=1 -> 2
[DP-bwdX] L=64 states=207 -> 251
[DP-fwdX] L=48 states=40 -> 48
[DP-bwdX] L=48 states=4 -> 7
[DP-bwdX] L=48 states=4 -> 7
[DP-fwdX] L=48 states=1 -> 2
[DP-fwdX] L=64 states=4 -> 5
[DP-bwdX] L=80 states=1 -> 2
[DP-fwdX] L=64 states=4 -> 5
[DP-bwdX] L=64 states=3 -> 7
[DP-bwdX] L=64 states=3 -> 7
[DP-bwdX] L=80 states=1 -> 2
[DP-bwdX] L=80 states=1 -> 2
[DP-bwdX] L=80 states=1 -> 2
  [Round 6] T_prime=19  T_target=12  HPWL_w=673964  HPWL_eq=668  maxL=23  WNS(T')=-4  WNS*(T)=-11  picked=6  solve_ms=144.407
[OC-Shortest/pow2] m=9 h=9 SEG=4 bits=36 words=1 threads=24
[DP-fwdX] L=0 states=1 -> 1
[DP-fwdX] L=16 states=171 -> 207
[DP-fwdX] L=32 states=1292 -> 1368
[DP-bwdX] L=80 states=1 -> 2
[DP-bwdX] L=64 states=207 -> 251
[DP-bwdX] L=48 states=1368 -> 1437
[DP-fwdX] L=0 states=1 -> 1
[DP-fwdX] L=16 states=171 -> 207
[DP-bwdX] L=32 states=41 -> 50
[DP-fwdX] L=0 states=1 -> 1
[DP-bwdX] L=16 states=5 -> 7
[DP-fwdX] L=0 states=1 -> 1
[DP-fwdX] L=0 states=1 -> 1
[DP-fwdX] L=0 states=1 -> 1
[DP-bwdX] L=16 states=5 -> 7
[DP-fwdX] L=16 states=2 -> 5
[DP-bwdX] L=32 states=41 -> 50
[DP-fwdX] L=32 states=4 -> 7
[DP-bwdX] L=32 states=1 -> 2
[DP-fwdX] L=32 states=1 -> 2
[DP-fwdX] L=48 states=40 -> 48
[DP-bwdX] L=80 states=1 -> 2
[DP-bwdX] L=64 states=207 -> 251
[DP-fwdX] L=48 states=40 -> 48
[DP-bwdX] L=48 states=4 -> 7
[DP-bwdX] L=48 states=4 -> 7
[DP-fwdX] L=48 states=1 -> 2
[DP-fwdX] L=64 states=4 -> 5
[DP-bwdX] L=80 states=1 -> 2
[DP-fwdX] L=64 states=4 -> 5
[DP-bwdX] L=64 states=3 -> 7
[DP-bwdX] L=64 states=3 -> 7
[DP-bwdX] L=80 states=1 -> 2
[DP-bwdX] L=80 states=1 -> 2
[DP-bwdX] L=80 states=1 -> 2
  [Round 7] T_prime=19  T_target=12  HPWL_w=677754  HPWL_eq=668  maxL=23  WNS(T')=-4  WNS*(T)=-11  picked=6  solve_ms=87.3506
[OC-Shortest/pow2] m=9 h=9 SEG=4 bits=36 words=1 threads=24
[DP-fwdX] L=0 states=1 -> 1
[DP-fwdX] L=16 states=171 -> 207
[DP-fwdX] L=32 states=1292 -> 1368
[DP-bwdX] L=80 states=1 -> 2
[DP-bwdX] L=64 states=207 -> 251
[DP-bwdX] L=48 states=1368 -> 1437
[DP-fwdX] L=0 states=1 -> 1
[DP-fwdX] L=16 states=171 -> 207
[DP-bwdX] L=32 states=41 -> 50
[DP-fwdX] L=0 states=1 -> 1
[DP-bwdX] L=16 states=5 -> 7
[DP-fwdX] L=0 states=1 -> 1
[DP-fwdX] L=0 states=1 -> 1
[DP-fwdX] L=0 states=1 -> 1
[DP-bwdX] L=16 states=5 -> 7
[DP-fwdX] L=16 states=2 -> 5
[DP-bwdX] L=32 states=41 -> 50
[DP-fwdX] L=32 states=4 -> 7
[DP-bwdX] L=32 states=1 -> 2
[DP-fwdX] L=32 states=1 -> 2
[DP-fwdX] L=48 states=40 -> 48
[DP-bwdX] L=80 states=1 -> 2
[DP-bwdX] L=64 states=207 -> 251
[DP-fwdX] L=48 states=40 -> 48
[DP-bwdX] L=48 states=4 -> 7
[DP-bwdX] L=48 states=4 -> 7
[DP-fwdX] L=48 states=1 -> 2
[DP-fwdX] L=64 states=4 -> 5
[DP-bwdX] L=80 states=1 -> 2
[DP-fwdX] L=64 states=4 -> 5
[DP-bwdX] L=64 states=3 -> 7
[DP-bwdX] L=64 states=3 -> 7
[DP-bwdX] L=80 states=1 -> 2
[DP-bwdX] L=80 states=1 -> 2
[DP-bwdX] L=80 states=1 -> 2
  [Round 8] T_prime=19  T_target=12  HPWL_w=678916  HPWL_eq=670  maxL=19  WNS(T')=0  WNS*(T)=-7  picked=0  solve_ms=41.6111
    [Tighten] T_prime: 19 -> 16 (sigma*maxL=16, shrink=18)  | cold-start: reset inertia
[OC-Shortest/pow2] m=9 h=9 SEG=4 bits=36 words=1 threads=24
[DP-fwdX] L=0 states=1 -> 1
[DP-fwdX] L=16 states=171 -> 207
[DP-fwdX] L=32 states=1292 -> 1368
[DP-bwdX] L=80 states=1 -> 2
[DP-bwdX] L=64 states=207 -> 251
[DP-bwdX] L=48 states=1368 -> 1437
[DP-fwdX] L=0 states=1 -> 1
[DP-fwdX] L=16 states=171 -> 207
[DP-bwdX] L=32 states=41 -> 50
[DP-fwdX] L=0 states=1 -> 1
[DP-bwdX] L=16 states=5 -> 7
[DP-fwdX] L=0 states=1 -> 1
[DP-fwdX] L=0 states=1 -> 1
[DP-fwdX] L=0 states=1 -> 1
[DP-bwdX] L=16 states=5 -> 7
[DP-fwdX] L=16 states=2 -> 5
[DP-bwdX] L=32 states=41 -> 50
[DP-fwdX] L=32 states=4 -> 7
[DP-bwdX] L=32 states=1 -> 2
[DP-fwdX] L=32 states=1 -> 2
[DP-fwdX] L=48 states=40 -> 48
[DP-bwdX] L=80 states=1 -> 2
[DP-bwdX] L=64 states=207 -> 251
[DP-fwdX] L=48 states=40 -> 48
[DP-bwdX] L=48 states=4 -> 7
[DP-bwdX] L=48 states=4 -> 7
[DP-fwdX] L=48 states=1 -> 2
[DP-fwdX] L=64 states=4 -> 5
[DP-bwdX] L=80 states=1 -> 2
[DP-fwdX] L=64 states=4 -> 5
[DP-bwdX] L=64 states=3 -> 7
[DP-bwdX] L=64 states=3 -> 7
[DP-bwdX] L=80 states=1 -> 2
[DP-bwdX] L=80 states=1 -> 2
[DP-bwdX] L=80 states=1 -> 2
  [Round 9] T_prime=16  T_target=12  HPWL_w=678916  HPWL_eq=670  maxL=19  WNS(T')=-3  WNS*(T)=-7  picked=10  solve_ms=41.5894
[OC-Shortest/pow2] m=9 h=9 SEG=4 bits=36 words=1 threads=24
[DP-fwdX] L=0 states=1 -> 1
[DP-fwdX] L=16 states=171 -> 207
[DP-fwdX] L=32 states=1292 -> 1368
[DP-bwdX] L=80 states=1 -> 2
[DP-bwdX] L=64 states=207 -> 251
[DP-bwdX] L=48 states=1368 -> 1437
[DP-fwdX] L=0 states=1 -> 1
[DP-fwdX] L=16 states=171 -> 207
[DP-bwdX] L=32 states=41 -> 50
[DP-fwdX] L=0 states=1 -> 1
[DP-bwdX] L=16 states=5 -> 7
[DP-fwdX] L=0 states=1 -> 1
[DP-fwdX] L=0 states=1 -> 1
[DP-fwdX] L=0 states=1 -> 1
[DP-bwdX] L=16 states=5 -> 7
[DP-fwdX] L=16 states=2 -> 5
[DP-bwdX] L=32 states=41 -> 50
[DP-fwdX] L=32 states=4 -> 7
[DP-bwdX] L=32 states=1 -> 2
[DP-fwdX] L=32 states=1 -> 2
[DP-fwdX] L=48 states=40 -> 48
[DP-bwdX] L=80 states=1 -> 2
[DP-bwdX] L=64 states=207 -> 251
[DP-fwdX] L=48 states=40 -> 48
[DP-bwdX] L=48 states=4 -> 7
[DP-bwdX] L=48 states=4 -> 7
[DP-fwdX] L=48 states=1 -> 2
[DP-fwdX] L=64 states=4 -> 5
[DP-bwdX] L=80 states=1 -> 2
[DP-fwdX] L=64 states=4 -> 5
[DP-bwdX] L=64 states=3 -> 7
[DP-bwdX] L=64 states=3 -> 7
[DP-bwdX] L=80 states=1 -> 2
[DP-bwdX] L=80 states=1 -> 2
[DP-bwdX] L=80 states=1 -> 2
  [Round 10] T_prime=16  T_target=12  HPWL_w=681176  HPWL_eq=670  maxL=19  WNS(T')=-3  WNS*(T)=-7  picked=10  solve_ms=42.0398
[OC-Shortest/pow2] m=9 h=9 SEG=4 bits=36 words=1 threads=24
[DP-fwdX] L=0 states=1 -> 1
[DP-fwdX] L=16 states=171 -> 207
[DP-fwdX] L=32 states=1292 -> 1368
[DP-bwdX] L=80 states=1 -> 2
[DP-bwdX] L=64 states=207 -> 251
[DP-bwdX] L=48 states=1368 -> 1437
[DP-fwdX] L=0 states=1 -> 1
[DP-fwdX] L=16 states=171 -> 207
[DP-bwdX] L=32 states=41 -> 50
[DP-fwdX] L=0 states=1 -> 1
[DP-bwdX] L=16 states=5 -> 7
[DP-fwdX] L=0 states=1 -> 1
[DP-fwdX] L=0 states=1 -> 1
[DP-fwdX] L=0 states=1 -> 1
[DP-bwdX] L=16 states=5 -> 7
[DP-fwdX] L=16 states=2 -> 5
[DP-bwdX] L=32 states=41 -> 50
[DP-fwdX] L=32 states=4 -> 7
[DP-bwdX] L=32 states=1 -> 2
[DP-fwdX] L=32 states=1 -> 2
[DP-fwdX] L=48 states=40 -> 48
[DP-bwdX] L=80 states=1 -> 2
[DP-bwdX] L=64 states=207 -> 251
[DP-fwdX] L=48 states=40 -> 48
[DP-bwdX] L=48 states=4 -> 7
[DP-bwdX] L=48 states=4 -> 7
[DP-fwdX] L=48 states=1 -> 2
[DP-fwdX] L=64 states=4 -> 5
[DP-bwdX] L=80 states=1 -> 2
[DP-fwdX] L=64 states=4 -> 5
[DP-bwdX] L=64 states=3 -> 7
[DP-bwdX] L=64 states=3 -> 7
[DP-bwdX] L=80 states=1 -> 2
[DP-bwdX] L=80 states=1 -> 2
[DP-bwdX] L=80 states=1 -> 2
  [Round 11] T_prime=16  T_target=12  HPWL_w=682932  HPWL_eq=670  maxL=19  WNS(T')=-3  WNS*(T)=-7  picked=10  solve_ms=44.314
[OC-Shortest/pow2] m=9 h=9 SEG=4 bits=36 words=1 threads=24
[DP-fwdX] L=0 states=1 -> 1
[DP-fwdX] L=16 states=171 -> 207
[DP-fwdX] L=32 states=1292 -> 1368
[DP-bwdX] L=80 states=1 -> 2
[DP-bwdX] L=64 states=207 -> 251
[DP-bwdX] L=48 states=1368 -> 1437
[DP-fwdX] L=0 states=1 -> 1
[DP-fwdX] L=16 states=171 -> 207
[DP-bwdX] L=32 states=41 -> 50
[DP-fwdX] L=0 states=1 -> 1
[DP-bwdX] L=16 states=5 -> 7
[DP-fwdX] L=0 states=1 -> 1
[DP-fwdX] L=0 states=1 -> 1
[DP-fwdX] L=0 states=1 -> 1
[DP-bwdX] L=16 states=5 -> 7
[DP-fwdX] L=16 states=2 -> 5
[DP-bwdX] L=32 states=41 -> 50
[DP-fwdX] L=32 states=4 -> 7
[DP-bwdX] L=32 states=1 -> 2
[DP-fwdX] L=32 states=1 -> 2
[DP-fwdX] L=48 states=40 -> 48
[DP-bwdX] L=80 states=1 -> 2
[DP-bwdX] L=64 states=207 -> 251
[DP-fwdX] L=48 states=40 -> 48
[DP-bwdX] L=48 states=4 -> 7
[DP-bwdX] L=48 states=4 -> 7
[DP-fwdX] L=48 states=1 -> 2
[DP-fwdX] L=64 states=4 -> 5
[DP-bwdX] L=80 states=1 -> 2
[DP-fwdX] L=64 states=4 -> 5
[DP-bwdX] L=64 states=3 -> 7
[DP-bwdX] L=64 states=3 -> 7
[DP-bwdX] L=80 states=1 -> 2
[DP-bwdX] L=80 states=1 -> 2
[DP-bwdX] L=80 states=1 -> 2
  [Round 12] T_prime=16  T_target=12  HPWL_w=685268  HPWL_eq=670  maxL=19  WNS(T')=-3  WNS*(T)=-7  picked=10  solve_ms=41.9587
[OC-Shortest/pow2] m=9 h=9 SEG=4 bits=36 words=1 threads=24
[DP-fwdX] L=0 states=1 -> 1
[DP-fwdX] L=16 states=171 -> 207
[DP-fwdX] L=32 states=1292 -> 1368
[DP-bwdX] L=80 states=1 -> 2
[DP-bwdX] L=64 states=207 -> 251
[DP-bwdX] L=48 states=1368 -> 1437
[DP-fwdX] L=0 states=1 -> 1
[DP-fwdX] L=16 states=171 -> 207
[DP-bwdX] L=32 states=41 -> 50
[DP-fwdX] L=0 states=1 -> 1
[DP-bwdX] L=16 states=5 -> 7
[DP-fwdX] L=0 states=1 -> 1
[DP-fwdX] L=0 states=1 -> 1
[DP-fwdX] L=0 states=1 -> 1
[DP-bwdX] L=16 states=5 -> 7
[DP-fwdX] L=16 states=2 -> 5
[DP-bwdX] L=32 states=41 -> 50
[DP-fwdX] L=32 states=4 -> 7
[DP-bwdX] L=32 states=1 -> 2
[DP-fwdX] L=32 states=1 -> 2
[DP-fwdX] L=48 states=40 -> 48
[DP-bwdX] L=80 states=1 -> 2
[DP-bwdX] L=64 states=207 -> 251
[DP-fwdX] L=48 states=40 -> 48
[DP-bwdX] L=48 states=4 -> 7
[DP-bwdX] L=48 states=4 -> 7
[DP-fwdX] L=48 states=1 -> 2
[DP-fwdX] L=64 states=4 -> 5
[DP-bwdX] L=80 states=1 -> 2
[DP-fwdX] L=64 states=4 -> 5
[DP-bwdX] L=64 states=3 -> 7
[DP-bwdX] L=64 states=3 -> 7
[DP-bwdX] L=80 states=1 -> 2
[DP-bwdX] L=80 states=1 -> 2
[DP-bwdX] L=80 states=1 -> 2
  [Round 13] T_prime=16  T_target=12  HPWL_w=686282  HPWL_eq=670  maxL=19  WNS(T')=-3  WNS*(T)=-7  picked=10  solve_ms=41.6239
[OC-Shortest/pow2] m=9 h=9 SEG=4 bits=36 words=1 threads=24
[DP-fwdX] L=0 states=1 -> 1
[DP-fwdX] L=16 states=171 -> 207
[DP-fwdX] L=32 states=1292 -> 1368
[DP-bwdX] L=80 states=1 -> 2
[DP-bwdX] L=64 states=207 -> 251
[DP-bwdX] L=48 states=1368 -> 1437
[DP-fwdX] L=0 states=1 -> 1
[DP-fwdX] L=16 states=171 -> 207
[DP-bwdX] L=32 states=41 -> 50
[DP-fwdX] L=0 states=1 -> 1
[DP-bwdX] L=16 states=5 -> 6
[DP-fwdX] L=0 states=1 -> 1
[DP-fwdX] L=0 states=1 -> 1
[DP-fwdX] L=0 states=1 -> 1
[DP-bwdX] L=16 states=5 -> 6
[DP-fwdX] L=16 states=3 -> 7
[DP-bwdX] L=32 states=41 -> 50
[DP-fwdX] L=32 states=5 -> 9
[DP-bwdX] L=32 states=1 -> 3
[DP-fwdX] L=32 states=1 -> 3
[DP-fwdX] L=48 states=40 -> 48
[DP-bwdX] L=80 states=1 -> 2
[DP-bwdX] L=64 states=207 -> 251
[DP-fwdX] L=48 states=40 -> 48
[DP-bwdX] L=48 states=6 -> 11
[DP-bwdX] L=48 states=6 -> 11
[DP-fwdX] L=48 states=1 -> 2
[DP-fwdX] L=64 states=7 -> 10
[DP-bwdX] L=80 states=1 -> 2
[DP-fwdX] L=64 states=7 -> 10
[DP-bwdX] L=64 states=2 -> 5
[DP-bwdX] L=64 states=2 -> 5
[DP-bwdX] L=80 states=1 -> 2
[DP-bwdX] L=80 states=1 -> 2
[DP-bwdX] L=80 states=1 -> 2
  [Round 14] T_prime=16  T_target=12  HPWL_w=687578  HPWL_eq=682  maxL=24  WNS(T')=-8  WNS*(T)=-12  picked=12  solve_ms=42.3532
[OC-Shortest/pow2] m=9 h=9 SEG=4 bits=36 words=1 threads=24
[DP-fwdX] L=0 states=1 -> 1
[DP-fwdX] L=16 states=171 -> 207
[DP-fwdX] L=32 states=1292 -> 1368
[DP-bwdX] L=80 states=1 -> 2
[DP-bwdX] L=64 states=207 -> 251
[DP-bwdX] L=48 states=1368 -> 1437
[DP-fwdX] L=0 states=1 -> 1
[DP-fwdX] L=16 states=171 -> 207
[DP-bwdX] L=32 states=41 -> 50
[DP-fwdX] L=0 states=1 -> 1
[DP-bwdX] L=16 states=5 -> 6
[DP-fwdX] L=0 states=1 -> 1
[DP-fwdX] L=0 states=1 -> 1
[DP-fwdX] L=0 states=1 -> 1
[DP-bwdX] L=16 states=5 -> 6
[DP-fwdX] L=16 states=3 -> 7
[DP-bwdX] L=32 states=41 -> 50
[DP-fwdX] L=32 states=5 -> 9
[DP-bwdX] L=32 states=1 -> 3
[DP-fwdX] L=32 states=1 -> 3
[DP-fwdX] L=48 states=40 -> 48
[DP-bwdX] L=80 states=1 -> 2
[DP-bwdX] L=64 states=207 -> 251
[DP-fwdX] L=48 states=40 -> 48
[DP-bwdX] L=48 states=6 -> 11
[DP-bwdX] L=48 states=6 -> 11
[DP-fwdX] L=48 states=1 -> 2
[DP-fwdX] L=64 states=7 -> 10
[DP-bwdX] L=80 states=1 -> 2
[DP-fwdX] L=64 states=7 -> 10
[DP-bwdX] L=64 states=2 -> 5
[DP-bwdX] L=64 states=2 -> 5
[DP-bwdX] L=80 states=1 -> 2
[DP-bwdX] L=80 states=1 -> 2
[DP-bwdX] L=80 states=1 -> 2
  [Round 15] T_prime=16  T_target=12  HPWL_w=688594  HPWL_eq=682  maxL=30  WNS(T')=-14  WNS*(T)=-18  picked=12  solve_ms=42.4069
[OC-Shortest/pow2] m=9 h=9 SEG=4 bits=36 words=1 threads=24
[DP-fwdX] L=0 states=1 -> 1
[DP-fwdX] L=16 states=171 -> 207
[DP-fwdX] L=32 states=1292 -> 1368
[DP-bwdX] L=80 states=1 -> 2
[DP-bwdX] L=64 states=207 -> 251
[DP-bwdX] L=48 states=1368 -> 1437
[DP-fwdX] L=0 states=1 -> 1
[DP-fwdX] L=16 states=171 -> 207
[DP-bwdX] L=32 states=41 -> 50
[DP-fwdX] L=0 states=1 -> 1
[DP-bwdX] L=16 states=7 -> 8
[DP-fwdX] L=0 states=1 -> 1
[DP-fwdX] L=0 states=1 -> 1
[DP-fwdX] L=0 states=1 -> 1
[DP-bwdX] L=16 states=7 -> 8
[DP-fwdX] L=16 states=3 -> 5
[DP-bwdX] L=32 states=41 -> 50
[DP-fwdX] L=32 states=4 -> 7
[DP-bwdX] L=32 states=1 -> 2
[DP-fwdX] L=32 states=1 -> 2
[DP-fwdX] L=48 states=40 -> 48
[DP-bwdX] L=80 states=1 -> 2
[DP-bwdX] L=64 states=207 -> 251
[DP-fwdX] L=48 states=40 -> 48
[DP-bwdX] L=48 states=4 -> 7
[DP-bwdX] L=48 states=4 -> 7
[DP-fwdX] L=48 states=1 -> 2
[DP-fwdX] L=64 states=8 -> 10
[DP-bwdX] L=80 states=1 -> 2
[DP-fwdX] L=64 states=8 -> 10
[DP-bwdX] L=64 states=2 -> 4
[DP-bwdX] L=64 states=2 -> 4
[DP-bwdX] L=80 states=1 -> 2
[DP-bwdX] L=80 states=1 -> 2
[DP-bwdX] L=80 states=1 -> 2
  [Round 16] T_prime=16  T_target=12  HPWL_w=693650  HPWL_eq=680  maxL=16  WNS(T')=0  WNS*(T)=-4  picked=0  solve_ms=41.8342
    [Tighten] T_prime: 16 -> 13 (sigma*maxL=13, shrink=15)  | cold-start: reset inertia
[OC-Shortest/pow2] m=9 h=9 SEG=4 bits=36 words=1 threads=24
[DP-fwdX] L=0 states=1 -> 1
[DP-fwdX] L=16 states=171 -> 207
[DP-fwdX] L=32 states=1292 -> 1368
[DP-bwdX] L=80 states=1 -> 2
[DP-bwdX] L=64 states=207 -> 251
[DP-bwdX] L=48 states=1368 -> 1437
[DP-fwdX] L=0 states=1 -> 1
[DP-fwdX] L=16 states=171 -> 207
[DP-bwdX] L=32 states=41 -> 50
[DP-fwdX] L=0 states=1 -> 1
[DP-bwdX] L=16 states=7 -> 8
[DP-fwdX] L=0 states=1 -> 1
[DP-fwdX] L=0 states=1 -> 1
[DP-fwdX] L=0 states=1 -> 1
[DP-bwdX] L=16 states=7 -> 8
[DP-fwdX] L=16 states=3 -> 5
[DP-bwdX] L=32 states=41 -> 50
[DP-fwdX] L=32 states=4 -> 7
[DP-bwdX] L=32 states=1 -> 2
[DP-fwdX] L=32 states=1 -> 2
[DP-fwdX] L=48 states=40 -> 48
[DP-bwdX] L=80 states=1 -> 2
[DP-bwdX] L=64 states=207 -> 251
[DP-fwdX] L=48 states=40 -> 48
[DP-bwdX] L=48 states=4 -> 7
[DP-bwdX] L=48 states=4 -> 7
[DP-fwdX] L=48 states=1 -> 2
[DP-fwdX] L=64 states=8 -> 10
[DP-bwdX] L=80 states=1 -> 2
[DP-fwdX] L=64 states=8 -> 10
[DP-bwdX] L=64 states=2 -> 4
[DP-bwdX] L=64 states=2 -> 4
[DP-bwdX] L=80 states=1 -> 2
[DP-bwdX] L=80 states=1 -> 2
[DP-bwdX] L=80 states=1 -> 2
  [Round 17] T_prime=13  T_target=12  HPWL_w=693650  HPWL_eq=680  maxL=16  WNS(T')=-3  WNS*(T)=-4  picked=8  solve_ms=41.8894
[OC-Shortest/pow2] m=9 h=9 SEG=4 bits=36 words=1 threads=24
[DP-fwdX] L=0 states=1 -> 1
[DP-fwdX] L=16 states=171 -> 207
[DP-fwdX] L=32 states=1292 -> 1368
[DP-bwdX] L=80 states=1 -> 2
[DP-bwdX] L=64 states=207 -> 251
[DP-bwdX] L=48 states=1368 -> 1437
[DP-fwdX] L=0 states=1 -> 1
[DP-fwdX] L=16 states=171 -> 207
[DP-bwdX] L=32 states=41 -> 50
[DP-fwdX] L=0 states=1 -> 1
[DP-bwdX] L=16 states=7 -> 8
[DP-fwdX] L=0 states=1 -> 1
[DP-fwdX] L=0 states=1 -> 1
[DP-fwdX] L=0 states=1 -> 1
[DP-bwdX] L=16 states=7 -> 8
[DP-fwdX] L=16 states=3 -> 5
[DP-bwdX] L=32 states=41 -> 50
[DP-fwdX] L=32 states=4 -> 7
[DP-bwdX] L=32 states=1 -> 2
[DP-fwdX] L=32 states=1 -> 2
[DP-fwdX] L=48 states=40 -> 48
[DP-bwdX] L=80 states=1 -> 2
[DP-bwdX] L=64 states=207 -> 251
[DP-fwdX] L=48 states=40 -> 48
[DP-bwdX] L=48 states=4 -> 7
[DP-bwdX] L=48 states=4 -> 7
[DP-fwdX] L=48 states=1 -> 2
[DP-fwdX] L=64 states=4 -> 5
[DP-bwdX] L=80 states=1 -> 2
[DP-fwdX] L=64 states=4 -> 5
[DP-bwdX] L=64 states=3 -> 7
[DP-bwdX] L=64 states=3 -> 7
[DP-bwdX] L=80 states=1 -> 2
[DP-bwdX] L=80 states=1 -> 2
[DP-bwdX] L=80 states=1 -> 2
  [Round 18] T_prime=13  T_target=12  HPWL_w=694732  HPWL_eq=675  maxL=19  WNS(T')=-6  WNS*(T)=-7  picked=10  solve_ms=42.2124
[OC-Shortest/pow2] m=9 h=9 SEG=4 bits=36 words=1 threads=24
[DP-fwdX] L=0 states=1 -> 1
[DP-fwdX] L=16 states=171 -> 207
[DP-fwdX] L=32 states=1292 -> 1368
[DP-bwdX] L=80 states=1 -> 2
[DP-bwdX] L=64 states=207 -> 251
[DP-bwdX] L=48 states=1368 -> 1437
[DP-fwdX] L=0 states=1 -> 1
[DP-fwdX] L=16 states=171 -> 207
[DP-bwdX] L=32 states=41 -> 50
[DP-fwdX] L=0 states=1 -> 1
[DP-bwdX] L=16 states=7 -> 8
[DP-fwdX] L=0 states=1 -> 1
[DP-fwdX] L=0 states=1 -> 1
[DP-fwdX] L=0 states=1 -> 1
[DP-bwdX] L=16 states=7 -> 8
[DP-fwdX] L=16 states=3 -> 5
[DP-bwdX] L=32 states=41 -> 50
[DP-fwdX] L=32 states=4 -> 7
[DP-bwdX] L=32 states=1 -> 2
[DP-fwdX] L=32 states=1 -> 2
[DP-fwdX] L=48 states=40 -> 48
[DP-bwdX] L=80 states=1 -> 2
[DP-bwdX] L=64 states=207 -> 251
[DP-fwdX] L=48 states=40 -> 48
[DP-bwdX] L=48 states=4 -> 7
[DP-bwdX] L=48 states=4 -> 7
[DP-fwdX] L=48 states=1 -> 2
[DP-fwdX] L=64 states=8 -> 10
[DP-bwdX] L=80 states=1 -> 2
[DP-fwdX] L=64 states=8 -> 10
[DP-bwdX] L=64 states=2 -> 4
[DP-bwdX] L=64 states=2 -> 4
[DP-bwdX] L=80 states=1 -> 2
[DP-bwdX] L=80 states=1 -> 2
[DP-bwdX] L=80 states=1 -> 2
  [Round 19] T_prime=13  T_target=12  HPWL_w=695380  HPWL_eq=680  maxL=17  WNS(T')=-4  WNS*(T)=-5  picked=8  solve_ms=41.9948
[OC-Shortest/pow2] m=9 h=9 SEG=4 bits=36 words=1 threads=24
[DP-fwdX] L=0 states=1 -> 1
[DP-fwdX] L=16 states=171 -> 207
[DP-fwdX] L=32 states=1292 -> 1368
[DP-bwdX] L=80 states=1 -> 2
[DP-bwdX] L=64 states=207 -> 251
[DP-bwdX] L=48 states=1368 -> 1437
[DP-fwdX] L=0 states=1 -> 1
[DP-fwdX] L=16 states=171 -> 207
[DP-bwdX] L=32 states=41 -> 50
[DP-fwdX] L=0 states=1 -> 1
[DP-bwdX] L=16 states=7 -> 8
[DP-fwdX] L=0 states=1 -> 1
[DP-fwdX] L=0 states=1 -> 1
[DP-fwdX] L=0 states=1 -> 1
[DP-bwdX] L=16 states=7 -> 8
[DP-fwdX] L=16 states=3 -> 5
[DP-bwdX] L=32 states=41 -> 50
[DP-fwdX] L=32 states=4 -> 7
[DP-bwdX] L=32 states=1 -> 2
[DP-fwdX] L=32 states=1 -> 2
[DP-fwdX] L=48 states=40 -> 48
[DP-bwdX] L=80 states=1 -> 2
[DP-bwdX] L=64 states=207 -> 251
[DP-fwdX] L=48 states=40 -> 48
[DP-bwdX] L=48 states=4 -> 7
[DP-bwdX] L=48 states=4 -> 7
[DP-fwdX] L=48 states=1 -> 2
[DP-fwdX] L=64 states=8 -> 10
[DP-bwdX] L=80 states=1 -> 2
[DP-fwdX] L=64 states=8 -> 10
[DP-bwdX] L=64 states=2 -> 4
[DP-bwdX] L=64 states=2 -> 4
[DP-bwdX] L=80 states=1 -> 2
[DP-bwdX] L=80 states=1 -> 2
[DP-bwdX] L=80 states=1 -> 2
  [Round 20] T_prime=13  T_target=12  HPWL_w=697066  HPWL_eq=680  maxL=17  WNS(T')=-4  WNS*(T)=-5  picked=8  solve_ms=41.9308
[OC-Shortest/pow2] m=9 h=9 SEG=4 bits=36 words=1 threads=24
[DP-fwdX] L=0 states=1 -> 1
[DP-fwdX] L=16 states=171 -> 207
[DP-fwdX] L=32 states=1292 -> 1368
[DP-bwdX] L=80 states=1 -> 2
[DP-bwdX] L=64 states=207 -> 251
[DP-bwdX] L=48 states=1368 -> 1437
[DP-fwdX] L=0 states=1 -> 1
[DP-fwdX] L=16 states=171 -> 207
[DP-bwdX] L=32 states=41 -> 50
[DP-fwdX] L=0 states=1 -> 1
[DP-bwdX] L=16 states=5 -> 7
[DP-fwdX] L=0 states=1 -> 1
[DP-fwdX] L=0 states=1 -> 1
[DP-fwdX] L=0 states=1 -> 1
[DP-bwdX] L=16 states=5 -> 7
[DP-fwdX] L=16 states=2 -> 5
[DP-bwdX] L=32 states=41 -> 50
[DP-fwdX] L=32 states=4 -> 7
[DP-bwdX] L=32 states=1 -> 2
[DP-fwdX] L=32 states=1 -> 2
[DP-fwdX] L=48 states=40 -> 48
[DP-bwdX] L=80 states=1 -> 2
[DP-bwdX] L=64 states=207 -> 251
[DP-fwdX] L=48 states=40 -> 48
[DP-bwdX] L=48 states=4 -> 7
[DP-bwdX] L=48 states=4 -> 7
[DP-fwdX] L=48 states=1 -> 2
[DP-fwdX] L=64 states=8 -> 10
[DP-bwdX] L=80 states=1 -> 2
[DP-fwdX] L=64 states=8 -> 10
[DP-bwdX] L=64 states=2 -> 4
[DP-bwdX] L=64 states=2 -> 4
[DP-bwdX] L=80 states=1 -> 2
[DP-bwdX] L=80 states=1 -> 2
[DP-bwdX] L=80 states=1 -> 2
  [Round 21] T_prime=13  T_target=12  HPWL_w=697649  HPWL_eq=675  maxL=19  WNS(T')=-6  WNS*(T)=-7  picked=10  solve_ms=43.32
[OC-Shortest/pow2] m=9 h=9 SEG=4 bits=36 words=1 threads=24
[DP-fwdX] L=0 states=1 -> 1
[DP-fwdX] L=16 states=171 -> 207
[DP-fwdX] L=32 states=1292 -> 1368
[DP-bwdX] L=80 states=1 -> 2
[DP-bwdX] L=64 states=207 -> 251
[DP-bwdX] L=48 states=1368 -> 1437
[DP-fwdX] L=0 states=1 -> 1
[DP-fwdX] L=16 states=171 -> 207
[DP-bwdX] L=32 states=41 -> 50
[DP-fwdX] L=0 states=1 -> 1
[DP-bwdX] L=16 states=5 -> 7
[DP-fwdX] L=0 states=1 -> 1
[DP-fwdX] L=0 states=1 -> 1
[DP-fwdX] L=0 states=1 -> 1
[DP-bwdX] L=16 states=5 -> 7
[DP-fwdX] L=16 states=2 -> 5
[DP-bwdX] L=32 states=41 -> 50
[DP-fwdX] L=32 states=4 -> 7
[DP-bwdX] L=32 states=1 -> 2
[DP-fwdX] L=32 states=1 -> 2
[DP-fwdX] L=48 states=40 -> 48
[DP-bwdX] L=80 states=1 -> 2
[DP-bwdX] L=64 states=207 -> 251
[DP-fwdX] L=48 states=40 -> 48
[DP-bwdX] L=48 states=4 -> 7
[DP-bwdX] L=48 states=4 -> 7
[DP-fwdX] L=48 states=1 -> 2
[DP-fwdX] L=64 states=4 -> 5
[DP-bwdX] L=80 states=1 -> 2
[DP-fwdX] L=64 states=4 -> 5
[DP-bwdX] L=64 states=3 -> 7
[DP-bwdX] L=64 states=3 -> 7
[DP-bwdX] L=80 states=1 -> 2
[DP-bwdX] L=80 states=1 -> 2
[DP-bwdX] L=80 states=1 -> 2
  [Round 22] T_prime=13  T_target=12  HPWL_w=698846  HPWL_eq=670  maxL=19  WNS(T')=-6  WNS*(T)=-7  picked=12  solve_ms=41.1367
[OC-Shortest/pow2] m=9 h=9 SEG=4 bits=36 words=1 threads=24
[DP-fwdX] L=0 states=1 -> 1
[DP-fwdX] L=16 states=171 -> 207
[DP-fwdX] L=32 states=1292 -> 1368
[DP-bwdX] L=80 states=1 -> 2
[DP-bwdX] L=64 states=207 -> 251
[DP-bwdX] L=48 states=1368 -> 1437
[DP-fwdX] L=0 states=1 -> 1
[DP-fwdX] L=16 states=171 -> 207
[DP-bwdX] L=32 states=41 -> 50
[DP-fwdX] L=0 states=1 -> 1
[DP-bwdX] L=16 states=5 -> 6
[DP-fwdX] L=0 states=1 -> 1
[DP-fwdX] L=0 states=1 -> 1
[DP-fwdX] L=0 states=1 -> 1
[DP-bwdX] L=16 states=5 -> 6
[DP-fwdX] L=16 states=3 -> 7
[DP-bwdX] L=32 states=41 -> 50
[DP-fwdX] L=32 states=5 -> 9
[DP-bwdX] L=32 states=1 -> 3
[DP-fwdX] L=32 states=1 -> 3
[DP-fwdX] L=48 states=40 -> 48
[DP-bwdX] L=80 states=1 -> 2
[DP-bwdX] L=64 states=207 -> 251
[DP-fwdX] L=48 states=40 -> 48
[DP-bwdX] L=48 states=6 -> 11
[DP-bwdX] L=48 states=6 -> 11
[DP-fwdX] L=48 states=1 -> 2
[DP-fwdX] L=64 states=7 -> 10
[DP-bwdX] L=80 states=1 -> 2
[DP-fwdX] L=64 states=7 -> 10
[DP-bwdX] L=64 states=2 -> 5
[DP-bwdX] L=64 states=2 -> 5
[DP-bwdX] L=80 states=1 -> 2
[DP-bwdX] L=80 states=1 -> 2
[DP-bwdX] L=80 states=1 -> 2
  [Round 23] T_prime=13  T_target=12  HPWL_w=700309  HPWL_eq=682  maxL=30  WNS(T')=-17  WNS*(T)=-18  picked=12  solve_ms=41.5543
[OC-Shortest/pow2] m=9 h=9 SEG=4 bits=36 words=1 threads=24
[DP-fwdX] L=0 states=1 -> 1
[DP-fwdX] L=16 states=171 -> 207
[DP-fwdX] L=32 states=1292 -> 1368
[DP-bwdX] L=80 states=1 -> 2
[DP-bwdX] L=64 states=207 -> 251
[DP-bwdX] L=48 states=1368 -> 1437
[DP-fwdX] L=0 states=1 -> 1
[DP-fwdX] L=16 states=171 -> 207
[DP-bwdX] L=32 states=41 -> 50
[DP-fwdX] L=0 states=1 -> 1
[DP-bwdX] L=16 states=5 -> 6
[DP-fwdX] L=0 states=1 -> 1
[DP-fwdX] L=0 states=1 -> 1
[DP-fwdX] L=0 states=1 -> 1
[DP-bwdX] L=16 states=5 -> 6
[DP-fwdX] L=16 states=3 -> 7
[DP-bwdX] L=32 states=41 -> 50
[DP-fwdX] L=32 states=5 -> 9
[DP-bwdX] L=32 states=1 -> 3
[DP-fwdX] L=32 states=1 -> 3
[DP-fwdX] L=48 states=40 -> 48
[DP-bwdX] L=80 states=1 -> 2
[DP-bwdX] L=64 states=207 -> 251
[DP-fwdX] L=48 states=40 -> 48
[DP-bwdX] L=48 states=6 -> 11
[DP-bwdX] L=48 states=6 -> 11
[DP-fwdX] L=48 states=1 -> 2
[DP-fwdX] L=64 states=7 -> 10
[DP-bwdX] L=80 states=1 -> 2
[DP-fwdX] L=64 states=7 -> 10
[DP-bwdX] L=64 states=2 -> 5
[DP-bwdX] L=64 states=2 -> 5
[DP-bwdX] L=80 states=1 -> 2
[DP-bwdX] L=80 states=1 -> 2
[DP-bwdX] L=80 states=1 -> 2
  [Round 24] T_prime=13  T_target=12  HPWL_w=703089  HPWL_eq=682  maxL=30  WNS(T')=-17  WNS*(T)=-18  picked=12  solve_ms=81.1723
[OC-Shortest/pow2] m=9 h=9 SEG=4 bits=36 words=1 threads=24
[DP-fwdX] L=0 states=1 -> 1
[DP-fwdX] L=16 states=171 -> 207
[DP-fwdX] L=32 states=1292 -> 1368
[DP-bwdX] L=80 states=1 -> 2
[DP-bwdX] L=64 states=207 -> 251
[DP-bwdX] L=48 states=1368 -> 1437
[DP-fwdX] L=0 states=1 -> 1
[DP-fwdX] L=16 states=171 -> 207
[DP-bwdX] L=32 states=41 -> 50
[DP-fwdX] L=0 states=1 -> 1
[DP-bwdX] L=16 states=7 -> 8
[DP-fwdX] L=0 states=1 -> 1
[DP-fwdX] L=0 states=1 -> 1
[DP-fwdX] L=0 states=1 -> 1
[DP-bwdX] L=16 states=7 -> 8
[DP-fwdX] L=16 states=3 -> 5
[DP-bwdX] L=32 states=41 -> 50
[DP-fwdX] L=32 states=4 -> 7
[DP-bwdX] L=32 states=1 -> 2
[DP-fwdX] L=32 states=1 -> 2
[DP-fwdX] L=48 states=40 -> 48
[DP-bwdX] L=80 states=1 -> 2
[DP-bwdX] L=64 states=207 -> 251
[DP-fwdX] L=48 states=40 -> 48
[DP-bwdX] L=48 states=4 -> 7
[DP-bwdX] L=48 states=4 -> 7
[DP-fwdX] L=48 states=1 -> 2
[DP-fwdX] L=64 states=8 -> 10
[DP-bwdX] L=80 states=1 -> 2
[DP-fwdX] L=64 states=8 -> 10
[DP-bwdX] L=64 states=2 -> 4
[DP-bwdX] L=64 states=2 -> 4
[DP-bwdX] L=80 states=1 -> 2
[DP-bwdX] L=80 states=1 -> 2
[DP-bwdX] L=80 states=1 -> 2
  [Round 25] T_prime=13  T_target=12  HPWL_w=706578  HPWL_eq=680  maxL=17  WNS(T')=-4  WNS*(T)=-5  picked=8  solve_ms=40.7221
[OC-Shortest/pow2] m=9 h=9 SEG=4 bits=36 words=1 threads=24
[DP-fwdX] L=0 states=1 -> 1
[DP-fwdX] L=16 states=171 -> 207
[DP-fwdX] L=32 states=1292 -> 1368
[DP-bwdX] L=80 states=1 -> 2
[DP-bwdX] L=64 states=207 -> 251
[DP-bwdX] L=48 states=1368 -> 1437
[DP-fwdX] L=0 states=1 -> 1
[DP-fwdX] L=16 states=171 -> 207
[DP-bwdX] L=32 states=41 -> 50
[DP-fwdX] L=0 states=1 -> 1
[DP-bwdX] L=16 states=7 -> 8
[DP-fwdX] L=0 states=1 -> 1
[DP-fwdX] L=0 states=1 -> 1
[DP-fwdX] L=0 states=1 -> 1
[DP-bwdX] L=16 states=7 -> 8
[DP-fwdX] L=16 states=3 -> 5
[DP-bwdX] L=32 states=41 -> 50
[DP-fwdX] L=32 states=4 -> 7
[DP-bwdX] L=32 states=1 -> 2
[DP-fwdX] L=32 states=1 -> 2
[DP-fwdX] L=48 states=40 -> 48
[DP-bwdX] L=80 states=1 -> 2
[DP-bwdX] L=64 states=207 -> 251
[DP-fwdX] L=48 states=40 -> 48
[DP-bwdX] L=48 states=4 -> 7
[DP-bwdX] L=48 states=4 -> 7
[DP-fwdX] L=48 states=1 -> 2
[DP-fwdX] L=64 states=8 -> 10
[DP-bwdX] L=80 states=1 -> 2
[DP-fwdX] L=64 states=8 -> 10
[DP-bwdX] L=64 states=2 -> 4
[DP-bwdX] L=64 states=2 -> 4
[DP-bwdX] L=80 states=1 -> 2
[DP-bwdX] L=80 states=1 -> 2
[DP-bwdX] L=80 states=1 -> 2
  [Round 26] T_prime=13  T_target=12  HPWL_w=708777  HPWL_eq=680  maxL=17  WNS(T')=-4  WNS*(T)=-5  picked=8  solve_ms=66.7489
[OC-Shortest/pow2] m=9 h=9 SEG=4 bits=36 words=1 threads=24
[DP-fwdX] L=0 states=1 -> 1
[DP-fwdX] L=16 states=171 -> 207
[DP-fwdX] L=32 states=1292 -> 1368
[DP-bwdX] L=80 states=1 -> 2
[DP-bwdX] L=64 states=207 -> 251
[DP-bwdX] L=48 states=1368 -> 1437
[DP-fwdX] L=0 states=1 -> 1
[DP-fwdX] L=16 states=171 -> 207
[DP-bwdX] L=32 states=41 -> 50
[DP-fwdX] L=0 states=1 -> 1
[DP-bwdX] L=16 states=5 -> 7
[DP-fwdX] L=0 states=1 -> 1
[DP-fwdX] L=0 states=1 -> 1
[DP-fwdX] L=0 states=1 -> 1
[DP-bwdX] L=16 states=5 -> 7
[DP-fwdX] L=16 states=2 -> 5
[DP-bwdX] L=32 states=41 -> 50
[DP-fwdX] L=32 states=4 -> 7
[DP-bwdX] L=32 states=1 -> 2
[DP-fwdX] L=32 states=1 -> 2
[DP-fwdX] L=48 states=40 -> 48
[DP-bwdX] L=80 states=1 -> 2
[DP-bwdX] L=64 states=207 -> 251
[DP-fwdX] L=48 states=40 -> 48
[DP-bwdX] L=48 states=4 -> 7
[DP-bwdX] L=48 states=4 -> 7
[DP-fwdX] L=48 states=1 -> 2
[DP-fwdX] L=64 states=4 -> 5
[DP-bwdX] L=80 states=1 -> 2
[DP-fwdX] L=64 states=4 -> 5
[DP-bwdX] L=64 states=3 -> 7
[DP-bwdX] L=64 states=3 -> 7
[DP-bwdX] L=80 states=1 -> 2
[DP-bwdX] L=80 states=1 -> 2
[DP-bwdX] L=80 states=1 -> 2
  [Round 27] T_prime=13  T_target=12  HPWL_w=709762  HPWL_eq=670  maxL=19  WNS(T')=-6  WNS*(T)=-7  picked=12  solve_ms=55.501
[OC-Shortest/pow2] m=9 h=9 SEG=4 bits=36 words=1 threads=24
[DP-fwdX] L=0 states=1 -> 1
[DP-fwdX] L=16 states=171 -> 207
[DP-fwdX] L=32 states=1292 -> 1368
[DP-bwdX] L=80 states=1 -> 2
[DP-bwdX] L=64 states=207 -> 251
[DP-bwdX] L=48 states=1368 -> 1437
[DP-fwdX] L=0 states=1 -> 1
[DP-fwdX] L=16 states=171 -> 207
[DP-bwdX] L=32 states=41 -> 50
[DP-fwdX] L=0 states=1 -> 1
[DP-bwdX] L=16 states=5 -> 7
[DP-fwdX] L=0 states=1 -> 1
[DP-fwdX] L=0 states=1 -> 1
[DP-fwdX] L=0 states=1 -> 1
[DP-bwdX] L=16 states=5 -> 7
[DP-fwdX] L=16 states=2 -> 5
[DP-bwdX] L=32 states=41 -> 50
[DP-fwdX] L=32 states=4 -> 7
[DP-bwdX] L=32 states=1 -> 2
[DP-fwdX] L=32 states=1 -> 2
[DP-fwdX] L=48 states=40 -> 48
[DP-bwdX] L=80 states=1 -> 2
[DP-bwdX] L=64 states=207 -> 251
[DP-fwdX] L=48 states=40 -> 48
[DP-bwdX] L=48 states=4 -> 7
[DP-bwdX] L=48 states=4 -> 7
[DP-fwdX] L=48 states=1 -> 2
[DP-fwdX] L=64 states=4 -> 5
[DP-bwdX] L=80 states=1 -> 2
[DP-fwdX] L=64 states=4 -> 5
[DP-bwdX] L=64 states=3 -> 7
[DP-bwdX] L=64 states=3 -> 7
[DP-bwdX] L=80 states=1 -> 2
[DP-bwdX] L=80 states=1 -> 2
[DP-bwdX] L=80 states=1 -> 2
  [Round 28] T_prime=13  T_target=12  HPWL_w=712612  HPWL_eq=670  maxL=19  WNS(T')=-6  WNS*(T)=-7  picked=12  solve_ms=41.9396
[OC-Shortest/pow2] m=9 h=9 SEG=4 bits=36 words=1 threads=24
[DP-fwdX] L=0 states=1 -> 1
[DP-fwdX] L=16 states=171 -> 207
[DP-fwdX] L=32 states=1292 -> 1368
[DP-bwdX] L=80 states=1 -> 2
[DP-bwdX] L=64 states=207 -> 251
[DP-bwdX] L=48 states=1368 -> 1437
[DP-fwdX] L=0 states=1 -> 1
[DP-fwdX] L=16 states=171 -> 207
[DP-bwdX] L=32 states=41 -> 50
[DP-fwdX] L=0 states=1 -> 1
[DP-bwdX] L=16 states=7 -> 8
[DP-fwdX] L=0 states=1 -> 1
[DP-fwdX] L=0 states=1 -> 1
[DP-fwdX] L=0 states=1 -> 1
[DP-bwdX] L=16 states=7 -> 8
[DP-fwdX] L=16 states=3 -> 5
[DP-bwdX] L=32 states=41 -> 50
[DP-fwdX] L=32 states=4 -> 7
[DP-bwdX] L=32 states=1 -> 2
[DP-fwdX] L=32 states=1 -> 2
[DP-fwdX] L=48 states=40 -> 48
[DP-bwdX] L=80 states=1 -> 2
[DP-bwdX] L=64 states=207 -> 251
[DP-fwdX] L=48 states=40 -> 48
[DP-bwdX] L=48 states=4 -> 7
[DP-bwdX] L=48 states=4 -> 7
[DP-fwdX] L=48 states=1 -> 2
[DP-fwdX] L=64 states=8 -> 10
[DP-bwdX] L=80 states=1 -> 2
[DP-fwdX] L=64 states=8 -> 10
[DP-bwdX] L=64 states=2 -> 4
[DP-bwdX] L=64 states=2 -> 4
[DP-bwdX] L=80 states=1 -> 2
[DP-bwdX] L=80 states=1 -> 2
[DP-bwdX] L=80 states=1 -> 2
  [Round 29] T_prime=13  T_target=12  HPWL_w=715132  HPWL_eq=680  maxL=17  WNS(T')=-4  WNS*(T)=-5  picked=8  solve_ms=41.4284
[OC-Shortest/pow2] m=9 h=9 SEG=4 bits=36 words=1 threads=24
[DP-fwdX] L=0 states=1 -> 1
[DP-fwdX] L=16 states=171 -> 207
[DP-fwdX] L=32 states=1292 -> 1368
[DP-bwdX] L=80 states=1 -> 2
[DP-bwdX] L=64 states=207 -> 251
[DP-bwdX] L=48 states=1368 -> 1437
[DP-fwdX] L=0 states=1 -> 1
[DP-fwdX] L=16 states=171 -> 207
[DP-bwdX] L=32 states=41 -> 50
[DP-fwdX] L=0 states=1 -> 1
[DP-bwdX] L=16 states=7 -> 8
[DP-fwdX] L=0 states=1 -> 1
[DP-fwdX] L=0 states=1 -> 1
[DP-fwdX] L=0 states=1 -> 1
[DP-bwdX] L=16 states=7 -> 8
[DP-fwdX] L=16 states=3 -> 5
[DP-bwdX] L=32 states=41 -> 50
[DP-fwdX] L=32 states=4 -> 7
[DP-bwdX] L=32 states=1 -> 2
[DP-fwdX] L=32 states=1 -> 2
[DP-fwdX] L=48 states=40 -> 48
[DP-bwdX] L=80 states=1 -> 2
[DP-bwdX] L=64 states=207 -> 251
[DP-fwdX] L=48 states=40 -> 48
[DP-bwdX] L=48 states=4 -> 7
[DP-bwdX] L=48 states=4 -> 7
[DP-fwdX] L=48 states=1 -> 2
[DP-fwdX] L=64 states=8 -> 10
[DP-bwdX] L=80 states=1 -> 2
[DP-fwdX] L=64 states=8 -> 10
[DP-bwdX] L=64 states=2 -> 4
[DP-bwdX] L=64 states=2 -> 4
[DP-bwdX] L=80 states=1 -> 2
[DP-bwdX] L=80 states=1 -> 2
[DP-bwdX] L=80 states=1 -> 2
  [Round 30] T_prime=13  T_target=12  HPWL_w=717707  HPWL_eq=680  maxL=17  WNS(T')=-4  WNS*(T)=-5  picked=8  solve_ms=41.5335
[OC-Shortest/pow2] m=9 h=9 SEG=4 bits=36 words=1 threads=24
[DP-fwdX] L=0 states=1 -> 1
[DP-fwdX] L=16 states=171 -> 207
[DP-fwdX] L=32 states=1292 -> 1368
[DP-bwdX] L=80 states=1 -> 2
[DP-bwdX] L=64 states=207 -> 251
[DP-bwdX] L=48 states=1368 -> 1437
[DP-fwdX] L=0 states=1 -> 1
[DP-fwdX] L=16 states=171 -> 207
[DP-bwdX] L=32 states=41 -> 50
[DP-fwdX] L=0 states=1 -> 1
[DP-bwdX] L=16 states=7 -> 8
[DP-fwdX] L=0 states=1 -> 1
[DP-fwdX] L=0 states=1 -> 1
[DP-fwdX] L=0 states=1 -> 1
[DP-bwdX] L=16 states=7 -> 8
[DP-fwdX] L=16 states=3 -> 5
[DP-bwdX] L=32 states=41 -> 50
[DP-fwdX] L=32 states=4 -> 7
[DP-bwdX] L=32 states=1 -> 2
[DP-fwdX] L=32 states=1 -> 2
[DP-fwdX] L=48 states=40 -> 48
[DP-bwdX] L=80 states=1 -> 2
[DP-bwdX] L=64 states=207 -> 251
[DP-fwdX] L=48 states=40 -> 48
[DP-bwdX] L=48 states=4 -> 7
[DP-bwdX] L=48 states=4 -> 7
[DP-fwdX] L=48 states=1 -> 2
[DP-fwdX] L=64 states=8 -> 10
[DP-bwdX] L=80 states=1 -> 2
[DP-fwdX] L=64 states=8 -> 10
[DP-bwdX] L=64 states=2 -> 4
[DP-bwdX] L=64 states=2 -> 4
[DP-bwdX] L=80 states=1 -> 2
[DP-bwdX] L=80 states=1 -> 2
[DP-bwdX] L=80 states=1 -> 2
  [Round 31] T_prime=13  T_target=12  HPWL_w=719767  HPWL_eq=680  maxL=17  WNS(T')=-4  WNS*(T)=-5  picked=8  solve_ms=41.3064
[OC-Shortest/pow2] m=9 h=9 SEG=4 bits=36 words=1 threads=24
[DP-fwdX] L=0 states=1 -> 1
[DP-fwdX] L=16 states=171 -> 207
[DP-fwdX] L=32 states=1292 -> 1368
[DP-bwdX] L=80 states=1 -> 2
[DP-bwdX] L=64 states=207 -> 251
[DP-bwdX] L=48 states=1368 -> 1437
[DP-fwdX] L=0 states=1 -> 1
[DP-fwdX] L=16 states=171 -> 207
[DP-bwdX] L=32 states=41 -> 50
[DP-fwdX] L=0 states=1 -> 1
[DP-bwdX] L=16 states=5 -> 6
[DP-fwdX] L=0 states=1 -> 1
[DP-fwdX] L=0 states=1 -> 1
[DP-fwdX] L=0 states=1 -> 1
[DP-bwdX] L=16 states=5 -> 6
[DP-fwdX] L=16 states=3 -> 7
[DP-bwdX] L=32 states=41 -> 50
[DP-fwdX] L=32 states=5 -> 9
[DP-bwdX] L=32 states=1 -> 3
[DP-fwdX] L=32 states=1 -> 3
[DP-fwdX] L=48 states=40 -> 48
[DP-bwdX] L=80 states=1 -> 2
[DP-bwdX] L=64 states=207 -> 251
[DP-fwdX] L=48 states=40 -> 48
[DP-bwdX] L=48 states=6 -> 11
[DP-bwdX] L=48 states=6 -> 11
[DP-fwdX] L=48 states=1 -> 2
[DP-fwdX] L=64 states=7 -> 10
[DP-bwdX] L=80 states=1 -> 2
[DP-fwdX] L=64 states=7 -> 10
[DP-bwdX] L=64 states=2 -> 5
[DP-bwdX] L=64 states=2 -> 5
[DP-bwdX] L=80 states=1 -> 2
[DP-bwdX] L=80 states=1 -> 2
[DP-bwdX] L=80 states=1 -> 2
  [Round 32] T_prime=13  T_target=12  HPWL_w=720834  HPWL_eq=682  maxL=30  WNS(T')=-17  WNS*(T)=-18  picked=11  solve_ms=42.4195
[OC-Shortest/pow2] m=9 h=9 SEG=4 bits=36 words=1 threads=24
[DP-fwdX] L=0 states=1 -> 1
[DP-fwdX] L=16 states=171 -> 207
[DP-fwdX] L=32 states=1292 -> 1368
[DP-bwdX] L=80 states=1 -> 2
[DP-bwdX] L=64 states=207 -> 251
[DP-bwdX] L=48 states=1368 -> 1437
[DP-fwdX] L=0 states=1 -> 1
[DP-fwdX] L=16 states=171 -> 207
[DP-bwdX] L=32 states=41 -> 50
[DP-fwdX] L=0 states=1 -> 1
[DP-bwdX] L=16 states=7 -> 8
[DP-fwdX] L=0 states=1 -> 1
[DP-fwdX] L=0 states=1 -> 1
[DP-fwdX] L=0 states=1 -> 1
[DP-bwdX] L=16 states=7 -> 8
[DP-fwdX] L=16 states=3 -> 5
[DP-bwdX] L=32 states=41 -> 50
[DP-fwdX] L=32 states=4 -> 7
[DP-bwdX] L=32 states=1 -> 2
[DP-fwdX] L=32 states=1 -> 2
[DP-fwdX] L=48 states=40 -> 48
[DP-bwdX] L=80 states=1 -> 2
[DP-bwdX] L=64 states=207 -> 251
[DP-fwdX] L=48 states=40 -> 48
[DP-bwdX] L=48 states=4 -> 7
[DP-bwdX] L=48 states=4 -> 7
[DP-fwdX] L=48 states=1 -> 2
[DP-fwdX] L=64 states=8 -> 10
[DP-bwdX] L=80 states=1 -> 2
[DP-fwdX] L=64 states=8 -> 10
[DP-bwdX] L=64 states=2 -> 4
[DP-bwdX] L=64 states=2 -> 4
[DP-bwdX] L=80 states=1 -> 2
[DP-bwdX] L=80 states=1 -> 2
[DP-bwdX] L=80 states=1 -> 2
  [Round 33] T_prime=13  T_target=12  HPWL_w=723489  HPWL_eq=680  maxL=17  WNS(T')=-4  WNS*(T)=-5  picked=8  solve_ms=41.198
[OC-Shortest/pow2] m=9 h=9 SEG=4 bits=36 words=1 threads=24
[DP-fwdX] L=0 states=1 -> 1
[DP-fwdX] L=16 states=171 -> 207
[DP-fwdX] L=32 states=1292 -> 1368
[DP-bwdX] L=80 states=1 -> 2
[DP-bwdX] L=64 states=207 -> 251
[DP-bwdX] L=48 states=1368 -> 1437
[DP-fwdX] L=0 states=1 -> 1
[DP-fwdX] L=16 states=171 -> 207
[DP-bwdX] L=32 states=41 -> 50
[DP-fwdX] L=0 states=1 -> 1
[DP-bwdX] L=16 states=5 -> 6
[DP-fwdX] L=0 states=1 -> 1
[DP-fwdX] L=0 states=1 -> 1
[DP-fwdX] L=0 states=1 -> 1
[DP-bwdX] L=16 states=5 -> 6
[DP-fwdX] L=16 states=3 -> 7
[DP-bwdX] L=32 states=41 -> 50
[DP-fwdX] L=32 states=5 -> 9
[DP-bwdX] L=32 states=1 -> 3
[DP-fwdX] L=32 states=1 -> 3
[DP-fwdX] L=48 states=40 -> 48
[DP-bwdX] L=80 states=1 -> 2
[DP-bwdX] L=64 states=207 -> 251
[DP-fwdX] L=48 states=40 -> 48
[DP-bwdX] L=48 states=6 -> 11
[DP-bwdX] L=48 states=6 -> 11
[DP-fwdX] L=48 states=1 -> 2
[DP-fwdX] L=64 states=7 -> 10
[DP-bwdX] L=80 states=1 -> 2
[DP-fwdX] L=64 states=7 -> 10
[DP-bwdX] L=64 states=2 -> 5
[DP-bwdX] L=64 states=2 -> 5
[DP-bwdX] L=80 states=1 -> 2
[DP-bwdX] L=80 states=1 -> 2
[DP-bwdX] L=80 states=1 -> 2
  [Round 34] T_prime=13  T_target=12  HPWL_w=726909  HPWL_eq=682  maxL=30  WNS(T')=-17  WNS*(T)=-18  picked=12  solve_ms=42.4657
[OC-Shortest/pow2] m=9 h=9 SEG=4 bits=36 words=1 threads=24
[DP-fwdX] L=0 states=1 -> 1
[DP-fwdX] L=16 states=171 -> 207
[DP-fwdX] L=32 states=1292 -> 1368
[DP-bwdX] L=80 states=1 -> 2
[DP-bwdX] L=64 states=207 -> 251
[DP-bwdX] L=48 states=1368 -> 1437
[DP-fwdX] L=0 states=1 -> 1
[DP-fwdX] L=16 states=171 -> 207
[DP-bwdX] L=32 states=41 -> 50
[DP-fwdX] L=0 states=1 -> 1
[DP-bwdX] L=16 states=5 -> 7
[DP-fwdX] L=0 states=1 -> 1
[DP-fwdX] L=0 states=1 -> 1
[DP-fwdX] L=0 states=1 -> 1
[DP-bwdX] L=16 states=5 -> 7
[DP-fwdX] L=16 states=2 -> 5
[DP-bwdX] L=32 states=41 -> 50
[DP-fwdX] L=32 states=4 -> 7
[DP-bwdX] L=32 states=1 -> 2
[DP-fwdX] L=32 states=1 -> 2
[DP-fwdX] L=48 states=40 -> 48
[DP-bwdX] L=80 states=1 -> 2
[DP-bwdX] L=64 states=207 -> 251
[DP-fwdX] L=48 states=40 -> 48
[DP-bwdX] L=48 states=4 -> 7
[DP-bwdX] L=48 states=4 -> 7
[DP-fwdX] L=48 states=1 -> 2
[DP-fwdX] L=64 states=4 -> 5
[DP-bwdX] L=80 states=1 -> 2
[DP-fwdX] L=64 states=4 -> 5
[DP-bwdX] L=64 states=3 -> 7
[DP-bwdX] L=64 states=3 -> 7
[DP-bwdX] L=80 states=1 -> 2
[DP-bwdX] L=80 states=1 -> 2
[DP-bwdX] L=80 states=1 -> 2
  [Round 35] T_prime=13  T_target=12  HPWL_w=731381  HPWL_eq=671  maxL=23  WNS(T')=-10  WNS*(T)=-11  picked=12  solve_ms=42.1512
[OC-Shortest/pow2] m=9 h=9 SEG=4 bits=36 words=1 threads=24
[DP-fwdX] L=0 states=1 -> 1
[DP-fwdX] L=16 states=171 -> 207
[DP-fwdX] L=32 states=1292 -> 1368
[DP-bwdX] L=80 states=1 -> 2
[DP-bwdX] L=64 states=207 -> 251
[DP-bwdX] L=48 states=1368 -> 1437
[DP-fwdX] L=0 states=1 -> 1
[DP-fwdX] L=16 states=171 -> 207
[DP-bwdX] L=32 states=41 -> 50
[DP-fwdX] L=0 states=1 -> 1
[DP-bwdX] L=16 states=5 -> 7
[DP-fwdX] L=0 states=1 -> 1
[DP-fwdX] L=0 states=1 -> 1
[DP-fwdX] L=0 states=1 -> 1
[DP-bwdX] L=16 states=5 -> 7
[DP-fwdX] L=16 states=2 -> 5
[DP-bwdX] L=32 states=41 -> 50
[DP-fwdX] L=32 states=4 -> 7
[DP-bwdX] L=32 states=1 -> 2
[DP-fwdX] L=32 states=1 -> 2
[DP-fwdX] L=48 states=40 -> 48
[DP-bwdX] L=80 states=1 -> 2
[DP-bwdX] L=64 states=207 -> 251
[DP-fwdX] L=48 states=40 -> 48
[DP-bwdX] L=48 states=4 -> 7
[DP-bwdX] L=48 states=4 -> 7
[DP-fwdX] L=48 states=1 -> 2
[DP-fwdX] L=64 states=4 -> 5
[DP-bwdX] L=80 states=1 -> 2
[DP-fwdX] L=64 states=4 -> 5
[DP-bwdX] L=64 states=3 -> 7
[DP-bwdX] L=64 states=3 -> 7
[DP-bwdX] L=80 states=1 -> 2
[DP-bwdX] L=80 states=1 -> 2
[DP-bwdX] L=80 states=1 -> 2
  [Round 36] T_prime=13  T_target=12  HPWL_w=735237  HPWL_eq=672  maxL=19  WNS(T')=-6  WNS*(T)=-7  picked=12  solve_ms=41.4271
[OC-Shortest/pow2] m=9 h=9 SEG=4 bits=36 words=1 threads=24
[DP-fwdX] L=0 states=1 -> 1
[DP-fwdX] L=16 states=171 -> 207
[DP-fwdX] L=32 states=1292 -> 1368
[DP-bwdX] L=80 states=1 -> 2
[DP-bwdX] L=64 states=207 -> 251
[DP-bwdX] L=48 states=1368 -> 1437
[DP-fwdX] L=0 states=1 -> 1
[DP-fwdX] L=16 states=171 -> 207
[DP-bwdX] L=32 states=41 -> 50
[DP-fwdX] L=0 states=1 -> 1
[DP-bwdX] L=16 states=7 -> 8
[DP-fwdX] L=0 states=1 -> 1
[DP-fwdX] L=0 states=1 -> 1
[DP-fwdX] L=0 states=1 -> 1
[DP-bwdX] L=16 states=7 -> 8
[DP-fwdX] L=16 states=3 -> 5
[DP-bwdX] L=32 states=41 -> 50
[DP-fwdX] L=32 states=4 -> 7
[DP-bwdX] L=32 states=1 -> 2
[DP-fwdX] L=32 states=1 -> 2
[DP-fwdX] L=48 states=40 -> 48
[DP-bwdX] L=80 states=1 -> 2
[DP-bwdX] L=64 states=207 -> 251
[DP-fwdX] L=48 states=40 -> 48
[DP-bwdX] L=48 states=4 -> 7
[DP-bwdX] L=48 states=4 -> 7
[DP-fwdX] L=48 states=1 -> 2
[DP-fwdX] L=64 states=8 -> 10
[DP-bwdX] L=80 states=1 -> 2
[DP-fwdX] L=64 states=8 -> 10
[DP-bwdX] L=64 states=2 -> 4
[DP-bwdX] L=64 states=2 -> 4
[DP-bwdX] L=80 states=1 -> 2
[DP-bwdX] L=80 states=1 -> 2
[DP-bwdX] L=80 states=1 -> 2
  [Round 37] T_prime=13  T_target=12  HPWL_w=738018  HPWL_eq=680  maxL=17  WNS(T')=-4  WNS*(T)=-5  picked=8  solve_ms=41.144
[OC-Shortest/pow2] m=9 h=9 SEG=4 bits=36 words=1 threads=24
[DP-fwdX] L=0 states=1 -> 1
[DP-fwdX] L=16 states=171 -> 207
[DP-fwdX] L=32 states=1292 -> 1368
[DP-bwdX] L=80 states=1 -> 2
[DP-bwdX] L=64 states=207 -> 251
[DP-bwdX] L=48 states=1368 -> 1437
[DP-fwdX] L=0 states=1 -> 1
[DP-fwdX] L=16 states=171 -> 207
[DP-bwdX] L=32 states=41 -> 50
[DP-fwdX] L=0 states=1 -> 1
[DP-bwdX] L=16 states=7 -> 8
[DP-fwdX] L=0 states=1 -> 1
[DP-fwdX] L=0 states=1 -> 1
[DP-fwdX] L=0 states=1 -> 1
[DP-bwdX] L=16 states=7 -> 8
[DP-fwdX] L=16 states=3 -> 5
[DP-bwdX] L=32 states=41 -> 50
[DP-fwdX] L=32 states=4 -> 7
[DP-bwdX] L=32 states=1 -> 2
[DP-fwdX] L=32 states=1 -> 2
[DP-fwdX] L=48 states=40 -> 48
[DP-bwdX] L=80 states=1 -> 2
[DP-bwdX] L=64 states=207 -> 251
[DP-fwdX] L=48 states=40 -> 48
[DP-bwdX] L=48 states=4 -> 7
[DP-bwdX] L=48 states=4 -> 7
[DP-fwdX] L=48 states=1 -> 2
[DP-fwdX] L=64 states=8 -> 10
[DP-bwdX] L=80 states=1 -> 2
[DP-fwdX] L=64 states=8 -> 10
[DP-bwdX] L=64 states=2 -> 4
[DP-bwdX] L=64 states=2 -> 4
[DP-bwdX] L=80 states=1 -> 2
[DP-bwdX] L=80 states=1 -> 2
[DP-bwdX] L=80 states=1 -> 2
  [Round 38] T_prime=13  T_target=12  HPWL_w=740677  HPWL_eq=680  maxL=17  WNS(T')=-4  WNS*(T)=-5  picked=8  solve_ms=41.2077
[OC-Shortest/pow2] m=9 h=9 SEG=4 bits=36 words=1 threads=24
[DP-fwdX] L=0 states=1 -> 1
[DP-fwdX] L=16 states=171 -> 207
[DP-fwdX] L=32 states=1292 -> 1368
[DP-bwdX] L=80 states=1 -> 2
[DP-bwdX] L=64 states=207 -> 251
[DP-bwdX] L=48 states=1368 -> 1437
[DP-fwdX] L=0 states=1 -> 1
[DP-fwdX] L=16 states=171 -> 207
[DP-bwdX] L=32 states=41 -> 50
[DP-fwdX] L=0 states=1 -> 1
[DP-bwdX] L=16 states=7 -> 8
[DP-fwdX] L=0 states=1 -> 1
[DP-fwdX] L=0 states=1 -> 1
[DP-fwdX] L=0 states=1 -> 1
[DP-bwdX] L=16 states=7 -> 8
[DP-fwdX] L=16 states=3 -> 5
[DP-bwdX] L=32 states=41 -> 50
[DP-fwdX] L=32 states=4 -> 7
[DP-bwdX] L=32 states=1 -> 2
[DP-fwdX] L=32 states=1 -> 2
[DP-fwdX] L=48 states=40 -> 48
[DP-bwdX] L=80 states=1 -> 2
[DP-bwdX] L=64 states=207 -> 251
[DP-fwdX] L=48 states=40 -> 48
[DP-bwdX] L=48 states=4 -> 7
[DP-bwdX] L=48 states=4 -> 7
[DP-fwdX] L=48 states=1 -> 2
[DP-fwdX] L=64 states=8 -> 10
[DP-bwdX] L=80 states=1 -> 2
[DP-fwdX] L=64 states=8 -> 10
[DP-bwdX] L=64 states=2 -> 4
[DP-bwdX] L=64 states=2 -> 4
[DP-bwdX] L=80 states=1 -> 2
[DP-bwdX] L=80 states=1 -> 2
[DP-bwdX] L=80 states=1 -> 2
  [Round 39] T_prime=13  T_target=12  HPWL_w=743507  HPWL_eq=680  maxL=17  WNS(T')=-4  WNS*(T)=-5  picked=8  solve_ms=41.089
[OC-Shortest/pow2] m=9 h=9 SEG=4 bits=36 words=1 threads=24
[DP-fwdX] L=0 states=1 -> 1
[DP-fwdX] L=16 states=171 -> 207
[DP-fwdX] L=32 states=1292 -> 1368
[DP-bwdX] L=80 states=1 -> 2
[DP-bwdX] L=64 states=207 -> 251
[DP-bwdX] L=48 states=1368 -> 1437
[DP-fwdX] L=0 states=1 -> 1
[DP-fwdX] L=16 states=171 -> 207
[DP-bwdX] L=32 states=41 -> 50
[DP-fwdX] L=0 states=1 -> 1
[DP-bwdX] L=16 states=5 -> 7
[DP-fwdX] L=0 states=1 -> 1
[DP-fwdX] L=0 states=1 -> 1
[DP-fwdX] L=0 states=1 -> 1
[DP-bwdX] L=16 states=5 -> 7
[DP-fwdX] L=16 states=2 -> 5
[DP-bwdX] L=32 states=41 -> 50
[DP-fwdX] L=32 states=4 -> 7
[DP-bwdX] L=32 states=1 -> 2
[DP-fwdX] L=32 states=1 -> 2
[DP-fwdX] L=48 states=40 -> 48
[DP-bwdX] L=80 states=1 -> 2
[DP-bwdX] L=64 states=207 -> 251
[DP-fwdX] L=48 states=40 -> 48
[DP-bwdX] L=48 states=4 -> 7
[DP-bwdX] L=48 states=4 -> 7
[DP-fwdX] L=48 states=1 -> 2
[DP-fwdX] L=64 states=4 -> 5
[DP-bwdX] L=80 states=1 -> 2
[DP-fwdX] L=64 states=4 -> 5
[DP-bwdX] L=64 states=3 -> 7
[DP-bwdX] L=64 states=3 -> 7
[DP-bwdX] L=80 states=1 -> 2
[DP-bwdX] L=80 states=1 -> 2
[DP-bwdX] L=80 states=1 -> 2
  [Round 40] T_prime=13  T_target=12  HPWL_w=745955  HPWL_eq=668  maxL=23  WNS(T')=-10  WNS*(T)=-11  picked=12  solve_ms=41.9513
[OC-Shortest/pow2] m=9 h=9 SEG=4 bits=36 words=1 threads=24
[DP-fwdX] L=0 states=1 -> 1
[DP-fwdX] L=16 states=171 -> 207
[DP-fwdX] L=32 states=1292 -> 1368
[DP-bwdX] L=80 states=1 -> 2
[DP-bwdX] L=64 states=207 -> 251
[DP-bwdX] L=48 states=1368 -> 1437
[DP-fwdX] L=0 states=1 -> 1
[DP-fwdX] L=16 states=171 -> 207
[DP-bwdX] L=32 states=41 -> 50
[DP-fwdX] L=0 states=1 -> 1
[DP-bwdX] L=16 states=7 -> 8
[DP-fwdX] L=0 states=1 -> 1
[DP-fwdX] L=0 states=1 -> 1
[DP-fwdX] L=0 states=1 -> 1
[DP-bwdX] L=16 states=7 -> 8
[DP-fwdX] L=16 states=3 -> 5
[DP-bwdX] L=32 states=41 -> 50
[DP-fwdX] L=32 states=4 -> 7
[DP-bwdX] L=32 states=1 -> 2
[DP-fwdX] L=32 states=1 -> 2
[DP-fwdX] L=48 states=40 -> 48
[DP-bwdX] L=80 states=1 -> 2
[DP-bwdX] L=64 states=207 -> 251
[DP-fwdX] L=48 states=40 -> 48
[DP-bwdX] L=48 states=4 -> 7
[DP-bwdX] L=48 states=4 -> 7
[DP-fwdX] L=48 states=1 -> 2
[DP-fwdX] L=64 states=8 -> 10
[DP-bwdX] L=80 states=1 -> 2
[DP-fwdX] L=64 states=8 -> 10
[DP-bwdX] L=64 states=2 -> 4
[DP-bwdX] L=64 states=2 -> 4
[DP-bwdX] L=80 states=1 -> 2
[DP-bwdX] L=80 states=1 -> 2
[DP-bwdX] L=80 states=1 -> 2
  [Round 41] T_prime=13  T_target=12  HPWL_w=747550  HPWL_eq=680  maxL=17  WNS(T')=-4  WNS*(T)=-5  picked=8  solve_ms=41.1489
[OC-Shortest/pow2] m=9 h=9 SEG=4 bits=36 words=1 threads=24
[DP-fwdX] L=0 states=1 -> 1
[DP-fwdX] L=16 states=171 -> 207
[DP-fwdX] L=32 states=1292 -> 1368
[DP-bwdX] L=80 states=1 -> 2
[DP-bwdX] L=64 states=207 -> 251
[DP-bwdX] L=48 states=1368 -> 1437
[DP-fwdX] L=0 states=1 -> 1
[DP-fwdX] L=16 states=171 -> 207
[DP-bwdX] L=32 states=41 -> 50
[DP-fwdX] L=0 states=1 -> 1
[DP-bwdX] L=16 states=5 -> 7
[DP-fwdX] L=0 states=1 -> 1
[DP-fwdX] L=0 states=1 -> 1
[DP-fwdX] L=0 states=1 -> 1
[DP-bwdX] L=16 states=5 -> 7
[DP-fwdX] L=16 states=2 -> 5
[DP-bwdX] L=32 states=41 -> 50
[DP-fwdX] L=32 states=4 -> 7
[DP-bwdX] L=32 states=1 -> 2
[DP-fwdX] L=32 states=1 -> 2
[DP-fwdX] L=48 states=40 -> 48
[DP-bwdX] L=80 states=1 -> 2
[DP-bwdX] L=64 states=207 -> 251
[DP-fwdX] L=48 states=40 -> 48
[DP-bwdX] L=48 states=4 -> 7
[DP-bwdX] L=48 states=4 -> 7
[DP-fwdX] L=48 states=1 -> 2
[DP-fwdX] L=64 states=4 -> 5
[DP-bwdX] L=80 states=1 -> 2
[DP-fwdX] L=64 states=4 -> 5
[DP-bwdX] L=64 states=3 -> 7
[DP-bwdX] L=64 states=3 -> 7
[DP-bwdX] L=80 states=1 -> 2
[DP-bwdX] L=80 states=1 -> 2
[DP-bwdX] L=80 states=1 -> 2
  [Round 42] T_prime=13  T_target=12  HPWL_w=750958  HPWL_eq=670  maxL=19  WNS(T')=-6  WNS*(T)=-7  picked=12  solve_ms=41.5505
[OC-Shortest/pow2] m=9 h=9 SEG=4 bits=36 words=1 threads=24
[DP-fwdX] L=0 states=1 -> 1
[DP-fwdX] L=16 states=171 -> 207
[DP-fwdX] L=32 states=1292 -> 1368
[DP-bwdX] L=80 states=1 -> 2
[DP-bwdX] L=64 states=207 -> 251
[DP-bwdX] L=48 states=1368 -> 1437
[DP-fwdX] L=0 states=1 -> 1
[DP-fwdX] L=16 states=171 -> 207
[DP-bwdX] L=32 states=41 -> 50
[DP-fwdX] L=0 states=1 -> 1
[DP-bwdX] L=16 states=5 -> 6
[DP-fwdX] L=0 states=1 -> 1
[DP-fwdX] L=0 states=1 -> 1
[DP-fwdX] L=0 states=1 -> 1
[DP-bwdX] L=16 states=5 -> 6
[DP-fwdX] L=16 states=3 -> 7
[DP-bwdX] L=32 states=41 -> 50
[DP-fwdX] L=32 states=5 -> 9
[DP-bwdX] L=32 states=1 -> 3
[DP-fwdX] L=32 states=1 -> 3
[DP-fwdX] L=48 states=40 -> 48
[DP-bwdX] L=80 states=1 -> 2
[DP-bwdX] L=64 states=207 -> 251
[DP-fwdX] L=48 states=40 -> 48
[DP-bwdX] L=48 states=6 -> 11
[DP-bwdX] L=48 states=6 -> 11
[DP-fwdX] L=48 states=1 -> 2
[DP-fwdX] L=64 states=7 -> 10
[DP-bwdX] L=80 states=1 -> 2
[DP-fwdX] L=64 states=7 -> 10
[DP-bwdX] L=64 states=2 -> 5
[DP-bwdX] L=64 states=2 -> 5
[DP-bwdX] L=80 states=1 -> 2
[DP-bwdX] L=80 states=1 -> 2
[DP-bwdX] L=80 states=1 -> 2
  [Round 43] T_prime=13  T_target=12  HPWL_w=754249  HPWL_eq=682  maxL=30  WNS(T')=-17  WNS*(T)=-18  picked=12  solve_ms=42.2616
[OC-Shortest/pow2] m=9 h=9 SEG=4 bits=36 words=1 threads=24
[DP-fwdX] L=0 states=1 -> 1
[DP-fwdX] L=16 states=171 -> 207
[DP-fwdX] L=32 states=1292 -> 1368
[DP-bwdX] L=80 states=1 -> 2
[DP-bwdX] L=64 states=207 -> 251
[DP-bwdX] L=48 states=1368 -> 1437
[DP-fwdX] L=0 states=1 -> 1
[DP-fwdX] L=16 states=171 -> 207
[DP-bwdX] L=32 states=41 -> 50
[DP-fwdX] L=0 states=1 -> 1
[DP-bwdX] L=16 states=5 -> 6
[DP-fwdX] L=0 states=1 -> 1
[DP-fwdX] L=0 states=1 -> 1
[DP-fwdX] L=0 states=1 -> 1
[DP-bwdX] L=16 states=5 -> 6
[DP-fwdX] L=16 states=3 -> 7
[DP-bwdX] L=32 states=41 -> 50
[DP-fwdX] L=32 states=7 -> 12
[DP-bwdX] L=32 states=1 -> 2
[DP-fwdX] L=32 states=1 -> 2
[DP-fwdX] L=48 states=40 -> 48
[DP-bwdX] L=80 states=1 -> 2
[DP-bwdX] L=64 states=207 -> 251
[DP-fwdX] L=48 states=40 -> 48
[DP-bwdX] L=48 states=6 -> 11
[DP-bwdX] L=48 states=6 -> 11
[DP-fwdX] L=48 states=1 -> 2
[DP-fwdX] L=64 states=7 -> 10
[DP-bwdX] L=80 states=1 -> 2
[DP-fwdX] L=64 states=7 -> 10
[DP-bwdX] L=64 states=2 -> 5
[DP-bwdX] L=64 states=2 -> 5
[DP-bwdX] L=80 states=1 -> 2
[DP-bwdX] L=80 states=1 -> 2
[DP-bwdX] L=80 states=1 -> 2
  [Round 44] T_prime=13  T_target=12  HPWL_w=759605  HPWL_eq=682  maxL=30  WNS(T')=-17  WNS*(T)=-18  picked=11  solve_ms=42.5721
[OC-Shortest/pow2] m=9 h=9 SEG=4 bits=36 words=1 threads=24
[DP-fwdX] L=0 states=1 -> 1
[DP-fwdX] L=16 states=171 -> 207
[DP-fwdX] L=32 states=1292 -> 1368
[DP-bwdX] L=80 states=1 -> 2
[DP-bwdX] L=64 states=207 -> 251
[DP-bwdX] L=48 states=1368 -> 1437
[DP-fwdX] L=0 states=1 -> 1
[DP-fwdX] L=16 states=171 -> 207
[DP-bwdX] L=32 states=41 -> 50
[DP-fwdX] L=0 states=1 -> 1
[DP-bwdX] L=16 states=7 -> 8
[DP-fwdX] L=0 states=1 -> 1
[DP-fwdX] L=0 states=1 -> 1
[DP-fwdX] L=0 states=1 -> 1
[DP-bwdX] L=16 states=7 -> 8
[DP-fwdX] L=16 states=3 -> 5
[DP-bwdX] L=32 states=41 -> 50
[DP-fwdX] L=32 states=4 -> 7
[DP-bwdX] L=32 states=1 -> 2
[DP-fwdX] L=32 states=1 -> 2
[DP-fwdX] L=48 states=40 -> 48
[DP-bwdX] L=80 states=1 -> 2
[DP-bwdX] L=64 states=207 -> 251
[DP-fwdX] L=48 states=40 -> 48
[DP-bwdX] L=48 states=4 -> 7
[DP-bwdX] L=48 states=4 -> 7
[DP-fwdX] L=48 states=1 -> 2
[DP-fwdX] L=64 states=8 -> 10
[DP-bwdX] L=80 states=1 -> 2
[DP-fwdX] L=64 states=8 -> 10
[DP-bwdX] L=64 states=2 -> 4
[DP-bwdX] L=64 states=2 -> 4
[DP-bwdX] L=80 states=1 -> 2
[DP-bwdX] L=80 states=1 -> 2
[DP-bwdX] L=80 states=1 -> 2
  [Round 45] T_prime=13  T_target=12  HPWL_w=765710  HPWL_eq=680  maxL=17  WNS(T')=-4  WNS*(T)=-5  picked=8  solve_ms=41.0635
[OC-Shortest/pow2] m=9 h=9 SEG=4 bits=36 words=1 threads=24
[DP-fwdX] L=0 states=1 -> 1
[DP-fwdX] L=16 states=171 -> 207
[DP-fwdX] L=32 states=1292 -> 1368
[DP-bwdX] L=80 states=1 -> 2
[DP-bwdX] L=64 states=207 -> 251
[DP-bwdX] L=48 states=1368 -> 1437
[DP-fwdX] L=0 states=1 -> 1
[DP-fwdX] L=16 states=171 -> 207
[DP-bwdX] L=32 states=41 -> 50
[DP-fwdX] L=0 states=1 -> 1
[DP-bwdX] L=16 states=7 -> 8
[DP-fwdX] L=0 states=1 -> 1
[DP-fwdX] L=0 states=1 -> 1
[DP-fwdX] L=0 states=1 -> 1
[DP-bwdX] L=16 states=7 -> 8
[DP-fwdX] L=16 states=3 -> 5
[DP-bwdX] L=32 states=41 -> 50
[DP-fwdX] L=32 states=4 -> 7
[DP-bwdX] L=32 states=1 -> 2
[DP-fwdX] L=32 states=1 -> 2
[DP-fwdX] L=48 states=40 -> 48
[DP-bwdX] L=80 states=1 -> 2
[DP-bwdX] L=64 states=207 -> 251
[DP-fwdX] L=48 states=40 -> 48
[DP-bwdX] L=48 states=4 -> 7
[DP-bwdX] L=48 states=4 -> 7
[DP-fwdX] L=48 states=1 -> 2
[DP-fwdX] L=64 states=8 -> 10
[DP-bwdX] L=80 states=1 -> 2
[DP-fwdX] L=64 states=8 -> 10
[DP-bwdX] L=64 states=2 -> 4
[DP-bwdX] L=64 states=2 -> 4
[DP-bwdX] L=80 states=1 -> 2
[DP-bwdX] L=80 states=1 -> 2
[DP-bwdX] L=80 states=1 -> 2
  [Round 46] T_prime=13  T_target=12  HPWL_w=767670  HPWL_eq=680  maxL=17  WNS(T')=-4  WNS*(T)=-5  picked=8  solve_ms=41.2433
[OC-Shortest/pow2] m=9 h=9 SEG=4 bits=36 words=1 threads=24
[DP-fwdX] L=0 states=1 -> 1
[DP-fwdX] L=16 states=171 -> 207
[DP-fwdX] L=32 states=1292 -> 1368
[DP-bwdX] L=80 states=1 -> 2
[DP-bwdX] L=64 states=207 -> 251
[DP-bwdX] L=48 states=1368 -> 1437
[DP-fwdX] L=0 states=1 -> 1
[DP-fwdX] L=16 states=171 -> 207
[DP-bwdX] L=32 states=41 -> 50
[DP-fwdX] L=0 states=1 -> 1
[DP-bwdX] L=16 states=7 -> 8
[DP-fwdX] L=0 states=1 -> 1
[DP-fwdX] L=0 states=1 -> 1
[DP-fwdX] L=0 states=1 -> 1
[DP-bwdX] L=16 states=7 -> 8
[DP-fwdX] L=16 states=3 -> 5
[DP-bwdX] L=32 states=41 -> 50
[DP-fwdX] L=32 states=4 -> 7
[DP-bwdX] L=32 states=1 -> 2
[DP-fwdX] L=32 states=1 -> 2
[DP-fwdX] L=48 states=40 -> 48
[DP-bwdX] L=80 states=1 -> 2
[DP-bwdX] L=64 states=207 -> 251
[DP-fwdX] L=48 states=40 -> 48
[DP-bwdX] L=48 states=4 -> 7
[DP-bwdX] L=48 states=4 -> 7
[DP-fwdX] L=48 states=1 -> 2
[DP-fwdX] L=64 states=8 -> 10
[DP-bwdX] L=80 states=1 -> 2
[DP-fwdX] L=64 states=8 -> 10
[DP-bwdX] L=64 states=2 -> 4
[DP-bwdX] L=64 states=2 -> 4
[DP-bwdX] L=80 states=1 -> 2
[DP-bwdX] L=80 states=1 -> 2
[DP-bwdX] L=80 states=1 -> 2
  [Round 47] T_prime=13  T_target=12  HPWL_w=771654  HPWL_eq=682  maxL=15  WNS(T')=-2  WNS*(T)=-3  picked=8  solve_ms=40.9232
[OC-Shortest/pow2] m=9 h=9 SEG=4 bits=36 words=1 threads=24
[DP-fwdX] L=0 states=1 -> 1
[DP-fwdX] L=16 states=171 -> 207
[DP-fwdX] L=32 states=1292 -> 1368
[DP-bwdX] L=80 states=1 -> 2
[DP-bwdX] L=64 states=207 -> 251
[DP-bwdX] L=48 states=1368 -> 1437
[DP-fwdX] L=0 states=1 -> 1
[DP-fwdX] L=16 states=171 -> 207
[DP-bwdX] L=32 states=41 -> 50
[DP-fwdX] L=0 states=1 -> 1
[DP-bwdX] L=16 states=5 -> 7
[DP-fwdX] L=0 states=1 -> 1
[DP-fwdX] L=0 states=1 -> 1
[DP-fwdX] L=0 states=1 -> 1
[DP-bwdX] L=16 states=5 -> 7
[DP-fwdX] L=16 states=2 -> 5
[DP-bwdX] L=32 states=41 -> 50
[DP-fwdX] L=32 states=4 -> 7
[DP-bwdX] L=32 states=1 -> 2
[DP-fwdX] L=32 states=1 -> 2
[DP-fwdX] L=48 states=40 -> 48
[DP-bwdX] L=80 states=1 -> 2
[DP-bwdX] L=64 states=207 -> 251
[DP-fwdX] L=48 states=40 -> 48
[DP-bwdX] L=48 states=4 -> 7
[DP-bwdX] L=48 states=4 -> 7
[DP-fwdX] L=48 states=1 -> 2
[DP-fwdX] L=64 states=8 -> 10
[DP-bwdX] L=80 states=1 -> 2
[DP-fwdX] L=64 states=8 -> 10
[DP-bwdX] L=64 states=2 -> 4
[DP-bwdX] L=64 states=2 -> 4
[DP-bwdX] L=80 states=1 -> 2
[DP-bwdX] L=80 states=1 -> 2
[DP-bwdX] L=80 states=1 -> 2
  [Round 48] T_prime=13  T_target=12  HPWL_w=773409  HPWL_eq=679  maxL=17  WNS(T')=-4  WNS*(T)=-5  picked=10  solve_ms=41.4026
[OC-Shortest/pow2] m=9 h=9 SEG=4 bits=36 words=1 threads=24
[DP-fwdX] L=0 states=1 -> 1
[DP-fwdX] L=16 states=171 -> 207
[DP-fwdX] L=32 states=1292 -> 1368
[DP-bwdX] L=80 states=1 -> 2
[DP-bwdX] L=64 states=207 -> 251
[DP-bwdX] L=48 states=1368 -> 1437
[DP-fwdX] L=0 states=1 -> 1
[DP-fwdX] L=16 states=171 -> 207
[DP-bwdX] L=32 states=41 -> 50
[DP-fwdX] L=0 states=1 -> 1
[DP-bwdX] L=16 states=5 -> 7
[DP-fwdX] L=0 states=1 -> 1
[DP-fwdX] L=0 states=1 -> 1
[DP-fwdX] L=0 states=1 -> 1
[DP-bwdX] L=16 states=5 -> 7
[DP-fwdX] L=16 states=2 -> 5
[DP-bwdX] L=32 states=41 -> 50
[DP-fwdX] L=32 states=4 -> 7
[DP-bwdX] L=32 states=1 -> 2
[DP-fwdX] L=32 states=1 -> 2
[DP-fwdX] L=48 states=40 -> 48
[DP-bwdX] L=80 states=1 -> 2
[DP-bwdX] L=64 states=207 -> 251
[DP-fwdX] L=48 states=40 -> 48
[DP-bwdX] L=48 states=4 -> 7
[DP-bwdX] L=48 states=4 -> 7
[DP-fwdX] L=48 states=1 -> 2
[DP-fwdX] L=64 states=4 -> 5
[DP-bwdX] L=80 states=1 -> 2
[DP-fwdX] L=64 states=4 -> 5
[DP-bwdX] L=64 states=3 -> 7
[DP-bwdX] L=64 states=3 -> 7
[DP-bwdX] L=80 states=1 -> 2
[DP-bwdX] L=80 states=1 -> 2
[DP-bwdX] L=80 states=1 -> 2
  [Round 49] T_prime=13  T_target=12  HPWL_w=775467  HPWL_eq=678  maxL=17  WNS(T')=-4  WNS*(T)=-5  picked=12  solve_ms=62.1778
[OC-Shortest/pow2] m=9 h=9 SEG=4 bits=36 words=1 threads=24
[DP-fwdX] L=0 states=1 -> 1
[DP-fwdX] L=16 states=171 -> 207
[DP-fwdX] L=32 states=1292 -> 1368
[DP-bwdX] L=80 states=1 -> 2
[DP-bwdX] L=64 states=207 -> 251
[DP-bwdX] L=48 states=1368 -> 1437
[DP-fwdX] L=0 states=1 -> 1
[DP-fwdX] L=16 states=171 -> 207
[DP-bwdX] L=32 states=41 -> 50
[DP-fwdX] L=0 states=1 -> 1
[DP-bwdX] L=16 states=7 -> 8
[DP-fwdX] L=0 states=1 -> 1
[DP-fwdX] L=0 states=1 -> 1
[DP-fwdX] L=0 states=1 -> 1
[DP-bwdX] L=16 states=7 -> 8
[DP-fwdX] L=16 states=3 -> 5
[DP-bwdX] L=32 states=41 -> 50
[DP-fwdX] L=32 states=4 -> 7
[DP-bwdX] L=32 states=1 -> 2
[DP-fwdX] L=32 states=1 -> 2
[DP-fwdX] L=48 states=40 -> 48
[DP-bwdX] L=80 states=1 -> 2
[DP-bwdX] L=64 states=207 -> 251
[DP-fwdX] L=48 states=40 -> 48
[DP-bwdX] L=48 states=4 -> 7
[DP-bwdX] L=48 states=4 -> 7
[DP-fwdX] L=48 states=1 -> 2
[DP-fwdX] L=64 states=4 -> 5
[DP-bwdX] L=80 states=1 -> 2
[DP-fwdX] L=64 states=4 -> 5
[DP-bwdX] L=64 states=3 -> 7
[DP-bwdX] L=64 states=3 -> 7
[DP-bwdX] L=80 states=1 -> 2
[DP-bwdX] L=80 states=1 -> 2
[DP-bwdX] L=80 states=1 -> 2
  [Round 50] T_prime=13  T_target=12  HPWL_w=778896  HPWL_eq=683  maxL=17  WNS(T')=-4  WNS*(T)=-5  picked=10  solve_ms=42.6967
[OC-Shortest/pow2] m=9 h=9 SEG=4 bits=36 words=1 threads=24
[DP-fwdX] L=0 states=1 -> 1
[DP-fwdX] L=16 states=171 -> 207
[DP-fwdX] L=32 states=1292 -> 1368
[DP-bwdX] L=80 states=1 -> 2
[DP-bwdX] L=64 states=207 -> 251
[DP-bwdX] L=48 states=1368 -> 1437
[DP-fwdX] L=0 states=1 -> 1
[DP-fwdX] L=16 states=171 -> 207
[DP-bwdX] L=32 states=41 -> 50
[DP-fwdX] L=0 states=1 -> 1
[DP-bwdX] L=16 states=7 -> 8
[DP-fwdX] L=0 states=1 -> 1
[DP-fwdX] L=0 states=1 -> 1
[DP-fwdX] L=0 states=1 -> 1
[DP-bwdX] L=16 states=7 -> 8
[DP-fwdX] L=16 states=3 -> 5
[DP-bwdX] L=32 states=41 -> 50
[DP-fwdX] L=32 states=4 -> 7
[DP-bwdX] L=32 states=1 -> 2
[DP-fwdX] L=32 states=1 -> 2
[DP-fwdX] L=48 states=40 -> 48
[DP-bwdX] L=80 states=1 -> 2
[DP-bwdX] L=64 states=207 -> 251
[DP-fwdX] L=48 states=40 -> 48
[DP-bwdX] L=48 states=6 -> 11
[DP-bwdX] L=48 states=6 -> 11
[DP-fwdX] L=48 states=1 -> 2
[DP-fwdX] L=64 states=7 -> 10
[DP-bwdX] L=80 states=1 -> 2
[DP-fwdX] L=64 states=7 -> 10
[DP-bwdX] L=64 states=2 -> 5
[DP-bwdX] L=64 states=2 -> 5
[DP-bwdX] L=80 states=1 -> 2
[DP-bwdX] L=80 states=1 -> 2
[DP-bwdX] L=80 states=1 -> 2
  [Round 51] T_prime=13  T_target=12  HPWL_w=783566  HPWL_eq=687  maxL=33  WNS(T')=-20  WNS*(T)=-21  picked=10  solve_ms=43.1922
[OC-Shortest/pow2] m=9 h=9 SEG=4 bits=36 words=1 threads=24
[DP-fwdX] L=0 states=1 -> 1
[DP-fwdX] L=16 states=171 -> 207
[DP-fwdX] L=32 states=1292 -> 1368
[DP-bwdX] L=80 states=1 -> 2
[DP-bwdX] L=64 states=207 -> 251
[DP-bwdX] L=48 states=1368 -> 1437
[DP-fwdX] L=0 states=1 -> 1
[DP-fwdX] L=16 states=171 -> 207
[DP-bwdX] L=32 states=41 -> 50
[DP-fwdX] L=0 states=1 -> 1
[DP-bwdX] L=16 states=7 -> 8
[DP-fwdX] L=0 states=1 -> 1
[DP-fwdX] L=0 states=1 -> 1
[DP-fwdX] L=0 states=1 -> 1
[DP-bwdX] L=16 states=7 -> 8
[DP-fwdX] L=16 states=3 -> 5
[DP-bwdX] L=32 states=41 -> 50
[DP-fwdX] L=32 states=4 -> 7
[DP-bwdX] L=32 states=1 -> 2
[DP-fwdX] L=32 states=1 -> 2
[DP-fwdX] L=48 states=40 -> 48
[DP-bwdX] L=80 states=1 -> 2
[DP-bwdX] L=64 states=207 -> 251
[DP-fwdX] L=48 states=40 -> 48
[DP-bwdX] L=48 states=4 -> 7
[DP-bwdX] L=48 states=4 -> 7
[DP-fwdX] L=48 states=1 -> 2
[DP-fwdX] L=64 states=8 -> 10
[DP-bwdX] L=80 states=1 -> 2
[DP-fwdX] L=64 states=8 -> 10
[DP-bwdX] L=64 states=2 -> 4
[DP-bwdX] L=64 states=2 -> 4
[DP-bwdX] L=80 states=1 -> 2
[DP-bwdX] L=80 states=1 -> 2
[DP-bwdX] L=80 states=1 -> 2
  [Round 52] T_prime=13  T_target=12  HPWL_w=786184  HPWL_eq=684  maxL=15  WNS(T')=-2  WNS*(T)=-3  picked=8  solve_ms=41.7717
[OC-Shortest/pow2] m=9 h=9 SEG=4 bits=36 words=1 threads=24
[DP-fwdX] L=0 states=1 -> 1
[DP-fwdX] L=16 states=171 -> 207
[DP-fwdX] L=32 states=1292 -> 1368
[DP-bwdX] L=80 states=1 -> 2
[DP-bwdX] L=64 states=207 -> 251
[DP-bwdX] L=48 states=1368 -> 1437
[DP-fwdX] L=0 states=1 -> 1
[DP-fwdX] L=16 states=171 -> 207
[DP-bwdX] L=32 states=41 -> 50
[DP-fwdX] L=0 states=1 -> 1
[DP-bwdX] L=16 states=5 -> 6
[DP-fwdX] L=0 states=1 -> 1
[DP-fwdX] L=0 states=1 -> 1
[DP-fwdX] L=0 states=1 -> 1
[DP-bwdX] L=16 states=5 -> 6
[DP-fwdX] L=16 states=2 -> 5
[DP-bwdX] L=32 states=41 -> 50
[DP-fwdX] L=32 states=5 -> 9
[DP-bwdX] L=32 states=1 -> 3
[DP-fwdX] L=32 states=1 -> 3
[DP-fwdX] L=48 states=40 -> 48
[DP-bwdX] L=80 states=1 -> 2
[DP-bwdX] L=64 states=207 -> 251
[DP-fwdX] L=48 states=40 -> 48
[DP-bwdX] L=48 states=6 -> 11
[DP-bwdX] L=48 states=6 -> 11
[DP-fwdX] L=48 states=1 -> 2
[DP-fwdX] L=64 states=7 -> 10
[DP-bwdX] L=80 states=1 -> 2
[DP-fwdX] L=64 states=7 -> 10
[DP-bwdX] L=64 states=3 -> 7
[DP-bwdX] L=64 states=3 -> 7
[DP-bwdX] L=80 states=1 -> 2
[DP-bwdX] L=80 states=1 -> 2
[DP-bwdX] L=80 states=1 -> 2
  [Round 53] T_prime=13  T_target=12  HPWL_w=789809  HPWL_eq=697  maxL=21  WNS(T')=-8  WNS*(T)=-9  picked=12  solve_ms=43.0233
[OC-Shortest/pow2] m=9 h=9 SEG=4 bits=36 words=1 threads=24
[DP-fwdX] L=0 states=1 -> 1
[DP-fwdX] L=16 states=171 -> 207
[DP-fwdX] L=32 states=1292 -> 1368
[DP-bwdX] L=80 states=1 -> 2
[DP-bwdX] L=64 states=207 -> 251
[DP-bwdX] L=48 states=1368 -> 1437
[DP-fwdX] L=0 states=1 -> 1
[DP-fwdX] L=16 states=171 -> 207
[DP-bwdX] L=32 states=41 -> 50
[DP-fwdX] L=0 states=1 -> 1
[DP-bwdX] L=16 states=5 -> 6
[DP-fwdX] L=0 states=1 -> 1
[DP-fwdX] L=0 states=1 -> 1
[DP-fwdX] L=0 states=1 -> 1
[DP-bwdX] L=16 states=5 -> 6
[DP-fwdX] L=16 states=2 -> 5
[DP-bwdX] L=32 states=41 -> 50
[DP-fwdX] L=32 states=5 -> 9
[DP-bwdX] L=32 states=1 -> 3
[DP-fwdX] L=32 states=1 -> 3
[DP-fwdX] L=48 states=40 -> 48
[DP-bwdX] L=80 states=1 -> 2
[DP-bwdX] L=64 states=207 -> 251
[DP-fwdX] L=48 states=40 -> 48
[DP-bwdX] L=48 states=4 -> 7
[DP-bwdX] L=48 states=4 -> 7
[DP-fwdX] L=48 states=1 -> 2
[DP-fwdX] L=64 states=8 -> 10
[DP-bwdX] L=80 states=1 -> 2
[DP-fwdX] L=64 states=8 -> 10
[DP-bwdX] L=64 states=2 -> 4
[DP-bwdX] L=64 states=2 -> 4
[DP-bwdX] L=80 states=1 -> 2
[DP-bwdX] L=80 states=1 -> 2
[DP-bwdX] L=80 states=1 -> 2
  [Round 54] T_prime=13  T_target=12  HPWL_w=791780  HPWL_eq=686  maxL=21  WNS(T')=-8  WNS*(T)=-9  picked=10  solve_ms=42.3894
[OC-Shortest/pow2] m=9 h=9 SEG=4 bits=36 words=1 threads=24
[DP-fwdX] L=0 states=1 -> 1
[DP-fwdX] L=16 states=171 -> 207
[DP-fwdX] L=32 states=1292 -> 1368
[DP-bwdX] L=80 states=1 -> 2
[DP-bwdX] L=64 states=207 -> 251
[DP-bwdX] L=48 states=1368 -> 1437
[DP-fwdX] L=0 states=1 -> 1
[DP-fwdX] L=16 states=171 -> 207
[DP-bwdX] L=32 states=41 -> 50
[DP-fwdX] L=0 states=1 -> 1
[DP-bwdX] L=16 states=5 -> 7
[DP-fwdX] L=0 states=1 -> 1
[DP-fwdX] L=0 states=1 -> 1
[DP-fwdX] L=0 states=1 -> 1
[DP-bwdX] L=16 states=5 -> 7
[DP-fwdX] L=16 states=2 -> 5
[DP-bwdX] L=32 states=41 -> 50
[DP-fwdX] L=32 states=4 -> 7
[DP-bwdX] L=32 states=1 -> 2
[DP-fwdX] L=32 states=1 -> 2
[DP-fwdX] L=48 states=40 -> 48
[DP-bwdX] L=80 states=1 -> 2
[DP-bwdX] L=64 states=207 -> 251
[DP-fwdX] L=48 states=40 -> 48
[DP-bwdX] L=48 states=4 -> 7
[DP-bwdX] L=48 states=4 -> 7
[DP-fwdX] L=48 states=1 -> 2
[DP-fwdX] L=64 states=4 -> 5
[DP-bwdX] L=80 states=1 -> 2
[DP-fwdX] L=64 states=4 -> 5
[DP-bwdX] L=64 states=3 -> 7
[DP-bwdX] L=64 states=3 -> 7
[DP-bwdX] L=80 states=1 -> 2
[DP-bwdX] L=80 states=1 -> 2
[DP-bwdX] L=80 states=1 -> 2
  [Round 55] T_prime=13  T_target=12  HPWL_w=796817  HPWL_eq=681  maxL=17  WNS(T')=-4  WNS*(T)=-5  picked=12  solve_ms=42.5208
[OC-Shortest/pow2] m=9 h=9 SEG=4 bits=36 words=1 threads=24
[DP-fwdX] L=0 states=1 -> 1
[DP-fwdX] L=16 states=171 -> 207
[DP-fwdX] L=32 states=1292 -> 1368
[DP-bwdX] L=80 states=1 -> 2
[DP-bwdX] L=64 states=207 -> 251
[DP-bwdX] L=48 states=1368 -> 1437
[DP-fwdX] L=0 states=1 -> 1
[DP-fwdX] L=16 states=171 -> 207
[DP-bwdX] L=32 states=41 -> 50
[DP-fwdX] L=0 states=1 -> 1
[DP-bwdX] L=16 states=5 -> 7
[DP-fwdX] L=0 states=1 -> 1
[DP-fwdX] L=0 states=1 -> 1
[DP-fwdX] L=0 states=1 -> 1
[DP-bwdX] L=16 states=5 -> 7
[DP-fwdX] L=16 states=2 -> 5
[DP-bwdX] L=32 states=41 -> 50
[DP-fwdX] L=32 states=4 -> 7
[DP-bwdX] L=32 states=1 -> 2
[DP-fwdX] L=32 states=1 -> 2
[DP-fwdX] L=48 states=40 -> 48
[DP-bwdX] L=80 states=1 -> 2
[DP-bwdX] L=64 states=207 -> 251
[DP-fwdX] L=48 states=40 -> 48
[DP-bwdX] L=48 states=4 -> 7
[DP-bwdX] L=48 states=4 -> 7
[DP-fwdX] L=48 states=1 -> 2
[DP-fwdX] L=64 states=4 -> 5
[DP-bwdX] L=80 states=1 -> 2
[DP-fwdX] L=64 states=4 -> 5
[DP-bwdX] L=64 states=3 -> 7
[DP-bwdX] L=64 states=3 -> 7
[DP-bwdX] L=80 states=1 -> 2
[DP-bwdX] L=80 states=1 -> 2
[DP-bwdX] L=80 states=1 -> 2
  [Round 56] T_prime=13  T_target=12  HPWL_w=798059  HPWL_eq=683  maxL=17  WNS(T')=-4  WNS*(T)=-5  picked=12  solve_ms=42.3237
[OC-Shortest/pow2] m=9 h=9 SEG=4 bits=36 words=1 threads=24
[DP-fwdX] L=0 states=1 -> 1
[DP-fwdX] L=16 states=171 -> 207
[DP-fwdX] L=32 states=1292 -> 1368
[DP-bwdX] L=80 states=1 -> 2
[DP-bwdX] L=64 states=207 -> 251
[DP-bwdX] L=48 states=1368 -> 1437
[DP-fwdX] L=0 states=1 -> 1
[DP-fwdX] L=16 states=171 -> 207
[DP-bwdX] L=32 states=41 -> 50
[DP-fwdX] L=0 states=1 -> 1
[DP-bwdX] L=16 states=7 -> 8
[DP-fwdX] L=0 states=1 -> 1
[DP-fwdX] L=0 states=1 -> 1
[DP-fwdX] L=0 states=1 -> 1
[DP-bwdX] L=16 states=7 -> 8
[DP-fwdX] L=16 states=3 -> 5
[DP-bwdX] L=32 states=41 -> 50
[DP-fwdX] L=32 states=4 -> 7
[DP-bwdX] L=32 states=1 -> 2
[DP-fwdX] L=32 states=1 -> 2
[DP-fwdX] L=48 states=40 -> 48
[DP-bwdX] L=80 states=1 -> 2
[DP-bwdX] L=64 states=207 -> 251
[DP-fwdX] L=48 states=40 -> 48
[DP-bwdX] L=48 states=4 -> 7
[DP-bwdX] L=48 states=4 -> 7
[DP-fwdX] L=48 states=1 -> 2
[DP-fwdX] L=64 states=8 -> 10
[DP-bwdX] L=80 states=1 -> 2
[DP-fwdX] L=64 states=8 -> 10
[DP-bwdX] L=64 states=2 -> 4
[DP-bwdX] L=64 states=2 -> 4
[DP-bwdX] L=80 states=1 -> 2
[DP-bwdX] L=80 states=1 -> 2
[DP-bwdX] L=80 states=1 -> 2
  [Round 57] T_prime=13  T_target=12  HPWL_w=804004  HPWL_eq=692  maxL=13  WNS(T')=0  WNS*(T)=-1  picked=0  solve_ms=41.7649
    [Tighten] T_prime: 13 -> 12 (sigma*maxL=11, shrink=12)  | cold-start: reset inertia
[OC-Shortest/pow2] m=9 h=9 SEG=4 bits=36 words=1 threads=24
[DP-fwdX] L=0 states=1 -> 1
[DP-fwdX] L=16 states=171 -> 207
[DP-fwdX] L=32 states=1292 -> 1368
[DP-bwdX] L=80 states=1 -> 2
[DP-bwdX] L=64 states=207 -> 251
[DP-bwdX] L=48 states=1368 -> 1437
[DP-fwdX] L=0 states=1 -> 1
[DP-fwdX] L=16 states=171 -> 207
[DP-bwdX] L=32 states=41 -> 50
[DP-fwdX] L=0 states=1 -> 1
[DP-bwdX] L=16 states=7 -> 8
[DP-fwdX] L=0 states=1 -> 1
[DP-fwdX] L=0 states=1 -> 1
[DP-fwdX] L=0 states=1 -> 1
[DP-bwdX] L=16 states=7 -> 8
[DP-fwdX] L=16 states=3 -> 5
[DP-bwdX] L=32 states=41 -> 50
[DP-fwdX] L=32 states=4 -> 7
[DP-bwdX] L=32 states=1 -> 2
[DP-fwdX] L=32 states=1 -> 2
[DP-fwdX] L=48 states=40 -> 48
[DP-bwdX] L=80 states=1 -> 2
[DP-bwdX] L=64 states=207 -> 251
[DP-fwdX] L=48 states=40 -> 48
[DP-bwdX] L=48 states=4 -> 7
[DP-bwdX] L=48 states=4 -> 7
[DP-fwdX] L=48 states=1 -> 2
[DP-fwdX] L=64 states=8 -> 10
[DP-bwdX] L=80 states=1 -> 2
[DP-fwdX] L=64 states=8 -> 10
[DP-bwdX] L=64 states=2 -> 4
[DP-bwdX] L=64 states=2 -> 4
[DP-bwdX] L=80 states=1 -> 2
[DP-bwdX] L=80 states=1 -> 2
[DP-bwdX] L=80 states=1 -> 2
  [Round 58] T_prime=12  T_target=12  HPWL_w=804004  HPWL_eq=692  maxL=13  WNS(T')=-1  WNS*(T)=-1  picked=10  solve_ms=41.7508
[OC-Shortest/pow2] m=9 h=9 SEG=4 bits=36 words=1 threads=24
[DP-fwdX] L=0 states=1 -> 1
[DP-fwdX] L=16 states=171 -> 207
[DP-fwdX] L=32 states=1292 -> 1368
[DP-bwdX] L=80 states=1 -> 2
[DP-bwdX] L=64 states=207 -> 251
[DP-bwdX] L=48 states=1368 -> 1437
[DP-fwdX] L=0 states=1 -> 1
[DP-fwdX] L=16 states=171 -> 207
[DP-bwdX] L=32 states=41 -> 50
[DP-fwdX] L=0 states=1 -> 1
[DP-bwdX] L=16 states=7 -> 8
[DP-fwdX] L=0 states=1 -> 1
[DP-fwdX] L=0 states=1 -> 1
[DP-fwdX] L=0 states=1 -> 1
[DP-bwdX] L=16 states=7 -> 8
[DP-fwdX] L=16 states=3 -> 5
[DP-bwdX] L=32 states=41 -> 50
[DP-fwdX] L=32 states=4 -> 7
[DP-bwdX] L=32 states=1 -> 2
[DP-fwdX] L=32 states=1 -> 2
[DP-fwdX] L=48 states=40 -> 48
[DP-bwdX] L=80 states=1 -> 2
[DP-bwdX] L=64 states=207 -> 251
[DP-fwdX] L=48 states=40 -> 48
[DP-bwdX] L=48 states=4 -> 7
[DP-bwdX] L=48 states=4 -> 7
[DP-fwdX] L=48 states=1 -> 2
[DP-fwdX] L=64 states=8 -> 10
[DP-bwdX] L=80 states=1 -> 2
[DP-fwdX] L=64 states=8 -> 10
[DP-bwdX] L=64 states=2 -> 4
[DP-bwdX] L=64 states=2 -> 4
[DP-bwdX] L=80 states=1 -> 2
[DP-bwdX] L=80 states=1 -> 2
[DP-bwdX] L=80 states=1 -> 2
  [Round 59] T_prime=12  T_target=12  HPWL_w=804585  HPWL_eq=689  maxL=14  WNS(T')=-2  WNS*(T)=-2  picked=10  solve_ms=41.6574
[OC-Shortest/pow2] m=9 h=9 SEG=4 bits=36 words=1 threads=24
[DP-fwdX] L=0 states=1 -> 1
[DP-fwdX] L=16 states=171 -> 207
[DP-fwdX] L=32 states=1292 -> 1368
[DP-bwdX] L=80 states=1 -> 2
[DP-bwdX] L=64 states=207 -> 251
[DP-bwdX] L=48 states=1368 -> 1437
[DP-fwdX] L=0 states=1 -> 1
[DP-fwdX] L=16 states=171 -> 207
[DP-bwdX] L=32 states=41 -> 50
[DP-fwdX] L=0 states=1 -> 1
[DP-bwdX] L=16 states=7 -> 8
[DP-fwdX] L=0 states=1 -> 1
[DP-fwdX] L=0 states=1 -> 1
[DP-fwdX] L=0 states=1 -> 1
[DP-bwdX] L=16 states=7 -> 8
[DP-fwdX] L=16 states=3 -> 5
[DP-bwdX] L=32 states=41 -> 50
[DP-fwdX] L=32 states=4 -> 7
[DP-bwdX] L=32 states=1 -> 2
[DP-fwdX] L=32 states=1 -> 2
[DP-fwdX] L=48 states=40 -> 48
[DP-bwdX] L=80 states=1 -> 2
[DP-bwdX] L=64 states=207 -> 251
[DP-fwdX] L=48 states=40 -> 48
[DP-bwdX] L=48 states=4 -> 7
[DP-bwdX] L=48 states=4 -> 7
[DP-fwdX] L=48 states=1 -> 2
[DP-fwdX] L=64 states=8 -> 10
[DP-bwdX] L=80 states=1 -> 2
[DP-fwdX] L=64 states=8 -> 10
[DP-bwdX] L=64 states=2 -> 4
[DP-bwdX] L=64 states=2 -> 4
[DP-bwdX] L=80 states=1 -> 2
[DP-bwdX] L=80 states=1 -> 2
[DP-bwdX] L=80 states=1 -> 2
  [Round 60] T_prime=12  T_target=12  HPWL_w=805240  HPWL_eq=692  maxL=13  WNS(T')=-1  WNS*(T)=-1  picked=10  solve_ms=41.7381
[OC-Shortest/pow2] m=9 h=9 SEG=4 bits=36 words=1 threads=24
[DP-fwdX] L=0 states=1 -> 1
[DP-fwdX] L=16 states=171 -> 207
[DP-fwdX] L=32 states=1292 -> 1368
[DP-bwdX] L=80 states=1 -> 2
[DP-bwdX] L=64 states=207 -> 251
[DP-bwdX] L=48 states=1368 -> 1437
[DP-fwdX] L=0 states=1 -> 1
[DP-fwdX] L=16 states=171 -> 207
[DP-bwdX] L=32 states=41 -> 50
[DP-fwdX] L=0 states=1 -> 1
[DP-bwdX] L=16 states=7 -> 8
[DP-fwdX] L=0 states=1 -> 1
[DP-fwdX] L=0 states=1 -> 1
[DP-fwdX] L=0 states=1 -> 1
[DP-bwdX] L=16 states=7 -> 8
[DP-fwdX] L=16 states=3 -> 5
[DP-bwdX] L=32 states=41 -> 50
[DP-fwdX] L=32 states=4 -> 7
[DP-bwdX] L=32 states=1 -> 2
[DP-fwdX] L=32 states=1 -> 2
[DP-fwdX] L=48 states=40 -> 48
[DP-bwdX] L=80 states=1 -> 2
[DP-bwdX] L=64 states=207 -> 251
[DP-fwdX] L=48 states=40 -> 48
[DP-bwdX] L=48 states=4 -> 7
[DP-bwdX] L=48 states=4 -> 7
[DP-fwdX] L=48 states=1 -> 2
[DP-fwdX] L=64 states=8 -> 10
[DP-bwdX] L=80 states=1 -> 2
[DP-fwdX] L=64 states=8 -> 10
[DP-bwdX] L=64 states=2 -> 4
[DP-bwdX] L=64 states=2 -> 4
[DP-bwdX] L=80 states=1 -> 2
[DP-bwdX] L=80 states=1 -> 2
[DP-bwdX] L=80 states=1 -> 2
  [Round 61] T_prime=12  T_target=12  HPWL_w=806342  HPWL_eq=692  maxL=13  WNS(T')=-1  WNS*(T)=-1  picked=10  solve_ms=41.791
[OC-Shortest/pow2] m=9 h=9 SEG=4 bits=36 words=1 threads=24
[DP-fwdX] L=0 states=1 -> 1
[DP-fwdX] L=16 states=171 -> 207
[DP-fwdX] L=32 states=1292 -> 1368
[DP-bwdX] L=80 states=1 -> 2
[DP-bwdX] L=64 states=207 -> 251
[DP-bwdX] L=48 states=1368 -> 1437
[DP-fwdX] L=0 states=1 -> 1
[DP-fwdX] L=16 states=171 -> 207
[DP-bwdX] L=32 states=41 -> 50
[DP-fwdX] L=0 states=1 -> 1
[DP-bwdX] L=16 states=7 -> 8
[DP-fwdX] L=0 states=1 -> 1
[DP-fwdX] L=0 states=1 -> 1
[DP-fwdX] L=0 states=1 -> 1
[DP-bwdX] L=16 states=7 -> 8
[DP-fwdX] L=16 states=3 -> 5
[DP-bwdX] L=32 states=41 -> 50
[DP-fwdX] L=32 states=4 -> 7
[DP-bwdX] L=32 states=1 -> 2
[DP-fwdX] L=32 states=1 -> 2
[DP-fwdX] L=48 states=40 -> 48
[DP-bwdX] L=80 states=1 -> 2
[DP-bwdX] L=64 states=207 -> 251
[DP-fwdX] L=48 states=40 -> 48
[DP-bwdX] L=48 states=4 -> 7
[DP-bwdX] L=48 states=4 -> 7
[DP-fwdX] L=48 states=1 -> 2
[DP-fwdX] L=64 states=8 -> 10
[DP-bwdX] L=80 states=1 -> 2
[DP-fwdX] L=64 states=8 -> 10
[DP-bwdX] L=64 states=2 -> 4
[DP-bwdX] L=64 states=2 -> 4
[DP-bwdX] L=80 states=1 -> 2
[DP-bwdX] L=80 states=1 -> 2
[DP-bwdX] L=80 states=1 -> 2
  [Round 62] T_prime=12  T_target=12  HPWL_w=807477  HPWL_eq=692  maxL=13  WNS(T')=-1  WNS*(T)=-1  picked=10  solve_ms=41.8707
[OC-Shortest/pow2] m=9 h=9 SEG=4 bits=36 words=1 threads=24
[DP-fwdX] L=0 states=1 -> 1
[DP-fwdX] L=16 states=171 -> 207
[DP-fwdX] L=32 states=1292 -> 1368
[DP-bwdX] L=80 states=1 -> 2
[DP-bwdX] L=64 states=207 -> 251
[DP-bwdX] L=48 states=1368 -> 1437
[DP-fwdX] L=0 states=1 -> 1
[DP-fwdX] L=16 states=171 -> 207
[DP-bwdX] L=32 states=41 -> 50
[DP-fwdX] L=0 states=1 -> 1
[DP-bwdX] L=16 states=7 -> 8
[DP-fwdX] L=0 states=1 -> 1
[DP-fwdX] L=0 states=1 -> 1
[DP-fwdX] L=0 states=1 -> 1
[DP-bwdX] L=16 states=7 -> 8
[DP-fwdX] L=16 states=3 -> 5
[DP-bwdX] L=32 states=41 -> 50
[DP-fwdX] L=32 states=4 -> 7
[DP-bwdX] L=32 states=1 -> 2
[DP-fwdX] L=32 states=1 -> 2
[DP-fwdX] L=48 states=40 -> 48
[DP-bwdX] L=80 states=1 -> 2
[DP-bwdX] L=64 states=207 -> 251
[DP-fwdX] L=48 states=40 -> 48
[DP-bwdX] L=48 states=4 -> 7
[DP-bwdX] L=48 states=4 -> 7
[DP-fwdX] L=48 states=1 -> 2
[DP-fwdX] L=64 states=8 -> 10
[DP-bwdX] L=80 states=1 -> 2
[DP-fwdX] L=64 states=8 -> 10
[DP-bwdX] L=64 states=2 -> 4
[DP-bwdX] L=64 states=2 -> 4
[DP-bwdX] L=80 states=1 -> 2
[DP-bwdX] L=80 states=1 -> 2
[DP-bwdX] L=80 states=1 -> 2
  [Round 63] T_prime=12  T_target=12  HPWL_w=808938  HPWL_eq=692  maxL=13  WNS(T')=-1  WNS*(T)=-1  picked=10  solve_ms=41.4199
[OC-Shortest/pow2] m=9 h=9 SEG=4 bits=36 words=1 threads=24
[DP-fwdX] L=0 states=1 -> 1
[DP-fwdX] L=16 states=171 -> 207
[DP-fwdX] L=32 states=1292 -> 1368
[DP-bwdX] L=80 states=1 -> 2
[DP-bwdX] L=64 states=207 -> 251
[DP-bwdX] L=48 states=1368 -> 1437
[DP-fwdX] L=0 states=1 -> 1
[DP-fwdX] L=16 states=171 -> 207
[DP-bwdX] L=32 states=41 -> 50
[DP-fwdX] L=0 states=1 -> 1
[DP-bwdX] L=16 states=5 -> 7
[DP-fwdX] L=0 states=1 -> 1
[DP-fwdX] L=0 states=1 -> 1
[DP-fwdX] L=0 states=1 -> 1
[DP-bwdX] L=16 states=5 -> 7
[DP-fwdX] L=16 states=2 -> 5
[DP-bwdX] L=32 states=41 -> 50
[DP-fwdX] L=32 states=4 -> 7
[DP-bwdX] L=32 states=1 -> 2
[DP-fwdX] L=32 states=1 -> 2
[DP-fwdX] L=48 states=40 -> 48
[DP-bwdX] L=80 states=1 -> 2
[DP-bwdX] L=64 states=207 -> 251
[DP-fwdX] L=48 states=40 -> 48
[DP-bwdX] L=48 states=4 -> 7
[DP-bwdX] L=48 states=4 -> 7
[DP-fwdX] L=48 states=1 -> 2
[DP-fwdX] L=64 states=8 -> 10
[DP-bwdX] L=80 states=1 -> 2
[DP-fwdX] L=64 states=8 -> 10
[DP-bwdX] L=64 states=2 -> 4
[DP-bwdX] L=64 states=2 -> 4
[DP-bwdX] L=80 states=1 -> 2
[DP-bwdX] L=80 states=1 -> 2
[DP-bwdX] L=80 states=1 -> 2
  [Round 64] T_prime=12  T_target=12  HPWL_w=810436  HPWL_eq=689  maxL=17  WNS(T')=-5  WNS*(T)=-5  picked=12  solve_ms=42.2611
[OC-Shortest/pow2] m=9 h=9 SEG=4 bits=36 words=1 threads=24
[DP-fwdX] L=0 states=1 -> 1
[DP-fwdX] L=16 states=171 -> 207
[DP-fwdX] L=32 states=1292 -> 1368
[DP-bwdX] L=80 states=1 -> 2
[DP-bwdX] L=64 states=207 -> 251
[DP-bwdX] L=48 states=1368 -> 1437
[DP-fwdX] L=0 states=1 -> 1
[DP-fwdX] L=16 states=171 -> 207
[DP-bwdX] L=32 states=41 -> 50
[DP-fwdX] L=0 states=1 -> 1
[DP-bwdX] L=16 states=5 -> 7
[DP-fwdX] L=0 states=1 -> 1
[DP-fwdX] L=0 states=1 -> 1
[DP-fwdX] L=0 states=1 -> 1
[DP-bwdX] L=16 states=5 -> 7
[DP-fwdX] L=16 states=2 -> 5
[DP-bwdX] L=32 states=41 -> 50
[DP-fwdX] L=32 states=4 -> 7
[DP-bwdX] L=32 states=1 -> 2
[DP-fwdX] L=32 states=1 -> 2
[DP-fwdX] L=48 states=40 -> 48
[DP-bwdX] L=80 states=1 -> 2
[DP-bwdX] L=64 states=207 -> 251
[DP-fwdX] L=48 states=40 -> 48
[DP-bwdX] L=48 states=4 -> 7
[DP-bwdX] L=48 states=4 -> 7
[DP-fwdX] L=48 states=1 -> 2
[DP-fwdX] L=64 states=4 -> 5
[DP-bwdX] L=80 states=1 -> 2
[DP-fwdX] L=64 states=4 -> 5
[DP-bwdX] L=64 states=3 -> 7
[DP-bwdX] L=64 states=3 -> 7
[DP-bwdX] L=80 states=1 -> 2
[DP-bwdX] L=80 states=1 -> 2
[DP-bwdX] L=80 states=1 -> 2
  [Round 65] T_prime=12  T_target=12  HPWL_w=811536  HPWL_eq=686  maxL=17  WNS(T')=-5  WNS*(T)=-5  picked=13  solve_ms=42.2069
[OC-Shortest/pow2] m=9 h=9 SEG=4 bits=36 words=1 threads=24
[DP-fwdX] L=0 states=1 -> 1
[DP-fwdX] L=16 states=171 -> 207
[DP-fwdX] L=32 states=1292 -> 1368
[DP-bwdX] L=80 states=1 -> 2
[DP-bwdX] L=64 states=207 -> 251
[DP-bwdX] L=48 states=1368 -> 1437
[DP-fwdX] L=0 states=1 -> 1
[DP-fwdX] L=16 states=171 -> 207
[DP-bwdX] L=32 states=41 -> 50
[DP-fwdX] L=0 states=1 -> 1
[DP-bwdX] L=16 states=5 -> 6
[DP-fwdX] L=0 states=1 -> 1
[DP-fwdX] L=0 states=1 -> 1
[DP-fwdX] L=0 states=1 -> 1
[DP-bwdX] L=16 states=5 -> 6
[DP-fwdX] L=16 states=2 -> 5
[DP-bwdX] L=32 states=41 -> 50
[DP-fwdX] L=32 states=7 -> 12
[DP-bwdX] L=32 states=1 -> 2
[DP-fwdX] L=32 states=1 -> 2
[DP-fwdX] L=48 states=40 -> 48
[DP-bwdX] L=80 states=1 -> 2
[DP-bwdX] L=64 states=207 -> 251
[DP-fwdX] L=48 states=40 -> 48
[DP-bwdX] L=48 states=4 -> 7
[DP-bwdX] L=48 states=4 -> 7
[DP-fwdX] L=48 states=1 -> 2
[DP-fwdX] L=64 states=4 -> 5
[DP-bwdX] L=80 states=1 -> 2
[DP-fwdX] L=64 states=4 -> 5
[DP-bwdX] L=64 states=3 -> 7
[DP-bwdX] L=64 states=3 -> 7
[DP-bwdX] L=80 states=1 -> 2
[DP-bwdX] L=80 states=1 -> 2
[DP-bwdX] L=80 states=1 -> 2
  [Round 66] T_prime=12  T_target=12  HPWL_w=812984  HPWL_eq=693  maxL=21  WNS(T')=-9  WNS*(T)=-9  picked=14  solve_ms=42.2581
[OC-Shortest/pow2] m=9 h=9 SEG=4 bits=36 words=1 threads=24
[DP-fwdX] L=0 states=1 -> 1
[DP-fwdX] L=16 states=171 -> 207
[DP-fwdX] L=32 states=1292 -> 1368
[DP-bwdX] L=80 states=1 -> 2
[DP-bwdX] L=64 states=207 -> 251
[DP-bwdX] L=48 states=1368 -> 1437
[DP-fwdX] L=0 states=1 -> 1
[DP-fwdX] L=16 states=171 -> 207
[DP-bwdX] L=32 states=41 -> 50
[DP-fwdX] L=0 states=1 -> 1
[DP-bwdX] L=16 states=5 -> 6
[DP-fwdX] L=0 states=1 -> 1
[DP-fwdX] L=0 states=1 -> 1
[DP-fwdX] L=0 states=1 -> 1
[DP-bwdX] L=16 states=5 -> 6
[DP-fwdX] L=16 states=2 -> 5
[DP-bwdX] L=32 states=41 -> 50
[DP-fwdX] L=32 states=8 -> 15
[DP-bwdX] L=32 states=1 -> 3
[DP-fwdX] L=32 states=1 -> 3
[DP-fwdX] L=48 states=40 -> 48
[DP-bwdX] L=80 states=1 -> 2
[DP-bwdX] L=64 states=207 -> 251
[DP-fwdX] L=48 states=40 -> 48
[DP-bwdX] L=48 states=6 -> 11
[DP-bwdX] L=48 states=6 -> 11
[DP-fwdX] L=48 states=1 -> 2
[DP-fwdX] L=64 states=7 -> 10
[DP-bwdX] L=80 states=1 -> 2
[DP-fwdX] L=64 states=7 -> 10
[DP-bwdX] L=64 states=3 -> 7
[DP-bwdX] L=64 states=3 -> 7
[DP-bwdX] L=80 states=1 -> 2
[DP-bwdX] L=80 states=1 -> 2
[DP-bwdX] L=80 states=1 -> 2
  [Round 67] T_prime=12  T_target=12  HPWL_w=816259  HPWL_eq=700  maxL=21  WNS(T')=-9  WNS*(T)=-9  picked=14  solve_ms=43.8119
[OC-Shortest/pow2] m=9 h=9 SEG=4 bits=36 words=1 threads=24
[DP-fwdX] L=0 states=1 -> 1
[DP-fwdX] L=16 states=171 -> 207
[DP-fwdX] L=32 states=1292 -> 1368
[DP-bwdX] L=80 states=1 -> 2
[DP-bwdX] L=64 states=207 -> 251
[DP-bwdX] L=48 states=1368 -> 1437
[DP-fwdX] L=0 states=1 -> 1
[DP-fwdX] L=16 states=171 -> 207
[DP-bwdX] L=32 states=41 -> 50
[DP-fwdX] L=0 states=1 -> 1
[DP-bwdX] L=16 states=7 -> 8
[DP-fwdX] L=0 states=1 -> 1
[DP-fwdX] L=0 states=1 -> 1
[DP-fwdX] L=0 states=1 -> 1
[DP-bwdX] L=16 states=7 -> 8
[DP-fwdX] L=16 states=3 -> 5
[DP-bwdX] L=32 states=41 -> 50
[DP-fwdX] L=32 states=4 -> 7
[DP-bwdX] L=32 states=1 -> 2
[DP-fwdX] L=32 states=1 -> 2
[DP-fwdX] L=48 states=40 -> 48
[DP-bwdX] L=80 states=1 -> 2
[DP-bwdX] L=64 states=207 -> 251
[DP-fwdX] L=48 states=40 -> 48
[DP-bwdX] L=48 states=6 -> 11
[DP-bwdX] L=48 states=6 -> 11
[DP-fwdX] L=48 states=1 -> 2
[DP-fwdX] L=64 states=7 -> 10
[DP-bwdX] L=80 states=1 -> 2
[DP-fwdX] L=64 states=7 -> 10
[DP-bwdX] L=64 states=3 -> 7
[DP-bwdX] L=64 states=3 -> 7
[DP-bwdX] L=80 states=1 -> 2
[DP-bwdX] L=80 states=1 -> 2
[DP-bwdX] L=80 states=1 -> 2
  [Round 68] T_prime=12  T_target=12  HPWL_w=818296  HPWL_eq=696  maxL=21  WNS(T')=-9  WNS*(T)=-9  picked=12  solve_ms=42.0437
[OC-Shortest/pow2] m=9 h=9 SEG=4 bits=36 words=1 threads=24
[DP-fwdX] L=0 states=1 -> 1
[DP-fwdX] L=16 states=171 -> 207
[DP-fwdX] L=32 states=1292 -> 1368
[DP-bwdX] L=80 states=1 -> 2
[DP-bwdX] L=64 states=207 -> 251
[DP-bwdX] L=48 states=1368 -> 1437
[DP-fwdX] L=0 states=1 -> 1
[DP-fwdX] L=16 states=171 -> 207
[DP-bwdX] L=32 states=41 -> 50
[DP-fwdX] L=0 states=1 -> 1
[DP-bwdX] L=16 states=7 -> 8
[DP-fwdX] L=0 states=1 -> 1
[DP-fwdX] L=0 states=1 -> 1
[DP-fwdX] L=0 states=1 -> 1
[DP-bwdX] L=16 states=7 -> 8
[DP-fwdX] L=16 states=3 -> 5
[DP-bwdX] L=32 states=41 -> 50
[DP-fwdX] L=32 states=4 -> 7
[DP-bwdX] L=32 states=1 -> 2
[DP-fwdX] L=32 states=1 -> 2
[DP-fwdX] L=48 states=40 -> 48
[DP-bwdX] L=80 states=1 -> 2
[DP-bwdX] L=64 states=207 -> 251
[DP-fwdX] L=48 states=40 -> 48
[DP-bwdX] L=48 states=4 -> 7
[DP-bwdX] L=48 states=4 -> 7
[DP-fwdX] L=48 states=1 -> 2
[DP-fwdX] L=64 states=8 -> 10
[DP-bwdX] L=80 states=1 -> 2
[DP-fwdX] L=64 states=8 -> 10
[DP-bwdX] L=64 states=2 -> 4
[DP-bwdX] L=64 states=2 -> 4
[DP-bwdX] L=80 states=1 -> 2
[DP-bwdX] L=80 states=1 -> 2
[DP-bwdX] L=80 states=1 -> 2
  [Round 69] T_prime=12  T_target=12  HPWL_w=822145  HPWL_eq=692  maxL=13  WNS(T')=-1  WNS*(T)=-1  picked=10  solve_ms=41.3909
[OC-Shortest/pow2] m=9 h=9 SEG=4 bits=36 words=1 threads=24
[DP-fwdX] L=0 states=1 -> 1
[DP-fwdX] L=16 states=171 -> 207
[DP-fwdX] L=32 states=1292 -> 1368
[DP-bwdX] L=80 states=1 -> 2
[DP-bwdX] L=64 states=207 -> 251
[DP-bwdX] L=48 states=1368 -> 1437
[DP-fwdX] L=0 states=1 -> 1
[DP-fwdX] L=16 states=171 -> 207
[DP-bwdX] L=32 states=41 -> 50
[DP-fwdX] L=0 states=1 -> 1
[DP-bwdX] L=16 states=7 -> 8
[DP-fwdX] L=0 states=1 -> 1
[DP-fwdX] L=0 states=1 -> 1
[DP-fwdX] L=0 states=1 -> 1
[DP-bwdX] L=16 states=7 -> 8
[DP-fwdX] L=16 states=3 -> 5
[DP-bwdX] L=32 states=41 -> 50
[DP-fwdX] L=32 states=4 -> 7
[DP-bwdX] L=32 states=1 -> 2
[DP-fwdX] L=32 states=1 -> 2
[DP-fwdX] L=48 states=40 -> 48
[DP-bwdX] L=80 states=1 -> 2
[DP-bwdX] L=64 states=207 -> 251
[DP-fwdX] L=48 states=40 -> 48
[DP-bwdX] L=48 states=4 -> 7
[DP-bwdX] L=48 states=4 -> 7
[DP-fwdX] L=48 states=1 -> 2
[DP-fwdX] L=64 states=8 -> 10
[DP-bwdX] L=80 states=1 -> 2
[DP-fwdX] L=64 states=8 -> 10
[DP-bwdX] L=64 states=2 -> 4
[DP-bwdX] L=64 states=2 -> 4
[DP-bwdX] L=80 states=1 -> 2
[DP-bwdX] L=80 states=1 -> 2
[DP-bwdX] L=80 states=1 -> 2
  [Round 70] T_prime=12  T_target=12  HPWL_w=823388  HPWL_eq=692  maxL=13  WNS(T')=-1  WNS*(T)=-1  picked=10  solve_ms=41.2085
[OC-Shortest/pow2] m=9 h=9 SEG=4 bits=36 words=1 threads=24
[DP-fwdX] L=0 states=1 -> 1
[DP-fwdX] L=16 states=171 -> 207
[DP-fwdX] L=32 states=1292 -> 1368
[DP-bwdX] L=80 states=1 -> 2
[DP-bwdX] L=64 states=207 -> 251
[DP-bwdX] L=48 states=1368 -> 1437
[DP-fwdX] L=0 states=1 -> 1
[DP-fwdX] L=16 states=171 -> 207
[DP-bwdX] L=32 states=41 -> 50
[DP-fwdX] L=0 states=1 -> 1
[DP-bwdX] L=16 states=5 -> 7
[DP-fwdX] L=0 states=1 -> 1
[DP-fwdX] L=0 states=1 -> 1
[DP-fwdX] L=0 states=1 -> 1
[DP-bwdX] L=16 states=5 -> 7
[DP-fwdX] L=16 states=2 -> 5
[DP-bwdX] L=32 states=41 -> 50
[DP-fwdX] L=32 states=4 -> 7
[DP-bwdX] L=32 states=1 -> 2
[DP-fwdX] L=32 states=1 -> 2
[DP-fwdX] L=48 states=40 -> 48
[DP-bwdX] L=80 states=1 -> 2
[DP-bwdX] L=64 states=207 -> 251
[DP-fwdX] L=48 states=40 -> 48
[DP-bwdX] L=48 states=4 -> 7
[DP-bwdX] L=48 states=4 -> 7
[DP-fwdX] L=48 states=1 -> 2
[DP-fwdX] L=64 states=8 -> 10
[DP-bwdX] L=80 states=1 -> 2
[DP-fwdX] L=64 states=8 -> 10
[DP-bwdX] L=64 states=2 -> 4
[DP-bwdX] L=64 states=2 -> 4
[DP-bwdX] L=80 states=1 -> 2
[DP-bwdX] L=80 states=1 -> 2
[DP-bwdX] L=80 states=1 -> 2
  [Round 71] T_prime=12  T_target=12  HPWL_w=825256  HPWL_eq=689  maxL=17  WNS(T')=-5  WNS*(T)=-5  picked=12  solve_ms=41.7536
[OC-Shortest/pow2] m=9 h=9 SEG=4 bits=36 words=1 threads=24
[DP-fwdX] L=0 states=1 -> 1
[DP-fwdX] L=16 states=171 -> 207
[DP-fwdX] L=32 states=1292 -> 1368
[DP-bwdX] L=80 states=1 -> 2
[DP-bwdX] L=64 states=207 -> 251
[DP-bwdX] L=48 states=1368 -> 1437
[DP-fwdX] L=0 states=1 -> 1
[DP-fwdX] L=16 states=171 -> 207
[DP-bwdX] L=32 states=41 -> 50
[DP-fwdX] L=0 states=1 -> 1
[DP-bwdX] L=16 states=5 -> 7
[DP-fwdX] L=0 states=1 -> 1
[DP-fwdX] L=0 states=1 -> 1
[DP-fwdX] L=0 states=1 -> 1
[DP-bwdX] L=16 states=5 -> 7
[DP-fwdX] L=16 states=2 -> 5
[DP-bwdX] L=32 states=41 -> 50
[DP-fwdX] L=32 states=4 -> 7
[DP-bwdX] L=32 states=1 -> 2
[DP-fwdX] L=32 states=1 -> 2
[DP-fwdX] L=48 states=40 -> 48
[DP-bwdX] L=80 states=1 -> 2
[DP-bwdX] L=64 states=207 -> 251
[DP-fwdX] L=48 states=40 -> 48
[DP-bwdX] L=48 states=4 -> 7
[DP-bwdX] L=48 states=4 -> 7
[DP-fwdX] L=48 states=1 -> 2
[DP-fwdX] L=64 states=4 -> 5
[DP-bwdX] L=80 states=1 -> 2
[DP-fwdX] L=64 states=4 -> 5
[DP-bwdX] L=64 states=3 -> 7
[DP-bwdX] L=64 states=3 -> 7
[DP-bwdX] L=80 states=1 -> 2
[DP-bwdX] L=80 states=1 -> 2
[DP-bwdX] L=80 states=1 -> 2
  [Round 72] T_prime=12  T_target=12  HPWL_w=826471  HPWL_eq=686  maxL=17  WNS(T')=-5  WNS*(T)=-5  picked=14  solve_ms=41.8996
[OC-Shortest/pow2] m=9 h=9 SEG=4 bits=36 words=1 threads=24
[DP-fwdX] L=0 states=1 -> 1
[DP-fwdX] L=16 states=171 -> 207
[DP-fwdX] L=32 states=1292 -> 1368
[DP-bwdX] L=80 states=1 -> 2
[DP-bwdX] L=64 states=207 -> 251
[DP-bwdX] L=48 states=1368 -> 1437
[DP-fwdX] L=0 states=1 -> 1
[DP-fwdX] L=16 states=171 -> 207
[DP-bwdX] L=32 states=41 -> 50
[DP-fwdX] L=0 states=1 -> 1
[DP-bwdX] L=16 states=7 -> 8
[DP-fwdX] L=0 states=1 -> 1
[DP-fwdX] L=0 states=1 -> 1
[DP-fwdX] L=0 states=1 -> 1
[DP-bwdX] L=16 states=7 -> 8
[DP-fwdX] L=16 states=3 -> 5
[DP-bwdX] L=32 states=41 -> 50
[DP-fwdX] L=32 states=4 -> 7
[DP-bwdX] L=32 states=1 -> 2
[DP-fwdX] L=32 states=1 -> 2
[DP-fwdX] L=48 states=40 -> 48
[DP-bwdX] L=80 states=1 -> 2
[DP-bwdX] L=64 states=207 -> 251
[DP-fwdX] L=48 states=40 -> 48
[DP-bwdX] L=48 states=4 -> 7
[DP-bwdX] L=48 states=4 -> 7
[DP-fwdX] L=48 states=1 -> 2
[DP-fwdX] L=64 states=4 -> 5
[DP-bwdX] L=80 states=1 -> 2
[DP-fwdX] L=64 states=4 -> 5
[DP-bwdX] L=64 states=3 -> 7
[DP-bwdX] L=64 states=3 -> 7
[DP-bwdX] L=80 states=1 -> 2
[DP-bwdX] L=80 states=1 -> 2
[DP-bwdX] L=80 states=1 -> 2
  [Round 73] T_prime=12  T_target=12  HPWL_w=829954  HPWL_eq=689  maxL=17  WNS(T')=-5  WNS*(T)=-5  picked=12  solve_ms=95.5955
[OC-Shortest/pow2] m=9 h=9 SEG=4 bits=36 words=1 threads=24
[DP-fwdX] L=0 states=1 -> 1
[DP-fwdX] L=16 states=171 -> 207
[DP-fwdX] L=32 states=1292 -> 1368
[DP-bwdX] L=80 states=1 -> 2
[DP-bwdX] L=64 states=207 -> 251
[DP-bwdX] L=48 states=1368 -> 1437
[DP-fwdX] L=0 states=1 -> 1
[DP-fwdX] L=16 states=171 -> 207
[DP-bwdX] L=32 states=41 -> 50
[DP-fwdX] L=0 states=1 -> 1
[DP-bwdX] L=16 states=5 -> 6
[DP-fwdX] L=0 states=1 -> 1
[DP-fwdX] L=0 states=1 -> 1
[DP-fwdX] L=0 states=1 -> 1
[DP-bwdX] L=16 states=5 -> 6
[DP-fwdX] L=16 states=2 -> 5
[DP-bwdX] L=32 states=41 -> 50
[DP-fwdX] L=32 states=7 -> 12
[DP-bwdX] L=32 states=1 -> 2
[DP-fwdX] L=32 states=1 -> 2
[DP-fwdX] L=48 states=40 -> 48
[DP-bwdX] L=80 states=1 -> 2
[DP-bwdX] L=64 states=207 -> 251
[DP-fwdX] L=48 states=40 -> 48
[DP-bwdX] L=48 states=4 -> 7
[DP-bwdX] L=48 states=4 -> 7
[DP-fwdX] L=48 states=1 -> 2
[DP-fwdX] L=64 states=8 -> 10
[DP-bwdX] L=80 states=1 -> 2
[DP-fwdX] L=64 states=8 -> 10
[DP-bwdX] L=64 states=2 -> 4
[DP-bwdX] L=64 states=2 -> 4
[DP-bwdX] L=80 states=1 -> 2
[DP-bwdX] L=80 states=1 -> 2
[DP-bwdX] L=80 states=1 -> 2
  [Round 74] T_prime=12  T_target=12  HPWL_w=832794  HPWL_eq=697  maxL=21  WNS(T')=-9  WNS*(T)=-9  picked=13  solve_ms=40.6639
[OC-Shortest/pow2] m=9 h=9 SEG=4 bits=36 words=1 threads=24
[DP-fwdX] L=0 states=1 -> 1
[DP-fwdX] L=16 states=171 -> 207
[DP-fwdX] L=32 states=1292 -> 1368
[DP-bwdX] L=80 states=1 -> 2
[DP-bwdX] L=64 states=207 -> 251
[DP-bwdX] L=48 states=1368 -> 1437
[DP-fwdX] L=0 states=1 -> 1
[DP-fwdX] L=16 states=171 -> 207
[DP-bwdX] L=32 states=41 -> 50
[DP-fwdX] L=0 states=1 -> 1
[DP-bwdX] L=16 states=7 -> 8
[DP-fwdX] L=0 states=1 -> 1
[DP-fwdX] L=0 states=1 -> 1
[DP-fwdX] L=0 states=1 -> 1
[DP-bwdX] L=16 states=7 -> 8
[DP-fwdX] L=16 states=3 -> 5
[DP-bwdX] L=32 states=41 -> 50
[DP-fwdX] L=32 states=4 -> 7
[DP-bwdX] L=32 states=1 -> 2
[DP-fwdX] L=32 states=1 -> 2
[DP-fwdX] L=48 states=40 -> 48
[DP-bwdX] L=80 states=1 -> 2
[DP-bwdX] L=64 states=207 -> 251
[DP-fwdX] L=48 states=40 -> 48
[DP-bwdX] L=48 states=4 -> 7
[DP-bwdX] L=48 states=4 -> 7
[DP-fwdX] L=48 states=1 -> 2
[DP-fwdX] L=64 states=8 -> 10
[DP-bwdX] L=80 states=1 -> 2
[DP-fwdX] L=64 states=8 -> 10
[DP-bwdX] L=64 states=2 -> 4
[DP-bwdX] L=64 states=2 -> 4
[DP-bwdX] L=80 states=1 -> 2
[DP-bwdX] L=80 states=1 -> 2
[DP-bwdX] L=80 states=1 -> 2
  [Round 75] T_prime=12  T_target=12  HPWL_w=835382  HPWL_eq=692  maxL=13  WNS(T')=-1  WNS*(T)=-1  picked=10  solve_ms=40.2263
[OC-Shortest/pow2] m=9 h=9 SEG=4 bits=36 words=1 threads=24
[DP-fwdX] L=0 states=1 -> 1
[DP-fwdX] L=16 states=171 -> 207
[DP-fwdX] L=32 states=1292 -> 1368
[DP-bwdX] L=80 states=1 -> 2
[DP-bwdX] L=64 states=207 -> 251
[DP-bwdX] L=48 states=1368 -> 1437
[DP-fwdX] L=0 states=1 -> 1
[DP-fwdX] L=16 states=171 -> 207
[DP-bwdX] L=32 states=48 -> 57
[DP-fwdX] L=0 states=1 -> 1
[DP-bwdX] L=16 states=5 -> 6
[DP-fwdX] L=0 states=1 -> 1
[DP-fwdX] L=0 states=1 -> 1
[DP-fwdX] L=0 states=1 -> 1
[DP-bwdX] L=16 states=5 -> 6
[DP-fwdX] L=16 states=2 -> 5
[DP-bwdX] L=32 states=48 -> 57
[DP-fwdX] L=32 states=10 -> 22
[DP-bwdX] L=32 states=1 -> 3
[DP-fwdX] L=32 states=1 -> 3
[DP-fwdX] L=48 states=68 -> 85
[DP-bwdX] L=80 states=1 -> 2
[DP-bwdX] L=64 states=207 -> 251
[DP-fwdX] L=48 states=68 -> 85
[DP-bwdX] L=48 states=6 -> 11
[DP-bwdX] L=48 states=6 -> 11
[DP-fwdX] L=48 states=1 -> 2
[DP-fwdX] L=64 states=7 -> 10
[DP-bwdX] L=80 states=1 -> 2
[DP-fwdX] L=64 states=7 -> 10
[DP-bwdX] L=64 states=3 -> 7
[DP-bwdX] L=64 states=3 -> 7
[DP-bwdX] L=80 states=1 -> 2
[DP-bwdX] L=80 states=1 -> 2
[DP-bwdX] L=80 states=1 -> 2
  [Round 76] T_prime=12  T_target=12  HPWL_w=837174  HPWL_eq=718  maxL=41  WNS(T')=-29  WNS*(T)=-29  picked=14  solve_ms=43.3698
[OC-Shortest/pow2] m=9 h=9 SEG=4 bits=36 words=1 threads=24
[DP-fwdX] L=0 states=1 -> 1
[DP-fwdX] L=16 states=171 -> 207
[DP-fwdX] L=32 states=1292 -> 1368
[DP-bwdX] L=80 states=1 -> 2
[DP-bwdX] L=64 states=207 -> 251
[DP-bwdX] L=48 states=1368 -> 1437
[DP-fwdX] L=0 states=1 -> 1
[DP-fwdX] L=16 states=171 -> 207
[DP-bwdX] L=32 states=41 -> 50
[DP-fwdX] L=0 states=1 -> 1
[DP-bwdX] L=16 states=7 -> 8
[DP-fwdX] L=0 states=1 -> 1
[DP-fwdX] L=0 states=1 -> 1
[DP-fwdX] L=0 states=1 -> 1
[DP-bwdX] L=16 states=7 -> 8
[DP-fwdX] L=16 states=3 -> 5
[DP-bwdX] L=32 states=41 -> 50
[DP-fwdX] L=32 states=4 -> 7
[DP-bwdX] L=32 states=1 -> 2
[DP-fwdX] L=32 states=1 -> 2
[DP-fwdX] L=48 states=40 -> 48
[DP-bwdX] L=80 states=1 -> 2
[DP-bwdX] L=64 states=207 -> 251
[DP-fwdX] L=48 states=40 -> 48
[DP-bwdX] L=48 states=4 -> 7
[DP-bwdX] L=48 states=4 -> 7
[DP-fwdX] L=48 states=1 -> 2
[DP-fwdX] L=64 states=8 -> 10
[DP-bwdX] L=80 states=1 -> 2
[DP-fwdX] L=64 states=8 -> 10
[DP-bwdX] L=64 states=2 -> 4
[DP-bwdX] L=64 states=2 -> 4
[DP-bwdX] L=80 states=1 -> 2
[DP-bwdX] L=80 states=1 -> 2
[DP-bwdX] L=80 states=1 -> 2
  [Round 77] T_prime=12  T_target=12  HPWL_w=841418  HPWL_eq=692  maxL=13  WNS(T')=-1  WNS*(T)=-1  picked=10  solve_ms=40.2448
[OC-Shortest/pow2] m=9 h=9 SEG=4 bits=36 words=1 threads=24
[DP-fwdX] L=0 states=1 -> 1
[DP-fwdX] L=16 states=171 -> 207
[DP-fwdX] L=32 states=1292 -> 1368
[DP-bwdX] L=80 states=1 -> 2
[DP-bwdX] L=64 states=207 -> 251
[DP-bwdX] L=48 states=1368 -> 1437
[DP-fwdX] L=0 states=1 -> 1
[DP-fwdX] L=16 states=171 -> 207
[DP-bwdX] L=32 states=41 -> 50
[DP-fwdX] L=0 states=1 -> 1
[DP-bwdX] L=16 states=7 -> 8
[DP-fwdX] L=0 states=1 -> 1
[DP-fwdX] L=0 states=1 -> 1
[DP-fwdX] L=0 states=1 -> 1
[DP-bwdX] L=16 states=7 -> 8
[DP-fwdX] L=16 states=3 -> 5
[DP-bwdX] L=32 states=41 -> 50
[DP-fwdX] L=32 states=4 -> 7
[DP-bwdX] L=32 states=1 -> 2
[DP-fwdX] L=32 states=1 -> 2
[DP-fwdX] L=48 states=40 -> 48
[DP-bwdX] L=80 states=1 -> 2
[DP-bwdX] L=64 states=207 -> 251
[DP-fwdX] L=48 states=40 -> 48
[DP-bwdX] L=48 states=13 -> 28
[DP-bwdX] L=48 states=13 -> 28
[DP-fwdX] L=48 states=1 -> 4
[DP-fwdX] L=64 states=8 -> 10
[DP-bwdX] L=80 states=1 -> 2
[DP-fwdX] L=64 states=8 -> 10
[DP-bwdX] L=64 states=3 -> 7
[DP-bwdX] L=64 states=3 -> 7
[DP-bwdX] L=80 states=1 -> 2
[DP-bwdX] L=80 states=1 -> 2
[DP-bwdX] L=80 states=1 -> 2
  [Round 78] T_prime=12  T_target=12  HPWL_w=844162  HPWL_eq=712  maxL=41  WNS(T')=-29  WNS*(T)=-29  picked=12  solve_ms=41.2179
[OC-Shortest/pow2] m=9 h=9 SEG=4 bits=36 words=1 threads=24
[DP-fwdX] L=0 states=1 -> 1
[DP-fwdX] L=16 states=171 -> 207
[DP-fwdX] L=32 states=1292 -> 1368
[DP-bwdX] L=80 states=1 -> 2
[DP-bwdX] L=64 states=207 -> 251
[DP-bwdX] L=48 states=1368 -> 1437
[DP-fwdX] L=0 states=1 -> 1
[DP-fwdX] L=16 states=171 -> 207
[DP-bwdX] L=32 states=41 -> 50
[DP-fwdX] L=0 states=1 -> 1
[DP-bwdX] L=16 states=5 -> 7
[DP-fwdX] L=0 states=1 -> 1
[DP-fwdX] L=0 states=1 -> 1
[DP-fwdX] L=0 states=1 -> 1
[DP-bwdX] L=16 states=5 -> 7
[DP-fwdX] L=16 states=2 -> 5
[DP-bwdX] L=32 states=41 -> 50
[DP-fwdX] L=32 states=4 -> 7
[DP-bwdX] L=32 states=1 -> 2
[DP-fwdX] L=32 states=1 -> 2
[DP-fwdX] L=48 states=40 -> 48
[DP-bwdX] L=80 states=1 -> 2
[DP-bwdX] L=64 states=207 -> 251
[DP-fwdX] L=48 states=40 -> 48
[DP-bwdX] L=48 states=4 -> 7
[DP-bwdX] L=48 states=4 -> 7
[DP-fwdX] L=48 states=1 -> 2
[DP-fwdX] L=64 states=8 -> 10
[DP-bwdX] L=80 states=1 -> 2
[DP-fwdX] L=64 states=8 -> 10
[DP-bwdX] L=64 states=2 -> 4
[DP-bwdX] L=64 states=2 -> 4
[DP-bwdX] L=80 states=1 -> 2
[DP-bwdX] L=80 states=1 -> 2
[DP-bwdX] L=80 states=1 -> 2
  [Round 79] T_prime=12  T_target=12  HPWL_w=846978  HPWL_eq=689  maxL=17  WNS(T')=-5  WNS*(T)=-5  picked=12  solve_ms=40.6722
[OC-Shortest/pow2] m=9 h=9 SEG=4 bits=36 words=1 threads=24
[DP-fwdX] L=0 states=1 -> 1
[DP-fwdX] L=16 states=171 -> 207
[DP-fwdX] L=32 states=1292 -> 1368
[DP-bwdX] L=80 states=1 -> 2
[DP-bwdX] L=64 states=207 -> 251
[DP-bwdX] L=48 states=1368 -> 1437
[DP-fwdX] L=0 states=1 -> 1
[DP-fwdX] L=16 states=171 -> 207
[DP-bwdX] L=32 states=41 -> 50
[DP-fwdX] L=0 states=1 -> 1
[DP-bwdX] L=16 states=5 -> 6
[DP-fwdX] L=0 states=1 -> 1
[DP-fwdX] L=0 states=1 -> 1
[DP-fwdX] L=0 states=1 -> 1
[DP-bwdX] L=16 states=5 -> 6
[DP-fwdX] L=16 states=3 -> 7
[DP-bwdX] L=32 states=41 -> 50
[DP-fwdX] L=32 states=5 -> 9
[DP-bwdX] L=32 states=1 -> 2
[DP-fwdX] L=32 states=1 -> 2
[DP-fwdX] L=48 states=40 -> 48
[DP-bwdX] L=80 states=1 -> 2
[DP-bwdX] L=64 states=207 -> 251
[DP-fwdX] L=48 states=40 -> 48
[DP-bwdX] L=48 states=4 -> 7
[DP-bwdX] L=48 states=4 -> 7
[DP-fwdX] L=48 states=1 -> 2
[DP-fwdX] L=64 states=4 -> 5
[DP-bwdX] L=80 states=1 -> 2
[DP-fwdX] L=64 states=4 -> 5
[DP-bwdX] L=64 states=3 -> 7
[DP-bwdX] L=64 states=3 -> 7
[DP-bwdX] L=80 states=1 -> 2
[DP-bwdX] L=80 states=1 -> 2
[DP-bwdX] L=80 states=1 -> 2
  [Round 80] T_prime=12  T_target=12  HPWL_w=850334  HPWL_eq=688  maxL=33  WNS(T')=-21  WNS*(T)=-21  picked=14  solve_ms=40.9326
[OC-Shortest/pow2] m=9 h=9 SEG=4 bits=36 words=1 threads=24
[DP-fwdX] L=0 states=1 -> 1
[DP-fwdX] L=16 states=171 -> 207
[DP-fwdX] L=32 states=1292 -> 1368
[DP-bwdX] L=80 states=1 -> 2
[DP-bwdX] L=64 states=207 -> 251
[DP-bwdX] L=48 states=1368 -> 1437
[DP-fwdX] L=0 states=1 -> 1
[DP-fwdX] L=16 states=171 -> 207
[DP-bwdX] L=32 states=41 -> 50
[DP-fwdX] L=0 states=1 -> 1
[DP-bwdX] L=16 states=7 -> 8
[DP-fwdX] L=0 states=1 -> 1
[DP-fwdX] L=0 states=1 -> 1
[DP-fwdX] L=0 states=1 -> 1
[DP-bwdX] L=16 states=7 -> 8
[DP-fwdX] L=16 states=3 -> 5
[DP-bwdX] L=32 states=41 -> 50
[DP-fwdX] L=32 states=4 -> 7
[DP-bwdX] L=32 states=1 -> 2
[DP-fwdX] L=32 states=1 -> 2
[DP-fwdX] L=48 states=40 -> 48
[DP-bwdX] L=80 states=1 -> 2
[DP-bwdX] L=64 states=207 -> 251
[DP-fwdX] L=48 states=40 -> 48
[DP-bwdX] L=48 states=4 -> 7
[DP-bwdX] L=48 states=4 -> 7
[DP-fwdX] L=48 states=1 -> 2
[DP-fwdX] L=64 states=8 -> 10
[DP-bwdX] L=80 states=1 -> 2
[DP-fwdX] L=64 states=8 -> 10
[DP-bwdX] L=64 states=2 -> 4
[DP-bwdX] L=64 states=2 -> 4
[DP-bwdX] L=80 states=1 -> 2
[DP-bwdX] L=80 states=1 -> 2
[DP-bwdX] L=80 states=1 -> 2
  [Round 81] T_prime=12  T_target=12  HPWL_w=851253  HPWL_eq=692  maxL=13  WNS(T')=-1  WNS*(T)=-1  picked=10  solve_ms=40.3696
[OC-Shortest/pow2] m=9 h=9 SEG=4 bits=36 words=1 threads=24
[DP-fwdX] L=0 states=1 -> 1
[DP-fwdX] L=16 states=171 -> 207
[DP-fwdX] L=32 states=1292 -> 1368
[DP-bwdX] L=80 states=1 -> 2
[DP-bwdX] L=64 states=207 -> 251
[DP-bwdX] L=48 states=1368 -> 1437
[DP-fwdX] L=0 states=1 -> 1
[DP-fwdX] L=16 states=171 -> 207
[DP-bwdX] L=32 states=41 -> 50
[DP-fwdX] L=0 states=1 -> 1
[DP-bwdX] L=16 states=7 -> 8
[DP-fwdX] L=0 states=1 -> 1
[DP-fwdX] L=0 states=1 -> 1
[DP-fwdX] L=0 states=1 -> 1
[DP-bwdX] L=16 states=7 -> 8
[DP-fwdX] L=16 states=3 -> 5
[DP-bwdX] L=32 states=41 -> 50
[DP-fwdX] L=32 states=4 -> 7
[DP-bwdX] L=32 states=1 -> 2
[DP-fwdX] L=32 states=1 -> 2
[DP-fwdX] L=48 states=40 -> 48
[DP-bwdX] L=80 states=1 -> 2
[DP-bwdX] L=64 states=207 -> 251
[DP-fwdX] L=48 states=40 -> 48
[DP-bwdX] L=48 states=4 -> 7
[DP-bwdX] L=48 states=4 -> 7
[DP-fwdX] L=48 states=1 -> 2
[DP-fwdX] L=64 states=8 -> 10
[DP-bwdX] L=80 states=1 -> 2
[DP-fwdX] L=64 states=8 -> 10
[DP-bwdX] L=64 states=2 -> 4
[DP-bwdX] L=64 states=2 -> 4
[DP-bwdX] L=80 states=1 -> 2
[DP-bwdX] L=80 states=1 -> 2
[DP-bwdX] L=80 states=1 -> 2
  [Round 82] T_prime=12  T_target=12  HPWL_w=854295  HPWL_eq=692  maxL=13  WNS(T')=-1  WNS*(T)=-1  picked=10  solve_ms=40.4174
[OC-Shortest/pow2] m=9 h=9 SEG=4 bits=36 words=1 threads=24
[DP-fwdX] L=0 states=1 -> 1
[DP-fwdX] L=16 states=171 -> 207
[DP-fwdX] L=32 states=1292 -> 1368
[DP-bwdX] L=80 states=1 -> 2
[DP-bwdX] L=64 states=207 -> 251
[DP-bwdX] L=48 states=1368 -> 1437
[DP-fwdX] L=0 states=1 -> 1
[DP-fwdX] L=16 states=171 -> 207
[DP-bwdX] L=32 states=41 -> 50
[DP-fwdX] L=0 states=1 -> 1
[DP-bwdX] L=16 states=9 -> 11
[DP-fwdX] L=0 states=1 -> 1
[DP-fwdX] L=0 states=1 -> 1
[DP-fwdX] L=0 states=1 -> 1
[DP-bwdX] L=16 states=9 -> 11
[DP-fwdX] L=16 states=2 -> 5
[DP-bwdX] L=32 states=41 -> 50
[DP-fwdX] L=32 states=4 -> 7
[DP-bwdX] L=32 states=1 -> 2
[DP-fwdX] L=32 states=1 -> 2
[DP-fwdX] L=48 states=40 -> 48
[DP-bwdX] L=80 states=1 -> 2
[DP-bwdX] L=64 states=207 -> 251
[DP-fwdX] L=48 states=40 -> 48
[DP-bwdX] L=48 states=4 -> 7
[DP-bwdX] L=48 states=4 -> 7
[DP-fwdX] L=48 states=1 -> 2
[DP-fwdX] L=64 states=7 -> 9
[DP-bwdX] L=80 states=1 -> 2
[DP-fwdX] L=64 states=7 -> 9
[DP-bwdX] L=64 states=3 -> 7
[DP-bwdX] L=64 states=3 -> 7
[DP-bwdX] L=80 states=1 -> 2
[DP-bwdX] L=80 states=1 -> 2
[DP-bwdX] L=80 states=1 -> 2
  [Round 83] T_prime=12  T_target=12  HPWL_w=856420  HPWL_eq=687  maxL=17  WNS(T')=-5  WNS*(T)=-5  picked=11  solve_ms=41.3382
[OC-Shortest/pow2] m=9 h=9 SEG=4 bits=36 words=1 threads=24
[DP-fwdX] L=0 states=1 -> 1
[DP-fwdX] L=16 states=171 -> 207
[DP-fwdX] L=32 states=1292 -> 1368
[DP-bwdX] L=80 states=1 -> 2
[DP-bwdX] L=64 states=207 -> 251
[DP-bwdX] L=48 states=1368 -> 1437
[DP-fwdX] L=0 states=1 -> 1
[DP-fwdX] L=16 states=171 -> 207
[DP-bwdX] L=32 states=48 -> 57
[DP-fwdX] L=0 states=1 -> 1
[DP-bwdX] L=16 states=5 -> 6
[DP-fwdX] L=0 states=1 -> 1
[DP-fwdX] L=0 states=1 -> 1
[DP-fwdX] L=0 states=1 -> 1
[DP-bwdX] L=16 states=5 -> 6
[DP-fwdX] L=16 states=2 -> 5
[DP-bwdX] L=32 states=48 -> 57
[DP-fwdX] L=32 states=11 -> 24
[DP-bwdX] L=32 states=1 -> 3
[DP-fwdX] L=32 states=1 -> 4
[DP-fwdX] L=48 states=68 -> 85
[DP-bwdX] L=80 states=1 -> 2
[DP-bwdX] L=64 states=207 -> 251
[DP-fwdX] L=48 states=68 -> 85
[DP-bwdX] L=48 states=6 -> 11
[DP-bwdX] L=48 states=6 -> 11
[DP-fwdX] L=48 states=1 -> 3
[DP-fwdX] L=64 states=7 -> 10
[DP-bwdX] L=80 states=1 -> 2
[DP-fwdX] L=64 states=7 -> 10
[DP-bwdX] L=64 states=3 -> 7
[DP-bwdX] L=64 states=3 -> 7
[DP-bwdX] L=80 states=1 -> 2
[DP-bwdX] L=80 states=1 -> 2
[DP-bwdX] L=80 states=1 -> 2
  [Round 84] T_prime=12  T_target=12  HPWL_w=858846  HPWL_eq=717  maxL=41  WNS(T')=-29  WNS*(T)=-29  picked=12  solve_ms=42.1692
[OC-Shortest/pow2] m=9 h=9 SEG=4 bits=36 words=1 threads=24
[DP-fwdX] L=0 states=1 -> 1
[DP-fwdX] L=16 states=171 -> 207
[DP-fwdX] L=32 states=1292 -> 1368
[DP-bwdX] L=80 states=1 -> 2
[DP-bwdX] L=64 states=207 -> 251
[DP-bwdX] L=48 states=1368 -> 1437
[DP-fwdX] L=0 states=1 -> 1
[DP-fwdX] L=16 states=171 -> 207
[DP-bwdX] L=32 states=41 -> 50
[DP-fwdX] L=0 states=1 -> 1
[DP-bwdX] L=16 states=7 -> 8
[DP-fwdX] L=0 states=1 -> 1
[DP-fwdX] L=0 states=1 -> 1
[DP-fwdX] L=0 states=1 -> 1
[DP-bwdX] L=16 states=7 -> 8
[DP-fwdX] L=16 states=3 -> 5
[DP-bwdX] L=32 states=41 -> 50
[DP-fwdX] L=32 states=4 -> 7
[DP-bwdX] L=32 states=1 -> 2
[DP-fwdX] L=32 states=1 -> 2
[DP-fwdX] L=48 states=40 -> 48
[DP-bwdX] L=80 states=1 -> 2
[DP-bwdX] L=64 states=207 -> 251
[DP-fwdX] L=48 states=40 -> 48
[DP-bwdX] L=48 states=4 -> 7
[DP-bwdX] L=48 states=4 -> 7
[DP-fwdX] L=48 states=1 -> 2
[DP-fwdX] L=64 states=8 -> 10
[DP-bwdX] L=80 states=1 -> 2
[DP-fwdX] L=64 states=8 -> 10
[DP-bwdX] L=64 states=2 -> 4
[DP-bwdX] L=64 states=2 -> 4
[DP-bwdX] L=80 states=1 -> 2
[DP-bwdX] L=80 states=1 -> 2
[DP-bwdX] L=80 states=1 -> 2
  [Round 85] T_prime=12  T_target=12  HPWL_w=866212  HPWL_eq=692  maxL=13  WNS(T')=-1  WNS*(T)=-1  picked=10  solve_ms=40.1016
[OC-Shortest/pow2] m=9 h=9 SEG=4 bits=36 words=1 threads=24
[DP-fwdX] L=0 states=1 -> 1
[DP-fwdX] L=16 states=171 -> 207
[DP-fwdX] L=32 states=1292 -> 1368
[DP-bwdX] L=80 states=1 -> 2
[DP-bwdX] L=64 states=207 -> 251
[DP-bwdX] L=48 states=1368 -> 1437
[DP-fwdX] L=0 states=1 -> 1
[DP-fwdX] L=16 states=171 -> 207
[DP-bwdX] L=32 states=41 -> 50
[DP-fwdX] L=0 states=1 -> 1
[DP-bwdX] L=16 states=7 -> 8
[DP-fwdX] L=0 states=1 -> 1
[DP-fwdX] L=0 states=1 -> 1
[DP-fwdX] L=0 states=1 -> 1
[DP-bwdX] L=16 states=7 -> 8
[DP-fwdX] L=16 states=3 -> 5
[DP-bwdX] L=32 states=41 -> 50
[DP-fwdX] L=32 states=4 -> 7
[DP-bwdX] L=32 states=1 -> 2
[DP-fwdX] L=32 states=1 -> 2
[DP-fwdX] L=48 states=40 -> 48
[DP-bwdX] L=80 states=1 -> 2
[DP-bwdX] L=64 states=207 -> 251
[DP-fwdX] L=48 states=40 -> 48
[DP-bwdX] L=48 states=4 -> 7
[DP-bwdX] L=48 states=4 -> 7
[DP-fwdX] L=48 states=1 -> 2
[DP-fwdX] L=64 states=8 -> 10
[DP-bwdX] L=80 states=1 -> 2
[DP-fwdX] L=64 states=8 -> 10
[DP-bwdX] L=64 states=2 -> 4
[DP-bwdX] L=64 states=2 -> 4
[DP-bwdX] L=80 states=1 -> 2
[DP-bwdX] L=80 states=1 -> 2
[DP-bwdX] L=80 states=1 -> 2
  [Round 86] T_prime=12  T_target=12  HPWL_w=867992  HPWL_eq=692  maxL=13  WNS(T')=-1  WNS*(T)=-1  picked=10  solve_ms=40.2443
[OC-Shortest/pow2] m=9 h=9 SEG=4 bits=36 words=1 threads=24
[DP-fwdX] L=0 states=1 -> 1
[DP-fwdX] L=16 states=171 -> 207
[DP-fwdX] L=32 states=1292 -> 1368
[DP-bwdX] L=80 states=1 -> 2
[DP-bwdX] L=64 states=207 -> 251
[DP-bwdX] L=48 states=1368 -> 1437
[DP-fwdX] L=0 states=1 -> 1
[DP-fwdX] L=16 states=171 -> 207
[DP-bwdX] L=32 states=41 -> 50
[DP-fwdX] L=0 states=1 -> 1
[DP-bwdX] L=16 states=7 -> 8
[DP-fwdX] L=0 states=1 -> 1
[DP-fwdX] L=0 states=1 -> 1
[DP-fwdX] L=0 states=1 -> 1
[DP-bwdX] L=16 states=7 -> 8
[DP-fwdX] L=16 states=3 -> 5
[DP-bwdX] L=32 states=41 -> 50
[DP-fwdX] L=32 states=4 -> 7
[DP-bwdX] L=32 states=1 -> 2
[DP-fwdX] L=32 states=1 -> 2
[DP-fwdX] L=48 states=40 -> 48
[DP-bwdX] L=80 states=1 -> 2
[DP-bwdX] L=64 states=207 -> 251
[DP-fwdX] L=48 states=40 -> 48
[DP-bwdX] L=48 states=4 -> 7
[DP-bwdX] L=48 states=4 -> 7
[DP-fwdX] L=48 states=1 -> 2
[DP-fwdX] L=64 states=8 -> 10
[DP-bwdX] L=80 states=1 -> 2
[DP-fwdX] L=64 states=8 -> 10
[DP-bwdX] L=64 states=2 -> 4
[DP-bwdX] L=64 states=2 -> 4
[DP-bwdX] L=80 states=1 -> 2
[DP-bwdX] L=80 states=1 -> 2
[DP-bwdX] L=80 states=1 -> 2
  [Round 87] T_prime=12  T_target=12  HPWL_w=870769  HPWL_eq=692  maxL=13  WNS(T')=-1  WNS*(T)=-1  picked=10  solve_ms=40.1556
[OC-Shortest/pow2] m=9 h=9 SEG=4 bits=36 words=1 threads=24
[DP-fwdX] L=0 states=1 -> 1
[DP-fwdX] L=16 states=171 -> 207
[DP-fwdX] L=32 states=1292 -> 1368
[DP-bwdX] L=80 states=1 -> 2
[DP-bwdX] L=64 states=207 -> 251
[DP-bwdX] L=48 states=1368 -> 1437
[DP-fwdX] L=0 states=1 -> 1
[DP-fwdX] L=16 states=171 -> 207
[DP-bwdX] L=32 states=41 -> 50
[DP-fwdX] L=0 states=1 -> 1
[DP-bwdX] L=16 states=7 -> 8
[DP-fwdX] L=0 states=1 -> 1
[DP-fwdX] L=0 states=1 -> 1
[DP-fwdX] L=0 states=1 -> 1
[DP-bwdX] L=16 states=7 -> 8
[DP-fwdX] L=16 states=3 -> 5
[DP-bwdX] L=32 states=41 -> 50
[DP-fwdX] L=32 states=4 -> 7
[DP-bwdX] L=32 states=1 -> 2
[DP-fwdX] L=32 states=1 -> 2
[DP-fwdX] L=48 states=40 -> 48
[DP-bwdX] L=80 states=1 -> 2
[DP-bwdX] L=64 states=207 -> 251
[DP-fwdX] L=48 states=40 -> 48
[DP-bwdX] L=48 states=4 -> 7
[DP-bwdX] L=48 states=4 -> 7
[DP-fwdX] L=48 states=1 -> 2
[DP-fwdX] L=64 states=8 -> 10
[DP-bwdX] L=80 states=1 -> 2
[DP-fwdX] L=64 states=8 -> 10
[DP-bwdX] L=64 states=2 -> 4
[DP-bwdX] L=64 states=2 -> 4
[DP-bwdX] L=80 states=1 -> 2
[DP-bwdX] L=80 states=1 -> 2
[DP-bwdX] L=80 states=1 -> 2
  [Round 88] T_prime=12  T_target=12  HPWL_w=871671  HPWL_eq=692  maxL=13  WNS(T')=-1  WNS*(T)=-1  picked=10  solve_ms=40.1998
[OC-Shortest/pow2] m=9 h=9 SEG=4 bits=36 words=1 threads=24
[DP-fwdX] L=0 states=1 -> 1
[DP-fwdX] L=16 states=171 -> 207
[DP-fwdX] L=32 states=1292 -> 1368
[DP-bwdX] L=80 states=1 -> 2
[DP-bwdX] L=64 states=207 -> 251
[DP-bwdX] L=48 states=1368 -> 1437
[DP-fwdX] L=0 states=1 -> 1
[DP-fwdX] L=16 states=171 -> 207
[DP-bwdX] L=32 states=41 -> 50
[DP-fwdX] L=0 states=1 -> 1
[DP-bwdX] L=16 states=5 -> 7
[DP-fwdX] L=0 states=1 -> 1
[DP-fwdX] L=0 states=1 -> 1
[DP-fwdX] L=0 states=1 -> 1
[DP-bwdX] L=16 states=5 -> 7
[DP-fwdX] L=16 states=2 -> 5
[DP-bwdX] L=32 states=41 -> 50
[DP-fwdX] L=32 states=4 -> 7
[DP-bwdX] L=32 states=1 -> 2
[DP-fwdX] L=32 states=1 -> 2
[DP-fwdX] L=48 states=40 -> 48
[DP-bwdX] L=80 states=1 -> 2
[DP-bwdX] L=64 states=207 -> 251
[DP-fwdX] L=48 states=40 -> 48
[DP-bwdX] L=48 states=4 -> 7
[DP-bwdX] L=48 states=4 -> 7
[DP-fwdX] L=48 states=1 -> 2
[DP-fwdX] L=64 states=11 -> 13
[DP-bwdX] L=80 states=1 -> 2
[DP-fwdX] L=64 states=11 -> 13
[DP-bwdX] L=64 states=3 -> 7
[DP-bwdX] L=64 states=3 -> 7
[DP-bwdX] L=80 states=1 -> 2
[DP-bwdX] L=80 states=1 -> 2
[DP-bwdX] L=80 states=1 -> 2
  [Round 89] T_prime=12  T_target=12  HPWL_w=873819  HPWL_eq=687  maxL=17  WNS(T')=-5  WNS*(T)=-5  picked=12  solve_ms=41.0212
[OC-Shortest/pow2] m=9 h=9 SEG=4 bits=36 words=1 threads=24
[DP-fwdX] L=0 states=1 -> 1
[DP-fwdX] L=16 states=171 -> 207
[DP-fwdX] L=32 states=1292 -> 1368
[DP-bwdX] L=80 states=1 -> 2
[DP-bwdX] L=64 states=207 -> 251
[DP-bwdX] L=48 states=1368 -> 1437
[DP-fwdX] L=0 states=1 -> 1
[DP-fwdX] L=16 states=171 -> 207
[DP-bwdX] L=32 states=41 -> 50
[DP-fwdX] L=0 states=1 -> 1
[DP-bwdX] L=16 states=7 -> 8
[DP-fwdX] L=0 states=1 -> 1
[DP-fwdX] L=0 states=1 -> 1
[DP-fwdX] L=0 states=1 -> 1
[DP-bwdX] L=16 states=7 -> 8
[DP-fwdX] L=16 states=3 -> 5
[DP-bwdX] L=32 states=41 -> 50
[DP-fwdX] L=32 states=4 -> 7
[DP-bwdX] L=32 states=1 -> 2
[DP-fwdX] L=32 states=1 -> 2
[DP-fwdX] L=48 states=40 -> 48
[DP-bwdX] L=80 states=1 -> 2
[DP-bwdX] L=64 states=207 -> 251
[DP-fwdX] L=48 states=40 -> 48
[DP-bwdX] L=48 states=4 -> 7
[DP-bwdX] L=48 states=4 -> 7
[DP-fwdX] L=48 states=1 -> 2
[DP-fwdX] L=64 states=7 -> 9
[DP-bwdX] L=80 states=1 -> 2
[DP-fwdX] L=64 states=7 -> 9
[DP-bwdX] L=64 states=3 -> 7
[DP-bwdX] L=64 states=3 -> 7
[DP-bwdX] L=80 states=1 -> 2
[DP-bwdX] L=80 states=1 -> 2
[DP-bwdX] L=80 states=1 -> 2
  [Round 90] T_prime=12  T_target=12  HPWL_w=875925  HPWL_eq=689  maxL=17  WNS(T')=-5  WNS*(T)=-5  picked=11  solve_ms=40.9727
[OC-Shortest/pow2] m=9 h=9 SEG=4 bits=36 words=1 threads=24
[DP-fwdX] L=0 states=1 -> 1
[DP-fwdX] L=16 states=171 -> 207
[DP-fwdX] L=32 states=1292 -> 1368
[DP-bwdX] L=80 states=1 -> 2
[DP-bwdX] L=64 states=207 -> 251
[DP-bwdX] L=48 states=1368 -> 1437
[DP-fwdX] L=0 states=1 -> 1
[DP-fwdX] L=16 states=171 -> 207
[DP-bwdX] L=32 states=41 -> 50
[DP-fwdX] L=0 states=1 -> 1
[DP-bwdX] L=16 states=5 -> 7
[DP-fwdX] L=0 states=1 -> 1
[DP-fwdX] L=0 states=1 -> 1
[DP-fwdX] L=0 states=1 -> 1
[DP-bwdX] L=16 states=5 -> 7
[DP-fwdX] L=16 states=2 -> 5
[DP-bwdX] L=32 states=41 -> 50
[DP-fwdX] L=32 states=4 -> 7
[DP-bwdX] L=32 states=1 -> 2
[DP-fwdX] L=32 states=1 -> 2
[DP-fwdX] L=48 states=40 -> 48
[DP-bwdX] L=80 states=1 -> 2
[DP-bwdX] L=64 states=207 -> 251
[DP-fwdX] L=48 states=40 -> 48
[DP-bwdX] L=48 states=11 -> 23
[DP-bwdX] L=48 states=11 -> 23
[DP-fwdX] L=48 states=1 -> 3
[DP-fwdX] L=64 states=8 -> 10
[DP-bwdX] L=80 states=1 -> 2
[DP-fwdX] L=64 states=8 -> 10
[DP-bwdX] L=64 states=3 -> 7
[DP-bwdX] L=64 states=3 -> 7
[DP-bwdX] L=80 states=1 -> 2
[DP-bwdX] L=80 states=1 -> 2
[DP-bwdX] L=80 states=1 -> 2
  [Round 91] T_prime=12  T_target=12  HPWL_w=879365  HPWL_eq=709  maxL=41  WNS(T')=-29  WNS*(T)=-29  picked=14  solve_ms=41.6664
[OC-Shortest/pow2] m=9 h=9 SEG=4 bits=36 words=1 threads=24
[DP-fwdX] L=0 states=1 -> 1
[DP-fwdX] L=16 states=171 -> 207
[DP-fwdX] L=32 states=1292 -> 1368
[DP-bwdX] L=80 states=1 -> 2
[DP-bwdX] L=64 states=207 -> 251
[DP-bwdX] L=48 states=1368 -> 1437
[DP-fwdX] L=0 states=1 -> 1
[DP-fwdX] L=16 states=171 -> 207
[DP-bwdX] L=32 states=41 -> 50
[DP-fwdX] L=0 states=1 -> 1
[DP-bwdX] L=16 states=7 -> 8
[DP-fwdX] L=0 states=1 -> 1
[DP-fwdX] L=0 states=1 -> 1
[DP-fwdX] L=0 states=1 -> 1
[DP-bwdX] L=16 states=7 -> 8
[DP-fwdX] L=16 states=3 -> 5
[DP-bwdX] L=32 states=41 -> 50
[DP-fwdX] L=32 states=4 -> 7
[DP-bwdX] L=32 states=1 -> 2
[DP-fwdX] L=32 states=1 -> 2
[DP-fwdX] L=48 states=40 -> 48
[DP-bwdX] L=80 states=1 -> 2
[DP-bwdX] L=64 states=207 -> 251
[DP-fwdX] L=48 states=40 -> 48
[DP-bwdX] L=48 states=4 -> 7
[DP-bwdX] L=48 states=4 -> 7
[DP-fwdX] L=48 states=1 -> 2
[DP-fwdX] L=64 states=8 -> 10
[DP-bwdX] L=80 states=1 -> 2
[DP-fwdX] L=64 states=8 -> 10
[DP-bwdX] L=64 states=2 -> 4
[DP-bwdX] L=64 states=2 -> 4
[DP-bwdX] L=80 states=1 -> 2
[DP-bwdX] L=80 states=1 -> 2
[DP-bwdX] L=80 states=1 -> 2
  [Round 92] T_prime=12  T_target=12  HPWL_w=884650  HPWL_eq=692  maxL=13  WNS(T')=-1  WNS*(T)=-1  picked=10  solve_ms=40.1289
[OC-Shortest/pow2] m=9 h=9 SEG=4 bits=36 words=1 threads=24
[DP-fwdX] L=0 states=1 -> 1
[DP-fwdX] L=16 states=171 -> 207
[DP-fwdX] L=32 states=1292 -> 1368
[DP-bwdX] L=80 states=1 -> 2
[DP-bwdX] L=64 states=207 -> 251
[DP-bwdX] L=48 states=1368 -> 1437
[DP-fwdX] L=0 states=1 -> 1
[DP-fwdX] L=16 states=171 -> 207
[DP-bwdX] L=32 states=41 -> 50
[DP-fwdX] L=0 states=1 -> 1
[DP-bwdX] L=16 states=7 -> 8
[DP-fwdX] L=0 states=1 -> 1
[DP-fwdX] L=0 states=1 -> 1
[DP-fwdX] L=0 states=1 -> 1
[DP-bwdX] L=16 states=7 -> 8
[DP-fwdX] L=16 states=3 -> 5
[DP-bwdX] L=32 states=41 -> 50
[DP-fwdX] L=32 states=4 -> 7
[DP-bwdX] L=32 states=1 -> 2
[DP-fwdX] L=32 states=1 -> 2
[DP-fwdX] L=48 states=40 -> 48
[DP-bwdX] L=80 states=1 -> 2
[DP-bwdX] L=64 states=207 -> 251
[DP-fwdX] L=48 states=40 -> 48
[DP-bwdX] L=48 states=4 -> 7
[DP-bwdX] L=48 states=4 -> 7
[DP-fwdX] L=48 states=1 -> 2
[DP-fwdX] L=64 states=8 -> 10
[DP-bwdX] L=80 states=1 -> 2
[DP-fwdX] L=64 states=8 -> 10
[DP-bwdX] L=64 states=2 -> 4
[DP-bwdX] L=64 states=2 -> 4
[DP-bwdX] L=80 states=1 -> 2
[DP-bwdX] L=80 states=1 -> 2
[DP-bwdX] L=80 states=1 -> 2
  [Round 93] T_prime=12  T_target=12  HPWL_w=888842  HPWL_eq=692  maxL=13  WNS(T')=-1  WNS*(T)=-1  picked=10  solve_ms=40.3015
[OC-Shortest/pow2] m=9 h=9 SEG=4 bits=36 words=1 threads=24
[DP-fwdX] L=0 states=1 -> 1
[DP-fwdX] L=16 states=171 -> 207
[DP-fwdX] L=32 states=1292 -> 1368
[DP-bwdX] L=80 states=1 -> 2
[DP-bwdX] L=64 states=207 -> 251
[DP-bwdX] L=48 states=1368 -> 1437
[DP-fwdX] L=0 states=1 -> 1
[DP-fwdX] L=16 states=171 -> 207
[DP-bwdX] L=32 states=41 -> 50
[DP-fwdX] L=0 states=1 -> 1
[DP-bwdX] L=16 states=7 -> 8
[DP-fwdX] L=0 states=1 -> 1
[DP-fwdX] L=0 states=1 -> 1
[DP-fwdX] L=0 states=1 -> 1
[DP-bwdX] L=16 states=7 -> 8
[DP-fwdX] L=16 states=3 -> 5
[DP-bwdX] L=32 states=41 -> 50
[DP-fwdX] L=32 states=4 -> 7
[DP-bwdX] L=32 states=1 -> 2
[DP-fwdX] L=32 states=1 -> 2
[DP-fwdX] L=48 states=40 -> 48
[DP-bwdX] L=80 states=1 -> 2
[DP-bwdX] L=64 states=207 -> 251
[DP-fwdX] L=48 states=40 -> 48
[DP-bwdX] L=48 states=4 -> 7
[DP-bwdX] L=48 states=4 -> 7
[DP-fwdX] L=48 states=1 -> 2
[DP-fwdX] L=64 states=8 -> 10
[DP-bwdX] L=80 states=1 -> 2
[DP-fwdX] L=64 states=8 -> 10
[DP-bwdX] L=64 states=2 -> 4
[DP-bwdX] L=64 states=2 -> 4
[DP-bwdX] L=80 states=1 -> 2
[DP-bwdX] L=80 states=1 -> 2
[DP-bwdX] L=80 states=1 -> 2
  [Round 94] T_prime=12  T_target=12  HPWL_w=889287  HPWL_eq=692  maxL=13  WNS(T')=-1  WNS*(T)=-1  picked=10  solve_ms=40.4088
[OC-Shortest/pow2] m=9 h=9 SEG=4 bits=36 words=1 threads=24
[DP-fwdX] L=0 states=1 -> 1
[DP-fwdX] L=16 states=171 -> 207
[DP-fwdX] L=32 states=1292 -> 1368
[DP-bwdX] L=80 states=1 -> 2
[DP-bwdX] L=64 states=207 -> 251
[DP-bwdX] L=48 states=1368 -> 1437
[DP-fwdX] L=0 states=1 -> 1
[DP-fwdX] L=16 states=171 -> 207
[DP-bwdX] L=32 states=41 -> 50
[DP-fwdX] L=0 states=1 -> 1
[DP-bwdX] L=16 states=5 -> 6
[DP-fwdX] L=0 states=1 -> 1
[DP-fwdX] L=0 states=1 -> 1
[DP-fwdX] L=0 states=1 -> 1
[DP-bwdX] L=16 states=5 -> 6
[DP-fwdX] L=16 states=2 -> 5
[DP-bwdX] L=32 states=41 -> 50
[DP-fwdX] L=32 states=7 -> 12
[DP-bwdX] L=32 states=1 -> 2
[DP-fwdX] L=32 states=1 -> 2
[DP-fwdX] L=48 states=40 -> 48
[DP-bwdX] L=80 states=1 -> 2
[DP-bwdX] L=64 states=207 -> 251
[DP-fwdX] L=48 states=40 -> 48
[DP-bwdX] L=48 states=6 -> 11
[DP-bwdX] L=48 states=6 -> 11
[DP-fwdX] L=48 states=1 -> 3
[DP-fwdX] L=64 states=7 -> 10
[DP-bwdX] L=80 states=1 -> 2
[DP-fwdX] L=64 states=7 -> 10
[DP-bwdX] L=64 states=3 -> 7
[DP-bwdX] L=64 states=3 -> 7
[DP-bwdX] L=80 states=1 -> 2
[DP-bwdX] L=80 states=1 -> 2
[DP-bwdX] L=80 states=1 -> 2
  [Round 95] T_prime=12  T_target=12  HPWL_w=891979  HPWL_eq=702  maxL=21  WNS(T')=-9  WNS*(T)=-9  picked=16  solve_ms=53.6697
[OC-Shortest/pow2] m=9 h=9 SEG=4 bits=36 words=1 threads=24
[DP-fwdX] L=0 states=1 -> 1
[DP-fwdX] L=16 states=171 -> 207
[DP-fwdX] L=32 states=1292 -> 1368
[DP-bwdX] L=80 states=1 -> 2
[DP-bwdX] L=64 states=207 -> 251
[DP-bwdX] L=48 states=1368 -> 1437
[DP-fwdX] L=0 states=1 -> 1
[DP-fwdX] L=16 states=171 -> 207
[DP-bwdX] L=32 states=41 -> 50
[DP-fwdX] L=0 states=1 -> 1
[DP-bwdX] L=16 states=5 -> 7
[DP-fwdX] L=0 states=1 -> 1
[DP-fwdX] L=0 states=1 -> 1
[DP-fwdX] L=0 states=1 -> 1
[DP-bwdX] L=16 states=5 -> 7
[DP-fwdX] L=16 states=2 -> 5
[DP-bwdX] L=32 states=41 -> 50
[DP-fwdX] L=32 states=4 -> 7
[DP-bwdX] L=32 states=1 -> 2
[DP-fwdX] L=32 states=1 -> 2
[DP-fwdX] L=48 states=40 -> 48
[DP-bwdX] L=80 states=1 -> 2
[DP-bwdX] L=64 states=207 -> 251
[DP-fwdX] L=48 states=40 -> 48
[DP-bwdX] L=48 states=6 -> 11
[DP-bwdX] L=48 states=6 -> 11
[DP-fwdX] L=48 states=1 -> 2
[DP-fwdX] L=64 states=7 -> 10
[DP-bwdX] L=80 states=1 -> 2
[DP-fwdX] L=64 states=7 -> 10
[DP-bwdX] L=64 states=3 -> 7
[DP-bwdX] L=64 states=3 -> 7
[DP-bwdX] L=80 states=1 -> 2
[DP-bwdX] L=80 states=1 -> 2
[DP-bwdX] L=80 states=1 -> 2
  [Round 96] T_prime=12  T_target=12  HPWL_w=894828  HPWL_eq=693  maxL=21  WNS(T')=-9  WNS*(T)=-9  picked=13  solve_ms=295.302
[OC-Shortest/pow2] m=9 h=9 SEG=4 bits=36 words=1 threads=24
[DP-fwdX] L=0 states=1 -> 1
[DP-fwdX] L=16 states=171 -> 207
[DP-fwdX] L=32 states=1292 -> 1368
[DP-bwdX] L=80 states=1 -> 2
[DP-bwdX] L=64 states=207 -> 251
[DP-bwdX] L=48 states=1368 -> 1437
[DP-fwdX] L=0 states=1 -> 1
[DP-fwdX] L=16 states=171 -> 207
[DP-bwdX] L=32 states=41 -> 50
[DP-fwdX] L=0 states=1 -> 1
[DP-bwdX] L=16 states=5 -> 6
[DP-fwdX] L=0 states=1 -> 1
[DP-fwdX] L=0 states=1 -> 1
[DP-fwdX] L=0 states=1 -> 1
[DP-bwdX] L=16 states=5 -> 6
[DP-fwdX] L=16 states=2 -> 5
[DP-bwdX] L=32 states=41 -> 50
[DP-fwdX] L=32 states=5 -> 9
[DP-bwdX] L=32 states=1 -> 3
[DP-fwdX] L=32 states=1 -> 3
[DP-fwdX] L=48 states=40 -> 48
[DP-bwdX] L=80 states=1 -> 2
[DP-bwdX] L=64 states=207 -> 251
[DP-fwdX] L=48 states=40 -> 48
[DP-bwdX] L=48 states=4 -> 7
[DP-bwdX] L=48 states=4 -> 7
[DP-fwdX] L=48 states=1 -> 2
[DP-fwdX] L=64 states=8 -> 10
[DP-bwdX] L=80 states=1 -> 2
[DP-fwdX] L=64 states=8 -> 10
[DP-bwdX] L=64 states=2 -> 4
[DP-bwdX] L=64 states=2 -> 4
[DP-bwdX] L=80 states=1 -> 2
[DP-bwdX] L=80 states=1 -> 2
[DP-bwdX] L=80 states=1 -> 2
  [Round 97] T_prime=12  T_target=12  HPWL_w=901998  HPWL_eq=700  maxL=21  WNS(T')=-9  WNS*(T)=-9  picked=7  solve_ms=633.833
[OC-Shortest/pow2] m=9 h=9 SEG=4 bits=36 words=1 threads=24
[DP-fwdX] L=0 states=1 -> 1
[DP-fwdX] L=16 states=171 -> 207
[DP-fwdX] L=32 states=1292 -> 1368
[DP-bwdX] L=80 states=1 -> 2
[DP-bwdX] L=64 states=207 -> 251
[DP-bwdX] L=48 states=1368 -> 1437
[DP-fwdX] L=0 states=1 -> 1
[DP-fwdX] L=16 states=171 -> 207
[DP-bwdX] L=32 states=41 -> 50
[DP-fwdX] L=0 states=1 -> 1
[DP-bwdX] L=16 states=5 -> 7
[DP-fwdX] L=0 states=1 -> 1
[DP-fwdX] L=0 states=1 -> 1
[DP-fwdX] L=0 states=1 -> 1
[DP-bwdX] L=16 states=5 -> 7
[DP-fwdX] L=16 states=2 -> 5
[DP-bwdX] L=32 states=41 -> 50
[DP-fwdX] L=32 states=4 -> 7
[DP-bwdX] L=32 states=1 -> 2
[DP-fwdX] L=32 states=1 -> 2
[DP-fwdX] L=48 states=40 -> 48
[DP-bwdX] L=80 states=1 -> 2
[DP-bwdX] L=64 states=207 -> 251
[DP-fwdX] L=48 states=40 -> 48
[DP-bwdX] L=48 states=4 -> 7
[DP-bwdX] L=48 states=4 -> 7
[DP-fwdX] L=48 states=1 -> 2
[DP-fwdX] L=64 states=8 -> 10
[DP-bwdX] L=80 states=1 -> 2
[DP-fwdX] L=64 states=8 -> 10
[DP-bwdX] L=64 states=2 -> 4
[DP-bwdX] L=64 states=2 -> 4
[DP-bwdX] L=80 states=1 -> 2
[DP-bwdX] L=80 states=1 -> 2
[DP-bwdX] L=80 states=1 -> 2
  [Round 98] T_prime=12  T_target=12  HPWL_w=903330  HPWL_eq=693  maxL=17  WNS(T')=-5  WNS*(T)=-5  picked=7  solve_ms=41.6432
[OC-Shortest/pow2] m=9 h=9 SEG=4 bits=36 words=1 threads=24
[DP-fwdX] L=0 states=1 -> 1
[DP-fwdX] L=16 states=171 -> 207
[DP-fwdX] L=32 states=1292 -> 1368
[DP-bwdX] L=80 states=1 -> 2
[DP-bwdX] L=64 states=207 -> 251
[DP-bwdX] L=48 states=1368 -> 1437
[DP-fwdX] L=0 states=1 -> 1
[DP-fwdX] L=16 states=171 -> 207
[DP-bwdX] L=32 states=41 -> 50
[DP-fwdX] L=0 states=1 -> 1
[DP-bwdX] L=16 states=7 -> 8
[DP-fwdX] L=0 states=1 -> 1
[DP-fwdX] L=0 states=1 -> 1
[DP-fwdX] L=0 states=1 -> 1
[DP-bwdX] L=16 states=7 -> 8
[DP-fwdX] L=16 states=3 -> 5
[DP-bwdX] L=32 states=41 -> 50
[DP-fwdX] L=32 states=4 -> 7
[DP-bwdX] L=32 states=1 -> 2
[DP-fwdX] L=32 states=1 -> 2
[DP-fwdX] L=48 states=40 -> 48
[DP-bwdX] L=80 states=1 -> 2
[DP-bwdX] L=64 states=207 -> 251
[DP-fwdX] L=48 states=40 -> 48
[DP-bwdX] L=48 states=4 -> 7
[DP-bwdX] L=48 states=4 -> 7
[DP-fwdX] L=48 states=1 -> 2
[DP-fwdX] L=64 states=8 -> 10
[DP-bwdX] L=80 states=1 -> 2
[DP-fwdX] L=64 states=8 -> 10
[DP-bwdX] L=64 states=2 -> 4
[DP-bwdX] L=64 states=2 -> 4
[DP-bwdX] L=80 states=1 -> 2
[DP-bwdX] L=80 states=1 -> 2
[DP-bwdX] L=80 states=1 -> 2
  [Round 99] T_prime=12  T_target=12  HPWL_w=907499  HPWL_eq=700  maxL=12  WNS(T')=0  WNS*(T)=0  picked=0  solve_ms=41.3132
  [TD] reach target on DP grid: all edges <= T_target.
[Policy] wrote placement to: placement32_Col_1_T_12.txt
[MultiCol] moved base placement to: ./base_placement_32x9_T_12.txt
[MultiCol] parsed base Y entries: 288 (expect 288)
[MultiCol] wrote multi-col placement: placement32_Col_4_T_12.txt
[MultiCol] done. placement=placement32_Col_4_T_12.txt  total_ms=5307.37 ms
