[MultiCol] m=16 h=16 K=2 T=15 rounds=150 policy=soft snake=1 work_dir=.
[MultiCol] exec: build/oc_policy_singlecol 16 8 150 --T=15 --policy=soft --freeze=1 --cap=8 --scale=1000 --dV=1 --pow2=1 --progress=1 --alpha=0.9 --eta=1 --gamma=0.3 --beta=3 --homotopy=1 --sigma=0.8 --shrink=0.9
[Policy] m_full=16 h_full=8 rounds=150 T_target=15 policy=soft+freeze cap=8 scale=1000 freeze=1 homotopy=1 sigma=0.8 shrink=0.9  [fast_ctr: DP on 8x8]
[OC-Shortest/pow2] m=8 h=8 SEG=4 bits=32 words=1 threads=24
[DP-fwdX] L=0 states=1 -> 1
[DP-fwdX] L=16 states=141 -> 164
[DP-bwdX] L=64 states=1 -> 1
[DP-bwdX] L=48 states=141 -> 164
[DP-fwdX] L=0 states=1 -> 1
[DP-bwdX] L=32 states=1 -> 1
[DP-fwdX] L=0 states=1 -> 1
[DP-bwdX] L=16 states=1 -> 2
[DP-fwdX] L=0 states=1 -> 1
[DP-fwdX] L=0 states=1 -> 1
[DP-fwdX] L=0 states=1 -> 1
[DP-bwdX] L=16 states=1 -> 2
[DP-bwdX] L=16 states=1 -> 2
[DP-bwdX] L=16 states=1 -> 2
[DP-fwdX] L=16 states=1 -> 3
[DP-bwdX] L=32 states=1 -> 1
[DP-fwdX] L=16 states=1 -> 3
[DP-fwdX] L=16 states=1 -> 3
[DP-fwdX] L=16 states=1 -> 3
[DP-bwdX] L=32 states=1 -> 1
[DP-bwdX] L=32 states=1 -> 1
[DP-bwdX] L=32 states=1 -> 1
[DP-fwdX] L=32 states=1 -> 1
[DP-bwdX] L=64 states=1 -> 1
[DP-fwdX] L=32 states=1 -> 1
[DP-bwdX] L=48 states=1 -> 3
[DP-fwdX] L=32 states=1 -> 1
[DP-fwdX] L=32 states=1 -> 1
[DP-fwdX] L=32 states=1 -> 1
[DP-bwdX] L=48 states=1 -> 3
[DP-bwdX] L=48 states=1 -> 3
[DP-bwdX] L=48 states=1 -> 3
[DP-fwdX] L=48 states=1 -> 2
[DP-bwdX] L=64 states=1 -> 1
[DP-fwdX] L=48 states=1 -> 2
[DP-fwdX] L=48 states=1 -> 2
[DP-fwdX] L=48 states=1 -> 2
[DP-bwdX] L=64 states=1 -> 1
[DP-bwdX] L=64 states=1 -> 1
[DP-bwdX] L=64 states=1 -> 1
[Init-Homotopy] round1 maxL(dp)=20  set T_prime0=16 (T_target=15)
[RowSwapCTR] expand small 8x8 -> full 16x8  top_rows=4  bot_rows=4  ctr_rows=8  n_full=128
  [Round 1] T_prime=16  T_target=15  HPWL_w=472000  HPWL_eq=472  maxL=23  WNS(T')=-7  WNS*(T)=-8  picked=6  solve_ms=21.3623
[OC-Shortest/pow2] m=8 h=8 SEG=4 bits=32 words=1 threads=24
[DP-fwdX] L=0 states=1 -> 1
[DP-fwdX] L=16 states=141 -> 164
[DP-bwdX] L=64 states=1 -> 1
[DP-bwdX] L=48 states=141 -> 164
[DP-fwdX] L=0 states=1 -> 1
[DP-bwdX] L=32 states=1 -> 1
[DP-fwdX] L=0 states=1 -> 1
[DP-bwdX] L=16 states=1 -> 2
[DP-fwdX] L=0 states=1 -> 1
[DP-fwdX] L=0 states=1 -> 1
[DP-fwdX] L=0 states=1 -> 1
[DP-bwdX] L=16 states=1 -> 2
[DP-bwdX] L=16 states=1 -> 2
[DP-bwdX] L=16 states=1 -> 2
[DP-fwdX] L=16 states=1 -> 3
[DP-bwdX] L=32 states=1 -> 1
[DP-fwdX] L=16 states=1 -> 3
[DP-fwdX] L=16 states=1 -> 3
[DP-fwdX] L=16 states=1 -> 3
[DP-bwdX] L=32 states=1 -> 1
[DP-bwdX] L=32 states=1 -> 1
[DP-bwdX] L=32 states=1 -> 1
[DP-fwdX] L=32 states=1 -> 1
[DP-bwdX] L=64 states=1 -> 1
[DP-fwdX] L=32 states=1 -> 1
[DP-bwdX] L=48 states=1 -> 3
[DP-fwdX] L=32 states=1 -> 1
[DP-fwdX] L=32 states=1 -> 1
[DP-fwdX] L=32 states=1 -> 1
[DP-bwdX] L=48 states=1 -> 3
[DP-bwdX] L=48 states=1 -> 3
[DP-bwdX] L=48 states=1 -> 3
[DP-fwdX] L=48 states=1 -> 2
[DP-bwdX] L=64 states=1 -> 1
[DP-fwdX] L=48 states=1 -> 2
[DP-fwdX] L=48 states=1 -> 2
[DP-fwdX] L=48 states=1 -> 2
[DP-bwdX] L=64 states=1 -> 1
[DP-bwdX] L=64 states=1 -> 1
[DP-bwdX] L=64 states=1 -> 1
[RowSwapCTR] expand small 8x8 -> full 16x8  top_rows=4  bot_rows=4  ctr_rows=8  n_full=128
  [Round 2] T_prime=16  T_target=15  HPWL_w=472222  HPWL_eq=472  maxL=20  WNS(T')=-4  WNS*(T)=-5  picked=6  solve_ms=17.8631
[OC-Shortest/pow2] m=8 h=8 SEG=4 bits=32 words=1 threads=24
[DP-fwdX] L=0 states=1 -> 1
[DP-fwdX] L=16 states=141 -> 164
[DP-bwdX] L=64 states=1 -> 1
[DP-bwdX] L=48 states=141 -> 164
[DP-fwdX] L=0 states=1 -> 1
[DP-bwdX] L=32 states=1 -> 1
[DP-fwdX] L=0 states=1 -> 1
[DP-bwdX] L=16 states=1 -> 2
[DP-fwdX] L=0 states=1 -> 1
[DP-fwdX] L=0 states=1 -> 1
[DP-fwdX] L=0 states=1 -> 1
[DP-bwdX] L=16 states=1 -> 2
[DP-bwdX] L=16 states=1 -> 2
[DP-bwdX] L=16 states=1 -> 2
[DP-fwdX] L=16 states=1 -> 3
[DP-bwdX] L=32 states=1 -> 1
[DP-fwdX] L=16 states=1 -> 3
[DP-fwdX] L=16 states=1 -> 3
[DP-fwdX] L=16 states=1 -> 3
[DP-bwdX] L=32 states=1 -> 1
[DP-bwdX] L=32 states=1 -> 1
[DP-bwdX] L=32 states=1 -> 1
[DP-fwdX] L=32 states=1 -> 1
[DP-bwdX] L=64 states=1 -> 1
[DP-fwdX] L=32 states=1 -> 1
[DP-bwdX] L=48 states=1 -> 3
[DP-fwdX] L=32 states=1 -> 1
[DP-fwdX] L=32 states=1 -> 1
[DP-fwdX] L=32 states=1 -> 1
[DP-bwdX] L=48 states=1 -> 3
[DP-bwdX] L=48 states=1 -> 3
[DP-bwdX] L=48 states=1 -> 3
[DP-fwdX] L=48 states=1 -> 2
[DP-bwdX] L=64 states=1 -> 1
[DP-fwdX] L=48 states=1 -> 2
[DP-fwdX] L=48 states=1 -> 2
[DP-fwdX] L=48 states=1 -> 2
[DP-bwdX] L=64 states=1 -> 1
[DP-bwdX] L=64 states=1 -> 1
[DP-bwdX] L=64 states=1 -> 1
[RowSwapCTR] expand small 8x8 -> full 16x8  top_rows=4  bot_rows=4  ctr_rows=8  n_full=128
  [Round 3] T_prime=16  T_target=15  HPWL_w=473704  HPWL_eq=472  maxL=23  WNS(T')=-7  WNS*(T)=-8  picked=6  solve_ms=18.5246
[OC-Shortest/pow2] m=8 h=8 SEG=4 bits=32 words=1 threads=24
[DP-fwdX] L=0 states=1 -> 1
[DP-fwdX] L=16 states=141 -> 164
[DP-bwdX] L=64 states=1 -> 1
[DP-bwdX] L=48 states=141 -> 164
[DP-fwdX] L=0 states=1 -> 1
[DP-bwdX] L=32 states=1 -> 1
[DP-fwdX] L=0 states=1 -> 1
[DP-bwdX] L=16 states=1 -> 2
[DP-fwdX] L=0 states=1 -> 1
[DP-fwdX] L=0 states=1 -> 1
[DP-fwdX] L=0 states=1 -> 1
[DP-bwdX] L=16 states=1 -> 2
[DP-bwdX] L=16 states=1 -> 2
[DP-bwdX] L=16 states=1 -> 2
[DP-fwdX] L=16 states=1 -> 3
[DP-bwdX] L=32 states=1 -> 1
[DP-fwdX] L=16 states=1 -> 3
[DP-fwdX] L=16 states=1 -> 3
[DP-fwdX] L=16 states=1 -> 3
[DP-bwdX] L=32 states=1 -> 1
[DP-bwdX] L=32 states=1 -> 1
[DP-bwdX] L=32 states=1 -> 1
[DP-fwdX] L=32 states=1 -> 1
[DP-bwdX] L=64 states=1 -> 1
[DP-fwdX] L=32 states=1 -> 1
[DP-bwdX] L=48 states=1 -> 3
[DP-fwdX] L=32 states=1 -> 1
[DP-fwdX] L=32 states=1 -> 1
[DP-fwdX] L=32 states=1 -> 1
[DP-bwdX] L=48 states=1 -> 3
[DP-bwdX] L=48 states=1 -> 3
[DP-bwdX] L=48 states=1 -> 3
[DP-fwdX] L=48 states=1 -> 2
[DP-bwdX] L=64 states=1 -> 1
[DP-fwdX] L=48 states=1 -> 2
[DP-fwdX] L=48 states=1 -> 2
[DP-fwdX] L=48 states=1 -> 2
[DP-bwdX] L=64 states=1 -> 1
[DP-bwdX] L=64 states=1 -> 1
[DP-bwdX] L=64 states=1 -> 1
[RowSwapCTR] expand small 8x8 -> full 16x8  top_rows=4  bot_rows=4  ctr_rows=8  n_full=128
  [Round 4] T_prime=16  T_target=15  HPWL_w=474380  HPWL_eq=472  maxL=20  WNS(T')=-4  WNS*(T)=-5  picked=6  solve_ms=17.8517
[OC-Shortest/pow2] m=8 h=8 SEG=4 bits=32 words=1 threads=24
[DP-fwdX] L=0 states=1 -> 1
[DP-fwdX] L=16 states=141 -> 164
[DP-bwdX] L=64 states=1 -> 1
[DP-bwdX] L=48 states=141 -> 164
[DP-fwdX] L=0 states=1 -> 1
[DP-bwdX] L=32 states=1 -> 1
[DP-fwdX] L=0 states=1 -> 1
[DP-bwdX] L=16 states=1 -> 2
[DP-fwdX] L=0 states=1 -> 1
[DP-fwdX] L=0 states=1 -> 1
[DP-fwdX] L=0 states=1 -> 1
[DP-bwdX] L=16 states=1 -> 2
[DP-bwdX] L=16 states=1 -> 2
[DP-bwdX] L=16 states=1 -> 2
[DP-fwdX] L=16 states=1 -> 3
[DP-bwdX] L=32 states=1 -> 1
[DP-fwdX] L=16 states=1 -> 3
[DP-fwdX] L=16 states=1 -> 3
[DP-fwdX] L=16 states=1 -> 3
[DP-bwdX] L=32 states=1 -> 1
[DP-bwdX] L=32 states=1 -> 1
[DP-bwdX] L=32 states=1 -> 1
[DP-fwdX] L=32 states=1 -> 1
[DP-bwdX] L=64 states=1 -> 1
[DP-fwdX] L=32 states=1 -> 1
[DP-bwdX] L=48 states=1 -> 3
[DP-fwdX] L=32 states=1 -> 1
[DP-fwdX] L=32 states=1 -> 1
[DP-fwdX] L=32 states=1 -> 1
[DP-bwdX] L=48 states=1 -> 3
[DP-bwdX] L=48 states=1 -> 3
[DP-bwdX] L=48 states=1 -> 3
[DP-fwdX] L=48 states=1 -> 2
[DP-bwdX] L=64 states=1 -> 1
[DP-fwdX] L=48 states=1 -> 2
[DP-fwdX] L=48 states=1 -> 2
[DP-fwdX] L=48 states=1 -> 2
[DP-bwdX] L=64 states=1 -> 1
[DP-bwdX] L=64 states=1 -> 1
[DP-bwdX] L=64 states=1 -> 1
[RowSwapCTR] expand small 8x8 -> full 16x8  top_rows=4  bot_rows=4  ctr_rows=8  n_full=128
  [Round 5] T_prime=16  T_target=15  HPWL_w=477030  HPWL_eq=472  maxL=23  WNS(T')=-7  WNS*(T)=-8  picked=6  solve_ms=17.8408
[OC-Shortest/pow2] m=8 h=8 SEG=4 bits=32 words=1 threads=24
[DP-fwdX] L=0 states=1 -> 1
[DP-fwdX] L=16 states=141 -> 164
[DP-bwdX] L=64 states=1 -> 1
[DP-bwdX] L=48 states=141 -> 164
[DP-fwdX] L=0 states=1 -> 1
[DP-bwdX] L=32 states=1 -> 1
[DP-fwdX] L=0 states=1 -> 1
[DP-bwdX] L=16 states=1 -> 2
[DP-fwdX] L=0 states=1 -> 1
[DP-fwdX] L=0 states=1 -> 1
[DP-fwdX] L=0 states=1 -> 1
[DP-bwdX] L=16 states=1 -> 2
[DP-bwdX] L=16 states=1 -> 2
[DP-bwdX] L=16 states=1 -> 2
[DP-fwdX] L=16 states=1 -> 3
[DP-bwdX] L=32 states=1 -> 1
[DP-fwdX] L=16 states=1 -> 3
[DP-fwdX] L=16 states=1 -> 3
[DP-fwdX] L=16 states=1 -> 3
[DP-bwdX] L=32 states=1 -> 1
[DP-bwdX] L=32 states=1 -> 1
[DP-bwdX] L=32 states=1 -> 1
[DP-fwdX] L=32 states=1 -> 1
[DP-bwdX] L=64 states=1 -> 1
[DP-fwdX] L=32 states=1 -> 1
[DP-bwdX] L=48 states=1 -> 3
[DP-fwdX] L=32 states=1 -> 1
[DP-fwdX] L=32 states=1 -> 1
[DP-fwdX] L=32 states=1 -> 1
[DP-bwdX] L=48 states=1 -> 3
[DP-bwdX] L=48 states=1 -> 3
[DP-bwdX] L=48 states=1 -> 3
[DP-fwdX] L=48 states=1 -> 2
[DP-bwdX] L=64 states=1 -> 1
[DP-fwdX] L=48 states=1 -> 2
[DP-fwdX] L=48 states=1 -> 2
[DP-fwdX] L=48 states=1 -> 2
[DP-bwdX] L=64 states=1 -> 1
[DP-bwdX] L=64 states=1 -> 1
[DP-bwdX] L=64 states=1 -> 1
[RowSwapCTR] expand small 8x8 -> full 16x8  top_rows=4  bot_rows=4  ctr_rows=8  n_full=128
  [Round 6] T_prime=16  T_target=15  HPWL_w=478120  HPWL_eq=472  maxL=20  WNS(T')=-4  WNS*(T)=-5  picked=6  solve_ms=17.7092
[OC-Shortest/pow2] m=8 h=8 SEG=4 bits=32 words=1 threads=24
[DP-fwdX] L=0 states=1 -> 1
[DP-fwdX] L=16 states=141 -> 164
[DP-bwdX] L=64 states=1 -> 1
[DP-bwdX] L=48 states=141 -> 164
[DP-fwdX] L=0 states=1 -> 1
[DP-bwdX] L=32 states=1 -> 1
[DP-fwdX] L=0 states=1 -> 1
[DP-bwdX] L=16 states=1 -> 1
[DP-fwdX] L=0 states=1 -> 1
[DP-fwdX] L=0 states=1 -> 1
[DP-fwdX] L=0 states=1 -> 1
[DP-bwdX] L=16 states=1 -> 1
[DP-bwdX] L=16 states=1 -> 1
[DP-bwdX] L=16 states=1 -> 1
[DP-fwdX] L=16 states=1 -> 1
[DP-bwdX] L=32 states=1 -> 1
[DP-fwdX] L=16 states=1 -> 1
[DP-fwdX] L=16 states=1 -> 1
[DP-fwdX] L=16 states=1 -> 1
[DP-bwdX] L=32 states=1 -> 1
[DP-bwdX] L=32 states=1 -> 1
[DP-bwdX] L=32 states=1 -> 1
[DP-fwdX] L=32 states=1 -> 1
[DP-bwdX] L=64 states=1 -> 1
[DP-fwdX] L=32 states=1 -> 1
[DP-bwdX] L=48 states=1 -> 1
[DP-fwdX] L=32 states=1 -> 1
[DP-fwdX] L=32 states=1 -> 1
[DP-fwdX] L=32 states=1 -> 1
[DP-bwdX] L=48 states=1 -> 1
[DP-bwdX] L=48 states=1 -> 1
[DP-bwdX] L=48 states=1 -> 1
[DP-fwdX] L=48 states=1 -> 1
[DP-bwdX] L=64 states=1 -> 1
[DP-fwdX] L=48 states=1 -> 1
[DP-fwdX] L=48 states=1 -> 1
[DP-fwdX] L=48 states=1 -> 1
[DP-bwdX] L=64 states=1 -> 1
[DP-bwdX] L=64 states=1 -> 1
[DP-bwdX] L=64 states=1 -> 1
[RowSwapCTR] expand small 8x8 -> full 16x8  top_rows=4  bot_rows=4  ctr_rows=8  n_full=128
  [Round 7] T_prime=16  T_target=15  HPWL_w=480336  HPWL_eq=476  maxL=26  WNS(T')=-10  WNS*(T)=-11  picked=0  solve_ms=17.7868
    [Tighten] T_prime: 16 -> 15 (sigma*maxL(dp)=12, shrink=15)  | cold-start: reset inertia
[OC-Shortest/pow2] m=8 h=8 SEG=4 bits=32 words=1 threads=24
[DP-fwdX] L=0 states=1 -> 1
[DP-fwdX] L=16 states=141 -> 164
[DP-bwdX] L=64 states=1 -> 1
[DP-bwdX] L=48 states=141 -> 164
[DP-fwdX] L=0 states=1 -> 1
[DP-bwdX] L=32 states=1 -> 1
[DP-fwdX] L=0 states=1 -> 1
[DP-bwdX] L=16 states=1 -> 1
[DP-fwdX] L=0 states=1 -> 1
[DP-fwdX] L=0 states=1 -> 1
[DP-fwdX] L=0 states=1 -> 1
[DP-bwdX] L=16 states=1 -> 1
[DP-bwdX] L=16 states=1 -> 1
[DP-bwdX] L=16 states=1 -> 1
[DP-fwdX] L=16 states=1 -> 1
[DP-bwdX] L=32 states=1 -> 1
[DP-fwdX] L=16 states=1 -> 1
[DP-fwdX] L=16 states=1 -> 1
[DP-fwdX] L=16 states=1 -> 1
[DP-bwdX] L=32 states=1 -> 1
[DP-bwdX] L=32 states=1 -> 1
[DP-bwdX] L=32 states=1 -> 1
[DP-fwdX] L=32 states=1 -> 1
[DP-bwdX] L=64 states=1 -> 1
[DP-fwdX] L=32 states=1 -> 1
[DP-bwdX] L=48 states=1 -> 1
[DP-fwdX] L=32 states=1 -> 1
[DP-fwdX] L=32 states=1 -> 1
[DP-fwdX] L=32 states=1 -> 1
[DP-bwdX] L=48 states=1 -> 1
[DP-bwdX] L=48 states=1 -> 1
[DP-bwdX] L=48 states=1 -> 1
[DP-fwdX] L=48 states=1 -> 1
[DP-bwdX] L=64 states=1 -> 1
[DP-fwdX] L=48 states=1 -> 1
[DP-fwdX] L=48 states=1 -> 1
[DP-fwdX] L=48 states=1 -> 1
[DP-bwdX] L=64 states=1 -> 1
[DP-bwdX] L=64 states=1 -> 1
[DP-bwdX] L=64 states=1 -> 1
[RowSwapCTR] expand small 8x8 -> full 16x8  top_rows=4  bot_rows=4  ctr_rows=8  n_full=128
  [Round 8] T_prime=15  T_target=15  HPWL_w=480336  HPWL_eq=476  maxL=26  WNS(T')=-11  WNS*(T)=-11  picked=0  solve_ms=16.9073
[OC-Shortest/pow2] m=8 h=8 SEG=4 bits=32 words=1 threads=24
[DP-fwdX] L=0 states=1 -> 1
[DP-fwdX] L=16 states=141 -> 164
[DP-bwdX] L=64 states=1 -> 1
[DP-bwdX] L=48 states=141 -> 164
[DP-fwdX] L=0 states=1 -> 1
[DP-bwdX] L=32 states=1 -> 1
[DP-fwdX] L=0 states=1 -> 1
[DP-bwdX] L=16 states=1 -> 1
[DP-fwdX] L=0 states=1 -> 1
[DP-fwdX] L=0 states=1 -> 1
[DP-fwdX] L=0 states=1 -> 1
[DP-bwdX] L=16 states=1 -> 1
[DP-bwdX] L=16 states=1 -> 1
[DP-bwdX] L=16 states=1 -> 1
[DP-fwdX] L=16 states=1 -> 1
[DP-bwdX] L=32 states=1 -> 1
[DP-fwdX] L=16 states=1 -> 1
[DP-fwdX] L=16 states=1 -> 1
[DP-fwdX] L=16 states=1 -> 1
[DP-bwdX] L=32 states=1 -> 1
[DP-bwdX] L=32 states=1 -> 1
[DP-bwdX] L=32 states=1 -> 1
[DP-fwdX] L=32 states=1 -> 1
[DP-bwdX] L=64 states=1 -> 1
[DP-fwdX] L=32 states=1 -> 1
[DP-bwdX] L=48 states=1 -> 1
[DP-fwdX] L=32 states=1 -> 1
[DP-fwdX] L=32 states=1 -> 1
[DP-fwdX] L=32 states=1 -> 1
[DP-bwdX] L=48 states=1 -> 1
[DP-bwdX] L=48 states=1 -> 1
[DP-bwdX] L=48 states=1 -> 1
[DP-fwdX] L=48 states=1 -> 1
[DP-bwdX] L=64 states=1 -> 1
[DP-fwdX] L=48 states=1 -> 1
[DP-fwdX] L=48 states=1 -> 1
[DP-fwdX] L=48 states=1 -> 1
[DP-bwdX] L=64 states=1 -> 1
[DP-bwdX] L=64 states=1 -> 1
[DP-bwdX] L=64 states=1 -> 1
[RowSwapCTR] expand small 8x8 -> full 16x8  top_rows=4  bot_rows=4  ctr_rows=8  n_full=128
  [Round 9] T_prime=15  T_target=15  HPWL_w=480336  HPWL_eq=476  maxL=26  WNS(T')=-11  WNS*(T)=-11  picked=0  solve_ms=17.0218
[OC-Shortest/pow2] m=8 h=8 SEG=4 bits=32 words=1 threads=24
[DP-fwdX] L=0 states=1 -> 1
[DP-fwdX] L=16 states=141 -> 164
[DP-bwdX] L=64 states=1 -> 1
[DP-bwdX] L=48 states=141 -> 164
[DP-fwdX] L=0 states=1 -> 1
[DP-bwdX] L=32 states=1 -> 1
[DP-fwdX] L=0 states=1 -> 1
[DP-bwdX] L=16 states=1 -> 1
[DP-fwdX] L=0 states=1 -> 1
[DP-fwdX] L=0 states=1 -> 1
[DP-fwdX] L=0 states=1 -> 1
[DP-bwdX] L=16 states=1 -> 1
[DP-bwdX] L=16 states=1 -> 1
[DP-bwdX] L=16 states=1 -> 1
[DP-fwdX] L=16 states=1 -> 1
[DP-bwdX] L=32 states=1 -> 1
[DP-fwdX] L=16 states=1 -> 1
[DP-fwdX] L=16 states=1 -> 1
[DP-fwdX] L=16 states=1 -> 1
[DP-bwdX] L=32 states=1 -> 1
[DP-bwdX] L=32 states=1 -> 1
[DP-bwdX] L=32 states=1 -> 1
[DP-fwdX] L=32 states=1 -> 1
[DP-bwdX] L=64 states=1 -> 1
[DP-fwdX] L=32 states=1 -> 1
[DP-bwdX] L=48 states=1 -> 1
[DP-fwdX] L=32 states=1 -> 1
[DP-fwdX] L=32 states=1 -> 1
[DP-fwdX] L=32 states=1 -> 1
[DP-bwdX] L=48 states=1 -> 1
[DP-bwdX] L=48 states=1 -> 1
[DP-bwdX] L=48 states=1 -> 1
[DP-fwdX] L=48 states=1 -> 1
[DP-bwdX] L=64 states=1 -> 1
[DP-fwdX] L=48 states=1 -> 1
[DP-fwdX] L=48 states=1 -> 1
[DP-fwdX] L=48 states=1 -> 1
[DP-bwdX] L=64 states=1 -> 1
[DP-bwdX] L=64 states=1 -> 1
[DP-bwdX] L=64 states=1 -> 1
[RowSwapCTR] expand small 8x8 -> full 16x8  top_rows=4  bot_rows=4  ctr_rows=8  n_full=128
  [Round 10] T_prime=15  T_target=15  HPWL_w=480336  HPWL_eq=476  maxL=26  WNS(T')=-11  WNS*(T)=-11  picked=0  solve_ms=16.8912
[OC-Shortest/pow2] m=8 h=8 SEG=4 bits=32 words=1 threads=24
[DP-fwdX] L=0 states=1 -> 1
[DP-fwdX] L=16 states=141 -> 164
[DP-bwdX] L=64 states=1 -> 1
[DP-bwdX] L=48 states=141 -> 164
[DP-fwdX] L=0 states=1 -> 1
[DP-bwdX] L=32 states=1 -> 1
[DP-fwdX] L=0 states=1 -> 1
[DP-bwdX] L=16 states=1 -> 1
[DP-fwdX] L=0 states=1 -> 1
[DP-fwdX] L=0 states=1 -> 1
[DP-fwdX] L=0 states=1 -> 1
[DP-bwdX] L=16 states=1 -> 1
[DP-bwdX] L=16 states=1 -> 1
[DP-bwdX] L=16 states=1 -> 1
[DP-fwdX] L=16 states=1 -> 1
[DP-bwdX] L=32 states=1 -> 1
[DP-fwdX] L=16 states=1 -> 1
[DP-fwdX] L=16 states=1 -> 1
[DP-fwdX] L=16 states=1 -> 1
[DP-bwdX] L=32 states=1 -> 1
[DP-bwdX] L=32 states=1 -> 1
[DP-bwdX] L=32 states=1 -> 1
[DP-fwdX] L=32 states=1 -> 1
[DP-bwdX] L=64 states=1 -> 1
[DP-fwdX] L=32 states=1 -> 1
[DP-bwdX] L=48 states=1 -> 1
[DP-fwdX] L=32 states=1 -> 1
[DP-fwdX] L=32 states=1 -> 1
[DP-fwdX] L=32 states=1 -> 1
[DP-bwdX] L=48 states=1 -> 1
[DP-bwdX] L=48 states=1 -> 1
[DP-bwdX] L=48 states=1 -> 1
[DP-fwdX] L=48 states=1 -> 1
[DP-bwdX] L=64 states=1 -> 1
[DP-fwdX] L=48 states=1 -> 1
[DP-fwdX] L=48 states=1 -> 1
[DP-fwdX] L=48 states=1 -> 1
[DP-bwdX] L=64 states=1 -> 1
[DP-bwdX] L=64 states=1 -> 1
[DP-bwdX] L=64 states=1 -> 1
[RowSwapCTR] expand small 8x8 -> full 16x8  top_rows=4  bot_rows=4  ctr_rows=8  n_full=128
  [Round 11] T_prime=15  T_target=15  HPWL_w=480336  HPWL_eq=476  maxL=26  WNS(T')=-11  WNS*(T)=-11  picked=0  solve_ms=17.0772
[OC-Shortest/pow2] m=8 h=8 SEG=4 bits=32 words=1 threads=24
[DP-fwdX] L=0 states=1 -> 1
[DP-fwdX] L=16 states=141 -> 164
[DP-bwdX] L=64 states=1 -> 1
[DP-bwdX] L=48 states=141 -> 164
[DP-fwdX] L=0 states=1 -> 1
[DP-bwdX] L=32 states=1 -> 1
[DP-fwdX] L=0 states=1 -> 1
[DP-bwdX] L=16 states=1 -> 1
[DP-fwdX] L=0 states=1 -> 1
[DP-fwdX] L=0 states=1 -> 1
[DP-fwdX] L=0 states=1 -> 1
[DP-bwdX] L=16 states=1 -> 1
[DP-bwdX] L=16 states=1 -> 1
[DP-bwdX] L=16 states=1 -> 1
[DP-fwdX] L=16 states=1 -> 1
[DP-bwdX] L=32 states=1 -> 1
[DP-fwdX] L=16 states=1 -> 1
[DP-fwdX] L=16 states=1 -> 1
[DP-fwdX] L=16 states=1 -> 1
[DP-bwdX] L=32 states=1 -> 1
[DP-bwdX] L=32 states=1 -> 1
[DP-bwdX] L=32 states=1 -> 1
[DP-fwdX] L=32 states=1 -> 1
[DP-bwdX] L=64 states=1 -> 1
[DP-fwdX] L=32 states=1 -> 1
[DP-bwdX] L=48 states=1 -> 1
[DP-fwdX] L=32 states=1 -> 1
[DP-fwdX] L=32 states=1 -> 1
[DP-fwdX] L=32 states=1 -> 1
[DP-bwdX] L=48 states=1 -> 1
[DP-bwdX] L=48 states=1 -> 1
[DP-bwdX] L=48 states=1 -> 1
[DP-fwdX] L=48 states=1 -> 1
[DP-bwdX] L=64 states=1 -> 1
[DP-fwdX] L=48 states=1 -> 1
[DP-fwdX] L=48 states=1 -> 1
[DP-fwdX] L=48 states=1 -> 1
[DP-bwdX] L=64 states=1 -> 1
[DP-bwdX] L=64 states=1 -> 1
[DP-bwdX] L=64 states=1 -> 1
[RowSwapCTR] expand small 8x8 -> full 16x8  top_rows=4  bot_rows=4  ctr_rows=8  n_full=128
  [Round 12] T_prime=15  T_target=15  HPWL_w=480336  HPWL_eq=476  maxL=26  WNS(T')=-11  WNS*(T)=-11  picked=0  solve_ms=16.8867
[OC-Shortest/pow2] m=8 h=8 SEG=4 bits=32 words=1 threads=24
[DP-fwdX] L=0 states=1 -> 1
[DP-fwdX] L=16 states=141 -> 164
[DP-bwdX] L=64 states=1 -> 1
[DP-bwdX] L=48 states=141 -> 164
[DP-fwdX] L=0 states=1 -> 1
[DP-bwdX] L=32 states=1 -> 1
[DP-fwdX] L=0 states=1 -> 1
[DP-bwdX] L=16 states=1 -> 1
[DP-fwdX] L=0 states=1 -> 1
[DP-fwdX] L=0 states=1 -> 1
[DP-fwdX] L=0 states=1 -> 1
[DP-bwdX] L=16 states=1 -> 1
[DP-bwdX] L=16 states=1 -> 1
[DP-bwdX] L=16 states=1 -> 1
[DP-fwdX] L=16 states=1 -> 1
[DP-bwdX] L=32 states=1 -> 1
[DP-fwdX] L=16 states=1 -> 1
[DP-fwdX] L=16 states=1 -> 1
[DP-fwdX] L=16 states=1 -> 1
[DP-bwdX] L=32 states=1 -> 1
[DP-bwdX] L=32 states=1 -> 1
[DP-bwdX] L=32 states=1 -> 1
[DP-fwdX] L=32 states=1 -> 1
[DP-bwdX] L=64 states=1 -> 1
[DP-fwdX] L=32 states=1 -> 1
[DP-bwdX] L=48 states=1 -> 1
[DP-fwdX] L=32 states=1 -> 1
[DP-fwdX] L=32 states=1 -> 1
[DP-fwdX] L=32 states=1 -> 1
[DP-bwdX] L=48 states=1 -> 1
[DP-bwdX] L=48 states=1 -> 1
[DP-bwdX] L=48 states=1 -> 1
[DP-fwdX] L=48 states=1 -> 1
[DP-bwdX] L=64 states=1 -> 1
[DP-fwdX] L=48 states=1 -> 1
[DP-fwdX] L=48 states=1 -> 1
[DP-fwdX] L=48 states=1 -> 1
[DP-bwdX] L=64 states=1 -> 1
[DP-bwdX] L=64 states=1 -> 1
[DP-bwdX] L=64 states=1 -> 1
[RowSwapCTR] expand small 8x8 -> full 16x8  top_rows=4  bot_rows=4  ctr_rows=8  n_full=128
  [Round 13] T_prime=15  T_target=15  HPWL_w=480336  HPWL_eq=476  maxL=26  WNS(T')=-11  WNS*(T)=-11  picked=0  solve_ms=16.9099
[OC-Shortest/pow2] m=8 h=8 SEG=4 bits=32 words=1 threads=24
[DP-fwdX] L=0 states=1 -> 1
[DP-fwdX] L=16 states=141 -> 164
[DP-bwdX] L=64 states=1 -> 1
[DP-bwdX] L=48 states=141 -> 164
[DP-fwdX] L=0 states=1 -> 1
[DP-bwdX] L=32 states=1 -> 1
[DP-fwdX] L=0 states=1 -> 1
[DP-bwdX] L=16 states=1 -> 1
[DP-fwdX] L=0 states=1 -> 1
[DP-fwdX] L=0 states=1 -> 1
[DP-fwdX] L=0 states=1 -> 1
[DP-bwdX] L=16 states=1 -> 1
[DP-bwdX] L=16 states=1 -> 1
[DP-bwdX] L=16 states=1 -> 1
[DP-fwdX] L=16 states=1 -> 1
[DP-bwdX] L=32 states=1 -> 1
[DP-fwdX] L=16 states=1 -> 1
[DP-fwdX] L=16 states=1 -> 1
[DP-fwdX] L=16 states=1 -> 1
[DP-bwdX] L=32 states=1 -> 1
[DP-bwdX] L=32 states=1 -> 1
[DP-bwdX] L=32 states=1 -> 1
[DP-fwdX] L=32 states=1 -> 1
[DP-bwdX] L=64 states=1 -> 1
[DP-fwdX] L=32 states=1 -> 1
[DP-bwdX] L=48 states=1 -> 1
[DP-fwdX] L=32 states=1 -> 1
[DP-fwdX] L=32 states=1 -> 1
[DP-fwdX] L=32 states=1 -> 1
[DP-bwdX] L=48 states=1 -> 1
[DP-bwdX] L=48 states=1 -> 1
[DP-bwdX] L=48 states=1 -> 1
[DP-fwdX] L=48 states=1 -> 1
[DP-bwdX] L=64 states=1 -> 1
[DP-fwdX] L=48 states=1 -> 1
[DP-fwdX] L=48 states=1 -> 1
[DP-fwdX] L=48 states=1 -> 1
[DP-bwdX] L=64 states=1 -> 1
[DP-bwdX] L=64 states=1 -> 1
[DP-bwdX] L=64 states=1 -> 1
[RowSwapCTR] expand small 8x8 -> full 16x8  top_rows=4  bot_rows=4  ctr_rows=8  n_full=128
  [Round 14] T_prime=15  T_target=15  HPWL_w=480336  HPWL_eq=476  maxL=26  WNS(T')=-11  WNS*(T)=-11  picked=0  solve_ms=16.8735
[OC-Shortest/pow2] m=8 h=8 SEG=4 bits=32 words=1 threads=24
[DP-fwdX] L=0 states=1 -> 1
[DP-fwdX] L=16 states=141 -> 164
[DP-bwdX] L=64 states=1 -> 1
[DP-bwdX] L=48 states=141 -> 164
[DP-fwdX] L=0 states=1 -> 1
[DP-bwdX] L=32 states=1 -> 1
[DP-fwdX] L=0 states=1 -> 1
[DP-bwdX] L=16 states=1 -> 1
[DP-fwdX] L=0 states=1 -> 1
[DP-fwdX] L=0 states=1 -> 1
[DP-fwdX] L=0 states=1 -> 1
[DP-bwdX] L=16 states=1 -> 1
[DP-bwdX] L=16 states=1 -> 1
[DP-bwdX] L=16 states=1 -> 1
[DP-fwdX] L=16 states=1 -> 1
[DP-bwdX] L=32 states=1 -> 1
[DP-fwdX] L=16 states=1 -> 1
[DP-fwdX] L=16 states=1 -> 1
[DP-fwdX] L=16 states=1 -> 1
[DP-bwdX] L=32 states=1 -> 1
[DP-bwdX] L=32 states=1 -> 1
[DP-bwdX] L=32 states=1 -> 1
[DP-fwdX] L=32 states=1 -> 1
[DP-bwdX] L=64 states=1 -> 1
[DP-fwdX] L=32 states=1 -> 1
[DP-bwdX] L=48 states=1 -> 1
[DP-fwdX] L=32 states=1 -> 1
[DP-fwdX] L=32 states=1 -> 1
[DP-fwdX] L=32 states=1 -> 1
[DP-bwdX] L=48 states=1 -> 1
[DP-bwdX] L=48 states=1 -> 1
[DP-bwdX] L=48 states=1 -> 1
[DP-fwdX] L=48 states=1 -> 1
[DP-bwdX] L=64 states=1 -> 1
[DP-fwdX] L=48 states=1 -> 1
[DP-fwdX] L=48 states=1 -> 1
[DP-fwdX] L=48 states=1 -> 1
[DP-bwdX] L=64 states=1 -> 1
[DP-bwdX] L=64 states=1 -> 1
[DP-bwdX] L=64 states=1 -> 1
[RowSwapCTR] expand small 8x8 -> full 16x8  top_rows=4  bot_rows=4  ctr_rows=8  n_full=128
  [Round 15] T_prime=15  T_target=15  HPWL_w=480336  HPWL_eq=476  maxL=26  WNS(T')=-11  WNS*(T)=-11  picked=0  solve_ms=16.9144
[OC-Shortest/pow2] m=8 h=8 SEG=4 bits=32 words=1 threads=24
[DP-fwdX] L=0 states=1 -> 1
[DP-fwdX] L=16 states=141 -> 164
[DP-bwdX] L=64 states=1 -> 1
[DP-bwdX] L=48 states=141 -> 164
[DP-fwdX] L=0 states=1 -> 1
[DP-bwdX] L=32 states=1 -> 1
[DP-fwdX] L=0 states=1 -> 1
[DP-bwdX] L=16 states=1 -> 1
[DP-fwdX] L=0 states=1 -> 1
[DP-fwdX] L=0 states=1 -> 1
[DP-fwdX] L=0 states=1 -> 1
[DP-bwdX] L=16 states=1 -> 1
[DP-bwdX] L=16 states=1 -> 1
[DP-bwdX] L=16 states=1 -> 1
[DP-fwdX] L=16 states=1 -> 1
[DP-bwdX] L=32 states=1 -> 1
[DP-fwdX] L=16 states=1 -> 1
[DP-fwdX] L=16 states=1 -> 1
[DP-fwdX] L=16 states=1 -> 1
[DP-bwdX] L=32 states=1 -> 1
[DP-bwdX] L=32 states=1 -> 1
[DP-bwdX] L=32 states=1 -> 1
[DP-fwdX] L=32 states=1 -> 1
[DP-bwdX] L=64 states=1 -> 1
[DP-fwdX] L=32 states=1 -> 1
[DP-bwdX] L=48 states=1 -> 1
[DP-fwdX] L=32 states=1 -> 1
[DP-fwdX] L=32 states=1 -> 1
[DP-fwdX] L=32 states=1 -> 1
[DP-bwdX] L=48 states=1 -> 1
[DP-bwdX] L=48 states=1 -> 1
[DP-bwdX] L=48 states=1 -> 1
[DP-fwdX] L=48 states=1 -> 1
[DP-bwdX] L=64 states=1 -> 1
[DP-fwdX] L=48 states=1 -> 1
[DP-fwdX] L=48 states=1 -> 1
[DP-fwdX] L=48 states=1 -> 1
[DP-bwdX] L=64 states=1 -> 1
[DP-bwdX] L=64 states=1 -> 1
[DP-bwdX] L=64 states=1 -> 1
[RowSwapCTR] expand small 8x8 -> full 16x8  top_rows=4  bot_rows=4  ctr_rows=8  n_full=128
  [Round 16] T_prime=15  T_target=15  HPWL_w=480336  HPWL_eq=476  maxL=26  WNS(T')=-11  WNS*(T)=-11  picked=0  solve_ms=16.8855
[OC-Shortest/pow2] m=8 h=8 SEG=4 bits=32 words=1 threads=24
[DP-fwdX] L=0 states=1 -> 1
[DP-fwdX] L=16 states=141 -> 164
[DP-bwdX] L=64 states=1 -> 1
[DP-bwdX] L=48 states=141 -> 164
[DP-fwdX] L=0 states=1 -> 1
[DP-bwdX] L=32 states=1 -> 1
[DP-fwdX] L=0 states=1 -> 1
[DP-bwdX] L=16 states=1 -> 1
[DP-fwdX] L=0 states=1 -> 1
[DP-fwdX] L=0 states=1 -> 1
[DP-fwdX] L=0 states=1 -> 1
[DP-bwdX] L=16 states=1 -> 1
[DP-bwdX] L=16 states=1 -> 1
[DP-bwdX] L=16 states=1 -> 1
[DP-fwdX] L=16 states=1 -> 1
[DP-bwdX] L=32 states=1 -> 1
[DP-fwdX] L=16 states=1 -> 1
[DP-fwdX] L=16 states=1 -> 1
[DP-fwdX] L=16 states=1 -> 1
[DP-bwdX] L=32 states=1 -> 1
[DP-bwdX] L=32 states=1 -> 1
[DP-bwdX] L=32 states=1 -> 1
[DP-fwdX] L=32 states=1 -> 1
[DP-bwdX] L=64 states=1 -> 1
[DP-fwdX] L=32 states=1 -> 1
[DP-bwdX] L=48 states=1 -> 1
[DP-fwdX] L=32 states=1 -> 1
[DP-fwdX] L=32 states=1 -> 1
[DP-fwdX] L=32 states=1 -> 1
[DP-bwdX] L=48 states=1 -> 1
[DP-bwdX] L=48 states=1 -> 1
[DP-bwdX] L=48 states=1 -> 1
[DP-fwdX] L=48 states=1 -> 1
[DP-bwdX] L=64 states=1 -> 1
[DP-fwdX] L=48 states=1 -> 1
[DP-fwdX] L=48 states=1 -> 1
[DP-fwdX] L=48 states=1 -> 1
[DP-bwdX] L=64 states=1 -> 1
[DP-bwdX] L=64 states=1 -> 1
[DP-bwdX] L=64 states=1 -> 1
[RowSwapCTR] expand small 8x8 -> full 16x8  top_rows=4  bot_rows=4  ctr_rows=8  n_full=128
  [Round 17] T_prime=15  T_target=15  HPWL_w=480336  HPWL_eq=476  maxL=26  WNS(T')=-11  WNS*(T)=-11  picked=0  solve_ms=16.9151
[OC-Shortest/pow2] m=8 h=8 SEG=4 bits=32 words=1 threads=24
[DP-fwdX] L=0 states=1 -> 1
[DP-fwdX] L=16 states=141 -> 164
[DP-bwdX] L=64 states=1 -> 1
[DP-bwdX] L=48 states=141 -> 164
[DP-fwdX] L=0 states=1 -> 1
[DP-bwdX] L=32 states=1 -> 1
[DP-fwdX] L=0 states=1 -> 1
[DP-bwdX] L=16 states=1 -> 1
[DP-fwdX] L=0 states=1 -> 1
[DP-fwdX] L=0 states=1 -> 1
[DP-fwdX] L=0 states=1 -> 1
[DP-bwdX] L=16 states=1 -> 1
[DP-bwdX] L=16 states=1 -> 1
[DP-bwdX] L=16 states=1 -> 1
[DP-fwdX] L=16 states=1 -> 1
[DP-bwdX] L=32 states=1 -> 1
[DP-fwdX] L=16 states=1 -> 1
[DP-fwdX] L=16 states=1 -> 1
[DP-fwdX] L=16 states=1 -> 1
[DP-bwdX] L=32 states=1 -> 1
[DP-bwdX] L=32 states=1 -> 1
[DP-bwdX] L=32 states=1 -> 1
[DP-fwdX] L=32 states=1 -> 1
[DP-bwdX] L=64 states=1 -> 1
[DP-fwdX] L=32 states=1 -> 1
[DP-bwdX] L=48 states=1 -> 1
[DP-fwdX] L=32 states=1 -> 1
[DP-fwdX] L=32 states=1 -> 1
[DP-fwdX] L=32 states=1 -> 1
[DP-bwdX] L=48 states=1 -> 1
[DP-bwdX] L=48 states=1 -> 1
[DP-bwdX] L=48 states=1 -> 1
[DP-fwdX] L=48 states=1 -> 1
[DP-bwdX] L=64 states=1 -> 1
[DP-fwdX] L=48 states=1 -> 1
[DP-fwdX] L=48 states=1 -> 1
[DP-fwdX] L=48 states=1 -> 1
[DP-bwdX] L=64 states=1 -> 1
[DP-bwdX] L=64 states=1 -> 1
[DP-bwdX] L=64 states=1 -> 1
[RowSwapCTR] expand small 8x8 -> full 16x8  top_rows=4  bot_rows=4  ctr_rows=8  n_full=128
  [Round 18] T_prime=15  T_target=15  HPWL_w=480336  HPWL_eq=476  maxL=26  WNS(T')=-11  WNS*(T)=-11  picked=0  solve_ms=16.8962
[OC-Shortest/pow2] m=8 h=8 SEG=4 bits=32 words=1 threads=24
[DP-fwdX] L=0 states=1 -> 1
[DP-fwdX] L=16 states=141 -> 164
[DP-bwdX] L=64 states=1 -> 1
[DP-bwdX] L=48 states=141 -> 164
[DP-fwdX] L=0 states=1 -> 1
[DP-bwdX] L=32 states=1 -> 1
[DP-fwdX] L=0 states=1 -> 1
[DP-bwdX] L=16 states=1 -> 1
[DP-fwdX] L=0 states=1 -> 1
[DP-fwdX] L=0 states=1 -> 1
[DP-fwdX] L=0 states=1 -> 1
[DP-bwdX] L=16 states=1 -> 1
[DP-bwdX] L=16 states=1 -> 1
[DP-bwdX] L=16 states=1 -> 1
[DP-fwdX] L=16 states=1 -> 1
[DP-bwdX] L=32 states=1 -> 1
[DP-fwdX] L=16 states=1 -> 1
[DP-fwdX] L=16 states=1 -> 1
[DP-fwdX] L=16 states=1 -> 1
[DP-bwdX] L=32 states=1 -> 1
[DP-bwdX] L=32 states=1 -> 1
[DP-bwdX] L=32 states=1 -> 1
[DP-fwdX] L=32 states=1 -> 1
[DP-bwdX] L=64 states=1 -> 1
[DP-fwdX] L=32 states=1 -> 1
[DP-bwdX] L=48 states=1 -> 1
[DP-fwdX] L=32 states=1 -> 1
[DP-fwdX] L=32 states=1 -> 1
[DP-fwdX] L=32 states=1 -> 1
[DP-bwdX] L=48 states=1 -> 1
[DP-bwdX] L=48 states=1 -> 1
[DP-bwdX] L=48 states=1 -> 1
[DP-fwdX] L=48 states=1 -> 1
[DP-bwdX] L=64 states=1 -> 1
[DP-fwdX] L=48 states=1 -> 1
[DP-fwdX] L=48 states=1 -> 1
[DP-fwdX] L=48 states=1 -> 1
[DP-bwdX] L=64 states=1 -> 1
[DP-bwdX] L=64 states=1 -> 1
[DP-bwdX] L=64 states=1 -> 1
[RowSwapCTR] expand small 8x8 -> full 16x8  top_rows=4  bot_rows=4  ctr_rows=8  n_full=128
  [Round 19] T_prime=15  T_target=15  HPWL_w=480336  HPWL_eq=476  maxL=26  WNS(T')=-11  WNS*(T)=-11  picked=0  solve_ms=20.6361
[OC-Shortest/pow2] m=8 h=8 SEG=4 bits=32 words=1 threads=24
[DP-fwdX] L=0 states=1 -> 1
[DP-fwdX] L=16 states=141 -> 164
[DP-bwdX] L=64 states=1 -> 1
[DP-bwdX] L=48 states=141 -> 164
[DP-fwdX] L=0 states=1 -> 1
[DP-bwdX] L=32 states=1 -> 1
[DP-fwdX] L=0 states=1 -> 1
[DP-bwdX] L=16 states=1 -> 1
[DP-fwdX] L=0 states=1 -> 1
[DP-fwdX] L=0 states=1 -> 1
[DP-fwdX] L=0 states=1 -> 1
[DP-bwdX] L=16 states=1 -> 1
[DP-bwdX] L=16 states=1 -> 1
[DP-bwdX] L=16 states=1 -> 1
[DP-fwdX] L=16 states=1 -> 1
[DP-bwdX] L=32 states=1 -> 1
[DP-fwdX] L=16 states=1 -> 1
[DP-fwdX] L=16 states=1 -> 1
[DP-fwdX] L=16 states=1 -> 1
[DP-bwdX] L=32 states=1 -> 1
[DP-bwdX] L=32 states=1 -> 1
[DP-bwdX] L=32 states=1 -> 1
[DP-fwdX] L=32 states=1 -> 1
[DP-bwdX] L=64 states=1 -> 1
[DP-fwdX] L=32 states=1 -> 1
[DP-bwdX] L=48 states=1 -> 1
[DP-fwdX] L=32 states=1 -> 1
[DP-fwdX] L=32 states=1 -> 1
[DP-fwdX] L=32 states=1 -> 1
[DP-bwdX] L=48 states=1 -> 1
[DP-bwdX] L=48 states=1 -> 1
[DP-bwdX] L=48 states=1 -> 1
[DP-fwdX] L=48 states=1 -> 1
[DP-bwdX] L=64 states=1 -> 1
[DP-fwdX] L=48 states=1 -> 1
[DP-fwdX] L=48 states=1 -> 1
[DP-fwdX] L=48 states=1 -> 1
[DP-bwdX] L=64 states=1 -> 1
[DP-bwdX] L=64 states=1 -> 1
[DP-bwdX] L=64 states=1 -> 1
[RowSwapCTR] expand small 8x8 -> full 16x8  top_rows=4  bot_rows=4  ctr_rows=8  n_full=128
  [Round 20] T_prime=15  T_target=15  HPWL_w=480336  HPWL_eq=476  maxL=26  WNS(T')=-11  WNS*(T)=-11  picked=0  solve_ms=16.7862
[OC-Shortest/pow2] m=8 h=8 SEG=4 bits=32 words=1 threads=24
[DP-fwdX] L=0 states=1 -> 1
[DP-fwdX] L=16 states=141 -> 164
[DP-bwdX] L=64 states=1 -> 1
[DP-bwdX] L=48 states=141 -> 164
[DP-fwdX] L=0 states=1 -> 1
[DP-bwdX] L=32 states=1 -> 1
[DP-fwdX] L=0 states=1 -> 1
[DP-bwdX] L=16 states=1 -> 1
[DP-fwdX] L=0 states=1 -> 1
[DP-fwdX] L=0 states=1 -> 1
[DP-fwdX] L=0 states=1 -> 1
[DP-bwdX] L=16 states=1 -> 1
[DP-bwdX] L=16 states=1 -> 1
[DP-bwdX] L=16 states=1 -> 1
[DP-fwdX] L=16 states=1 -> 1
[DP-bwdX] L=32 states=1 -> 1
[DP-fwdX] L=16 states=1 -> 1
[DP-fwdX] L=16 states=1 -> 1
[DP-fwdX] L=16 states=1 -> 1
[DP-bwdX] L=32 states=1 -> 1
[DP-bwdX] L=32 states=1 -> 1
[DP-bwdX] L=32 states=1 -> 1
[DP-fwdX] L=32 states=1 -> 1
[DP-bwdX] L=64 states=1 -> 1
[DP-fwdX] L=32 states=1 -> 1
[DP-bwdX] L=48 states=1 -> 1
[DP-fwdX] L=32 states=1 -> 1
[DP-fwdX] L=32 states=1 -> 1
[DP-fwdX] L=32 states=1 -> 1
[DP-bwdX] L=48 states=1 -> 1
[DP-bwdX] L=48 states=1 -> 1
[DP-bwdX] L=48 states=1 -> 1
[DP-fwdX] L=48 states=1 -> 1
[DP-bwdX] L=64 states=1 -> 1
[DP-fwdX] L=48 states=1 -> 1
[DP-fwdX] L=48 states=1 -> 1
[DP-fwdX] L=48 states=1 -> 1
[DP-bwdX] L=64 states=1 -> 1
[DP-bwdX] L=64 states=1 -> 1
[DP-bwdX] L=64 states=1 -> 1
[RowSwapCTR] expand small 8x8 -> full 16x8  top_rows=4  bot_rows=4  ctr_rows=8  n_full=128
  [Round 21] T_prime=15  T_target=15  HPWL_w=480336  HPWL_eq=476  maxL=26  WNS(T')=-11  WNS*(T)=-11  picked=0  solve_ms=16.7167
[OC-Shortest/pow2] m=8 h=8 SEG=4 bits=32 words=1 threads=24
[DP-fwdX] L=0 states=1 -> 1
[DP-fwdX] L=16 states=141 -> 164
[DP-bwdX] L=64 states=1 -> 1
[DP-bwdX] L=48 states=141 -> 164
[DP-fwdX] L=0 states=1 -> 1
[DP-bwdX] L=32 states=1 -> 1
[DP-fwdX] L=0 states=1 -> 1
[DP-bwdX] L=16 states=1 -> 1
[DP-fwdX] L=0 states=1 -> 1
[DP-fwdX] L=0 states=1 -> 1
[DP-fwdX] L=0 states=1 -> 1
[DP-bwdX] L=16 states=1 -> 1
[DP-bwdX] L=16 states=1 -> 1
[DP-bwdX] L=16 states=1 -> 1
[DP-fwdX] L=16 states=1 -> 1
[DP-bwdX] L=32 states=1 -> 1
[DP-fwdX] L=16 states=1 -> 1
[DP-fwdX] L=16 states=1 -> 1
[DP-fwdX] L=16 states=1 -> 1
[DP-bwdX] L=32 states=1 -> 1
[DP-bwdX] L=32 states=1 -> 1
[DP-bwdX] L=32 states=1 -> 1
[DP-fwdX] L=32 states=1 -> 1
[DP-bwdX] L=64 states=1 -> 1
[DP-fwdX] L=32 states=1 -> 1
[DP-bwdX] L=48 states=1 -> 1
[DP-fwdX] L=32 states=1 -> 1
[DP-fwdX] L=32 states=1 -> 1
[DP-fwdX] L=32 states=1 -> 1
[DP-bwdX] L=48 states=1 -> 1
[DP-bwdX] L=48 states=1 -> 1
[DP-bwdX] L=48 states=1 -> 1
[DP-fwdX] L=48 states=1 -> 1
[DP-bwdX] L=64 states=1 -> 1
[DP-fwdX] L=48 states=1 -> 1
[DP-fwdX] L=48 states=1 -> 1
[DP-fwdX] L=48 states=1 -> 1
[DP-bwdX] L=64 states=1 -> 1
[DP-bwdX] L=64 states=1 -> 1
[DP-bwdX] L=64 states=1 -> 1
[RowSwapCTR] expand small 8x8 -> full 16x8  top_rows=4  bot_rows=4  ctr_rows=8  n_full=128
  [Round 22] T_prime=15  T_target=15  HPWL_w=480336  HPWL_eq=476  maxL=26  WNS(T')=-11  WNS*(T)=-11  picked=0  solve_ms=16.9697
[OC-Shortest/pow2] m=8 h=8 SEG=4 bits=32 words=1 threads=24
[DP-fwdX] L=0 states=1 -> 1
[DP-fwdX] L=16 states=141 -> 164
[DP-bwdX] L=64 states=1 -> 1
[DP-bwdX] L=48 states=141 -> 164
[DP-fwdX] L=0 states=1 -> 1
[DP-bwdX] L=32 states=1 -> 1
[DP-fwdX] L=0 states=1 -> 1
[DP-bwdX] L=16 states=1 -> 1
[DP-fwdX] L=0 states=1 -> 1
[DP-fwdX] L=0 states=1 -> 1
[DP-fwdX] L=0 states=1 -> 1
[DP-bwdX] L=16 states=1 -> 1
[DP-bwdX] L=16 states=1 -> 1
[DP-bwdX] L=16 states=1 -> 1
[DP-fwdX] L=16 states=1 -> 1
[DP-bwdX] L=32 states=1 -> 1
[DP-fwdX] L=16 states=1 -> 1
[DP-fwdX] L=16 states=1 -> 1
[DP-fwdX] L=16 states=1 -> 1
[DP-bwdX] L=32 states=1 -> 1
[DP-bwdX] L=32 states=1 -> 1
[DP-bwdX] L=32 states=1 -> 1
[DP-fwdX] L=32 states=1 -> 1
[DP-bwdX] L=64 states=1 -> 1
[DP-fwdX] L=32 states=1 -> 1
[DP-bwdX] L=48 states=1 -> 1
[DP-fwdX] L=32 states=1 -> 1
[DP-fwdX] L=32 states=1 -> 1
[DP-fwdX] L=32 states=1 -> 1
[DP-bwdX] L=48 states=1 -> 1
[DP-bwdX] L=48 states=1 -> 1
[DP-bwdX] L=48 states=1 -> 1
[DP-fwdX] L=48 states=1 -> 1
[DP-bwdX] L=64 states=1 -> 1
[DP-fwdX] L=48 states=1 -> 1
[DP-fwdX] L=48 states=1 -> 1
[DP-fwdX] L=48 states=1 -> 1
[DP-bwdX] L=64 states=1 -> 1
[DP-bwdX] L=64 states=1 -> 1
[DP-bwdX] L=64 states=1 -> 1
[RowSwapCTR] expand small 8x8 -> full 16x8  top_rows=4  bot_rows=4  ctr_rows=8  n_full=128
  [Round 23] T_prime=15  T_target=15  HPWL_w=480336  HPWL_eq=476  maxL=26  WNS(T')=-11  WNS*(T)=-11  picked=0  solve_ms=16.8758
[OC-Shortest/pow2] m=8 h=8 SEG=4 bits=32 words=1 threads=24
[DP-fwdX] L=0 states=1 -> 1
[DP-fwdX] L=16 states=141 -> 164
[DP-bwdX] L=64 states=1 -> 1
[DP-bwdX] L=48 states=141 -> 164
[DP-fwdX] L=0 states=1 -> 1
[DP-bwdX] L=32 states=1 -> 1
[DP-fwdX] L=0 states=1 -> 1
[DP-bwdX] L=16 states=1 -> 1
[DP-fwdX] L=0 states=1 -> 1
[DP-fwdX] L=0 states=1 -> 1
[DP-fwdX] L=0 states=1 -> 1
[DP-bwdX] L=16 states=1 -> 1
[DP-bwdX] L=16 states=1 -> 1
[DP-bwdX] L=16 states=1 -> 1
[DP-fwdX] L=16 states=1 -> 1
[DP-bwdX] L=32 states=1 -> 1
[DP-fwdX] L=16 states=1 -> 1
[DP-fwdX] L=16 states=1 -> 1
[DP-fwdX] L=16 states=1 -> 1
[DP-bwdX] L=32 states=1 -> 1
[DP-bwdX] L=32 states=1 -> 1
[DP-bwdX] L=32 states=1 -> 1
[DP-fwdX] L=32 states=1 -> 1
[DP-bwdX] L=64 states=1 -> 1
[DP-fwdX] L=32 states=1 -> 1
[DP-bwdX] L=48 states=1 -> 1
[DP-fwdX] L=32 states=1 -> 1
[DP-fwdX] L=32 states=1 -> 1
[DP-fwdX] L=32 states=1 -> 1
[DP-bwdX] L=48 states=1 -> 1
[DP-bwdX] L=48 states=1 -> 1
[DP-bwdX] L=48 states=1 -> 1
[DP-fwdX] L=48 states=1 -> 1
[DP-bwdX] L=64 states=1 -> 1
[DP-fwdX] L=48 states=1 -> 1
[DP-fwdX] L=48 states=1 -> 1
[DP-fwdX] L=48 states=1 -> 1
[DP-bwdX] L=64 states=1 -> 1
[DP-bwdX] L=64 states=1 -> 1
[DP-bwdX] L=64 states=1 -> 1
[RowSwapCTR] expand small 8x8 -> full 16x8  top_rows=4  bot_rows=4  ctr_rows=8  n_full=128
  [Round 24] T_prime=15  T_target=15  HPWL_w=480336  HPWL_eq=476  maxL=26  WNS(T')=-11  WNS*(T)=-11  picked=0  solve_ms=17.0974
[OC-Shortest/pow2] m=8 h=8 SEG=4 bits=32 words=1 threads=24
[DP-fwdX] L=0 states=1 -> 1
[DP-fwdX] L=16 states=141 -> 164
[DP-bwdX] L=64 states=1 -> 1
[DP-bwdX] L=48 states=141 -> 164
[DP-fwdX] L=0 states=1 -> 1
[DP-bwdX] L=32 states=1 -> 1
[DP-fwdX] L=0 states=1 -> 1
[DP-bwdX] L=16 states=1 -> 1
[DP-fwdX] L=0 states=1 -> 1
[DP-fwdX] L=0 states=1 -> 1
[DP-fwdX] L=0 states=1 -> 1
[DP-bwdX] L=16 states=1 -> 1
[DP-bwdX] L=16 states=1 -> 1
[DP-bwdX] L=16 states=1 -> 1
[DP-fwdX] L=16 states=1 -> 1
[DP-bwdX] L=32 states=1 -> 1
[DP-fwdX] L=16 states=1 -> 1
[DP-fwdX] L=16 states=1 -> 1
[DP-fwdX] L=16 states=1 -> 1
[DP-bwdX] L=32 states=1 -> 1
[DP-bwdX] L=32 states=1 -> 1
[DP-bwdX] L=32 states=1 -> 1
[DP-fwdX] L=32 states=1 -> 1
[DP-bwdX] L=64 states=1 -> 1
[DP-fwdX] L=32 states=1 -> 1
[DP-bwdX] L=48 states=1 -> 1
[DP-fwdX] L=32 states=1 -> 1
[DP-fwdX] L=32 states=1 -> 1
[DP-fwdX] L=32 states=1 -> 1
[DP-bwdX] L=48 states=1 -> 1
[DP-bwdX] L=48 states=1 -> 1
[DP-bwdX] L=48 states=1 -> 1
[DP-fwdX] L=48 states=1 -> 1
[DP-bwdX] L=64 states=1 -> 1
[DP-fwdX] L=48 states=1 -> 1
[DP-fwdX] L=48 states=1 -> 1
[DP-fwdX] L=48 states=1 -> 1
[DP-bwdX] L=64 states=1 -> 1
[DP-bwdX] L=64 states=1 -> 1
[DP-bwdX] L=64 states=1 -> 1
[RowSwapCTR] expand small 8x8 -> full 16x8  top_rows=4  bot_rows=4  ctr_rows=8  n_full=128
  [Round 25] T_prime=15  T_target=15  HPWL_w=480336  HPWL_eq=476  maxL=26  WNS(T')=-11  WNS*(T)=-11  picked=0  solve_ms=16.6009
[OC-Shortest/pow2] m=8 h=8 SEG=4 bits=32 words=1 threads=24
[DP-fwdX] L=0 states=1 -> 1
[DP-fwdX] L=16 states=141 -> 164
[DP-bwdX] L=64 states=1 -> 1
[DP-bwdX] L=48 states=141 -> 164
[DP-fwdX] L=0 states=1 -> 1
[DP-bwdX] L=32 states=1 -> 1
[DP-fwdX] L=0 states=1 -> 1
[DP-bwdX] L=16 states=1 -> 1
[DP-fwdX] L=0 states=1 -> 1
[DP-fwdX] L=0 states=1 -> 1
[DP-fwdX] L=0 states=1 -> 1
[DP-bwdX] L=16 states=1 -> 1
[DP-bwdX] L=16 states=1 -> 1
[DP-bwdX] L=16 states=1 -> 1
[DP-fwdX] L=16 states=1 -> 1
[DP-bwdX] L=32 states=1 -> 1
[DP-fwdX] L=16 states=1 -> 1
[DP-fwdX] L=16 states=1 -> 1
[DP-fwdX] L=16 states=1 -> 1
[DP-bwdX] L=32 states=1 -> 1
[DP-bwdX] L=32 states=1 -> 1
[DP-bwdX] L=32 states=1 -> 1
[DP-fwdX] L=32 states=1 -> 1
[DP-bwdX] L=64 states=1 -> 1
[DP-fwdX] L=32 states=1 -> 1
[DP-bwdX] L=48 states=1 -> 1
[DP-fwdX] L=32 states=1 -> 1
[DP-fwdX] L=32 states=1 -> 1
[DP-fwdX] L=32 states=1 -> 1
[DP-bwdX] L=48 states=1 -> 1
[DP-bwdX] L=48 states=1 -> 1
[DP-bwdX] L=48 states=1 -> 1
[DP-fwdX] L=48 states=1 -> 1
[DP-bwdX] L=64 states=1 -> 1
[DP-fwdX] L=48 states=1 -> 1
[DP-fwdX] L=48 states=1 -> 1
[DP-fwdX] L=48 states=1 -> 1
[DP-bwdX] L=64 states=1 -> 1
[DP-bwdX] L=64 states=1 -> 1
[DP-bwdX] L=64 states=1 -> 1
[RowSwapCTR] expand small 8x8 -> full 16x8  top_rows=4  bot_rows=4  ctr_rows=8  n_full=128
  [Round 26] T_prime=15  T_target=15  HPWL_w=480336  HPWL_eq=476  maxL=26  WNS(T')=-11  WNS*(T)=-11  picked=0  solve_ms=16.8648
[OC-Shortest/pow2] m=8 h=8 SEG=4 bits=32 words=1 threads=24
[DP-fwdX] L=0 states=1 -> 1
[DP-fwdX] L=16 states=141 -> 164
[DP-bwdX] L=64 states=1 -> 1
[DP-bwdX] L=48 states=141 -> 164
[DP-fwdX] L=0 states=1 -> 1
[DP-bwdX] L=32 states=1 -> 1
[DP-fwdX] L=0 states=1 -> 1
[DP-bwdX] L=16 states=1 -> 1
[DP-fwdX] L=0 states=1 -> 1
[DP-fwdX] L=0 states=1 -> 1
[DP-fwdX] L=0 states=1 -> 1
[DP-bwdX] L=16 states=1 -> 1
[DP-bwdX] L=16 states=1 -> 1
[DP-bwdX] L=16 states=1 -> 1
[DP-fwdX] L=16 states=1 -> 1
[DP-bwdX] L=32 states=1 -> 1
[DP-fwdX] L=16 states=1 -> 1
[DP-fwdX] L=16 states=1 -> 1
[DP-fwdX] L=16 states=1 -> 1
[DP-bwdX] L=32 states=1 -> 1
[DP-bwdX] L=32 states=1 -> 1
[DP-bwdX] L=32 states=1 -> 1
[DP-fwdX] L=32 states=1 -> 1
[DP-bwdX] L=64 states=1 -> 1
[DP-fwdX] L=32 states=1 -> 1
[DP-bwdX] L=48 states=1 -> 1
[DP-fwdX] L=32 states=1 -> 1
[DP-fwdX] L=32 states=1 -> 1
[DP-fwdX] L=32 states=1 -> 1
[DP-bwdX] L=48 states=1 -> 1
[DP-bwdX] L=48 states=1 -> 1
[DP-bwdX] L=48 states=1 -> 1
[DP-fwdX] L=48 states=1 -> 1
[DP-bwdX] L=64 states=1 -> 1
[DP-fwdX] L=48 states=1 -> 1
[DP-fwdX] L=48 states=1 -> 1
[DP-fwdX] L=48 states=1 -> 1
[DP-bwdX] L=64 states=1 -> 1
[DP-bwdX] L=64 states=1 -> 1
[DP-bwdX] L=64 states=1 -> 1
[RowSwapCTR] expand small 8x8 -> full 16x8  top_rows=4  bot_rows=4  ctr_rows=8  n_full=128
  [Round 27] T_prime=15  T_target=15  HPWL_w=480336  HPWL_eq=476  maxL=26  WNS(T')=-11  WNS*(T)=-11  picked=0  solve_ms=16.8151
[OC-Shortest/pow2] m=8 h=8 SEG=4 bits=32 words=1 threads=24
[DP-fwdX] L=0 states=1 -> 1
[DP-fwdX] L=16 states=141 -> 164
[DP-bwdX] L=64 states=1 -> 1
[DP-bwdX] L=48 states=141 -> 164
[DP-fwdX] L=0 states=1 -> 1
[DP-bwdX] L=32 states=1 -> 1
[DP-fwdX] L=0 states=1 -> 1
[DP-bwdX] L=16 states=1 -> 1
[DP-fwdX] L=0 states=1 -> 1
[DP-fwdX] L=0 states=1 -> 1
[DP-fwdX] L=0 states=1 -> 1
[DP-bwdX] L=16 states=1 -> 1
[DP-bwdX] L=16 states=1 -> 1
[DP-bwdX] L=16 states=1 -> 1
[DP-fwdX] L=16 states=1 -> 1
[DP-bwdX] L=32 states=1 -> 1
[DP-fwdX] L=16 states=1 -> 1
[DP-fwdX] L=16 states=1 -> 1
[DP-fwdX] L=16 states=1 -> 1
[DP-bwdX] L=32 states=1 -> 1
[DP-bwdX] L=32 states=1 -> 1
[DP-bwdX] L=32 states=1 -> 1
[DP-fwdX] L=32 states=1 -> 1
[DP-bwdX] L=64 states=1 -> 1
[DP-fwdX] L=32 states=1 -> 1
[DP-bwdX] L=48 states=1 -> 1
[DP-fwdX] L=32 states=1 -> 1
[DP-fwdX] L=32 states=1 -> 1
[DP-fwdX] L=32 states=1 -> 1
[DP-bwdX] L=48 states=1 -> 1
[DP-bwdX] L=48 states=1 -> 1
[DP-bwdX] L=48 states=1 -> 1
[DP-fwdX] L=48 states=1 -> 1
[DP-bwdX] L=64 states=1 -> 1
[DP-fwdX] L=48 states=1 -> 1
[DP-fwdX] L=48 states=1 -> 1
[DP-fwdX] L=48 states=1 -> 1
[DP-bwdX] L=64 states=1 -> 1
[DP-bwdX] L=64 states=1 -> 1
[DP-bwdX] L=64 states=1 -> 1
[RowSwapCTR] expand small 8x8 -> full 16x8  top_rows=4  bot_rows=4  ctr_rows=8  n_full=128
  [Round 28] T_prime=15  T_target=15  HPWL_w=480336  HPWL_eq=476  maxL=26  WNS(T')=-11  WNS*(T)=-11  picked=0  solve_ms=17.0091
[OC-Shortest/pow2] m=8 h=8 SEG=4 bits=32 words=1 threads=24
[DP-fwdX] L=0 states=1 -> 1
[DP-fwdX] L=16 states=141 -> 164
[DP-bwdX] L=64 states=1 -> 1
[DP-bwdX] L=48 states=141 -> 164
[DP-fwdX] L=0 states=1 -> 1
[DP-bwdX] L=32 states=1 -> 1
[DP-fwdX] L=0 states=1 -> 1
[DP-bwdX] L=16 states=1 -> 1
[DP-fwdX] L=0 states=1 -> 1
[DP-fwdX] L=0 states=1 -> 1
[DP-fwdX] L=0 states=1 -> 1
[DP-bwdX] L=16 states=1 -> 1
[DP-bwdX] L=16 states=1 -> 1
[DP-bwdX] L=16 states=1 -> 1
[DP-fwdX] L=16 states=1 -> 1
[DP-bwdX] L=32 states=1 -> 1
[DP-fwdX] L=16 states=1 -> 1
[DP-fwdX] L=16 states=1 -> 1
[DP-fwdX] L=16 states=1 -> 1
[DP-bwdX] L=32 states=1 -> 1
[DP-bwdX] L=32 states=1 -> 1
[DP-bwdX] L=32 states=1 -> 1
[DP-fwdX] L=32 states=1 -> 1
[DP-bwdX] L=64 states=1 -> 1
[DP-fwdX] L=32 states=1 -> 1
[DP-bwdX] L=48 states=1 -> 1
[DP-fwdX] L=32 states=1 -> 1
[DP-fwdX] L=32 states=1 -> 1
[DP-fwdX] L=32 states=1 -> 1
[DP-bwdX] L=48 states=1 -> 1
[DP-bwdX] L=48 states=1 -> 1
[DP-bwdX] L=48 states=1 -> 1
[DP-fwdX] L=48 states=1 -> 1
[DP-bwdX] L=64 states=1 -> 1
[DP-fwdX] L=48 states=1 -> 1
[DP-fwdX] L=48 states=1 -> 1
[DP-fwdX] L=48 states=1 -> 1
[DP-bwdX] L=64 states=1 -> 1
[DP-bwdX] L=64 states=1 -> 1
[DP-bwdX] L=64 states=1 -> 1
[RowSwapCTR] expand small 8x8 -> full 16x8  top_rows=4  bot_rows=4  ctr_rows=8  n_full=128
  [Round 29] T_prime=15  T_target=15  HPWL_w=480336  HPWL_eq=476  maxL=26  WNS(T')=-11  WNS*(T)=-11  picked=0  solve_ms=16.7397
[OC-Shortest/pow2] m=8 h=8 SEG=4 bits=32 words=1 threads=24
[DP-fwdX] L=0 states=1 -> 1
[DP-fwdX] L=16 states=141 -> 164
[DP-bwdX] L=64 states=1 -> 1
[DP-bwdX] L=48 states=141 -> 164
[DP-fwdX] L=0 states=1 -> 1
[DP-bwdX] L=32 states=1 -> 1
[DP-fwdX] L=0 states=1 -> 1
[DP-bwdX] L=16 states=1 -> 1
[DP-fwdX] L=0 states=1 -> 1
[DP-fwdX] L=0 states=1 -> 1
[DP-fwdX] L=0 states=1 -> 1
[DP-bwdX] L=16 states=1 -> 1
[DP-bwdX] L=16 states=1 -> 1
[DP-bwdX] L=16 states=1 -> 1
[DP-fwdX] L=16 states=1 -> 1
[DP-bwdX] L=32 states=1 -> 1
[DP-fwdX] L=16 states=1 -> 1
[DP-fwdX] L=16 states=1 -> 1
[DP-fwdX] L=16 states=1 -> 1
[DP-bwdX] L=32 states=1 -> 1
[DP-bwdX] L=32 states=1 -> 1
[DP-bwdX] L=32 states=1 -> 1
[DP-fwdX] L=32 states=1 -> 1
[DP-bwdX] L=64 states=1 -> 1
[DP-fwdX] L=32 states=1 -> 1
[DP-bwdX] L=48 states=1 -> 1
[DP-fwdX] L=32 states=1 -> 1
[DP-fwdX] L=32 states=1 -> 1
[DP-fwdX] L=32 states=1 -> 1
[DP-bwdX] L=48 states=1 -> 1
[DP-bwdX] L=48 states=1 -> 1
[DP-bwdX] L=48 states=1 -> 1
[DP-fwdX] L=48 states=1 -> 1
[DP-bwdX] L=64 states=1 -> 1
[DP-fwdX] L=48 states=1 -> 1
[DP-fwdX] L=48 states=1 -> 1
[DP-fwdX] L=48 states=1 -> 1
[DP-bwdX] L=64 states=1 -> 1
[DP-bwdX] L=64 states=1 -> 1
[DP-bwdX] L=64 states=1 -> 1
[RowSwapCTR] expand small 8x8 -> full 16x8  top_rows=4  bot_rows=4  ctr_rows=8  n_full=128
  [Round 30] T_prime=15  T_target=15  HPWL_w=480336  HPWL_eq=476  maxL=26  WNS(T')=-11  WNS*(T)=-11  picked=0  solve_ms=16.7734
[OC-Shortest/pow2] m=8 h=8 SEG=4 bits=32 words=1 threads=24
[DP-fwdX] L=0 states=1 -> 1
[DP-fwdX] L=16 states=141 -> 164
[DP-bwdX] L=64 states=1 -> 1
[DP-bwdX] L=48 states=141 -> 164
[DP-fwdX] L=0 states=1 -> 1
[DP-bwdX] L=32 states=1 -> 1
[DP-fwdX] L=0 states=1 -> 1
[DP-bwdX] L=16 states=1 -> 1
[DP-fwdX] L=0 states=1 -> 1
[DP-fwdX] L=0 states=1 -> 1
[DP-fwdX] L=0 states=1 -> 1
[DP-bwdX] L=16 states=1 -> 1
[DP-bwdX] L=16 states=1 -> 1
[DP-bwdX] L=16 states=1 -> 1
[DP-fwdX] L=16 states=1 -> 1
[DP-bwdX] L=32 states=1 -> 1
[DP-fwdX] L=16 states=1 -> 1
[DP-fwdX] L=16 states=1 -> 1
[DP-fwdX] L=16 states=1 -> 1
[DP-bwdX] L=32 states=1 -> 1
[DP-bwdX] L=32 states=1 -> 1
[DP-bwdX] L=32 states=1 -> 1
[DP-fwdX] L=32 states=1 -> 1
[DP-bwdX] L=64 states=1 -> 1
[DP-fwdX] L=32 states=1 -> 1
[DP-bwdX] L=48 states=1 -> 1
[DP-fwdX] L=32 states=1 -> 1
[DP-fwdX] L=32 states=1 -> 1
[DP-fwdX] L=32 states=1 -> 1
[DP-bwdX] L=48 states=1 -> 1
[DP-bwdX] L=48 states=1 -> 1
[DP-bwdX] L=48 states=1 -> 1
[DP-fwdX] L=48 states=1 -> 1
[DP-bwdX] L=64 states=1 -> 1
[DP-fwdX] L=48 states=1 -> 1
[DP-fwdX] L=48 states=1 -> 1
[DP-fwdX] L=48 states=1 -> 1
[DP-bwdX] L=64 states=1 -> 1
[DP-bwdX] L=64 states=1 -> 1
[DP-bwdX] L=64 states=1 -> 1
[RowSwapCTR] expand small 8x8 -> full 16x8  top_rows=4  bot_rows=4  ctr_rows=8  n_full=128
  [Round 31] T_prime=15  T_target=15  HPWL_w=480336  HPWL_eq=476  maxL=26  WNS(T')=-11  WNS*(T)=-11  picked=0  solve_ms=16.5517
[OC-Shortest/pow2] m=8 h=8 SEG=4 bits=32 words=1 threads=24
[DP-fwdX] L=0 states=1 -> 1
[DP-fwdX] L=16 states=141 -> 164
[DP-bwdX] L=64 states=1 -> 1
[DP-bwdX] L=48 states=141 -> 164
[DP-fwdX] L=0 states=1 -> 1
[DP-bwdX] L=32 states=1 -> 1
[DP-fwdX] L=0 states=1 -> 1
[DP-bwdX] L=16 states=1 -> 1
[DP-fwdX] L=0 states=1 -> 1
[DP-fwdX] L=0 states=1 -> 1
[DP-fwdX] L=0 states=1 -> 1
[DP-bwdX] L=16 states=1 -> 1
[DP-bwdX] L=16 states=1 -> 1
[DP-bwdX] L=16 states=1 -> 1
[DP-fwdX] L=16 states=1 -> 1
[DP-bwdX] L=32 states=1 -> 1
[DP-fwdX] L=16 states=1 -> 1
[DP-fwdX] L=16 states=1 -> 1
[DP-fwdX] L=16 states=1 -> 1
[DP-bwdX] L=32 states=1 -> 1
[DP-bwdX] L=32 states=1 -> 1
[DP-bwdX] L=32 states=1 -> 1
[DP-fwdX] L=32 states=1 -> 1
[DP-bwdX] L=64 states=1 -> 1
[DP-fwdX] L=32 states=1 -> 1
[DP-bwdX] L=48 states=1 -> 1
[DP-fwdX] L=32 states=1 -> 1
[DP-fwdX] L=32 states=1 -> 1
[DP-fwdX] L=32 states=1 -> 1
[DP-bwdX] L=48 states=1 -> 1
[DP-bwdX] L=48 states=1 -> 1
[DP-bwdX] L=48 states=1 -> 1
[DP-fwdX] L=48 states=1 -> 1
[DP-bwdX] L=64 states=1 -> 1
[DP-fwdX] L=48 states=1 -> 1
[DP-fwdX] L=48 states=1 -> 1
[DP-fwdX] L=48 states=1 -> 1
[DP-bwdX] L=64 states=1 -> 1
[DP-bwdX] L=64 states=1 -> 1
[DP-bwdX] L=64 states=1 -> 1
[RowSwapCTR] expand small 8x8 -> full 16x8  top_rows=4  bot_rows=4  ctr_rows=8  n_full=128
  [Round 32] T_prime=15  T_target=15  HPWL_w=480336  HPWL_eq=476  maxL=26  WNS(T')=-11  WNS*(T)=-11  picked=0  solve_ms=16.4916
[OC-Shortest/pow2] m=8 h=8 SEG=4 bits=32 words=1 threads=24
[DP-fwdX] L=0 states=1 -> 1
[DP-fwdX] L=16 states=141 -> 164
[DP-bwdX] L=64 states=1 -> 1
[DP-bwdX] L=48 states=141 -> 164
[DP-fwdX] L=0 states=1 -> 1
[DP-bwdX] L=32 states=1 -> 1
[DP-fwdX] L=0 states=1 -> 1
[DP-bwdX] L=16 states=1 -> 1
[DP-fwdX] L=0 states=1 -> 1
[DP-fwdX] L=0 states=1 -> 1
[DP-fwdX] L=0 states=1 -> 1
[DP-bwdX] L=16 states=1 -> 1
[DP-bwdX] L=16 states=1 -> 1
[DP-bwdX] L=16 states=1 -> 1
[DP-fwdX] L=16 states=1 -> 1
[DP-bwdX] L=32 states=1 -> 1
[DP-fwdX] L=16 states=1 -> 1
[DP-fwdX] L=16 states=1 -> 1
[DP-fwdX] L=16 states=1 -> 1
[DP-bwdX] L=32 states=1 -> 1
[DP-bwdX] L=32 states=1 -> 1
[DP-bwdX] L=32 states=1 -> 1
[DP-fwdX] L=32 states=1 -> 1
[DP-bwdX] L=64 states=1 -> 1
[DP-fwdX] L=32 states=1 -> 1
[DP-bwdX] L=48 states=1 -> 1
[DP-fwdX] L=32 states=1 -> 1
[DP-fwdX] L=32 states=1 -> 1
[DP-fwdX] L=32 states=1 -> 1
[DP-bwdX] L=48 states=1 -> 1
[DP-bwdX] L=48 states=1 -> 1
[DP-bwdX] L=48 states=1 -> 1
[DP-fwdX] L=48 states=1 -> 1
[DP-bwdX] L=64 states=1 -> 1
[DP-fwdX] L=48 states=1 -> 1
[DP-fwdX] L=48 states=1 -> 1
[DP-fwdX] L=48 states=1 -> 1
[DP-bwdX] L=64 states=1 -> 1
[DP-bwdX] L=64 states=1 -> 1
[DP-bwdX] L=64 states=1 -> 1
[RowSwapCTR] expand small 8x8 -> full 16x8  top_rows=4  bot_rows=4  ctr_rows=8  n_full=128
  [Round 33] T_prime=15  T_target=15  HPWL_w=480336  HPWL_eq=476  maxL=26  WNS(T')=-11  WNS*(T)=-11  picked=0  solve_ms=16.6372
[OC-Shortest/pow2] m=8 h=8 SEG=4 bits=32 words=1 threads=24
[DP-fwdX] L=0 states=1 -> 1
[DP-fwdX] L=16 states=141 -> 164
[DP-bwdX] L=64 states=1 -> 1
[DP-bwdX] L=48 states=141 -> 164
[DP-fwdX] L=0 states=1 -> 1
[DP-bwdX] L=32 states=1 -> 1
[DP-fwdX] L=0 states=1 -> 1
[DP-bwdX] L=16 states=1 -> 1
[DP-fwdX] L=0 states=1 -> 1
[DP-fwdX] L=0 states=1 -> 1
[DP-fwdX] L=0 states=1 -> 1
[DP-bwdX] L=16 states=1 -> 1
[DP-bwdX] L=16 states=1 -> 1
[DP-bwdX] L=16 states=1 -> 1
[DP-fwdX] L=16 states=1 -> 1
[DP-bwdX] L=32 states=1 -> 1
[DP-fwdX] L=16 states=1 -> 1
[DP-fwdX] L=16 states=1 -> 1
[DP-fwdX] L=16 states=1 -> 1
[DP-bwdX] L=32 states=1 -> 1
[DP-bwdX] L=32 states=1 -> 1
[DP-bwdX] L=32 states=1 -> 1
[DP-fwdX] L=32 states=1 -> 1
[DP-bwdX] L=64 states=1 -> 1
[DP-fwdX] L=32 states=1 -> 1
[DP-bwdX] L=48 states=1 -> 1
[DP-fwdX] L=32 states=1 -> 1
[DP-fwdX] L=32 states=1 -> 1
[DP-fwdX] L=32 states=1 -> 1
[DP-bwdX] L=48 states=1 -> 1
[DP-bwdX] L=48 states=1 -> 1
[DP-bwdX] L=48 states=1 -> 1
[DP-fwdX] L=48 states=1 -> 1
[DP-bwdX] L=64 states=1 -> 1
[DP-fwdX] L=48 states=1 -> 1
[DP-fwdX] L=48 states=1 -> 1
[DP-fwdX] L=48 states=1 -> 1
[DP-bwdX] L=64 states=1 -> 1
[DP-bwdX] L=64 states=1 -> 1
[DP-bwdX] L=64 states=1 -> 1
[RowSwapCTR] expand small 8x8 -> full 16x8  top_rows=4  bot_rows=4  ctr_rows=8  n_full=128
  [Round 34] T_prime=15  T_target=15  HPWL_w=480336  HPWL_eq=476  maxL=26  WNS(T')=-11  WNS*(T)=-11  picked=0  solve_ms=17.2285
[OC-Shortest/pow2] m=8 h=8 SEG=4 bits=32 words=1 threads=24
[DP-fwdX] L=0 states=1 -> 1
[DP-fwdX] L=16 states=141 -> 164
[DP-bwdX] L=64 states=1 -> 1
[DP-bwdX] L=48 states=141 -> 164
[DP-fwdX] L=0 states=1 -> 1
[DP-bwdX] L=32 states=1 -> 1
[DP-fwdX] L=0 states=1 -> 1
[DP-bwdX] L=16 states=1 -> 1
[DP-fwdX] L=0 states=1 -> 1
[DP-fwdX] L=0 states=1 -> 1
[DP-fwdX] L=0 states=1 -> 1
[DP-bwdX] L=16 states=1 -> 1
[DP-bwdX] L=16 states=1 -> 1
[DP-bwdX] L=16 states=1 -> 1
[DP-fwdX] L=16 states=1 -> 1
[DP-bwdX] L=32 states=1 -> 1
[DP-fwdX] L=16 states=1 -> 1
[DP-fwdX] L=16 states=1 -> 1
[DP-fwdX] L=16 states=1 -> 1
[DP-bwdX] L=32 states=1 -> 1
[DP-bwdX] L=32 states=1 -> 1
[DP-bwdX] L=32 states=1 -> 1
[DP-fwdX] L=32 states=1 -> 1
[DP-bwdX] L=64 states=1 -> 1
[DP-fwdX] L=32 states=1 -> 1
[DP-bwdX] L=48 states=1 -> 1
[DP-fwdX] L=32 states=1 -> 1
[DP-fwdX] L=32 states=1 -> 1
[DP-fwdX] L=32 states=1 -> 1
[DP-bwdX] L=48 states=1 -> 1
[DP-bwdX] L=48 states=1 -> 1
[DP-bwdX] L=48 states=1 -> 1
[DP-fwdX] L=48 states=1 -> 1
[DP-bwdX] L=64 states=1 -> 1
[DP-fwdX] L=48 states=1 -> 1
[DP-fwdX] L=48 states=1 -> 1
[DP-fwdX] L=48 states=1 -> 1
[DP-bwdX] L=64 states=1 -> 1
[DP-bwdX] L=64 states=1 -> 1
[DP-bwdX] L=64 states=1 -> 1
[RowSwapCTR] expand small 8x8 -> full 16x8  top_rows=4  bot_rows=4  ctr_rows=8  n_full=128
  [Round 35] T_prime=15  T_target=15  HPWL_w=480336  HPWL_eq=476  maxL=26  WNS(T')=-11  WNS*(T)=-11  picked=0  solve_ms=16.7298
[OC-Shortest/pow2] m=8 h=8 SEG=4 bits=32 words=1 threads=24
[DP-fwdX] L=0 states=1 -> 1
[DP-fwdX] L=16 states=141 -> 164
[DP-bwdX] L=64 states=1 -> 1
[DP-bwdX] L=48 states=141 -> 164
[DP-fwdX] L=0 states=1 -> 1
[DP-bwdX] L=32 states=1 -> 1
[DP-fwdX] L=0 states=1 -> 1
[DP-bwdX] L=16 states=1 -> 1
[DP-fwdX] L=0 states=1 -> 1
[DP-fwdX] L=0 states=1 -> 1
[DP-fwdX] L=0 states=1 -> 1
[DP-bwdX] L=16 states=1 -> 1
[DP-bwdX] L=16 states=1 -> 1
[DP-bwdX] L=16 states=1 -> 1
[DP-fwdX] L=16 states=1 -> 1
[DP-bwdX] L=32 states=1 -> 1
[DP-fwdX] L=16 states=1 -> 1
[DP-fwdX] L=16 states=1 -> 1
[DP-fwdX] L=16 states=1 -> 1
[DP-bwdX] L=32 states=1 -> 1
[DP-bwdX] L=32 states=1 -> 1
[DP-bwdX] L=32 states=1 -> 1
[DP-fwdX] L=32 states=1 -> 1
[DP-bwdX] L=64 states=1 -> 1
[DP-fwdX] L=32 states=1 -> 1
[DP-bwdX] L=48 states=1 -> 1
[DP-fwdX] L=32 states=1 -> 1
[DP-fwdX] L=32 states=1 -> 1
[DP-fwdX] L=32 states=1 -> 1
[DP-bwdX] L=48 states=1 -> 1
[DP-bwdX] L=48 states=1 -> 1
[DP-bwdX] L=48 states=1 -> 1
[DP-fwdX] L=48 states=1 -> 1
[DP-bwdX] L=64 states=1 -> 1
[DP-fwdX] L=48 states=1 -> 1
[DP-fwdX] L=48 states=1 -> 1
[DP-fwdX] L=48 states=1 -> 1
[DP-bwdX] L=64 states=1 -> 1
[DP-bwdX] L=64 states=1 -> 1
[DP-bwdX] L=64 states=1 -> 1
[RowSwapCTR] expand small 8x8 -> full 16x8  top_rows=4  bot_rows=4  ctr_rows=8  n_full=128
  [Round 36] T_prime=15  T_target=15  HPWL_w=480336  HPWL_eq=476  maxL=26  WNS(T')=-11  WNS*(T)=-11  picked=0  solve_ms=16.8959
[OC-Shortest/pow2] m=8 h=8 SEG=4 bits=32 words=1 threads=24
[DP-fwdX] L=0 states=1 -> 1
[DP-fwdX] L=16 states=141 -> 164
[DP-bwdX] L=64 states=1 -> 1
[DP-bwdX] L=48 states=141 -> 164
[DP-fwdX] L=0 states=1 -> 1
[DP-bwdX] L=32 states=1 -> 1
[DP-fwdX] L=0 states=1 -> 1
[DP-bwdX] L=16 states=1 -> 1
[DP-fwdX] L=0 states=1 -> 1
[DP-fwdX] L=0 states=1 -> 1
[DP-fwdX] L=0 states=1 -> 1
[DP-bwdX] L=16 states=1 -> 1
[DP-bwdX] L=16 states=1 -> 1
[DP-bwdX] L=16 states=1 -> 1
[DP-fwdX] L=16 states=1 -> 1
[DP-bwdX] L=32 states=1 -> 1
[DP-fwdX] L=16 states=1 -> 1
[DP-fwdX] L=16 states=1 -> 1
[DP-fwdX] L=16 states=1 -> 1
[DP-bwdX] L=32 states=1 -> 1
[DP-bwdX] L=32 states=1 -> 1
[DP-bwdX] L=32 states=1 -> 1
[DP-fwdX] L=32 states=1 -> 1
[DP-bwdX] L=64 states=1 -> 1
[DP-fwdX] L=32 states=1 -> 1
[DP-bwdX] L=48 states=1 -> 1
[DP-fwdX] L=32 states=1 -> 1
[DP-fwdX] L=32 states=1 -> 1
[DP-fwdX] L=32 states=1 -> 1
[DP-bwdX] L=48 states=1 -> 1
[DP-bwdX] L=48 states=1 -> 1
[DP-bwdX] L=48 states=1 -> 1
[DP-fwdX] L=48 states=1 -> 1
[DP-bwdX] L=64 states=1 -> 1
[DP-fwdX] L=48 states=1 -> 1
[DP-fwdX] L=48 states=1 -> 1
[DP-fwdX] L=48 states=1 -> 1
[DP-bwdX] L=64 states=1 -> 1
[DP-bwdX] L=64 states=1 -> 1
[DP-bwdX] L=64 states=1 -> 1
[RowSwapCTR] expand small 8x8 -> full 16x8  top_rows=4  bot_rows=4  ctr_rows=8  n_full=128
  [Round 37] T_prime=15  T_target=15  HPWL_w=480336  HPWL_eq=476  maxL=26  WNS(T')=-11  WNS*(T)=-11  picked=0  solve_ms=113.09
[OC-Shortest/pow2] m=8 h=8 SEG=4 bits=32 words=1 threads=24
[DP-fwdX] L=0 states=1 -> 1
[DP-fwdX] L=16 states=141 -> 164
[DP-bwdX] L=64 states=1 -> 1
[DP-bwdX] L=48 states=141 -> 164
[DP-fwdX] L=0 states=1 -> 1
[DP-bwdX] L=32 states=1 -> 1
[DP-fwdX] L=0 states=1 -> 1
[DP-bwdX] L=16 states=1 -> 1
[DP-fwdX] L=0 states=1 -> 1
[DP-fwdX] L=0 states=1 -> 1
[DP-fwdX] L=0 states=1 -> 1
[DP-bwdX] L=16 states=1 -> 1
[DP-bwdX] L=16 states=1 -> 1
[DP-bwdX] L=16 states=1 -> 1
[DP-fwdX] L=16 states=1 -> 1
[DP-bwdX] L=32 states=1 -> 1
[DP-fwdX] L=16 states=1 -> 1
[DP-fwdX] L=16 states=1 -> 1
[DP-fwdX] L=16 states=1 -> 1
[DP-bwdX] L=32 states=1 -> 1
[DP-bwdX] L=32 states=1 -> 1
[DP-bwdX] L=32 states=1 -> 1
[DP-fwdX] L=32 states=1 -> 1
[DP-bwdX] L=64 states=1 -> 1
[DP-fwdX] L=32 states=1 -> 1
[DP-bwdX] L=48 states=1 -> 1
[DP-fwdX] L=32 states=1 -> 1
[DP-fwdX] L=32 states=1 -> 1
[DP-fwdX] L=32 states=1 -> 1
[DP-bwdX] L=48 states=1 -> 1
[DP-bwdX] L=48 states=1 -> 1
[DP-bwdX] L=48 states=1 -> 1
[DP-fwdX] L=48 states=1 -> 1
[DP-bwdX] L=64 states=1 -> 1
[DP-fwdX] L=48 states=1 -> 1
[DP-fwdX] L=48 states=1 -> 1
[DP-fwdX] L=48 states=1 -> 1
[DP-bwdX] L=64 states=1 -> 1
[DP-bwdX] L=64 states=1 -> 1
[DP-bwdX] L=64 states=1 -> 1
[RowSwapCTR] expand small 8x8 -> full 16x8  top_rows=4  bot_rows=4  ctr_rows=8  n_full=128
  [Round 38] T_prime=15  T_target=15  HPWL_w=480336  HPWL_eq=476  maxL=26  WNS(T')=-11  WNS*(T)=-11  picked=0  solve_ms=17.3373
[OC-Shortest/pow2] m=8 h=8 SEG=4 bits=32 words=1 threads=24
[DP-fwdX] L=0 states=1 -> 1
[DP-fwdX] L=16 states=141 -> 164
[DP-bwdX] L=64 states=1 -> 1
[DP-bwdX] L=48 states=141 -> 164
[DP-fwdX] L=0 states=1 -> 1
[DP-bwdX] L=32 states=1 -> 1
[DP-fwdX] L=0 states=1 -> 1
[DP-bwdX] L=16 states=1 -> 1
[DP-fwdX] L=0 states=1 -> 1
[DP-fwdX] L=0 states=1 -> 1
[DP-fwdX] L=0 states=1 -> 1
[DP-bwdX] L=16 states=1 -> 1
[DP-bwdX] L=16 states=1 -> 1
[DP-bwdX] L=16 states=1 -> 1
[DP-fwdX] L=16 states=1 -> 1
[DP-bwdX] L=32 states=1 -> 1
[DP-fwdX] L=16 states=1 -> 1
[DP-fwdX] L=16 states=1 -> 1
[DP-fwdX] L=16 states=1 -> 1
[DP-bwdX] L=32 states=1 -> 1
[DP-bwdX] L=32 states=1 -> 1
[DP-bwdX] L=32 states=1 -> 1
[DP-fwdX] L=32 states=1 -> 1
[DP-bwdX] L=64 states=1 -> 1
[DP-fwdX] L=32 states=1 -> 1
[DP-bwdX] L=48 states=1 -> 1
[DP-fwdX] L=32 states=1 -> 1
[DP-fwdX] L=32 states=1 -> 1
[DP-fwdX] L=32 states=1 -> 1
[DP-bwdX] L=48 states=1 -> 1
[DP-bwdX] L=48 states=1 -> 1
[DP-bwdX] L=48 states=1 -> 1
[DP-fwdX] L=48 states=1 -> 1
[DP-bwdX] L=64 states=1 -> 1
[DP-fwdX] L=48 states=1 -> 1
[DP-fwdX] L=48 states=1 -> 1
[DP-fwdX] L=48 states=1 -> 1
[DP-bwdX] L=64 states=1 -> 1
[DP-bwdX] L=64 states=1 -> 1
[DP-bwdX] L=64 states=1 -> 1
[RowSwapCTR] expand small 8x8 -> full 16x8  top_rows=4  bot_rows=4  ctr_rows=8  n_full=128
  [Round 39] T_prime=15  T_target=15  HPWL_w=480336  HPWL_eq=476  maxL=26  WNS(T')=-11  WNS*(T)=-11  picked=0  solve_ms=17.3594
[OC-Shortest/pow2] m=8 h=8 SEG=4 bits=32 words=1 threads=24
[DP-fwdX] L=0 states=1 -> 1
[DP-fwdX] L=16 states=141 -> 164
[DP-bwdX] L=64 states=1 -> 1
[DP-bwdX] L=48 states=141 -> 164
[DP-fwdX] L=0 states=1 -> 1
[DP-bwdX] L=32 states=1 -> 1
[DP-fwdX] L=0 states=1 -> 1
[DP-bwdX] L=16 states=1 -> 1
[DP-fwdX] L=0 states=1 -> 1
[DP-fwdX] L=0 states=1 -> 1
[DP-fwdX] L=0 states=1 -> 1
[DP-bwdX] L=16 states=1 -> 1
[DP-bwdX] L=16 states=1 -> 1
[DP-bwdX] L=16 states=1 -> 1
[DP-fwdX] L=16 states=1 -> 1
[DP-bwdX] L=32 states=1 -> 1
[DP-fwdX] L=16 states=1 -> 1
[DP-fwdX] L=16 states=1 -> 1
[DP-fwdX] L=16 states=1 -> 1
[DP-bwdX] L=32 states=1 -> 1
[DP-bwdX] L=32 states=1 -> 1
[DP-bwdX] L=32 states=1 -> 1
[DP-fwdX] L=32 states=1 -> 1
[DP-bwdX] L=64 states=1 -> 1
[DP-fwdX] L=32 states=1 -> 1
[DP-bwdX] L=48 states=1 -> 1
[DP-fwdX] L=32 states=1 -> 1
[DP-fwdX] L=32 states=1 -> 1
[DP-fwdX] L=32 states=1 -> 1
[DP-bwdX] L=48 states=1 -> 1
[DP-bwdX] L=48 states=1 -> 1
[DP-bwdX] L=48 states=1 -> 1
[DP-fwdX] L=48 states=1 -> 1
[DP-bwdX] L=64 states=1 -> 1
[DP-fwdX] L=48 states=1 -> 1
[DP-fwdX] L=48 states=1 -> 1
[DP-fwdX] L=48 states=1 -> 1
[DP-bwdX] L=64 states=1 -> 1
[DP-bwdX] L=64 states=1 -> 1
[DP-bwdX] L=64 states=1 -> 1
[RowSwapCTR] expand small 8x8 -> full 16x8  top_rows=4  bot_rows=4  ctr_rows=8  n_full=128
  [Round 40] T_prime=15  T_target=15  HPWL_w=480336  HPWL_eq=476  maxL=26  WNS(T')=-11  WNS*(T)=-11  picked=0  solve_ms=17.768
[OC-Shortest/pow2] m=8 h=8 SEG=4 bits=32 words=1 threads=24
[DP-fwdX] L=0 states=1 -> 1
[DP-fwdX] L=16 states=141 -> 164
[DP-bwdX] L=64 states=1 -> 1
[DP-bwdX] L=48 states=141 -> 164
[DP-fwdX] L=0 states=1 -> 1
[DP-bwdX] L=32 states=1 -> 1
[DP-fwdX] L=0 states=1 -> 1
[DP-bwdX] L=16 states=1 -> 1
[DP-fwdX] L=0 states=1 -> 1
[DP-fwdX] L=0 states=1 -> 1
[DP-fwdX] L=0 states=1 -> 1
[DP-bwdX] L=16 states=1 -> 1
[DP-bwdX] L=16 states=1 -> 1
[DP-bwdX] L=16 states=1 -> 1
[DP-fwdX] L=16 states=1 -> 1
[DP-bwdX] L=32 states=1 -> 1
[DP-fwdX] L=16 states=1 -> 1
[DP-fwdX] L=16 states=1 -> 1
[DP-fwdX] L=16 states=1 -> 1
[DP-bwdX] L=32 states=1 -> 1
[DP-bwdX] L=32 states=1 -> 1
[DP-bwdX] L=32 states=1 -> 1
[DP-fwdX] L=32 states=1 -> 1
[DP-bwdX] L=64 states=1 -> 1
[DP-fwdX] L=32 states=1 -> 1
[DP-bwdX] L=48 states=1 -> 1
[DP-fwdX] L=32 states=1 -> 1
[DP-fwdX] L=32 states=1 -> 1
[DP-fwdX] L=32 states=1 -> 1
[DP-bwdX] L=48 states=1 -> 1
[DP-bwdX] L=48 states=1 -> 1
[DP-bwdX] L=48 states=1 -> 1
[DP-fwdX] L=48 states=1 -> 1
[DP-bwdX] L=64 states=1 -> 1
[DP-fwdX] L=48 states=1 -> 1
[DP-fwdX] L=48 states=1 -> 1
[DP-fwdX] L=48 states=1 -> 1
[DP-bwdX] L=64 states=1 -> 1
[DP-bwdX] L=64 states=1 -> 1
[DP-bwdX] L=64 states=1 -> 1
[RowSwapCTR] expand small 8x8 -> full 16x8  top_rows=4  bot_rows=4  ctr_rows=8  n_full=128
  [Round 41] T_prime=15  T_target=15  HPWL_w=480336  HPWL_eq=476  maxL=26  WNS(T')=-11  WNS*(T)=-11  picked=0  solve_ms=17.7798
[OC-Shortest/pow2] m=8 h=8 SEG=4 bits=32 words=1 threads=24
[DP-fwdX] L=0 states=1 -> 1
[DP-fwdX] L=16 states=141 -> 164
[DP-bwdX] L=64 states=1 -> 1
[DP-bwdX] L=48 states=141 -> 164
[DP-fwdX] L=0 states=1 -> 1
[DP-bwdX] L=32 states=1 -> 1
[DP-fwdX] L=0 states=1 -> 1
[DP-bwdX] L=16 states=1 -> 1
[DP-fwdX] L=0 states=1 -> 1
[DP-fwdX] L=0 states=1 -> 1
[DP-fwdX] L=0 states=1 -> 1
[DP-bwdX] L=16 states=1 -> 1
[DP-bwdX] L=16 states=1 -> 1
[DP-bwdX] L=16 states=1 -> 1
[DP-fwdX] L=16 states=1 -> 1
[DP-bwdX] L=32 states=1 -> 1
[DP-fwdX] L=16 states=1 -> 1
[DP-fwdX] L=16 states=1 -> 1
[DP-fwdX] L=16 states=1 -> 1
[DP-bwdX] L=32 states=1 -> 1
[DP-bwdX] L=32 states=1 -> 1
[DP-bwdX] L=32 states=1 -> 1
[DP-fwdX] L=32 states=1 -> 1
[DP-bwdX] L=64 states=1 -> 1
[DP-fwdX] L=32 states=1 -> 1
[DP-bwdX] L=48 states=1 -> 1
[DP-fwdX] L=32 states=1 -> 1
[DP-fwdX] L=32 states=1 -> 1
[DP-fwdX] L=32 states=1 -> 1
[DP-bwdX] L=48 states=1 -> 1
[DP-bwdX] L=48 states=1 -> 1
[DP-bwdX] L=48 states=1 -> 1
[DP-fwdX] L=48 states=1 -> 1
[DP-bwdX] L=64 states=1 -> 1
[DP-fwdX] L=48 states=1 -> 1
[DP-fwdX] L=48 states=1 -> 1
[DP-fwdX] L=48 states=1 -> 1
[DP-bwdX] L=64 states=1 -> 1
[DP-bwdX] L=64 states=1 -> 1
[DP-bwdX] L=64 states=1 -> 1
[RowSwapCTR] expand small 8x8 -> full 16x8  top_rows=4  bot_rows=4  ctr_rows=8  n_full=128
  [Round 42] T_prime=15  T_target=15  HPWL_w=480336  HPWL_eq=476  maxL=26  WNS(T')=-11  WNS*(T)=-11  picked=0  solve_ms=17.4827
[OC-Shortest/pow2] m=8 h=8 SEG=4 bits=32 words=1 threads=24
[DP-fwdX] L=0 states=1 -> 1
[DP-fwdX] L=16 states=141 -> 164
[DP-bwdX] L=64 states=1 -> 1
[DP-bwdX] L=48 states=141 -> 164
[DP-fwdX] L=0 states=1 -> 1
[DP-bwdX] L=32 states=1 -> 1
[DP-fwdX] L=0 states=1 -> 1
[DP-bwdX] L=16 states=1 -> 1
[DP-fwdX] L=0 states=1 -> 1
[DP-fwdX] L=0 states=1 -> 1
[DP-fwdX] L=0 states=1 -> 1
[DP-bwdX] L=16 states=1 -> 1
[DP-bwdX] L=16 states=1 -> 1
[DP-bwdX] L=16 states=1 -> 1
[DP-fwdX] L=16 states=1 -> 1
[DP-bwdX] L=32 states=1 -> 1
[DP-fwdX] L=16 states=1 -> 1
[DP-fwdX] L=16 states=1 -> 1
[DP-fwdX] L=16 states=1 -> 1
[DP-bwdX] L=32 states=1 -> 1
[DP-bwdX] L=32 states=1 -> 1
[DP-bwdX] L=32 states=1 -> 1
[DP-fwdX] L=32 states=1 -> 1
[DP-bwdX] L=64 states=1 -> 1
[DP-fwdX] L=32 states=1 -> 1
[DP-bwdX] L=48 states=1 -> 1
[DP-fwdX] L=32 states=1 -> 1
[DP-fwdX] L=32 states=1 -> 1
[DP-fwdX] L=32 states=1 -> 1
[DP-bwdX] L=48 states=1 -> 1
[DP-bwdX] L=48 states=1 -> 1
[DP-bwdX] L=48 states=1 -> 1
[DP-fwdX] L=48 states=1 -> 1
[DP-bwdX] L=64 states=1 -> 1
[DP-fwdX] L=48 states=1 -> 1
[DP-fwdX] L=48 states=1 -> 1
[DP-fwdX] L=48 states=1 -> 1
[DP-bwdX] L=64 states=1 -> 1
[DP-bwdX] L=64 states=1 -> 1
[DP-bwdX] L=64 states=1 -> 1
[RowSwapCTR] expand small 8x8 -> full 16x8  top_rows=4  bot_rows=4  ctr_rows=8  n_full=128
  [Round 43] T_prime=15  T_target=15  HPWL_w=480336  HPWL_eq=476  maxL=26  WNS(T')=-11  WNS*(T)=-11  picked=0  solve_ms=17.4301
[OC-Shortest/pow2] m=8 h=8 SEG=4 bits=32 words=1 threads=24
[DP-fwdX] L=0 states=1 -> 1
[DP-fwdX] L=16 states=141 -> 164
[DP-bwdX] L=64 states=1 -> 1
[DP-bwdX] L=48 states=141 -> 164
[DP-fwdX] L=0 states=1 -> 1
[DP-bwdX] L=32 states=1 -> 1
[DP-fwdX] L=0 states=1 -> 1
[DP-bwdX] L=16 states=1 -> 1
[DP-fwdX] L=0 states=1 -> 1
[DP-fwdX] L=0 states=1 -> 1
[DP-fwdX] L=0 states=1 -> 1
[DP-bwdX] L=16 states=1 -> 1
[DP-bwdX] L=16 states=1 -> 1
[DP-bwdX] L=16 states=1 -> 1
[DP-fwdX] L=16 states=1 -> 1
[DP-bwdX] L=32 states=1 -> 1
[DP-fwdX] L=16 states=1 -> 1
[DP-fwdX] L=16 states=1 -> 1
[DP-fwdX] L=16 states=1 -> 1
[DP-bwdX] L=32 states=1 -> 1
[DP-bwdX] L=32 states=1 -> 1
[DP-bwdX] L=32 states=1 -> 1
[DP-fwdX] L=32 states=1 -> 1
[DP-bwdX] L=64 states=1 -> 1
[DP-fwdX] L=32 states=1 -> 1
[DP-bwdX] L=48 states=1 -> 1
[DP-fwdX] L=32 states=1 -> 1
[DP-fwdX] L=32 states=1 -> 1
[DP-fwdX] L=32 states=1 -> 1
[DP-bwdX] L=48 states=1 -> 1
[DP-bwdX] L=48 states=1 -> 1
[DP-bwdX] L=48 states=1 -> 1
[DP-fwdX] L=48 states=1 -> 1
[DP-bwdX] L=64 states=1 -> 1
[DP-fwdX] L=48 states=1 -> 1
[DP-fwdX] L=48 states=1 -> 1
[DP-fwdX] L=48 states=1 -> 1
[DP-bwdX] L=64 states=1 -> 1
[DP-bwdX] L=64 states=1 -> 1
[DP-bwdX] L=64 states=1 -> 1
[RowSwapCTR] expand small 8x8 -> full 16x8  top_rows=4  bot_rows=4  ctr_rows=8  n_full=128
  [Round 44] T_prime=15  T_target=15  HPWL_w=480336  HPWL_eq=476  maxL=26  WNS(T')=-11  WNS*(T)=-11  picked=0  solve_ms=17.6565
[OC-Shortest/pow2] m=8 h=8 SEG=4 bits=32 words=1 threads=24
[DP-fwdX] L=0 states=1 -> 1
[DP-fwdX] L=16 states=141 -> 164
[DP-bwdX] L=64 states=1 -> 1
[DP-bwdX] L=48 states=141 -> 164
[DP-fwdX] L=0 states=1 -> 1
[DP-bwdX] L=32 states=1 -> 1
[DP-fwdX] L=0 states=1 -> 1
[DP-bwdX] L=16 states=1 -> 1
[DP-fwdX] L=0 states=1 -> 1
[DP-fwdX] L=0 states=1 -> 1
[DP-fwdX] L=0 states=1 -> 1
[DP-bwdX] L=16 states=1 -> 1
[DP-bwdX] L=16 states=1 -> 1
[DP-bwdX] L=16 states=1 -> 1
[DP-fwdX] L=16 states=1 -> 1
[DP-bwdX] L=32 states=1 -> 1
[DP-fwdX] L=16 states=1 -> 1
[DP-fwdX] L=16 states=1 -> 1
[DP-fwdX] L=16 states=1 -> 1
[DP-bwdX] L=32 states=1 -> 1
[DP-bwdX] L=32 states=1 -> 1
[DP-bwdX] L=32 states=1 -> 1
[DP-fwdX] L=32 states=1 -> 1
[DP-bwdX] L=64 states=1 -> 1
[DP-fwdX] L=32 states=1 -> 1
[DP-bwdX] L=48 states=1 -> 1
[DP-fwdX] L=32 states=1 -> 1
[DP-fwdX] L=32 states=1 -> 1
[DP-fwdX] L=32 states=1 -> 1
[DP-bwdX] L=48 states=1 -> 1
[DP-bwdX] L=48 states=1 -> 1
[DP-bwdX] L=48 states=1 -> 1
[DP-fwdX] L=48 states=1 -> 1
[DP-bwdX] L=64 states=1 -> 1
[DP-fwdX] L=48 states=1 -> 1
[DP-fwdX] L=48 states=1 -> 1
[DP-fwdX] L=48 states=1 -> 1
[DP-bwdX] L=64 states=1 -> 1
[DP-bwdX] L=64 states=1 -> 1
[DP-bwdX] L=64 states=1 -> 1
[RowSwapCTR] expand small 8x8 -> full 16x8  top_rows=4  bot_rows=4  ctr_rows=8  n_full=128
  [Round 45] T_prime=15  T_target=15  HPWL_w=480336  HPWL_eq=476  maxL=26  WNS(T')=-11  WNS*(T)=-11  picked=0  solve_ms=17.7469
[OC-Shortest/pow2] m=8 h=8 SEG=4 bits=32 words=1 threads=24
[DP-fwdX] L=0 states=1 -> 1
[DP-fwdX] L=16 states=141 -> 164
[DP-bwdX] L=64 states=1 -> 1
[DP-bwdX] L=48 states=141 -> 164
[DP-fwdX] L=0 states=1 -> 1
[DP-bwdX] L=32 states=1 -> 1
[DP-fwdX] L=0 states=1 -> 1
[DP-bwdX] L=16 states=1 -> 1
[DP-fwdX] L=0 states=1 -> 1
[DP-fwdX] L=0 states=1 -> 1
[DP-fwdX] L=0 states=1 -> 1
[DP-bwdX] L=16 states=1 -> 1
[DP-bwdX] L=16 states=1 -> 1
[DP-bwdX] L=16 states=1 -> 1
[DP-fwdX] L=16 states=1 -> 1
[DP-bwdX] L=32 states=1 -> 1
[DP-fwdX] L=16 states=1 -> 1
[DP-fwdX] L=16 states=1 -> 1
[DP-fwdX] L=16 states=1 -> 1
[DP-bwdX] L=32 states=1 -> 1
[DP-bwdX] L=32 states=1 -> 1
[DP-bwdX] L=32 states=1 -> 1
[DP-fwdX] L=32 states=1 -> 1
[DP-bwdX] L=64 states=1 -> 1
[DP-fwdX] L=32 states=1 -> 1
[DP-bwdX] L=48 states=1 -> 1
[DP-fwdX] L=32 states=1 -> 1
[DP-fwdX] L=32 states=1 -> 1
[DP-fwdX] L=32 states=1 -> 1
[DP-bwdX] L=48 states=1 -> 1
[DP-bwdX] L=48 states=1 -> 1
[DP-bwdX] L=48 states=1 -> 1
[DP-fwdX] L=48 states=1 -> 1
[DP-bwdX] L=64 states=1 -> 1
[DP-fwdX] L=48 states=1 -> 1
[DP-fwdX] L=48 states=1 -> 1
[DP-fwdX] L=48 states=1 -> 1
[DP-bwdX] L=64 states=1 -> 1
[DP-bwdX] L=64 states=1 -> 1
[DP-bwdX] L=64 states=1 -> 1
[RowSwapCTR] expand small 8x8 -> full 16x8  top_rows=4  bot_rows=4  ctr_rows=8  n_full=128
  [Round 46] T_prime=15  T_target=15  HPWL_w=480336  HPWL_eq=476  maxL=26  WNS(T')=-11  WNS*(T)=-11  picked=0  solve_ms=17.7032
[OC-Shortest/pow2] m=8 h=8 SEG=4 bits=32 words=1 threads=24
[DP-fwdX] L=0 states=1 -> 1
[DP-fwdX] L=16 states=141 -> 164
[DP-bwdX] L=64 states=1 -> 1
[DP-bwdX] L=48 states=141 -> 164
[DP-fwdX] L=0 states=1 -> 1
[DP-bwdX] L=32 states=1 -> 1
[DP-fwdX] L=0 states=1 -> 1
[DP-bwdX] L=16 states=1 -> 1
[DP-fwdX] L=0 states=1 -> 1
[DP-fwdX] L=0 states=1 -> 1
[DP-fwdX] L=0 states=1 -> 1
[DP-bwdX] L=16 states=1 -> 1
[DP-bwdX] L=16 states=1 -> 1
[DP-bwdX] L=16 states=1 -> 1
[DP-fwdX] L=16 states=1 -> 1
[DP-bwdX] L=32 states=1 -> 1
[DP-fwdX] L=16 states=1 -> 1
[DP-fwdX] L=16 states=1 -> 1
[DP-fwdX] L=16 states=1 -> 1
[DP-bwdX] L=32 states=1 -> 1
[DP-bwdX] L=32 states=1 -> 1
[DP-bwdX] L=32 states=1 -> 1
[DP-fwdX] L=32 states=1 -> 1
[DP-bwdX] L=64 states=1 -> 1
[DP-fwdX] L=32 states=1 -> 1
[DP-bwdX] L=48 states=1 -> 1
[DP-fwdX] L=32 states=1 -> 1
[DP-fwdX] L=32 states=1 -> 1
[DP-fwdX] L=32 states=1 -> 1
[DP-bwdX] L=48 states=1 -> 1
[DP-bwdX] L=48 states=1 -> 1
[DP-bwdX] L=48 states=1 -> 1
[DP-fwdX] L=48 states=1 -> 1
[DP-bwdX] L=64 states=1 -> 1
[DP-fwdX] L=48 states=1 -> 1
[DP-fwdX] L=48 states=1 -> 1
[DP-fwdX] L=48 states=1 -> 1
[DP-bwdX] L=64 states=1 -> 1
[DP-bwdX] L=64 states=1 -> 1
[DP-bwdX] L=64 states=1 -> 1
[RowSwapCTR] expand small 8x8 -> full 16x8  top_rows=4  bot_rows=4  ctr_rows=8  n_full=128
  [Round 47] T_prime=15  T_target=15  HPWL_w=480336  HPWL_eq=476  maxL=26  WNS(T')=-11  WNS*(T)=-11  picked=0  solve_ms=17.5412
[OC-Shortest/pow2] m=8 h=8 SEG=4 bits=32 words=1 threads=24
[DP-fwdX] L=0 states=1 -> 1
[DP-fwdX] L=16 states=141 -> 164
[DP-bwdX] L=64 states=1 -> 1
[DP-bwdX] L=48 states=141 -> 164
[DP-fwdX] L=0 states=1 -> 1
[DP-bwdX] L=32 states=1 -> 1
[DP-fwdX] L=0 states=1 -> 1
[DP-bwdX] L=16 states=1 -> 1
[DP-fwdX] L=0 states=1 -> 1
[DP-fwdX] L=0 states=1 -> 1
[DP-fwdX] L=0 states=1 -> 1
[DP-bwdX] L=16 states=1 -> 1
[DP-bwdX] L=16 states=1 -> 1
[DP-bwdX] L=16 states=1 -> 1
[DP-fwdX] L=16 states=1 -> 1
[DP-bwdX] L=32 states=1 -> 1
[DP-fwdX] L=16 states=1 -> 1
[DP-fwdX] L=16 states=1 -> 1
[DP-fwdX] L=16 states=1 -> 1
[DP-bwdX] L=32 states=1 -> 1
[DP-bwdX] L=32 states=1 -> 1
[DP-bwdX] L=32 states=1 -> 1
[DP-fwdX] L=32 states=1 -> 1
[DP-bwdX] L=64 states=1 -> 1
[DP-fwdX] L=32 states=1 -> 1
[DP-bwdX] L=48 states=1 -> 1
[DP-fwdX] L=32 states=1 -> 1
[DP-fwdX] L=32 states=1 -> 1
[DP-fwdX] L=32 states=1 -> 1
[DP-bwdX] L=48 states=1 -> 1
[DP-bwdX] L=48 states=1 -> 1
[DP-bwdX] L=48 states=1 -> 1
[DP-fwdX] L=48 states=1 -> 1
[DP-bwdX] L=64 states=1 -> 1
[DP-fwdX] L=48 states=1 -> 1
[DP-fwdX] L=48 states=1 -> 1
[DP-fwdX] L=48 states=1 -> 1
[DP-bwdX] L=64 states=1 -> 1
[DP-bwdX] L=64 states=1 -> 1
[DP-bwdX] L=64 states=1 -> 1
[RowSwapCTR] expand small 8x8 -> full 16x8  top_rows=4  bot_rows=4  ctr_rows=8  n_full=128
  [Round 48] T_prime=15  T_target=15  HPWL_w=480336  HPWL_eq=476  maxL=26  WNS(T')=-11  WNS*(T)=-11  picked=0  solve_ms=17.7113
[OC-Shortest/pow2] m=8 h=8 SEG=4 bits=32 words=1 threads=24
[DP-fwdX] L=0 states=1 -> 1
[DP-fwdX] L=16 states=141 -> 164
[DP-bwdX] L=64 states=1 -> 1
[DP-bwdX] L=48 states=141 -> 164
[DP-fwdX] L=0 states=1 -> 1
[DP-bwdX] L=32 states=1 -> 1
[DP-fwdX] L=0 states=1 -> 1
[DP-bwdX] L=16 states=1 -> 1
[DP-fwdX] L=0 states=1 -> 1
[DP-fwdX] L=0 states=1 -> 1
[DP-fwdX] L=0 states=1 -> 1
[DP-bwdX] L=16 states=1 -> 1
[DP-bwdX] L=16 states=1 -> 1
[DP-bwdX] L=16 states=1 -> 1
[DP-fwdX] L=16 states=1 -> 1
[DP-bwdX] L=32 states=1 -> 1
[DP-fwdX] L=16 states=1 -> 1
[DP-fwdX] L=16 states=1 -> 1
[DP-fwdX] L=16 states=1 -> 1
[DP-bwdX] L=32 states=1 -> 1
[DP-bwdX] L=32 states=1 -> 1
[DP-bwdX] L=32 states=1 -> 1
[DP-fwdX] L=32 states=1 -> 1
[DP-bwdX] L=64 states=1 -> 1
[DP-fwdX] L=32 states=1 -> 1
[DP-bwdX] L=48 states=1 -> 1
[DP-fwdX] L=32 states=1 -> 1
[DP-fwdX] L=32 states=1 -> 1
[DP-fwdX] L=32 states=1 -> 1
[DP-bwdX] L=48 states=1 -> 1
[DP-bwdX] L=48 states=1 -> 1
[DP-bwdX] L=48 states=1 -> 1
[DP-fwdX] L=48 states=1 -> 1
[DP-bwdX] L=64 states=1 -> 1
[DP-fwdX] L=48 states=1 -> 1
[DP-fwdX] L=48 states=1 -> 1
[DP-fwdX] L=48 states=1 -> 1
[DP-bwdX] L=64 states=1 -> 1
[DP-bwdX] L=64 states=1 -> 1
[DP-bwdX] L=64 states=1 -> 1
[RowSwapCTR] expand small 8x8 -> full 16x8  top_rows=4  bot_rows=4  ctr_rows=8  n_full=128
  [Round 49] T_prime=15  T_target=15  HPWL_w=480336  HPWL_eq=476  maxL=26  WNS(T')=-11  WNS*(T)=-11  picked=0  solve_ms=17.9593
[OC-Shortest/pow2] m=8 h=8 SEG=4 bits=32 words=1 threads=24
[DP-fwdX] L=0 states=1 -> 1
[DP-fwdX] L=16 states=141 -> 164
[DP-bwdX] L=64 states=1 -> 1
[DP-bwdX] L=48 states=141 -> 164
[DP-fwdX] L=0 states=1 -> 1
[DP-bwdX] L=32 states=1 -> 1
[DP-fwdX] L=0 states=1 -> 1
[DP-bwdX] L=16 states=1 -> 1
[DP-fwdX] L=0 states=1 -> 1
[DP-fwdX] L=0 states=1 -> 1
[DP-fwdX] L=0 states=1 -> 1
[DP-bwdX] L=16 states=1 -> 1
[DP-bwdX] L=16 states=1 -> 1
[DP-bwdX] L=16 states=1 -> 1
[DP-fwdX] L=16 states=1 -> 1
[DP-bwdX] L=32 states=1 -> 1
[DP-fwdX] L=16 states=1 -> 1
[DP-fwdX] L=16 states=1 -> 1
[DP-fwdX] L=16 states=1 -> 1
[DP-bwdX] L=32 states=1 -> 1
[DP-bwdX] L=32 states=1 -> 1
[DP-bwdX] L=32 states=1 -> 1
[DP-fwdX] L=32 states=1 -> 1
[DP-bwdX] L=64 states=1 -> 1
[DP-fwdX] L=32 states=1 -> 1
[DP-bwdX] L=48 states=1 -> 1
[DP-fwdX] L=32 states=1 -> 1
[DP-fwdX] L=32 states=1 -> 1
[DP-fwdX] L=32 states=1 -> 1
[DP-bwdX] L=48 states=1 -> 1
[DP-bwdX] L=48 states=1 -> 1
[DP-bwdX] L=48 states=1 -> 1
[DP-fwdX] L=48 states=1 -> 1
[DP-bwdX] L=64 states=1 -> 1
[DP-fwdX] L=48 states=1 -> 1
[DP-fwdX] L=48 states=1 -> 1
[DP-fwdX] L=48 states=1 -> 1
[DP-bwdX] L=64 states=1 -> 1
[DP-bwdX] L=64 states=1 -> 1
[DP-bwdX] L=64 states=1 -> 1
[RowSwapCTR] expand small 8x8 -> full 16x8  top_rows=4  bot_rows=4  ctr_rows=8  n_full=128
  [Round 50] T_prime=15  T_target=15  HPWL_w=480336  HPWL_eq=476  maxL=26  WNS(T')=-11  WNS*(T)=-11  picked=0  solve_ms=18.2705
[OC-Shortest/pow2] m=8 h=8 SEG=4 bits=32 words=1 threads=24
[DP-fwdX] L=0 states=1 -> 1
[DP-fwdX] L=16 states=141 -> 164
[DP-bwdX] L=64 states=1 -> 1
[DP-bwdX] L=48 states=141 -> 164
[DP-fwdX] L=0 states=1 -> 1
[DP-bwdX] L=32 states=1 -> 1
[DP-fwdX] L=0 states=1 -> 1
[DP-bwdX] L=16 states=1 -> 1
[DP-fwdX] L=0 states=1 -> 1
[DP-fwdX] L=0 states=1 -> 1
[DP-fwdX] L=0 states=1 -> 1
[DP-bwdX] L=16 states=1 -> 1
[DP-bwdX] L=16 states=1 -> 1
[DP-bwdX] L=16 states=1 -> 1
[DP-fwdX] L=16 states=1 -> 1
[DP-bwdX] L=32 states=1 -> 1
[DP-fwdX] L=16 states=1 -> 1
[DP-fwdX] L=16 states=1 -> 1
[DP-fwdX] L=16 states=1 -> 1
[DP-bwdX] L=32 states=1 -> 1
[DP-bwdX] L=32 states=1 -> 1
[DP-bwdX] L=32 states=1 -> 1
[DP-fwdX] L=32 states=1 -> 1
[DP-bwdX] L=64 states=1 -> 1
[DP-fwdX] L=32 states=1 -> 1
[DP-bwdX] L=48 states=1 -> 1
[DP-fwdX] L=32 states=1 -> 1
[DP-fwdX] L=32 states=1 -> 1
[DP-fwdX] L=32 states=1 -> 1
[DP-bwdX] L=48 states=1 -> 1
[DP-bwdX] L=48 states=1 -> 1
[DP-bwdX] L=48 states=1 -> 1
[DP-fwdX] L=48 states=1 -> 1
[DP-bwdX] L=64 states=1 -> 1
[DP-fwdX] L=48 states=1 -> 1
[DP-fwdX] L=48 states=1 -> 1
[DP-fwdX] L=48 states=1 -> 1
[DP-bwdX] L=64 states=1 -> 1
[DP-bwdX] L=64 states=1 -> 1
[DP-bwdX] L=64 states=1 -> 1
[RowSwapCTR] expand small 8x8 -> full 16x8  top_rows=4  bot_rows=4  ctr_rows=8  n_full=128
  [Round 51] T_prime=15  T_target=15  HPWL_w=480336  HPWL_eq=476  maxL=26  WNS(T')=-11  WNS*(T)=-11  picked=0  solve_ms=17.8347
[OC-Shortest/pow2] m=8 h=8 SEG=4 bits=32 words=1 threads=24
[DP-fwdX] L=0 states=1 -> 1
[DP-fwdX] L=16 states=141 -> 164
[DP-bwdX] L=64 states=1 -> 1
[DP-bwdX] L=48 states=141 -> 164
[DP-fwdX] L=0 states=1 -> 1
[DP-bwdX] L=32 states=1 -> 1
[DP-fwdX] L=0 states=1 -> 1
[DP-bwdX] L=16 states=1 -> 1
[DP-fwdX] L=0 states=1 -> 1
[DP-fwdX] L=0 states=1 -> 1
[DP-fwdX] L=0 states=1 -> 1
[DP-bwdX] L=16 states=1 -> 1
[DP-bwdX] L=16 states=1 -> 1
[DP-bwdX] L=16 states=1 -> 1
[DP-fwdX] L=16 states=1 -> 1
[DP-bwdX] L=32 states=1 -> 1
[DP-fwdX] L=16 states=1 -> 1
[DP-fwdX] L=16 states=1 -> 1
[DP-fwdX] L=16 states=1 -> 1
[DP-bwdX] L=32 states=1 -> 1
[DP-bwdX] L=32 states=1 -> 1
[DP-bwdX] L=32 states=1 -> 1
[DP-fwdX] L=32 states=1 -> 1
[DP-bwdX] L=64 states=1 -> 1
[DP-fwdX] L=32 states=1 -> 1
[DP-bwdX] L=48 states=1 -> 1
[DP-fwdX] L=32 states=1 -> 1
[DP-fwdX] L=32 states=1 -> 1
[DP-fwdX] L=32 states=1 -> 1
[DP-bwdX] L=48 states=1 -> 1
[DP-bwdX] L=48 states=1 -> 1
[DP-bwdX] L=48 states=1 -> 1
[DP-fwdX] L=48 states=1 -> 1
[DP-bwdX] L=64 states=1 -> 1
[DP-fwdX] L=48 states=1 -> 1
[DP-fwdX] L=48 states=1 -> 1
[DP-fwdX] L=48 states=1 -> 1
[DP-bwdX] L=64 states=1 -> 1
[DP-bwdX] L=64 states=1 -> 1
[DP-bwdX] L=64 states=1 -> 1
[RowSwapCTR] expand small 8x8 -> full 16x8  top_rows=4  bot_rows=4  ctr_rows=8  n_full=128
  [Round 52] T_prime=15  T_target=15  HPWL_w=480336  HPWL_eq=476  maxL=26  WNS(T')=-11  WNS*(T)=-11  picked=0  solve_ms=17.9497
[OC-Shortest/pow2] m=8 h=8 SEG=4 bits=32 words=1 threads=24
[DP-fwdX] L=0 states=1 -> 1
[DP-fwdX] L=16 states=141 -> 164
[DP-bwdX] L=64 states=1 -> 1
[DP-bwdX] L=48 states=141 -> 164
[DP-fwdX] L=0 states=1 -> 1
[DP-bwdX] L=32 states=1 -> 1
[DP-fwdX] L=0 states=1 -> 1
[DP-bwdX] L=16 states=1 -> 1
[DP-fwdX] L=0 states=1 -> 1
[DP-fwdX] L=0 states=1 -> 1
[DP-fwdX] L=0 states=1 -> 1
[DP-bwdX] L=16 states=1 -> 1
[DP-bwdX] L=16 states=1 -> 1
[DP-bwdX] L=16 states=1 -> 1
[DP-fwdX] L=16 states=1 -> 1
[DP-bwdX] L=32 states=1 -> 1
[DP-fwdX] L=16 states=1 -> 1
[DP-fwdX] L=16 states=1 -> 1
[DP-fwdX] L=16 states=1 -> 1
[DP-bwdX] L=32 states=1 -> 1
[DP-bwdX] L=32 states=1 -> 1
[DP-bwdX] L=32 states=1 -> 1
[DP-fwdX] L=32 states=1 -> 1
[DP-bwdX] L=64 states=1 -> 1
[DP-fwdX] L=32 states=1 -> 1
[DP-bwdX] L=48 states=1 -> 1
[DP-fwdX] L=32 states=1 -> 1
[DP-fwdX] L=32 states=1 -> 1
[DP-fwdX] L=32 states=1 -> 1
[DP-bwdX] L=48 states=1 -> 1
[DP-bwdX] L=48 states=1 -> 1
[DP-bwdX] L=48 states=1 -> 1
[DP-fwdX] L=48 states=1 -> 1
[DP-bwdX] L=64 states=1 -> 1
[DP-fwdX] L=48 states=1 -> 1
[DP-fwdX] L=48 states=1 -> 1
[DP-fwdX] L=48 states=1 -> 1
[DP-bwdX] L=64 states=1 -> 1
[DP-bwdX] L=64 states=1 -> 1
[DP-bwdX] L=64 states=1 -> 1
[RowSwapCTR] expand small 8x8 -> full 16x8  top_rows=4  bot_rows=4  ctr_rows=8  n_full=128
  [Round 53] T_prime=15  T_target=15  HPWL_w=480336  HPWL_eq=476  maxL=26  WNS(T')=-11  WNS*(T)=-11  picked=0  solve_ms=18.3146
[OC-Shortest/pow2] m=8 h=8 SEG=4 bits=32 words=1 threads=24
[DP-fwdX] L=0 states=1 -> 1
[DP-fwdX] L=16 states=141 -> 164
[DP-bwdX] L=64 states=1 -> 1
[DP-bwdX] L=48 states=141 -> 164
[DP-fwdX] L=0 states=1 -> 1
[DP-bwdX] L=32 states=1 -> 1
[DP-fwdX] L=0 states=1 -> 1
[DP-bwdX] L=16 states=1 -> 1
[DP-fwdX] L=0 states=1 -> 1
[DP-fwdX] L=0 states=1 -> 1
[DP-fwdX] L=0 states=1 -> 1
[DP-bwdX] L=16 states=1 -> 1
[DP-bwdX] L=16 states=1 -> 1
[DP-bwdX] L=16 states=1 -> 1
[DP-fwdX] L=16 states=1 -> 1
[DP-bwdX] L=32 states=1 -> 1
[DP-fwdX] L=16 states=1 -> 1
[DP-fwdX] L=16 states=1 -> 1
[DP-fwdX] L=16 states=1 -> 1
[DP-bwdX] L=32 states=1 -> 1
[DP-bwdX] L=32 states=1 -> 1
[DP-bwdX] L=32 states=1 -> 1
[DP-fwdX] L=32 states=1 -> 1
[DP-bwdX] L=64 states=1 -> 1
[DP-fwdX] L=32 states=1 -> 1
[DP-bwdX] L=48 states=1 -> 1
[DP-fwdX] L=32 states=1 -> 1
[DP-fwdX] L=32 states=1 -> 1
[DP-fwdX] L=32 states=1 -> 1
[DP-bwdX] L=48 states=1 -> 1
[DP-bwdX] L=48 states=1 -> 1
[DP-bwdX] L=48 states=1 -> 1
[DP-fwdX] L=48 states=1 -> 1
[DP-bwdX] L=64 states=1 -> 1
[DP-fwdX] L=48 states=1 -> 1
[DP-fwdX] L=48 states=1 -> 1
[DP-fwdX] L=48 states=1 -> 1
[DP-bwdX] L=64 states=1 -> 1
[DP-bwdX] L=64 states=1 -> 1
[DP-bwdX] L=64 states=1 -> 1
[RowSwapCTR] expand small 8x8 -> full 16x8  top_rows=4  bot_rows=4  ctr_rows=8  n_full=128
  [Round 54] T_prime=15  T_target=15  HPWL_w=480336  HPWL_eq=476  maxL=26  WNS(T')=-11  WNS*(T)=-11  picked=0  solve_ms=17.6457
[OC-Shortest/pow2] m=8 h=8 SEG=4 bits=32 words=1 threads=24
[DP-fwdX] L=0 states=1 -> 1
[DP-fwdX] L=16 states=141 -> 164
[DP-bwdX] L=64 states=1 -> 1
[DP-bwdX] L=48 states=141 -> 164
[DP-fwdX] L=0 states=1 -> 1
[DP-bwdX] L=32 states=1 -> 1
[DP-fwdX] L=0 states=1 -> 1
[DP-bwdX] L=16 states=1 -> 1
[DP-fwdX] L=0 states=1 -> 1
[DP-fwdX] L=0 states=1 -> 1
[DP-fwdX] L=0 states=1 -> 1
[DP-bwdX] L=16 states=1 -> 1
[DP-bwdX] L=16 states=1 -> 1
[DP-bwdX] L=16 states=1 -> 1
[DP-fwdX] L=16 states=1 -> 1
[DP-bwdX] L=32 states=1 -> 1
[DP-fwdX] L=16 states=1 -> 1
[DP-fwdX] L=16 states=1 -> 1
[DP-fwdX] L=16 states=1 -> 1
[DP-bwdX] L=32 states=1 -> 1
[DP-bwdX] L=32 states=1 -> 1
[DP-bwdX] L=32 states=1 -> 1
[DP-fwdX] L=32 states=1 -> 1
[DP-bwdX] L=64 states=1 -> 1
[DP-fwdX] L=32 states=1 -> 1
[DP-bwdX] L=48 states=1 -> 1
[DP-fwdX] L=32 states=1 -> 1
[DP-fwdX] L=32 states=1 -> 1
[DP-fwdX] L=32 states=1 -> 1
[DP-bwdX] L=48 states=1 -> 1
[DP-bwdX] L=48 states=1 -> 1
[DP-bwdX] L=48 states=1 -> 1
[DP-fwdX] L=48 states=1 -> 1
[DP-bwdX] L=64 states=1 -> 1
[DP-fwdX] L=48 states=1 -> 1
[DP-fwdX] L=48 states=1 -> 1
[DP-fwdX] L=48 states=1 -> 1
[DP-bwdX] L=64 states=1 -> 1
[DP-bwdX] L=64 states=1 -> 1
[DP-bwdX] L=64 states=1 -> 1
[RowSwapCTR] expand small 8x8 -> full 16x8  top_rows=4  bot_rows=4  ctr_rows=8  n_full=128
  [Round 55] T_prime=15  T_target=15  HPWL_w=480336  HPWL_eq=476  maxL=26  WNS(T')=-11  WNS*(T)=-11  picked=0  solve_ms=17.606
[OC-Shortest/pow2] m=8 h=8 SEG=4 bits=32 words=1 threads=24
[DP-fwdX] L=0 states=1 -> 1
[DP-fwdX] L=16 states=141 -> 164
[DP-bwdX] L=64 states=1 -> 1
[DP-bwdX] L=48 states=141 -> 164
[DP-fwdX] L=0 states=1 -> 1
[DP-bwdX] L=32 states=1 -> 1
[DP-fwdX] L=0 states=1 -> 1
[DP-bwdX] L=16 states=1 -> 1
[DP-fwdX] L=0 states=1 -> 1
[DP-fwdX] L=0 states=1 -> 1
[DP-fwdX] L=0 states=1 -> 1
[DP-bwdX] L=16 states=1 -> 1
[DP-bwdX] L=16 states=1 -> 1
[DP-bwdX] L=16 states=1 -> 1
[DP-fwdX] L=16 states=1 -> 1
[DP-bwdX] L=32 states=1 -> 1
[DP-fwdX] L=16 states=1 -> 1
[DP-fwdX] L=16 states=1 -> 1
[DP-fwdX] L=16 states=1 -> 1
[DP-bwdX] L=32 states=1 -> 1
[DP-bwdX] L=32 states=1 -> 1
[DP-bwdX] L=32 states=1 -> 1
[DP-fwdX] L=32 states=1 -> 1
[DP-bwdX] L=64 states=1 -> 1
[DP-fwdX] L=32 states=1 -> 1
[DP-bwdX] L=48 states=1 -> 1
[DP-fwdX] L=32 states=1 -> 1
[DP-fwdX] L=32 states=1 -> 1
[DP-fwdX] L=32 states=1 -> 1
[DP-bwdX] L=48 states=1 -> 1
[DP-bwdX] L=48 states=1 -> 1
[DP-bwdX] L=48 states=1 -> 1
[DP-fwdX] L=48 states=1 -> 1
[DP-bwdX] L=64 states=1 -> 1
[DP-fwdX] L=48 states=1 -> 1
[DP-fwdX] L=48 states=1 -> 1
[DP-fwdX] L=48 states=1 -> 1
[DP-bwdX] L=64 states=1 -> 1
[DP-bwdX] L=64 states=1 -> 1
[DP-bwdX] L=64 states=1 -> 1
[RowSwapCTR] expand small 8x8 -> full 16x8  top_rows=4  bot_rows=4  ctr_rows=8  n_full=128
  [Round 56] T_prime=15  T_target=15  HPWL_w=480336  HPWL_eq=476  maxL=26  WNS(T')=-11  WNS*(T)=-11  picked=0  solve_ms=17.4779
[OC-Shortest/pow2] m=8 h=8 SEG=4 bits=32 words=1 threads=24
[DP-fwdX] L=0 states=1 -> 1
[DP-fwdX] L=16 states=141 -> 164
[DP-bwdX] L=64 states=1 -> 1
[DP-bwdX] L=48 states=141 -> 164
[DP-fwdX] L=0 states=1 -> 1
[DP-bwdX] L=32 states=1 -> 1
[DP-fwdX] L=0 states=1 -> 1
[DP-bwdX] L=16 states=1 -> 1
[DP-fwdX] L=0 states=1 -> 1
[DP-fwdX] L=0 states=1 -> 1
[DP-fwdX] L=0 states=1 -> 1
[DP-bwdX] L=16 states=1 -> 1
[DP-bwdX] L=16 states=1 -> 1
[DP-bwdX] L=16 states=1 -> 1
[DP-fwdX] L=16 states=1 -> 1
[DP-bwdX] L=32 states=1 -> 1
[DP-fwdX] L=16 states=1 -> 1
[DP-fwdX] L=16 states=1 -> 1
[DP-fwdX] L=16 states=1 -> 1
[DP-bwdX] L=32 states=1 -> 1
[DP-bwdX] L=32 states=1 -> 1
[DP-bwdX] L=32 states=1 -> 1
[DP-fwdX] L=32 states=1 -> 1
[DP-bwdX] L=64 states=1 -> 1
[DP-fwdX] L=32 states=1 -> 1
[DP-bwdX] L=48 states=1 -> 1
[DP-fwdX] L=32 states=1 -> 1
[DP-fwdX] L=32 states=1 -> 1
[DP-fwdX] L=32 states=1 -> 1
[DP-bwdX] L=48 states=1 -> 1
[DP-bwdX] L=48 states=1 -> 1
[DP-bwdX] L=48 states=1 -> 1
[DP-fwdX] L=48 states=1 -> 1
[DP-bwdX] L=64 states=1 -> 1
[DP-fwdX] L=48 states=1 -> 1
[DP-fwdX] L=48 states=1 -> 1
[DP-fwdX] L=48 states=1 -> 1
[DP-bwdX] L=64 states=1 -> 1
[DP-bwdX] L=64 states=1 -> 1
[DP-bwdX] L=64 states=1 -> 1
[RowSwapCTR] expand small 8x8 -> full 16x8  top_rows=4  bot_rows=4  ctr_rows=8  n_full=128
  [Round 57] T_prime=15  T_target=15  HPWL_w=480336  HPWL_eq=476  maxL=26  WNS(T')=-11  WNS*(T)=-11  picked=0  solve_ms=17.6756
[OC-Shortest/pow2] m=8 h=8 SEG=4 bits=32 words=1 threads=24
[DP-fwdX] L=0 states=1 -> 1
[DP-fwdX] L=16 states=141 -> 164
[DP-bwdX] L=64 states=1 -> 1
[DP-bwdX] L=48 states=141 -> 164
[DP-fwdX] L=0 states=1 -> 1
[DP-bwdX] L=32 states=1 -> 1
[DP-fwdX] L=0 states=1 -> 1
[DP-bwdX] L=16 states=1 -> 1
[DP-fwdX] L=0 states=1 -> 1
[DP-fwdX] L=0 states=1 -> 1
[DP-fwdX] L=0 states=1 -> 1
[DP-bwdX] L=16 states=1 -> 1
[DP-bwdX] L=16 states=1 -> 1
[DP-bwdX] L=16 states=1 -> 1
[DP-fwdX] L=16 states=1 -> 1
[DP-bwdX] L=32 states=1 -> 1
[DP-fwdX] L=16 states=1 -> 1
[DP-fwdX] L=16 states=1 -> 1
[DP-fwdX] L=16 states=1 -> 1
[DP-bwdX] L=32 states=1 -> 1
[DP-bwdX] L=32 states=1 -> 1
[DP-bwdX] L=32 states=1 -> 1
[DP-fwdX] L=32 states=1 -> 1
[DP-bwdX] L=64 states=1 -> 1
[DP-fwdX] L=32 states=1 -> 1
[DP-bwdX] L=48 states=1 -> 1
[DP-fwdX] L=32 states=1 -> 1
[DP-fwdX] L=32 states=1 -> 1
[DP-fwdX] L=32 states=1 -> 1
[DP-bwdX] L=48 states=1 -> 1
[DP-bwdX] L=48 states=1 -> 1
[DP-bwdX] L=48 states=1 -> 1
[DP-fwdX] L=48 states=1 -> 1
[DP-bwdX] L=64 states=1 -> 1
[DP-fwdX] L=48 states=1 -> 1
[DP-fwdX] L=48 states=1 -> 1
[DP-fwdX] L=48 states=1 -> 1
[DP-bwdX] L=64 states=1 -> 1
[DP-bwdX] L=64 states=1 -> 1
[DP-bwdX] L=64 states=1 -> 1
[RowSwapCTR] expand small 8x8 -> full 16x8  top_rows=4  bot_rows=4  ctr_rows=8  n_full=128
  [Round 58] T_prime=15  T_target=15  HPWL_w=480336  HPWL_eq=476  maxL=26  WNS(T')=-11  WNS*(T)=-11  picked=0  solve_ms=17.6306
[OC-Shortest/pow2] m=8 h=8 SEG=4 bits=32 words=1 threads=24
[DP-fwdX] L=0 states=1 -> 1
[DP-fwdX] L=16 states=141 -> 164
[DP-bwdX] L=64 states=1 -> 1
[DP-bwdX] L=48 states=141 -> 164
[DP-fwdX] L=0 states=1 -> 1
[DP-bwdX] L=32 states=1 -> 1
[DP-fwdX] L=0 states=1 -> 1
[DP-bwdX] L=16 states=1 -> 1
[DP-fwdX] L=0 states=1 -> 1
[DP-fwdX] L=0 states=1 -> 1
[DP-fwdX] L=0 states=1 -> 1
[DP-bwdX] L=16 states=1 -> 1
[DP-bwdX] L=16 states=1 -> 1
[DP-bwdX] L=16 states=1 -> 1
[DP-fwdX] L=16 states=1 -> 1
[DP-bwdX] L=32 states=1 -> 1
[DP-fwdX] L=16 states=1 -> 1
[DP-fwdX] L=16 states=1 -> 1
[DP-fwdX] L=16 states=1 -> 1
[DP-bwdX] L=32 states=1 -> 1
[DP-bwdX] L=32 states=1 -> 1
[DP-bwdX] L=32 states=1 -> 1
[DP-fwdX] L=32 states=1 -> 1
[DP-bwdX] L=64 states=1 -> 1
[DP-fwdX] L=32 states=1 -> 1
[DP-bwdX] L=48 states=1 -> 1
[DP-fwdX] L=32 states=1 -> 1
[DP-fwdX] L=32 states=1 -> 1
[DP-fwdX] L=32 states=1 -> 1
[DP-bwdX] L=48 states=1 -> 1
[DP-bwdX] L=48 states=1 -> 1
[DP-bwdX] L=48 states=1 -> 1
[DP-fwdX] L=48 states=1 -> 1
[DP-bwdX] L=64 states=1 -> 1
[DP-fwdX] L=48 states=1 -> 1
[DP-fwdX] L=48 states=1 -> 1
[DP-fwdX] L=48 states=1 -> 1
[DP-bwdX] L=64 states=1 -> 1
[DP-bwdX] L=64 states=1 -> 1
[DP-bwdX] L=64 states=1 -> 1
[RowSwapCTR] expand small 8x8 -> full 16x8  top_rows=4  bot_rows=4  ctr_rows=8  n_full=128
  [Round 59] T_prime=15  T_target=15  HPWL_w=480336  HPWL_eq=476  maxL=26  WNS(T')=-11  WNS*(T)=-11  picked=0  solve_ms=17.5231
[OC-Shortest/pow2] m=8 h=8 SEG=4 bits=32 words=1 threads=24
[DP-fwdX] L=0 states=1 -> 1
[DP-fwdX] L=16 states=141 -> 164
[DP-bwdX] L=64 states=1 -> 1
[DP-bwdX] L=48 states=141 -> 164
[DP-fwdX] L=0 states=1 -> 1
[DP-bwdX] L=32 states=1 -> 1
[DP-fwdX] L=0 states=1 -> 1
[DP-bwdX] L=16 states=1 -> 1
[DP-fwdX] L=0 states=1 -> 1
[DP-fwdX] L=0 states=1 -> 1
[DP-fwdX] L=0 states=1 -> 1
[DP-bwdX] L=16 states=1 -> 1
[DP-bwdX] L=16 states=1 -> 1
[DP-bwdX] L=16 states=1 -> 1
[DP-fwdX] L=16 states=1 -> 1
[DP-bwdX] L=32 states=1 -> 1
[DP-fwdX] L=16 states=1 -> 1
[DP-fwdX] L=16 states=1 -> 1
[DP-fwdX] L=16 states=1 -> 1
[DP-bwdX] L=32 states=1 -> 1
[DP-bwdX] L=32 states=1 -> 1
[DP-bwdX] L=32 states=1 -> 1
[DP-fwdX] L=32 states=1 -> 1
[DP-bwdX] L=64 states=1 -> 1
[DP-fwdX] L=32 states=1 -> 1
[DP-bwdX] L=48 states=1 -> 1
[DP-fwdX] L=32 states=1 -> 1
[DP-fwdX] L=32 states=1 -> 1
[DP-fwdX] L=32 states=1 -> 1
[DP-bwdX] L=48 states=1 -> 1
[DP-bwdX] L=48 states=1 -> 1
[DP-bwdX] L=48 states=1 -> 1
[DP-fwdX] L=48 states=1 -> 1
[DP-bwdX] L=64 states=1 -> 1
[DP-fwdX] L=48 states=1 -> 1
[DP-fwdX] L=48 states=1 -> 1
[DP-fwdX] L=48 states=1 -> 1
[DP-bwdX] L=64 states=1 -> 1
[DP-bwdX] L=64 states=1 -> 1
[DP-bwdX] L=64 states=1 -> 1
[RowSwapCTR] expand small 8x8 -> full 16x8  top_rows=4  bot_rows=4  ctr_rows=8  n_full=128
  [Round 60] T_prime=15  T_target=15  HPWL_w=480336  HPWL_eq=476  maxL=26  WNS(T')=-11  WNS*(T)=-11  picked=0  solve_ms=17.4394
[OC-Shortest/pow2] m=8 h=8 SEG=4 bits=32 words=1 threads=24
[DP-fwdX] L=0 states=1 -> 1
[DP-fwdX] L=16 states=141 -> 164
[DP-bwdX] L=64 states=1 -> 1
[DP-bwdX] L=48 states=141 -> 164
[DP-fwdX] L=0 states=1 -> 1
[DP-bwdX] L=32 states=1 -> 1
[DP-fwdX] L=0 states=1 -> 1
[DP-bwdX] L=16 states=1 -> 1
[DP-fwdX] L=0 states=1 -> 1
[DP-fwdX] L=0 states=1 -> 1
[DP-fwdX] L=0 states=1 -> 1
[DP-bwdX] L=16 states=1 -> 1
[DP-bwdX] L=16 states=1 -> 1
[DP-bwdX] L=16 states=1 -> 1
[DP-fwdX] L=16 states=1 -> 1
[DP-bwdX] L=32 states=1 -> 1
[DP-fwdX] L=16 states=1 -> 1
[DP-fwdX] L=16 states=1 -> 1
[DP-fwdX] L=16 states=1 -> 1
[DP-bwdX] L=32 states=1 -> 1
[DP-bwdX] L=32 states=1 -> 1
[DP-bwdX] L=32 states=1 -> 1
[DP-fwdX] L=32 states=1 -> 1
[DP-bwdX] L=64 states=1 -> 1
[DP-fwdX] L=32 states=1 -> 1
[DP-bwdX] L=48 states=1 -> 1
[DP-fwdX] L=32 states=1 -> 1
[DP-fwdX] L=32 states=1 -> 1
[DP-fwdX] L=32 states=1 -> 1
[DP-bwdX] L=48 states=1 -> 1
[DP-bwdX] L=48 states=1 -> 1
[DP-bwdX] L=48 states=1 -> 1
[DP-fwdX] L=48 states=1 -> 1
[DP-bwdX] L=64 states=1 -> 1
[DP-fwdX] L=48 states=1 -> 1
[DP-fwdX] L=48 states=1 -> 1
[DP-fwdX] L=48 states=1 -> 1
[DP-bwdX] L=64 states=1 -> 1
[DP-bwdX] L=64 states=1 -> 1
[DP-bwdX] L=64 states=1 -> 1
[RowSwapCTR] expand small 8x8 -> full 16x8  top_rows=4  bot_rows=4  ctr_rows=8  n_full=128
  [Round 61] T_prime=15  T_target=15  HPWL_w=480336  HPWL_eq=476  maxL=26  WNS(T')=-11  WNS*(T)=-11  picked=0  solve_ms=17.5255
[OC-Shortest/pow2] m=8 h=8 SEG=4 bits=32 words=1 threads=24
[DP-fwdX] L=0 states=1 -> 1
[DP-fwdX] L=16 states=141 -> 164
[DP-bwdX] L=64 states=1 -> 1
[DP-bwdX] L=48 states=141 -> 164
[DP-fwdX] L=0 states=1 -> 1
[DP-bwdX] L=32 states=1 -> 1
[DP-fwdX] L=0 states=1 -> 1
[DP-bwdX] L=16 states=1 -> 1
[DP-fwdX] L=0 states=1 -> 1
[DP-fwdX] L=0 states=1 -> 1
[DP-fwdX] L=0 states=1 -> 1
[DP-bwdX] L=16 states=1 -> 1
[DP-bwdX] L=16 states=1 -> 1
[DP-bwdX] L=16 states=1 -> 1
[DP-fwdX] L=16 states=1 -> 1
[DP-bwdX] L=32 states=1 -> 1
[DP-fwdX] L=16 states=1 -> 1
[DP-fwdX] L=16 states=1 -> 1
[DP-fwdX] L=16 states=1 -> 1
[DP-bwdX] L=32 states=1 -> 1
[DP-bwdX] L=32 states=1 -> 1
[DP-bwdX] L=32 states=1 -> 1
[DP-fwdX] L=32 states=1 -> 1
[DP-bwdX] L=64 states=1 -> 1
[DP-fwdX] L=32 states=1 -> 1
[DP-bwdX] L=48 states=1 -> 1
[DP-fwdX] L=32 states=1 -> 1
[DP-fwdX] L=32 states=1 -> 1
[DP-fwdX] L=32 states=1 -> 1
[DP-bwdX] L=48 states=1 -> 1
[DP-bwdX] L=48 states=1 -> 1
[DP-bwdX] L=48 states=1 -> 1
[DP-fwdX] L=48 states=1 -> 1
[DP-bwdX] L=64 states=1 -> 1
[DP-fwdX] L=48 states=1 -> 1
[DP-fwdX] L=48 states=1 -> 1
[DP-fwdX] L=48 states=1 -> 1
[DP-bwdX] L=64 states=1 -> 1
[DP-bwdX] L=64 states=1 -> 1
[DP-bwdX] L=64 states=1 -> 1
[RowSwapCTR] expand small 8x8 -> full 16x8  top_rows=4  bot_rows=4  ctr_rows=8  n_full=128
  [Round 62] T_prime=15  T_target=15  HPWL_w=480336  HPWL_eq=476  maxL=26  WNS(T')=-11  WNS*(T)=-11  picked=0  solve_ms=17.4699
[OC-Shortest/pow2] m=8 h=8 SEG=4 bits=32 words=1 threads=24
[DP-fwdX] L=0 states=1 -> 1
[DP-fwdX] L=16 states=141 -> 164
[DP-bwdX] L=64 states=1 -> 1
[DP-bwdX] L=48 states=141 -> 164
[DP-fwdX] L=0 states=1 -> 1
[DP-bwdX] L=32 states=1 -> 1
[DP-fwdX] L=0 states=1 -> 1
[DP-bwdX] L=16 states=1 -> 1
[DP-fwdX] L=0 states=1 -> 1
[DP-fwdX] L=0 states=1 -> 1
[DP-fwdX] L=0 states=1 -> 1
[DP-bwdX] L=16 states=1 -> 1
[DP-bwdX] L=16 states=1 -> 1
[DP-bwdX] L=16 states=1 -> 1
[DP-fwdX] L=16 states=1 -> 1
[DP-bwdX] L=32 states=1 -> 1
[DP-fwdX] L=16 states=1 -> 1
[DP-fwdX] L=16 states=1 -> 1
[DP-fwdX] L=16 states=1 -> 1
[DP-bwdX] L=32 states=1 -> 1
[DP-bwdX] L=32 states=1 -> 1
[DP-bwdX] L=32 states=1 -> 1
[DP-fwdX] L=32 states=1 -> 1
[DP-bwdX] L=64 states=1 -> 1
[DP-fwdX] L=32 states=1 -> 1
[DP-bwdX] L=48 states=1 -> 1
[DP-fwdX] L=32 states=1 -> 1
[DP-fwdX] L=32 states=1 -> 1
[DP-fwdX] L=32 states=1 -> 1
[DP-bwdX] L=48 states=1 -> 1
[DP-bwdX] L=48 states=1 -> 1
[DP-bwdX] L=48 states=1 -> 1
[DP-fwdX] L=48 states=1 -> 1
[DP-bwdX] L=64 states=1 -> 1
[DP-fwdX] L=48 states=1 -> 1
[DP-fwdX] L=48 states=1 -> 1
[DP-fwdX] L=48 states=1 -> 1
[DP-bwdX] L=64 states=1 -> 1
[DP-bwdX] L=64 states=1 -> 1
[DP-bwdX] L=64 states=1 -> 1
[RowSwapCTR] expand small 8x8 -> full 16x8  top_rows=4  bot_rows=4  ctr_rows=8  n_full=128
  [Round 63] T_prime=15  T_target=15  HPWL_w=480336  HPWL_eq=476  maxL=26  WNS(T')=-11  WNS*(T)=-11  picked=0  solve_ms=17.5885
[OC-Shortest/pow2] m=8 h=8 SEG=4 bits=32 words=1 threads=24
[DP-fwdX] L=0 states=1 -> 1
[DP-fwdX] L=16 states=141 -> 164
[DP-bwdX] L=64 states=1 -> 1
[DP-bwdX] L=48 states=141 -> 164
[DP-fwdX] L=0 states=1 -> 1
[DP-bwdX] L=32 states=1 -> 1
[DP-fwdX] L=0 states=1 -> 1
[DP-bwdX] L=16 states=1 -> 1
[DP-fwdX] L=0 states=1 -> 1
[DP-fwdX] L=0 states=1 -> 1
[DP-fwdX] L=0 states=1 -> 1
[DP-bwdX] L=16 states=1 -> 1
[DP-bwdX] L=16 states=1 -> 1
[DP-bwdX] L=16 states=1 -> 1
[DP-fwdX] L=16 states=1 -> 1
[DP-bwdX] L=32 states=1 -> 1
[DP-fwdX] L=16 states=1 -> 1
[DP-fwdX] L=16 states=1 -> 1
[DP-fwdX] L=16 states=1 -> 1
[DP-bwdX] L=32 states=1 -> 1
[DP-bwdX] L=32 states=1 -> 1
[DP-bwdX] L=32 states=1 -> 1
[DP-fwdX] L=32 states=1 -> 1
[DP-bwdX] L=64 states=1 -> 1
[DP-fwdX] L=32 states=1 -> 1
[DP-bwdX] L=48 states=1 -> 1
[DP-fwdX] L=32 states=1 -> 1
[DP-fwdX] L=32 states=1 -> 1
[DP-fwdX] L=32 states=1 -> 1
[DP-bwdX] L=48 states=1 -> 1
[DP-bwdX] L=48 states=1 -> 1
[DP-bwdX] L=48 states=1 -> 1
[DP-fwdX] L=48 states=1 -> 1
[DP-bwdX] L=64 states=1 -> 1
[DP-fwdX] L=48 states=1 -> 1
[DP-fwdX] L=48 states=1 -> 1
[DP-fwdX] L=48 states=1 -> 1
[DP-bwdX] L=64 states=1 -> 1
[DP-bwdX] L=64 states=1 -> 1
[DP-bwdX] L=64 states=1 -> 1
[RowSwapCTR] expand small 8x8 -> full 16x8  top_rows=4  bot_rows=4  ctr_rows=8  n_full=128
  [Round 64] T_prime=15  T_target=15  HPWL_w=480336  HPWL_eq=476  maxL=26  WNS(T')=-11  WNS*(T)=-11  picked=0  solve_ms=17.7183
[OC-Shortest/pow2] m=8 h=8 SEG=4 bits=32 words=1 threads=24
[DP-fwdX] L=0 states=1 -> 1
[DP-fwdX] L=16 states=141 -> 164
[DP-bwdX] L=64 states=1 -> 1
[DP-bwdX] L=48 states=141 -> 164
[DP-fwdX] L=0 states=1 -> 1
[DP-bwdX] L=32 states=1 -> 1
[DP-fwdX] L=0 states=1 -> 1
[DP-bwdX] L=16 states=1 -> 1
[DP-fwdX] L=0 states=1 -> 1
[DP-fwdX] L=0 states=1 -> 1
[DP-fwdX] L=0 states=1 -> 1
[DP-bwdX] L=16 states=1 -> 1
[DP-bwdX] L=16 states=1 -> 1
[DP-bwdX] L=16 states=1 -> 1
[DP-fwdX] L=16 states=1 -> 1
[DP-bwdX] L=32 states=1 -> 1
[DP-fwdX] L=16 states=1 -> 1
[DP-fwdX] L=16 states=1 -> 1
[DP-fwdX] L=16 states=1 -> 1
[DP-bwdX] L=32 states=1 -> 1
[DP-bwdX] L=32 states=1 -> 1
[DP-bwdX] L=32 states=1 -> 1
[DP-fwdX] L=32 states=1 -> 1
[DP-bwdX] L=64 states=1 -> 1
[DP-fwdX] L=32 states=1 -> 1
[DP-bwdX] L=48 states=1 -> 1
[DP-fwdX] L=32 states=1 -> 1
[DP-fwdX] L=32 states=1 -> 1
[DP-fwdX] L=32 states=1 -> 1
[DP-bwdX] L=48 states=1 -> 1
[DP-bwdX] L=48 states=1 -> 1
[DP-bwdX] L=48 states=1 -> 1
[DP-fwdX] L=48 states=1 -> 1
[DP-bwdX] L=64 states=1 -> 1
[DP-fwdX] L=48 states=1 -> 1
[DP-fwdX] L=48 states=1 -> 1
[DP-fwdX] L=48 states=1 -> 1
[DP-bwdX] L=64 states=1 -> 1
[DP-bwdX] L=64 states=1 -> 1
[DP-bwdX] L=64 states=1 -> 1
[RowSwapCTR] expand small 8x8 -> full 16x8  top_rows=4  bot_rows=4  ctr_rows=8  n_full=128
  [Round 65] T_prime=15  T_target=15  HPWL_w=480336  HPWL_eq=476  maxL=26  WNS(T')=-11  WNS*(T)=-11  picked=0  solve_ms=17.8476
[OC-Shortest/pow2] m=8 h=8 SEG=4 bits=32 words=1 threads=24
[DP-fwdX] L=0 states=1 -> 1
[DP-fwdX] L=16 states=141 -> 164
[DP-bwdX] L=64 states=1 -> 1
[DP-bwdX] L=48 states=141 -> 164
[DP-fwdX] L=0 states=1 -> 1
[DP-bwdX] L=32 states=1 -> 1
[DP-fwdX] L=0 states=1 -> 1
[DP-bwdX] L=16 states=1 -> 1
[DP-fwdX] L=0 states=1 -> 1
[DP-fwdX] L=0 states=1 -> 1
[DP-fwdX] L=0 states=1 -> 1
[DP-bwdX] L=16 states=1 -> 1
[DP-bwdX] L=16 states=1 -> 1
[DP-bwdX] L=16 states=1 -> 1
[DP-fwdX] L=16 states=1 -> 1
[DP-bwdX] L=32 states=1 -> 1
[DP-fwdX] L=16 states=1 -> 1
[DP-fwdX] L=16 states=1 -> 1
[DP-fwdX] L=16 states=1 -> 1
[DP-bwdX] L=32 states=1 -> 1
[DP-bwdX] L=32 states=1 -> 1
[DP-bwdX] L=32 states=1 -> 1
[DP-fwdX] L=32 states=1 -> 1
[DP-bwdX] L=64 states=1 -> 1
[DP-fwdX] L=32 states=1 -> 1
[DP-bwdX] L=48 states=1 -> 1
[DP-fwdX] L=32 states=1 -> 1
[DP-fwdX] L=32 states=1 -> 1
[DP-fwdX] L=32 states=1 -> 1
[DP-bwdX] L=48 states=1 -> 1
[DP-bwdX] L=48 states=1 -> 1
[DP-bwdX] L=48 states=1 -> 1
[DP-fwdX] L=48 states=1 -> 1
[DP-bwdX] L=64 states=1 -> 1
[DP-fwdX] L=48 states=1 -> 1
[DP-fwdX] L=48 states=1 -> 1
[DP-fwdX] L=48 states=1 -> 1
[DP-bwdX] L=64 states=1 -> 1
[DP-bwdX] L=64 states=1 -> 1
[DP-bwdX] L=64 states=1 -> 1
[RowSwapCTR] expand small 8x8 -> full 16x8  top_rows=4  bot_rows=4  ctr_rows=8  n_full=128
  [Round 66] T_prime=15  T_target=15  HPWL_w=480336  HPWL_eq=476  maxL=26  WNS(T')=-11  WNS*(T)=-11  picked=0  solve_ms=17.483
[OC-Shortest/pow2] m=8 h=8 SEG=4 bits=32 words=1 threads=24
[DP-fwdX] L=0 states=1 -> 1
[DP-fwdX] L=16 states=141 -> 164
[DP-bwdX] L=64 states=1 -> 1
[DP-bwdX] L=48 states=141 -> 164
[DP-fwdX] L=0 states=1 -> 1
[DP-bwdX] L=32 states=1 -> 1
[DP-fwdX] L=0 states=1 -> 1
[DP-bwdX] L=16 states=1 -> 1
[DP-fwdX] L=0 states=1 -> 1
[DP-fwdX] L=0 states=1 -> 1
[DP-fwdX] L=0 states=1 -> 1
[DP-bwdX] L=16 states=1 -> 1
[DP-bwdX] L=16 states=1 -> 1
[DP-bwdX] L=16 states=1 -> 1
[DP-fwdX] L=16 states=1 -> 1
[DP-bwdX] L=32 states=1 -> 1
[DP-fwdX] L=16 states=1 -> 1
[DP-fwdX] L=16 states=1 -> 1
[DP-fwdX] L=16 states=1 -> 1
[DP-bwdX] L=32 states=1 -> 1
[DP-bwdX] L=32 states=1 -> 1
[DP-bwdX] L=32 states=1 -> 1
[DP-fwdX] L=32 states=1 -> 1
[DP-bwdX] L=64 states=1 -> 1
[DP-fwdX] L=32 states=1 -> 1
[DP-bwdX] L=48 states=1 -> 1
[DP-fwdX] L=32 states=1 -> 1
[DP-fwdX] L=32 states=1 -> 1
[DP-fwdX] L=32 states=1 -> 1
[DP-bwdX] L=48 states=1 -> 1
[DP-bwdX] L=48 states=1 -> 1
[DP-bwdX] L=48 states=1 -> 1
[DP-fwdX] L=48 states=1 -> 1
[DP-bwdX] L=64 states=1 -> 1
[DP-fwdX] L=48 states=1 -> 1
[DP-fwdX] L=48 states=1 -> 1
[DP-fwdX] L=48 states=1 -> 1
[DP-bwdX] L=64 states=1 -> 1
[DP-bwdX] L=64 states=1 -> 1
[DP-bwdX] L=64 states=1 -> 1
[RowSwapCTR] expand small 8x8 -> full 16x8  top_rows=4  bot_rows=4  ctr_rows=8  n_full=128
  [Round 67] T_prime=15  T_target=15  HPWL_w=480336  HPWL_eq=476  maxL=26  WNS(T')=-11  WNS*(T)=-11  picked=0  solve_ms=17.4997
[OC-Shortest/pow2] m=8 h=8 SEG=4 bits=32 words=1 threads=24
[DP-fwdX] L=0 states=1 -> 1
[DP-fwdX] L=16 states=141 -> 164
[DP-bwdX] L=64 states=1 -> 1
[DP-bwdX] L=48 states=141 -> 164
[DP-fwdX] L=0 states=1 -> 1
[DP-bwdX] L=32 states=1 -> 1
[DP-fwdX] L=0 states=1 -> 1
[DP-bwdX] L=16 states=1 -> 1
[DP-fwdX] L=0 states=1 -> 1
[DP-fwdX] L=0 states=1 -> 1
[DP-fwdX] L=0 states=1 -> 1
[DP-bwdX] L=16 states=1 -> 1
[DP-bwdX] L=16 states=1 -> 1
[DP-bwdX] L=16 states=1 -> 1
[DP-fwdX] L=16 states=1 -> 1
[DP-bwdX] L=32 states=1 -> 1
[DP-fwdX] L=16 states=1 -> 1
[DP-fwdX] L=16 states=1 -> 1
[DP-fwdX] L=16 states=1 -> 1
[DP-bwdX] L=32 states=1 -> 1
[DP-bwdX] L=32 states=1 -> 1
[DP-bwdX] L=32 states=1 -> 1
[DP-fwdX] L=32 states=1 -> 1
[DP-bwdX] L=64 states=1 -> 1
[DP-fwdX] L=32 states=1 -> 1
[DP-bwdX] L=48 states=1 -> 1
[DP-fwdX] L=32 states=1 -> 1
[DP-fwdX] L=32 states=1 -> 1
[DP-fwdX] L=32 states=1 -> 1
[DP-bwdX] L=48 states=1 -> 1
[DP-bwdX] L=48 states=1 -> 1
[DP-bwdX] L=48 states=1 -> 1
[DP-fwdX] L=48 states=1 -> 1
[DP-bwdX] L=64 states=1 -> 1
[DP-fwdX] L=48 states=1 -> 1
[DP-fwdX] L=48 states=1 -> 1
[DP-fwdX] L=48 states=1 -> 1
[DP-bwdX] L=64 states=1 -> 1
[DP-bwdX] L=64 states=1 -> 1
[DP-bwdX] L=64 states=1 -> 1
[RowSwapCTR] expand small 8x8 -> full 16x8  top_rows=4  bot_rows=4  ctr_rows=8  n_full=128
  [Round 68] T_prime=15  T_target=15  HPWL_w=480336  HPWL_eq=476  maxL=26  WNS(T')=-11  WNS*(T)=-11  picked=0  solve_ms=17.3188
[OC-Shortest/pow2] m=8 h=8 SEG=4 bits=32 words=1 threads=24
[DP-fwdX] L=0 states=1 -> 1
[DP-fwdX] L=16 states=141 -> 164
[DP-bwdX] L=64 states=1 -> 1
[DP-bwdX] L=48 states=141 -> 164
[DP-fwdX] L=0 states=1 -> 1
[DP-bwdX] L=32 states=1 -> 1
[DP-fwdX] L=0 states=1 -> 1
[DP-bwdX] L=16 states=1 -> 1
[DP-fwdX] L=0 states=1 -> 1
[DP-fwdX] L=0 states=1 -> 1
[DP-fwdX] L=0 states=1 -> 1
[DP-bwdX] L=16 states=1 -> 1
[DP-bwdX] L=16 states=1 -> 1
[DP-bwdX] L=16 states=1 -> 1
[DP-fwdX] L=16 states=1 -> 1
[DP-bwdX] L=32 states=1 -> 1
[DP-fwdX] L=16 states=1 -> 1
[DP-fwdX] L=16 states=1 -> 1
[DP-fwdX] L=16 states=1 -> 1
[DP-bwdX] L=32 states=1 -> 1
[DP-bwdX] L=32 states=1 -> 1
[DP-bwdX] L=32 states=1 -> 1
[DP-fwdX] L=32 states=1 -> 1
[DP-bwdX] L=64 states=1 -> 1
[DP-fwdX] L=32 states=1 -> 1
[DP-bwdX] L=48 states=1 -> 1
[DP-fwdX] L=32 states=1 -> 1
[DP-fwdX] L=32 states=1 -> 1
[DP-fwdX] L=32 states=1 -> 1
[DP-bwdX] L=48 states=1 -> 1
[DP-bwdX] L=48 states=1 -> 1
[DP-bwdX] L=48 states=1 -> 1
[DP-fwdX] L=48 states=1 -> 1
[DP-bwdX] L=64 states=1 -> 1
[DP-fwdX] L=48 states=1 -> 1
[DP-fwdX] L=48 states=1 -> 1
[DP-fwdX] L=48 states=1 -> 1
[DP-bwdX] L=64 states=1 -> 1
[DP-bwdX] L=64 states=1 -> 1
[DP-bwdX] L=64 states=1 -> 1
[RowSwapCTR] expand small 8x8 -> full 16x8  top_rows=4  bot_rows=4  ctr_rows=8  n_full=128
  [Round 69] T_prime=15  T_target=15  HPWL_w=480336  HPWL_eq=476  maxL=26  WNS(T')=-11  WNS*(T)=-11  picked=0  solve_ms=17.6223
[OC-Shortest/pow2] m=8 h=8 SEG=4 bits=32 words=1 threads=24
[DP-fwdX] L=0 states=1 -> 1
[DP-fwdX] L=16 states=141 -> 164
[DP-bwdX] L=64 states=1 -> 1
[DP-bwdX] L=48 states=141 -> 164
[DP-fwdX] L=0 states=1 -> 1
[DP-bwdX] L=32 states=1 -> 1
[DP-fwdX] L=0 states=1 -> 1
[DP-bwdX] L=16 states=1 -> 1
[DP-fwdX] L=0 states=1 -> 1
[DP-fwdX] L=0 states=1 -> 1
[DP-fwdX] L=0 states=1 -> 1
[DP-bwdX] L=16 states=1 -> 1
[DP-bwdX] L=16 states=1 -> 1
[DP-bwdX] L=16 states=1 -> 1
[DP-fwdX] L=16 states=1 -> 1
[DP-bwdX] L=32 states=1 -> 1
[DP-fwdX] L=16 states=1 -> 1
[DP-fwdX] L=16 states=1 -> 1
[DP-fwdX] L=16 states=1 -> 1
[DP-bwdX] L=32 states=1 -> 1
[DP-bwdX] L=32 states=1 -> 1
[DP-bwdX] L=32 states=1 -> 1
[DP-fwdX] L=32 states=1 -> 1
[DP-bwdX] L=64 states=1 -> 1
[DP-fwdX] L=32 states=1 -> 1
[DP-bwdX] L=48 states=1 -> 1
[DP-fwdX] L=32 states=1 -> 1
[DP-fwdX] L=32 states=1 -> 1
[DP-fwdX] L=32 states=1 -> 1
[DP-bwdX] L=48 states=1 -> 1
[DP-bwdX] L=48 states=1 -> 1
[DP-bwdX] L=48 states=1 -> 1
[DP-fwdX] L=48 states=1 -> 1
[DP-bwdX] L=64 states=1 -> 1
[DP-fwdX] L=48 states=1 -> 1
[DP-fwdX] L=48 states=1 -> 1
[DP-fwdX] L=48 states=1 -> 1
[DP-bwdX] L=64 states=1 -> 1
[DP-bwdX] L=64 states=1 -> 1
[DP-bwdX] L=64 states=1 -> 1
[RowSwapCTR] expand small 8x8 -> full 16x8  top_rows=4  bot_rows=4  ctr_rows=8  n_full=128
  [Round 70] T_prime=15  T_target=15  HPWL_w=480336  HPWL_eq=476  maxL=26  WNS(T')=-11  WNS*(T)=-11  picked=0  solve_ms=18.0137
[OC-Shortest/pow2] m=8 h=8 SEG=4 bits=32 words=1 threads=24
[DP-fwdX] L=0 states=1 -> 1
[DP-fwdX] L=16 states=141 -> 164
[DP-bwdX] L=64 states=1 -> 1
[DP-bwdX] L=48 states=141 -> 164
[DP-fwdX] L=0 states=1 -> 1
[DP-bwdX] L=32 states=1 -> 1
[DP-fwdX] L=0 states=1 -> 1
[DP-bwdX] L=16 states=1 -> 1
[DP-fwdX] L=0 states=1 -> 1
[DP-fwdX] L=0 states=1 -> 1
[DP-fwdX] L=0 states=1 -> 1
[DP-bwdX] L=16 states=1 -> 1
[DP-bwdX] L=16 states=1 -> 1
[DP-bwdX] L=16 states=1 -> 1
[DP-fwdX] L=16 states=1 -> 1
[DP-bwdX] L=32 states=1 -> 1
[DP-fwdX] L=16 states=1 -> 1
[DP-fwdX] L=16 states=1 -> 1
[DP-fwdX] L=16 states=1 -> 1
[DP-bwdX] L=32 states=1 -> 1
[DP-bwdX] L=32 states=1 -> 1
[DP-bwdX] L=32 states=1 -> 1
[DP-fwdX] L=32 states=1 -> 1
[DP-bwdX] L=64 states=1 -> 1
[DP-fwdX] L=32 states=1 -> 1
[DP-bwdX] L=48 states=1 -> 1
[DP-fwdX] L=32 states=1 -> 1
[DP-fwdX] L=32 states=1 -> 1
[DP-fwdX] L=32 states=1 -> 1
[DP-bwdX] L=48 states=1 -> 1
[DP-bwdX] L=48 states=1 -> 1
[DP-bwdX] L=48 states=1 -> 1
[DP-fwdX] L=48 states=1 -> 1
[DP-bwdX] L=64 states=1 -> 1
[DP-fwdX] L=48 states=1 -> 1
[DP-fwdX] L=48 states=1 -> 1
[DP-fwdX] L=48 states=1 -> 1
[DP-bwdX] L=64 states=1 -> 1
[DP-bwdX] L=64 states=1 -> 1
[DP-bwdX] L=64 states=1 -> 1
[RowSwapCTR] expand small 8x8 -> full 16x8  top_rows=4  bot_rows=4  ctr_rows=8  n_full=128
  [Round 71] T_prime=15  T_target=15  HPWL_w=480336  HPWL_eq=476  maxL=26  WNS(T')=-11  WNS*(T)=-11  picked=0  solve_ms=17.845
[OC-Shortest/pow2] m=8 h=8 SEG=4 bits=32 words=1 threads=24
[DP-fwdX] L=0 states=1 -> 1
[DP-fwdX] L=16 states=141 -> 164
[DP-bwdX] L=64 states=1 -> 1
[DP-bwdX] L=48 states=141 -> 164
[DP-fwdX] L=0 states=1 -> 1
[DP-bwdX] L=32 states=1 -> 1
[DP-fwdX] L=0 states=1 -> 1
[DP-bwdX] L=16 states=1 -> 1
[DP-fwdX] L=0 states=1 -> 1
[DP-fwdX] L=0 states=1 -> 1
[DP-fwdX] L=0 states=1 -> 1
[DP-bwdX] L=16 states=1 -> 1
[DP-bwdX] L=16 states=1 -> 1
[DP-bwdX] L=16 states=1 -> 1
[DP-fwdX] L=16 states=1 -> 1
[DP-bwdX] L=32 states=1 -> 1
[DP-fwdX] L=16 states=1 -> 1
[DP-fwdX] L=16 states=1 -> 1
[DP-fwdX] L=16 states=1 -> 1
[DP-bwdX] L=32 states=1 -> 1
[DP-bwdX] L=32 states=1 -> 1
[DP-bwdX] L=32 states=1 -> 1
[DP-fwdX] L=32 states=1 -> 1
[DP-bwdX] L=64 states=1 -> 1
[DP-fwdX] L=32 states=1 -> 1
[DP-bwdX] L=48 states=1 -> 1
[DP-fwdX] L=32 states=1 -> 1
[DP-fwdX] L=32 states=1 -> 1
[DP-fwdX] L=32 states=1 -> 1
[DP-bwdX] L=48 states=1 -> 1
[DP-bwdX] L=48 states=1 -> 1
[DP-bwdX] L=48 states=1 -> 1
[DP-fwdX] L=48 states=1 -> 1
[DP-bwdX] L=64 states=1 -> 1
[DP-fwdX] L=48 states=1 -> 1
[DP-fwdX] L=48 states=1 -> 1
[DP-fwdX] L=48 states=1 -> 1
[DP-bwdX] L=64 states=1 -> 1
[DP-bwdX] L=64 states=1 -> 1
[DP-bwdX] L=64 states=1 -> 1
[RowSwapCTR] expand small 8x8 -> full 16x8  top_rows=4  bot_rows=4  ctr_rows=8  n_full=128
  [Round 72] T_prime=15  T_target=15  HPWL_w=480336  HPWL_eq=476  maxL=26  WNS(T')=-11  WNS*(T)=-11  picked=0  solve_ms=17.5073
[OC-Shortest/pow2] m=8 h=8 SEG=4 bits=32 words=1 threads=24
[DP-fwdX] L=0 states=1 -> 1
[DP-fwdX] L=16 states=141 -> 164
[DP-bwdX] L=64 states=1 -> 1
[DP-bwdX] L=48 states=141 -> 164
[DP-fwdX] L=0 states=1 -> 1
[DP-bwdX] L=32 states=1 -> 1
[DP-fwdX] L=0 states=1 -> 1
[DP-bwdX] L=16 states=1 -> 1
[DP-fwdX] L=0 states=1 -> 1
[DP-fwdX] L=0 states=1 -> 1
[DP-fwdX] L=0 states=1 -> 1
[DP-bwdX] L=16 states=1 -> 1
[DP-bwdX] L=16 states=1 -> 1
[DP-bwdX] L=16 states=1 -> 1
[DP-fwdX] L=16 states=1 -> 1
[DP-bwdX] L=32 states=1 -> 1
[DP-fwdX] L=16 states=1 -> 1
[DP-fwdX] L=16 states=1 -> 1
[DP-fwdX] L=16 states=1 -> 1
[DP-bwdX] L=32 states=1 -> 1
[DP-bwdX] L=32 states=1 -> 1
[DP-bwdX] L=32 states=1 -> 1
[DP-fwdX] L=32 states=1 -> 1
[DP-bwdX] L=64 states=1 -> 1
[DP-fwdX] L=32 states=1 -> 1
[DP-bwdX] L=48 states=1 -> 1
[DP-fwdX] L=32 states=1 -> 1
[DP-fwdX] L=32 states=1 -> 1
[DP-fwdX] L=32 states=1 -> 1
[DP-bwdX] L=48 states=1 -> 1
[DP-bwdX] L=48 states=1 -> 1
[DP-bwdX] L=48 states=1 -> 1
[DP-fwdX] L=48 states=1 -> 1
[DP-bwdX] L=64 states=1 -> 1
[DP-fwdX] L=48 states=1 -> 1
[DP-fwdX] L=48 states=1 -> 1
[DP-fwdX] L=48 states=1 -> 1
[DP-bwdX] L=64 states=1 -> 1
[DP-bwdX] L=64 states=1 -> 1
[DP-bwdX] L=64 states=1 -> 1
[RowSwapCTR] expand small 8x8 -> full 16x8  top_rows=4  bot_rows=4  ctr_rows=8  n_full=128
  [Round 73] T_prime=15  T_target=15  HPWL_w=480336  HPWL_eq=476  maxL=26  WNS(T')=-11  WNS*(T)=-11  picked=0  solve_ms=17.6514
[OC-Shortest/pow2] m=8 h=8 SEG=4 bits=32 words=1 threads=24
[DP-fwdX] L=0 states=1 -> 1
[DP-fwdX] L=16 states=141 -> 164
[DP-bwdX] L=64 states=1 -> 1
[DP-bwdX] L=48 states=141 -> 164
[DP-fwdX] L=0 states=1 -> 1
[DP-bwdX] L=32 states=1 -> 1
[DP-fwdX] L=0 states=1 -> 1
[DP-bwdX] L=16 states=1 -> 1
[DP-fwdX] L=0 states=1 -> 1
[DP-fwdX] L=0 states=1 -> 1
[DP-fwdX] L=0 states=1 -> 1
[DP-bwdX] L=16 states=1 -> 1
[DP-bwdX] L=16 states=1 -> 1
[DP-bwdX] L=16 states=1 -> 1
[DP-fwdX] L=16 states=1 -> 1
[DP-bwdX] L=32 states=1 -> 1
[DP-fwdX] L=16 states=1 -> 1
[DP-fwdX] L=16 states=1 -> 1
[DP-fwdX] L=16 states=1 -> 1
[DP-bwdX] L=32 states=1 -> 1
[DP-bwdX] L=32 states=1 -> 1
[DP-bwdX] L=32 states=1 -> 1
[DP-fwdX] L=32 states=1 -> 1
[DP-bwdX] L=64 states=1 -> 1
[DP-fwdX] L=32 states=1 -> 1
[DP-bwdX] L=48 states=1 -> 1
[DP-fwdX] L=32 states=1 -> 1
[DP-fwdX] L=32 states=1 -> 1
[DP-fwdX] L=32 states=1 -> 1
[DP-bwdX] L=48 states=1 -> 1
[DP-bwdX] L=48 states=1 -> 1
[DP-bwdX] L=48 states=1 -> 1
[DP-fwdX] L=48 states=1 -> 1
[DP-bwdX] L=64 states=1 -> 1
[DP-fwdX] L=48 states=1 -> 1
[DP-fwdX] L=48 states=1 -> 1
[DP-fwdX] L=48 states=1 -> 1
[DP-bwdX] L=64 states=1 -> 1
[DP-bwdX] L=64 states=1 -> 1
[DP-bwdX] L=64 states=1 -> 1
[RowSwapCTR] expand small 8x8 -> full 16x8  top_rows=4  bot_rows=4  ctr_rows=8  n_full=128
  [Round 74] T_prime=15  T_target=15  HPWL_w=480336  HPWL_eq=476  maxL=26  WNS(T')=-11  WNS*(T)=-11  picked=0  solve_ms=17.648
[OC-Shortest/pow2] m=8 h=8 SEG=4 bits=32 words=1 threads=24
[DP-fwdX] L=0 states=1 -> 1
[DP-fwdX] L=16 states=141 -> 164
[DP-bwdX] L=64 states=1 -> 1
[DP-bwdX] L=48 states=141 -> 164
[DP-fwdX] L=0 states=1 -> 1
[DP-bwdX] L=32 states=1 -> 1
[DP-fwdX] L=0 states=1 -> 1
[DP-bwdX] L=16 states=1 -> 1
[DP-fwdX] L=0 states=1 -> 1
[DP-fwdX] L=0 states=1 -> 1
[DP-fwdX] L=0 states=1 -> 1
[DP-bwdX] L=16 states=1 -> 1
[DP-bwdX] L=16 states=1 -> 1
[DP-bwdX] L=16 states=1 -> 1
[DP-fwdX] L=16 states=1 -> 1
[DP-bwdX] L=32 states=1 -> 1
[DP-fwdX] L=16 states=1 -> 1
[DP-fwdX] L=16 states=1 -> 1
[DP-fwdX] L=16 states=1 -> 1
[DP-bwdX] L=32 states=1 -> 1
[DP-bwdX] L=32 states=1 -> 1
[DP-bwdX] L=32 states=1 -> 1
[DP-fwdX] L=32 states=1 -> 1
[DP-bwdX] L=64 states=1 -> 1
[DP-fwdX] L=32 states=1 -> 1
[DP-bwdX] L=48 states=1 -> 1
[DP-fwdX] L=32 states=1 -> 1
[DP-fwdX] L=32 states=1 -> 1
[DP-fwdX] L=32 states=1 -> 1
[DP-bwdX] L=48 states=1 -> 1
[DP-bwdX] L=48 states=1 -> 1
[DP-bwdX] L=48 states=1 -> 1
[DP-fwdX] L=48 states=1 -> 1
[DP-bwdX] L=64 states=1 -> 1
[DP-fwdX] L=48 states=1 -> 1
[DP-fwdX] L=48 states=1 -> 1
[DP-fwdX] L=48 states=1 -> 1
[DP-bwdX] L=64 states=1 -> 1
[DP-bwdX] L=64 states=1 -> 1
[DP-bwdX] L=64 states=1 -> 1
[RowSwapCTR] expand small 8x8 -> full 16x8  top_rows=4  bot_rows=4  ctr_rows=8  n_full=128
  [Round 75] T_prime=15  T_target=15  HPWL_w=480336  HPWL_eq=476  maxL=26  WNS(T')=-11  WNS*(T)=-11  picked=0  solve_ms=17.5933
[OC-Shortest/pow2] m=8 h=8 SEG=4 bits=32 words=1 threads=24
[DP-fwdX] L=0 states=1 -> 1
[DP-fwdX] L=16 states=141 -> 164
[DP-bwdX] L=64 states=1 -> 1
[DP-bwdX] L=48 states=141 -> 164
[DP-fwdX] L=0 states=1 -> 1
[DP-bwdX] L=32 states=1 -> 1
[DP-fwdX] L=0 states=1 -> 1
[DP-bwdX] L=16 states=1 -> 1
[DP-fwdX] L=0 states=1 -> 1
[DP-fwdX] L=0 states=1 -> 1
[DP-fwdX] L=0 states=1 -> 1
[DP-bwdX] L=16 states=1 -> 1
[DP-bwdX] L=16 states=1 -> 1
[DP-bwdX] L=16 states=1 -> 1
[DP-fwdX] L=16 states=1 -> 1
[DP-bwdX] L=32 states=1 -> 1
[DP-fwdX] L=16 states=1 -> 1
[DP-fwdX] L=16 states=1 -> 1
[DP-fwdX] L=16 states=1 -> 1
[DP-bwdX] L=32 states=1 -> 1
[DP-bwdX] L=32 states=1 -> 1
[DP-bwdX] L=32 states=1 -> 1
[DP-fwdX] L=32 states=1 -> 1
[DP-bwdX] L=64 states=1 -> 1
[DP-fwdX] L=32 states=1 -> 1
[DP-bwdX] L=48 states=1 -> 1
[DP-fwdX] L=32 states=1 -> 1
[DP-fwdX] L=32 states=1 -> 1
[DP-fwdX] L=32 states=1 -> 1
[DP-bwdX] L=48 states=1 -> 1
[DP-bwdX] L=48 states=1 -> 1
[DP-bwdX] L=48 states=1 -> 1
[DP-fwdX] L=48 states=1 -> 1
[DP-bwdX] L=64 states=1 -> 1
[DP-fwdX] L=48 states=1 -> 1
[DP-fwdX] L=48 states=1 -> 1
[DP-fwdX] L=48 states=1 -> 1
[DP-bwdX] L=64 states=1 -> 1
[DP-bwdX] L=64 states=1 -> 1
[DP-bwdX] L=64 states=1 -> 1
[RowSwapCTR] expand small 8x8 -> full 16x8  top_rows=4  bot_rows=4  ctr_rows=8  n_full=128
  [Round 76] T_prime=15  T_target=15  HPWL_w=480336  HPWL_eq=476  maxL=26  WNS(T')=-11  WNS*(T)=-11  picked=0  solve_ms=17.7072
[OC-Shortest/pow2] m=8 h=8 SEG=4 bits=32 words=1 threads=24
[DP-fwdX] L=0 states=1 -> 1
[DP-fwdX] L=16 states=141 -> 164
[DP-bwdX] L=64 states=1 -> 1
[DP-bwdX] L=48 states=141 -> 164
[DP-fwdX] L=0 states=1 -> 1
[DP-bwdX] L=32 states=1 -> 1
[DP-fwdX] L=0 states=1 -> 1
[DP-bwdX] L=16 states=1 -> 1
[DP-fwdX] L=0 states=1 -> 1
[DP-fwdX] L=0 states=1 -> 1
[DP-fwdX] L=0 states=1 -> 1
[DP-bwdX] L=16 states=1 -> 1
[DP-bwdX] L=16 states=1 -> 1
[DP-bwdX] L=16 states=1 -> 1
[DP-fwdX] L=16 states=1 -> 1
[DP-bwdX] L=32 states=1 -> 1
[DP-fwdX] L=16 states=1 -> 1
[DP-fwdX] L=16 states=1 -> 1
[DP-fwdX] L=16 states=1 -> 1
[DP-bwdX] L=32 states=1 -> 1
[DP-bwdX] L=32 states=1 -> 1
[DP-bwdX] L=32 states=1 -> 1
[DP-fwdX] L=32 states=1 -> 1
[DP-bwdX] L=64 states=1 -> 1
[DP-fwdX] L=32 states=1 -> 1
[DP-bwdX] L=48 states=1 -> 1
[DP-fwdX] L=32 states=1 -> 1
[DP-fwdX] L=32 states=1 -> 1
[DP-fwdX] L=32 states=1 -> 1
[DP-bwdX] L=48 states=1 -> 1
[DP-bwdX] L=48 states=1 -> 1
[DP-bwdX] L=48 states=1 -> 1
[DP-fwdX] L=48 states=1 -> 1
[DP-bwdX] L=64 states=1 -> 1
[DP-fwdX] L=48 states=1 -> 1
[DP-fwdX] L=48 states=1 -> 1
[DP-fwdX] L=48 states=1 -> 1
[DP-bwdX] L=64 states=1 -> 1
[DP-bwdX] L=64 states=1 -> 1
[DP-bwdX] L=64 states=1 -> 1
[RowSwapCTR] expand small 8x8 -> full 16x8  top_rows=4  bot_rows=4  ctr_rows=8  n_full=128
  [Round 77] T_prime=15  T_target=15  HPWL_w=480336  HPWL_eq=476  maxL=26  WNS(T')=-11  WNS*(T)=-11  picked=0  solve_ms=17.8886
[OC-Shortest/pow2] m=8 h=8 SEG=4 bits=32 words=1 threads=24
[DP-fwdX] L=0 states=1 -> 1
[DP-fwdX] L=16 states=141 -> 164
[DP-bwdX] L=64 states=1 -> 1
[DP-bwdX] L=48 states=141 -> 164
[DP-fwdX] L=0 states=1 -> 1
[DP-bwdX] L=32 states=1 -> 1
[DP-fwdX] L=0 states=1 -> 1
[DP-bwdX] L=16 states=1 -> 1
[DP-fwdX] L=0 states=1 -> 1
[DP-fwdX] L=0 states=1 -> 1
[DP-fwdX] L=0 states=1 -> 1
[DP-bwdX] L=16 states=1 -> 1
[DP-bwdX] L=16 states=1 -> 1
[DP-bwdX] L=16 states=1 -> 1
[DP-fwdX] L=16 states=1 -> 1
[DP-bwdX] L=32 states=1 -> 1
[DP-fwdX] L=16 states=1 -> 1
[DP-fwdX] L=16 states=1 -> 1
[DP-fwdX] L=16 states=1 -> 1
[DP-bwdX] L=32 states=1 -> 1
[DP-bwdX] L=32 states=1 -> 1
[DP-bwdX] L=32 states=1 -> 1
[DP-fwdX] L=32 states=1 -> 1
[DP-bwdX] L=64 states=1 -> 1
[DP-fwdX] L=32 states=1 -> 1
[DP-bwdX] L=48 states=1 -> 1
[DP-fwdX] L=32 states=1 -> 1
[DP-fwdX] L=32 states=1 -> 1
[DP-fwdX] L=32 states=1 -> 1
[DP-bwdX] L=48 states=1 -> 1
[DP-bwdX] L=48 states=1 -> 1
[DP-bwdX] L=48 states=1 -> 1
[DP-fwdX] L=48 states=1 -> 1
[DP-bwdX] L=64 states=1 -> 1
[DP-fwdX] L=48 states=1 -> 1
[DP-fwdX] L=48 states=1 -> 1
[DP-fwdX] L=48 states=1 -> 1
[DP-bwdX] L=64 states=1 -> 1
[DP-bwdX] L=64 states=1 -> 1
[DP-bwdX] L=64 states=1 -> 1
[RowSwapCTR] expand small 8x8 -> full 16x8  top_rows=4  bot_rows=4  ctr_rows=8  n_full=128
  [Round 78] T_prime=15  T_target=15  HPWL_w=480336  HPWL_eq=476  maxL=26  WNS(T')=-11  WNS*(T)=-11  picked=0  solve_ms=17.7091
[OC-Shortest/pow2] m=8 h=8 SEG=4 bits=32 words=1 threads=24
[DP-fwdX] L=0 states=1 -> 1
[DP-fwdX] L=16 states=141 -> 164
[DP-bwdX] L=64 states=1 -> 1
[DP-bwdX] L=48 states=141 -> 164
[DP-fwdX] L=0 states=1 -> 1
[DP-bwdX] L=32 states=1 -> 1
[DP-fwdX] L=0 states=1 -> 1
[DP-bwdX] L=16 states=1 -> 1
[DP-fwdX] L=0 states=1 -> 1
[DP-fwdX] L=0 states=1 -> 1
[DP-fwdX] L=0 states=1 -> 1
[DP-bwdX] L=16 states=1 -> 1
[DP-bwdX] L=16 states=1 -> 1
[DP-bwdX] L=16 states=1 -> 1
[DP-fwdX] L=16 states=1 -> 1
[DP-bwdX] L=32 states=1 -> 1
[DP-fwdX] L=16 states=1 -> 1
[DP-fwdX] L=16 states=1 -> 1
[DP-fwdX] L=16 states=1 -> 1
[DP-bwdX] L=32 states=1 -> 1
[DP-bwdX] L=32 states=1 -> 1
[DP-bwdX] L=32 states=1 -> 1
[DP-fwdX] L=32 states=1 -> 1
[DP-bwdX] L=64 states=1 -> 1
[DP-fwdX] L=32 states=1 -> 1
[DP-bwdX] L=48 states=1 -> 1
[DP-fwdX] L=32 states=1 -> 1
[DP-fwdX] L=32 states=1 -> 1
[DP-fwdX] L=32 states=1 -> 1
[DP-bwdX] L=48 states=1 -> 1
[DP-bwdX] L=48 states=1 -> 1
[DP-bwdX] L=48 states=1 -> 1
[DP-fwdX] L=48 states=1 -> 1
[DP-bwdX] L=64 states=1 -> 1
[DP-fwdX] L=48 states=1 -> 1
[DP-fwdX] L=48 states=1 -> 1
[DP-fwdX] L=48 states=1 -> 1
[DP-bwdX] L=64 states=1 -> 1
[DP-bwdX] L=64 states=1 -> 1
[DP-bwdX] L=64 states=1 -> 1
[RowSwapCTR] expand small 8x8 -> full 16x8  top_rows=4  bot_rows=4  ctr_rows=8  n_full=128
  [Round 79] T_prime=15  T_target=15  HPWL_w=480336  HPWL_eq=476  maxL=26  WNS(T')=-11  WNS*(T)=-11  picked=0  solve_ms=17.4823
[OC-Shortest/pow2] m=8 h=8 SEG=4 bits=32 words=1 threads=24
[DP-fwdX] L=0 states=1 -> 1
[DP-fwdX] L=16 states=141 -> 164
[DP-bwdX] L=64 states=1 -> 1
[DP-bwdX] L=48 states=141 -> 164
[DP-fwdX] L=0 states=1 -> 1
[DP-bwdX] L=32 states=1 -> 1
[DP-fwdX] L=0 states=1 -> 1
[DP-bwdX] L=16 states=1 -> 1
[DP-fwdX] L=0 states=1 -> 1
[DP-fwdX] L=0 states=1 -> 1
[DP-fwdX] L=0 states=1 -> 1
[DP-bwdX] L=16 states=1 -> 1
[DP-bwdX] L=16 states=1 -> 1
[DP-bwdX] L=16 states=1 -> 1
[DP-fwdX] L=16 states=1 -> 1
[DP-bwdX] L=32 states=1 -> 1
[DP-fwdX] L=16 states=1 -> 1
[DP-fwdX] L=16 states=1 -> 1
[DP-fwdX] L=16 states=1 -> 1
[DP-bwdX] L=32 states=1 -> 1
[DP-bwdX] L=32 states=1 -> 1
[DP-bwdX] L=32 states=1 -> 1
[DP-fwdX] L=32 states=1 -> 1
[DP-bwdX] L=64 states=1 -> 1
[DP-fwdX] L=32 states=1 -> 1
[DP-bwdX] L=48 states=1 -> 1
[DP-fwdX] L=32 states=1 -> 1
[DP-fwdX] L=32 states=1 -> 1
[DP-fwdX] L=32 states=1 -> 1
[DP-bwdX] L=48 states=1 -> 1
[DP-bwdX] L=48 states=1 -> 1
[DP-bwdX] L=48 states=1 -> 1
[DP-fwdX] L=48 states=1 -> 1
[DP-bwdX] L=64 states=1 -> 1
[DP-fwdX] L=48 states=1 -> 1
[DP-fwdX] L=48 states=1 -> 1
[DP-fwdX] L=48 states=1 -> 1
[DP-bwdX] L=64 states=1 -> 1
[DP-bwdX] L=64 states=1 -> 1
[DP-bwdX] L=64 states=1 -> 1
[RowSwapCTR] expand small 8x8 -> full 16x8  top_rows=4  bot_rows=4  ctr_rows=8  n_full=128
  [Round 80] T_prime=15  T_target=15  HPWL_w=480336  HPWL_eq=476  maxL=26  WNS(T')=-11  WNS*(T)=-11  picked=0  solve_ms=17.4874
[OC-Shortest/pow2] m=8 h=8 SEG=4 bits=32 words=1 threads=24
[DP-fwdX] L=0 states=1 -> 1
[DP-fwdX] L=16 states=141 -> 164
[DP-bwdX] L=64 states=1 -> 1
[DP-bwdX] L=48 states=141 -> 164
[DP-fwdX] L=0 states=1 -> 1
[DP-bwdX] L=32 states=1 -> 1
[DP-fwdX] L=0 states=1 -> 1
[DP-bwdX] L=16 states=1 -> 1
[DP-fwdX] L=0 states=1 -> 1
[DP-fwdX] L=0 states=1 -> 1
[DP-fwdX] L=0 states=1 -> 1
[DP-bwdX] L=16 states=1 -> 1
[DP-bwdX] L=16 states=1 -> 1
[DP-bwdX] L=16 states=1 -> 1
[DP-fwdX] L=16 states=1 -> 1
[DP-bwdX] L=32 states=1 -> 1
[DP-fwdX] L=16 states=1 -> 1
[DP-fwdX] L=16 states=1 -> 1
[DP-fwdX] L=16 states=1 -> 1
[DP-bwdX] L=32 states=1 -> 1
[DP-bwdX] L=32 states=1 -> 1
[DP-bwdX] L=32 states=1 -> 1
[DP-fwdX] L=32 states=1 -> 1
[DP-bwdX] L=64 states=1 -> 1
[DP-fwdX] L=32 states=1 -> 1
[DP-bwdX] L=48 states=1 -> 1
[DP-fwdX] L=32 states=1 -> 1
[DP-fwdX] L=32 states=1 -> 1
[DP-fwdX] L=32 states=1 -> 1
[DP-bwdX] L=48 states=1 -> 1
[DP-bwdX] L=48 states=1 -> 1
[DP-bwdX] L=48 states=1 -> 1
[DP-fwdX] L=48 states=1 -> 1
[DP-bwdX] L=64 states=1 -> 1
[DP-fwdX] L=48 states=1 -> 1
[DP-fwdX] L=48 states=1 -> 1
[DP-fwdX] L=48 states=1 -> 1
[DP-bwdX] L=64 states=1 -> 1
[DP-bwdX] L=64 states=1 -> 1
[DP-bwdX] L=64 states=1 -> 1
[RowSwapCTR] expand small 8x8 -> full 16x8  top_rows=4  bot_rows=4  ctr_rows=8  n_full=128
  [Round 81] T_prime=15  T_target=15  HPWL_w=480336  HPWL_eq=476  maxL=26  WNS(T')=-11  WNS*(T)=-11  picked=0  solve_ms=17.521
[OC-Shortest/pow2] m=8 h=8 SEG=4 bits=32 words=1 threads=24
[DP-fwdX] L=0 states=1 -> 1
[DP-fwdX] L=16 states=141 -> 164
[DP-bwdX] L=64 states=1 -> 1
[DP-bwdX] L=48 states=141 -> 164
[DP-fwdX] L=0 states=1 -> 1
[DP-bwdX] L=32 states=1 -> 1
[DP-fwdX] L=0 states=1 -> 1
[DP-bwdX] L=16 states=1 -> 1
[DP-fwdX] L=0 states=1 -> 1
[DP-fwdX] L=0 states=1 -> 1
[DP-fwdX] L=0 states=1 -> 1
[DP-bwdX] L=16 states=1 -> 1
[DP-bwdX] L=16 states=1 -> 1
[DP-bwdX] L=16 states=1 -> 1
[DP-fwdX] L=16 states=1 -> 1
[DP-bwdX] L=32 states=1 -> 1
[DP-fwdX] L=16 states=1 -> 1
[DP-fwdX] L=16 states=1 -> 1
[DP-fwdX] L=16 states=1 -> 1
[DP-bwdX] L=32 states=1 -> 1
[DP-bwdX] L=32 states=1 -> 1
[DP-bwdX] L=32 states=1 -> 1
[DP-fwdX] L=32 states=1 -> 1
[DP-bwdX] L=64 states=1 -> 1
[DP-fwdX] L=32 states=1 -> 1
[DP-bwdX] L=48 states=1 -> 1
[DP-fwdX] L=32 states=1 -> 1
[DP-fwdX] L=32 states=1 -> 1
[DP-fwdX] L=32 states=1 -> 1
[DP-bwdX] L=48 states=1 -> 1
[DP-bwdX] L=48 states=1 -> 1
[DP-bwdX] L=48 states=1 -> 1
[DP-fwdX] L=48 states=1 -> 1
[DP-bwdX] L=64 states=1 -> 1
[DP-fwdX] L=48 states=1 -> 1
[DP-fwdX] L=48 states=1 -> 1
[DP-fwdX] L=48 states=1 -> 1
[DP-bwdX] L=64 states=1 -> 1
[DP-bwdX] L=64 states=1 -> 1
[DP-bwdX] L=64 states=1 -> 1
[RowSwapCTR] expand small 8x8 -> full 16x8  top_rows=4  bot_rows=4  ctr_rows=8  n_full=128
  [Round 82] T_prime=15  T_target=15  HPWL_w=480336  HPWL_eq=476  maxL=26  WNS(T')=-11  WNS*(T)=-11  picked=0  solve_ms=17.4498
[OC-Shortest/pow2] m=8 h=8 SEG=4 bits=32 words=1 threads=24
[DP-fwdX] L=0 states=1 -> 1
[DP-fwdX] L=16 states=141 -> 164
[DP-bwdX] L=64 states=1 -> 1
[DP-bwdX] L=48 states=141 -> 164
[DP-fwdX] L=0 states=1 -> 1
[DP-bwdX] L=32 states=1 -> 1
[DP-fwdX] L=0 states=1 -> 1
[DP-bwdX] L=16 states=1 -> 1
[DP-fwdX] L=0 states=1 -> 1
[DP-fwdX] L=0 states=1 -> 1
[DP-fwdX] L=0 states=1 -> 1
[DP-bwdX] L=16 states=1 -> 1
[DP-bwdX] L=16 states=1 -> 1
[DP-bwdX] L=16 states=1 -> 1
[DP-fwdX] L=16 states=1 -> 1
[DP-bwdX] L=32 states=1 -> 1
[DP-fwdX] L=16 states=1 -> 1
[DP-fwdX] L=16 states=1 -> 1
[DP-fwdX] L=16 states=1 -> 1
[DP-bwdX] L=32 states=1 -> 1
[DP-bwdX] L=32 states=1 -> 1
[DP-bwdX] L=32 states=1 -> 1
[DP-fwdX] L=32 states=1 -> 1
[DP-bwdX] L=64 states=1 -> 1
[DP-fwdX] L=32 states=1 -> 1
[DP-bwdX] L=48 states=1 -> 1
[DP-fwdX] L=32 states=1 -> 1
[DP-fwdX] L=32 states=1 -> 1
[DP-fwdX] L=32 states=1 -> 1
[DP-bwdX] L=48 states=1 -> 1
[DP-bwdX] L=48 states=1 -> 1
[DP-bwdX] L=48 states=1 -> 1
[DP-fwdX] L=48 states=1 -> 1
[DP-bwdX] L=64 states=1 -> 1
[DP-fwdX] L=48 states=1 -> 1
[DP-fwdX] L=48 states=1 -> 1
[DP-fwdX] L=48 states=1 -> 1
[DP-bwdX] L=64 states=1 -> 1
[DP-bwdX] L=64 states=1 -> 1
[DP-bwdX] L=64 states=1 -> 1
[RowSwapCTR] expand small 8x8 -> full 16x8  top_rows=4  bot_rows=4  ctr_rows=8  n_full=128
  [Round 83] T_prime=15  T_target=15  HPWL_w=480336  HPWL_eq=476  maxL=26  WNS(T')=-11  WNS*(T)=-11  picked=0  solve_ms=17.5421
[OC-Shortest/pow2] m=8 h=8 SEG=4 bits=32 words=1 threads=24
[DP-fwdX] L=0 states=1 -> 1
[DP-fwdX] L=16 states=141 -> 164
[DP-bwdX] L=64 states=1 -> 1
[DP-bwdX] L=48 states=141 -> 164
[DP-fwdX] L=0 states=1 -> 1
[DP-bwdX] L=32 states=1 -> 1
[DP-fwdX] L=0 states=1 -> 1
[DP-bwdX] L=16 states=1 -> 1
[DP-fwdX] L=0 states=1 -> 1
[DP-fwdX] L=0 states=1 -> 1
[DP-fwdX] L=0 states=1 -> 1
[DP-bwdX] L=16 states=1 -> 1
[DP-bwdX] L=16 states=1 -> 1
[DP-bwdX] L=16 states=1 -> 1
[DP-fwdX] L=16 states=1 -> 1
[DP-bwdX] L=32 states=1 -> 1
[DP-fwdX] L=16 states=1 -> 1
[DP-fwdX] L=16 states=1 -> 1
[DP-fwdX] L=16 states=1 -> 1
[DP-bwdX] L=32 states=1 -> 1
[DP-bwdX] L=32 states=1 -> 1
[DP-bwdX] L=32 states=1 -> 1
[DP-fwdX] L=32 states=1 -> 1
[DP-bwdX] L=64 states=1 -> 1
[DP-fwdX] L=32 states=1 -> 1
[DP-bwdX] L=48 states=1 -> 1
[DP-fwdX] L=32 states=1 -> 1
[DP-fwdX] L=32 states=1 -> 1
[DP-fwdX] L=32 states=1 -> 1
[DP-bwdX] L=48 states=1 -> 1
[DP-bwdX] L=48 states=1 -> 1
[DP-bwdX] L=48 states=1 -> 1
[DP-fwdX] L=48 states=1 -> 1
[DP-bwdX] L=64 states=1 -> 1
[DP-fwdX] L=48 states=1 -> 1
[DP-fwdX] L=48 states=1 -> 1
[DP-fwdX] L=48 states=1 -> 1
[DP-bwdX] L=64 states=1 -> 1
[DP-bwdX] L=64 states=1 -> 1
[DP-bwdX] L=64 states=1 -> 1
[RowSwapCTR] expand small 8x8 -> full 16x8  top_rows=4  bot_rows=4  ctr_rows=8  n_full=128
  [Round 84] T_prime=15  T_target=15  HPWL_w=480336  HPWL_eq=476  maxL=26  WNS(T')=-11  WNS*(T)=-11  picked=0  solve_ms=17.7671
[OC-Shortest/pow2] m=8 h=8 SEG=4 bits=32 words=1 threads=24
[DP-fwdX] L=0 states=1 -> 1
[DP-fwdX] L=16 states=141 -> 164
[DP-bwdX] L=64 states=1 -> 1
[DP-bwdX] L=48 states=141 -> 164
[DP-fwdX] L=0 states=1 -> 1
[DP-bwdX] L=32 states=1 -> 1
[DP-fwdX] L=0 states=1 -> 1
[DP-bwdX] L=16 states=1 -> 1
[DP-fwdX] L=0 states=1 -> 1
[DP-fwdX] L=0 states=1 -> 1
[DP-fwdX] L=0 states=1 -> 1
[DP-bwdX] L=16 states=1 -> 1
[DP-bwdX] L=16 states=1 -> 1
[DP-bwdX] L=16 states=1 -> 1
[DP-fwdX] L=16 states=1 -> 1
[DP-bwdX] L=32 states=1 -> 1
[DP-fwdX] L=16 states=1 -> 1
[DP-fwdX] L=16 states=1 -> 1
[DP-fwdX] L=16 states=1 -> 1
[DP-bwdX] L=32 states=1 -> 1
[DP-bwdX] L=32 states=1 -> 1
[DP-bwdX] L=32 states=1 -> 1
[DP-fwdX] L=32 states=1 -> 1
[DP-bwdX] L=64 states=1 -> 1
[DP-fwdX] L=32 states=1 -> 1
[DP-bwdX] L=48 states=1 -> 1
[DP-fwdX] L=32 states=1 -> 1
[DP-fwdX] L=32 states=1 -> 1
[DP-fwdX] L=32 states=1 -> 1
[DP-bwdX] L=48 states=1 -> 1
[DP-bwdX] L=48 states=1 -> 1
[DP-bwdX] L=48 states=1 -> 1
[DP-fwdX] L=48 states=1 -> 1
[DP-bwdX] L=64 states=1 -> 1
[DP-fwdX] L=48 states=1 -> 1
[DP-fwdX] L=48 states=1 -> 1
[DP-fwdX] L=48 states=1 -> 1
[DP-bwdX] L=64 states=1 -> 1
[DP-bwdX] L=64 states=1 -> 1
[DP-bwdX] L=64 states=1 -> 1
[RowSwapCTR] expand small 8x8 -> full 16x8  top_rows=4  bot_rows=4  ctr_rows=8  n_full=128
  [Round 85] T_prime=15  T_target=15  HPWL_w=480336  HPWL_eq=476  maxL=26  WNS(T')=-11  WNS*(T)=-11  picked=0  solve_ms=16.8813
[OC-Shortest/pow2] m=8 h=8 SEG=4 bits=32 words=1 threads=24
[DP-fwdX] L=0 states=1 -> 1
[DP-fwdX] L=16 states=141 -> 164
[DP-bwdX] L=64 states=1 -> 1
[DP-bwdX] L=48 states=141 -> 164
[DP-fwdX] L=0 states=1 -> 1
[DP-bwdX] L=32 states=1 -> 1
[DP-fwdX] L=0 states=1 -> 1
[DP-bwdX] L=16 states=1 -> 1
[DP-fwdX] L=0 states=1 -> 1
[DP-fwdX] L=0 states=1 -> 1
[DP-fwdX] L=0 states=1 -> 1
[DP-bwdX] L=16 states=1 -> 1
[DP-bwdX] L=16 states=1 -> 1
[DP-bwdX] L=16 states=1 -> 1
[DP-fwdX] L=16 states=1 -> 1
[DP-bwdX] L=32 states=1 -> 1
[DP-fwdX] L=16 states=1 -> 1
[DP-fwdX] L=16 states=1 -> 1
[DP-fwdX] L=16 states=1 -> 1
[DP-bwdX] L=32 states=1 -> 1
[DP-bwdX] L=32 states=1 -> 1
[DP-bwdX] L=32 states=1 -> 1
[DP-fwdX] L=32 states=1 -> 1
[DP-bwdX] L=64 states=1 -> 1
[DP-fwdX] L=32 states=1 -> 1
[DP-bwdX] L=48 states=1 -> 1
[DP-fwdX] L=32 states=1 -> 1
[DP-fwdX] L=32 states=1 -> 1
[DP-fwdX] L=32 states=1 -> 1
[DP-bwdX] L=48 states=1 -> 1
[DP-bwdX] L=48 states=1 -> 1
[DP-bwdX] L=48 states=1 -> 1
[DP-fwdX] L=48 states=1 -> 1
[DP-bwdX] L=64 states=1 -> 1
[DP-fwdX] L=48 states=1 -> 1
[DP-fwdX] L=48 states=1 -> 1
[DP-fwdX] L=48 states=1 -> 1
[DP-bwdX] L=64 states=1 -> 1
[DP-bwdX] L=64 states=1 -> 1
[DP-bwdX] L=64 states=1 -> 1
[RowSwapCTR] expand small 8x8 -> full 16x8  top_rows=4  bot_rows=4  ctr_rows=8  n_full=128
  [Round 86] T_prime=15  T_target=15  HPWL_w=480336  HPWL_eq=476  maxL=26  WNS(T')=-11  WNS*(T)=-11  picked=0  solve_ms=17.0461
[OC-Shortest/pow2] m=8 h=8 SEG=4 bits=32 words=1 threads=24
[DP-fwdX] L=0 states=1 -> 1
[DP-fwdX] L=16 states=141 -> 164
[DP-bwdX] L=64 states=1 -> 1
[DP-bwdX] L=48 states=141 -> 164
[DP-fwdX] L=0 states=1 -> 1
[DP-bwdX] L=32 states=1 -> 1
[DP-fwdX] L=0 states=1 -> 1
[DP-bwdX] L=16 states=1 -> 1
[DP-fwdX] L=0 states=1 -> 1
[DP-fwdX] L=0 states=1 -> 1
[DP-fwdX] L=0 states=1 -> 1
[DP-bwdX] L=16 states=1 -> 1
[DP-bwdX] L=16 states=1 -> 1
[DP-bwdX] L=16 states=1 -> 1
[DP-fwdX] L=16 states=1 -> 1
[DP-bwdX] L=32 states=1 -> 1
[DP-fwdX] L=16 states=1 -> 1
[DP-fwdX] L=16 states=1 -> 1
[DP-fwdX] L=16 states=1 -> 1
[DP-bwdX] L=32 states=1 -> 1
[DP-bwdX] L=32 states=1 -> 1
[DP-bwdX] L=32 states=1 -> 1
[DP-fwdX] L=32 states=1 -> 1
[DP-bwdX] L=64 states=1 -> 1
[DP-fwdX] L=32 states=1 -> 1
[DP-bwdX] L=48 states=1 -> 1
[DP-fwdX] L=32 states=1 -> 1
[DP-fwdX] L=32 states=1 -> 1
[DP-fwdX] L=32 states=1 -> 1
[DP-bwdX] L=48 states=1 -> 1
[DP-bwdX] L=48 states=1 -> 1
[DP-bwdX] L=48 states=1 -> 1
[DP-fwdX] L=48 states=1 -> 1
[DP-bwdX] L=64 states=1 -> 1
[DP-fwdX] L=48 states=1 -> 1
[DP-fwdX] L=48 states=1 -> 1
[DP-fwdX] L=48 states=1 -> 1
[DP-bwdX] L=64 states=1 -> 1
[DP-bwdX] L=64 states=1 -> 1
[DP-bwdX] L=64 states=1 -> 1
[RowSwapCTR] expand small 8x8 -> full 16x8  top_rows=4  bot_rows=4  ctr_rows=8  n_full=128
  [Round 87] T_prime=15  T_target=15  HPWL_w=480336  HPWL_eq=476  maxL=26  WNS(T')=-11  WNS*(T)=-11  picked=0  solve_ms=17.2168
[OC-Shortest/pow2] m=8 h=8 SEG=4 bits=32 words=1 threads=24
[DP-fwdX] L=0 states=1 -> 1
[DP-fwdX] L=16 states=141 -> 164
[DP-bwdX] L=64 states=1 -> 1
[DP-bwdX] L=48 states=141 -> 164
[DP-fwdX] L=0 states=1 -> 1
[DP-bwdX] L=32 states=1 -> 1
[DP-fwdX] L=0 states=1 -> 1
[DP-bwdX] L=16 states=1 -> 1
[DP-fwdX] L=0 states=1 -> 1
[DP-fwdX] L=0 states=1 -> 1
[DP-fwdX] L=0 states=1 -> 1
[DP-bwdX] L=16 states=1 -> 1
[DP-bwdX] L=16 states=1 -> 1
[DP-bwdX] L=16 states=1 -> 1
[DP-fwdX] L=16 states=1 -> 1
[DP-bwdX] L=32 states=1 -> 1
[DP-fwdX] L=16 states=1 -> 1
[DP-fwdX] L=16 states=1 -> 1
[DP-fwdX] L=16 states=1 -> 1
[DP-bwdX] L=32 states=1 -> 1
[DP-bwdX] L=32 states=1 -> 1
[DP-bwdX] L=32 states=1 -> 1
[DP-fwdX] L=32 states=1 -> 1
[DP-bwdX] L=64 states=1 -> 1
[DP-fwdX] L=32 states=1 -> 1
[DP-bwdX] L=48 states=1 -> 1
[DP-fwdX] L=32 states=1 -> 1
[DP-fwdX] L=32 states=1 -> 1
[DP-fwdX] L=32 states=1 -> 1
[DP-bwdX] L=48 states=1 -> 1
[DP-bwdX] L=48 states=1 -> 1
[DP-bwdX] L=48 states=1 -> 1
[DP-fwdX] L=48 states=1 -> 1
[DP-bwdX] L=64 states=1 -> 1
[DP-fwdX] L=48 states=1 -> 1
[DP-fwdX] L=48 states=1 -> 1
[DP-fwdX] L=48 states=1 -> 1
[DP-bwdX] L=64 states=1 -> 1
[DP-bwdX] L=64 states=1 -> 1
[DP-bwdX] L=64 states=1 -> 1
[RowSwapCTR] expand small 8x8 -> full 16x8  top_rows=4  bot_rows=4  ctr_rows=8  n_full=128
  [Round 88] T_prime=15  T_target=15  HPWL_w=480336  HPWL_eq=476  maxL=26  WNS(T')=-11  WNS*(T)=-11  picked=0  solve_ms=16.9517
[OC-Shortest/pow2] m=8 h=8 SEG=4 bits=32 words=1 threads=24
[DP-fwdX] L=0 states=1 -> 1
[DP-fwdX] L=16 states=141 -> 164
[DP-bwdX] L=64 states=1 -> 1
[DP-bwdX] L=48 states=141 -> 164
[DP-fwdX] L=0 states=1 -> 1
[DP-bwdX] L=32 states=1 -> 1
[DP-fwdX] L=0 states=1 -> 1
[DP-bwdX] L=16 states=1 -> 1
[DP-fwdX] L=0 states=1 -> 1
[DP-fwdX] L=0 states=1 -> 1
[DP-fwdX] L=0 states=1 -> 1
[DP-bwdX] L=16 states=1 -> 1
[DP-bwdX] L=16 states=1 -> 1
[DP-bwdX] L=16 states=1 -> 1
[DP-fwdX] L=16 states=1 -> 1
[DP-bwdX] L=32 states=1 -> 1
[DP-fwdX] L=16 states=1 -> 1
[DP-fwdX] L=16 states=1 -> 1
[DP-fwdX] L=16 states=1 -> 1
[DP-bwdX] L=32 states=1 -> 1
[DP-bwdX] L=32 states=1 -> 1
[DP-bwdX] L=32 states=1 -> 1
[DP-fwdX] L=32 states=1 -> 1
[DP-bwdX] L=64 states=1 -> 1
[DP-fwdX] L=32 states=1 -> 1
[DP-bwdX] L=48 states=1 -> 1
[DP-fwdX] L=32 states=1 -> 1
[DP-fwdX] L=32 states=1 -> 1
[DP-fwdX] L=32 states=1 -> 1
[DP-bwdX] L=48 states=1 -> 1
[DP-bwdX] L=48 states=1 -> 1
[DP-bwdX] L=48 states=1 -> 1
[DP-fwdX] L=48 states=1 -> 1
[DP-bwdX] L=64 states=1 -> 1
[DP-fwdX] L=48 states=1 -> 1
[DP-fwdX] L=48 states=1 -> 1
[DP-fwdX] L=48 states=1 -> 1
[DP-bwdX] L=64 states=1 -> 1
[DP-bwdX] L=64 states=1 -> 1
[DP-bwdX] L=64 states=1 -> 1
[RowSwapCTR] expand small 8x8 -> full 16x8  top_rows=4  bot_rows=4  ctr_rows=8  n_full=128
  [Round 89] T_prime=15  T_target=15  HPWL_w=480336  HPWL_eq=476  maxL=26  WNS(T')=-11  WNS*(T)=-11  picked=0  solve_ms=29.2008
[OC-Shortest/pow2] m=8 h=8 SEG=4 bits=32 words=1 threads=24
[DP-fwdX] L=0 states=1 -> 1
[DP-fwdX] L=16 states=141 -> 164
[DP-bwdX] L=64 states=1 -> 1
[DP-bwdX] L=48 states=141 -> 164
[DP-fwdX] L=0 states=1 -> 1
[DP-bwdX] L=32 states=1 -> 1
[DP-fwdX] L=0 states=1 -> 1
[DP-bwdX] L=16 states=1 -> 1
[DP-fwdX] L=0 states=1 -> 1
[DP-fwdX] L=0 states=1 -> 1
[DP-fwdX] L=0 states=1 -> 1
[DP-bwdX] L=16 states=1 -> 1
[DP-bwdX] L=16 states=1 -> 1
[DP-bwdX] L=16 states=1 -> 1
[DP-fwdX] L=16 states=1 -> 1
[DP-bwdX] L=32 states=1 -> 1
[DP-fwdX] L=16 states=1 -> 1
[DP-fwdX] L=16 states=1 -> 1
[DP-fwdX] L=16 states=1 -> 1
[DP-bwdX] L=32 states=1 -> 1
[DP-bwdX] L=32 states=1 -> 1
[DP-bwdX] L=32 states=1 -> 1
[DP-fwdX] L=32 states=1 -> 1
[DP-bwdX] L=64 states=1 -> 1
[DP-fwdX] L=32 states=1 -> 1
[DP-bwdX] L=48 states=1 -> 1
[DP-fwdX] L=32 states=1 -> 1
[DP-fwdX] L=32 states=1 -> 1
[DP-fwdX] L=32 states=1 -> 1
[DP-bwdX] L=48 states=1 -> 1
[DP-bwdX] L=48 states=1 -> 1
[DP-bwdX] L=48 states=1 -> 1
[DP-fwdX] L=48 states=1 -> 1
[DP-bwdX] L=64 states=1 -> 1
[DP-fwdX] L=48 states=1 -> 1
[DP-fwdX] L=48 states=1 -> 1
[DP-fwdX] L=48 states=1 -> 1
[DP-bwdX] L=64 states=1 -> 1
[DP-bwdX] L=64 states=1 -> 1
[DP-bwdX] L=64 states=1 -> 1
[RowSwapCTR] expand small 8x8 -> full 16x8  top_rows=4  bot_rows=4  ctr_rows=8  n_full=128
  [Round 90] T_prime=15  T_target=15  HPWL_w=480336  HPWL_eq=476  maxL=26  WNS(T')=-11  WNS*(T)=-11  picked=0  solve_ms=17.1704
[OC-Shortest/pow2] m=8 h=8 SEG=4 bits=32 words=1 threads=24
[DP-fwdX] L=0 states=1 -> 1
[DP-fwdX] L=16 states=141 -> 164
[DP-bwdX] L=64 states=1 -> 1
[DP-bwdX] L=48 states=141 -> 164
[DP-fwdX] L=0 states=1 -> 1
[DP-bwdX] L=32 states=1 -> 1
[DP-fwdX] L=0 states=1 -> 1
[DP-bwdX] L=16 states=1 -> 1
[DP-fwdX] L=0 states=1 -> 1
[DP-fwdX] L=0 states=1 -> 1
[DP-fwdX] L=0 states=1 -> 1
[DP-bwdX] L=16 states=1 -> 1
[DP-bwdX] L=16 states=1 -> 1
[DP-bwdX] L=16 states=1 -> 1
[DP-fwdX] L=16 states=1 -> 1
[DP-bwdX] L=32 states=1 -> 1
[DP-fwdX] L=16 states=1 -> 1
[DP-fwdX] L=16 states=1 -> 1
[DP-fwdX] L=16 states=1 -> 1
[DP-bwdX] L=32 states=1 -> 1
[DP-bwdX] L=32 states=1 -> 1
[DP-bwdX] L=32 states=1 -> 1
[DP-fwdX] L=32 states=1 -> 1
[DP-bwdX] L=64 states=1 -> 1
[DP-fwdX] L=32 states=1 -> 1
[DP-bwdX] L=48 states=1 -> 1
[DP-fwdX] L=32 states=1 -> 1
[DP-fwdX] L=32 states=1 -> 1
[DP-fwdX] L=32 states=1 -> 1
[DP-bwdX] L=48 states=1 -> 1
[DP-bwdX] L=48 states=1 -> 1
[DP-bwdX] L=48 states=1 -> 1
[DP-fwdX] L=48 states=1 -> 1
[DP-bwdX] L=64 states=1 -> 1
[DP-fwdX] L=48 states=1 -> 1
[DP-fwdX] L=48 states=1 -> 1
[DP-fwdX] L=48 states=1 -> 1
[DP-bwdX] L=64 states=1 -> 1
[DP-bwdX] L=64 states=1 -> 1
[DP-bwdX] L=64 states=1 -> 1
[RowSwapCTR] expand small 8x8 -> full 16x8  top_rows=4  bot_rows=4  ctr_rows=8  n_full=128
  [Round 91] T_prime=15  T_target=15  HPWL_w=480336  HPWL_eq=476  maxL=26  WNS(T')=-11  WNS*(T)=-11  picked=0  solve_ms=16.881
[OC-Shortest/pow2] m=8 h=8 SEG=4 bits=32 words=1 threads=24
[DP-fwdX] L=0 states=1 -> 1
[DP-fwdX] L=16 states=141 -> 164
[DP-bwdX] L=64 states=1 -> 1
[DP-bwdX] L=48 states=141 -> 164
[DP-fwdX] L=0 states=1 -> 1
[DP-bwdX] L=32 states=1 -> 1
[DP-fwdX] L=0 states=1 -> 1
[DP-bwdX] L=16 states=1 -> 1
[DP-fwdX] L=0 states=1 -> 1
[DP-fwdX] L=0 states=1 -> 1
[DP-fwdX] L=0 states=1 -> 1
[DP-bwdX] L=16 states=1 -> 1
[DP-bwdX] L=16 states=1 -> 1
[DP-bwdX] L=16 states=1 -> 1
[DP-fwdX] L=16 states=1 -> 1
[DP-bwdX] L=32 states=1 -> 1
[DP-fwdX] L=16 states=1 -> 1
[DP-fwdX] L=16 states=1 -> 1
[DP-fwdX] L=16 states=1 -> 1
[DP-bwdX] L=32 states=1 -> 1
[DP-bwdX] L=32 states=1 -> 1
[DP-bwdX] L=32 states=1 -> 1
[DP-fwdX] L=32 states=1 -> 1
[DP-bwdX] L=64 states=1 -> 1
[DP-fwdX] L=32 states=1 -> 1
[DP-bwdX] L=48 states=1 -> 1
[DP-fwdX] L=32 states=1 -> 1
[DP-fwdX] L=32 states=1 -> 1
[DP-fwdX] L=32 states=1 -> 1
[DP-bwdX] L=48 states=1 -> 1
[DP-bwdX] L=48 states=1 -> 1
[DP-bwdX] L=48 states=1 -> 1
[DP-fwdX] L=48 states=1 -> 1
[DP-bwdX] L=64 states=1 -> 1
[DP-fwdX] L=48 states=1 -> 1
[DP-fwdX] L=48 states=1 -> 1
[DP-fwdX] L=48 states=1 -> 1
[DP-bwdX] L=64 states=1 -> 1
[DP-bwdX] L=64 states=1 -> 1
[DP-bwdX] L=64 states=1 -> 1
[RowSwapCTR] expand small 8x8 -> full 16x8  top_rows=4  bot_rows=4  ctr_rows=8  n_full=128
  [Round 92] T_prime=15  T_target=15  HPWL_w=480336  HPWL_eq=476  maxL=26  WNS(T')=-11  WNS*(T)=-11  picked=0  solve_ms=16.9971
[OC-Shortest/pow2] m=8 h=8 SEG=4 bits=32 words=1 threads=24
[DP-fwdX] L=0 states=1 -> 1
[DP-fwdX] L=16 states=141 -> 164
[DP-bwdX] L=64 states=1 -> 1
[DP-bwdX] L=48 states=141 -> 164
[DP-fwdX] L=0 states=1 -> 1
[DP-bwdX] L=32 states=1 -> 1
[DP-fwdX] L=0 states=1 -> 1
[DP-bwdX] L=16 states=1 -> 1
[DP-fwdX] L=0 states=1 -> 1
[DP-fwdX] L=0 states=1 -> 1
[DP-fwdX] L=0 states=1 -> 1
[DP-bwdX] L=16 states=1 -> 1
[DP-bwdX] L=16 states=1 -> 1
[DP-bwdX] L=16 states=1 -> 1
[DP-fwdX] L=16 states=1 -> 1
[DP-bwdX] L=32 states=1 -> 1
[DP-fwdX] L=16 states=1 -> 1
[DP-fwdX] L=16 states=1 -> 1
[DP-fwdX] L=16 states=1 -> 1
[DP-bwdX] L=32 states=1 -> 1
[DP-bwdX] L=32 states=1 -> 1
[DP-bwdX] L=32 states=1 -> 1
[DP-fwdX] L=32 states=1 -> 1
[DP-bwdX] L=64 states=1 -> 1
[DP-fwdX] L=32 states=1 -> 1
[DP-bwdX] L=48 states=1 -> 1
[DP-fwdX] L=32 states=1 -> 1
[DP-fwdX] L=32 states=1 -> 1
[DP-fwdX] L=32 states=1 -> 1
[DP-bwdX] L=48 states=1 -> 1
[DP-bwdX] L=48 states=1 -> 1
[DP-bwdX] L=48 states=1 -> 1
[DP-fwdX] L=48 states=1 -> 1
[DP-bwdX] L=64 states=1 -> 1
[DP-fwdX] L=48 states=1 -> 1
[DP-fwdX] L=48 states=1 -> 1
[DP-fwdX] L=48 states=1 -> 1
[DP-bwdX] L=64 states=1 -> 1
[DP-bwdX] L=64 states=1 -> 1
[DP-bwdX] L=64 states=1 -> 1
[RowSwapCTR] expand small 8x8 -> full 16x8  top_rows=4  bot_rows=4  ctr_rows=8  n_full=128
  [Round 93] T_prime=15  T_target=15  HPWL_w=480336  HPWL_eq=476  maxL=26  WNS(T')=-11  WNS*(T)=-11  picked=0  solve_ms=17.1328
[OC-Shortest/pow2] m=8 h=8 SEG=4 bits=32 words=1 threads=24
[DP-fwdX] L=0 states=1 -> 1
[DP-fwdX] L=16 states=141 -> 164
[DP-bwdX] L=64 states=1 -> 1
[DP-bwdX] L=48 states=141 -> 164
[DP-fwdX] L=0 states=1 -> 1
[DP-bwdX] L=32 states=1 -> 1
[DP-fwdX] L=0 states=1 -> 1
[DP-bwdX] L=16 states=1 -> 1
[DP-fwdX] L=0 states=1 -> 1
[DP-fwdX] L=0 states=1 -> 1
[DP-fwdX] L=0 states=1 -> 1
[DP-bwdX] L=16 states=1 -> 1
[DP-bwdX] L=16 states=1 -> 1
[DP-bwdX] L=16 states=1 -> 1
[DP-fwdX] L=16 states=1 -> 1
[DP-bwdX] L=32 states=1 -> 1
[DP-fwdX] L=16 states=1 -> 1
[DP-fwdX] L=16 states=1 -> 1
[DP-fwdX] L=16 states=1 -> 1
[DP-bwdX] L=32 states=1 -> 1
[DP-bwdX] L=32 states=1 -> 1
[DP-bwdX] L=32 states=1 -> 1
[DP-fwdX] L=32 states=1 -> 1
[DP-bwdX] L=64 states=1 -> 1
[DP-fwdX] L=32 states=1 -> 1
[DP-bwdX] L=48 states=1 -> 1
[DP-fwdX] L=32 states=1 -> 1
[DP-fwdX] L=32 states=1 -> 1
[DP-fwdX] L=32 states=1 -> 1
[DP-bwdX] L=48 states=1 -> 1
[DP-bwdX] L=48 states=1 -> 1
[DP-bwdX] L=48 states=1 -> 1
[DP-fwdX] L=48 states=1 -> 1
[DP-bwdX] L=64 states=1 -> 1
[DP-fwdX] L=48 states=1 -> 1
[DP-fwdX] L=48 states=1 -> 1
[DP-fwdX] L=48 states=1 -> 1
[DP-bwdX] L=64 states=1 -> 1
[DP-bwdX] L=64 states=1 -> 1
[DP-bwdX] L=64 states=1 -> 1
[RowSwapCTR] expand small 8x8 -> full 16x8  top_rows=4  bot_rows=4  ctr_rows=8  n_full=128
  [Round 94] T_prime=15  T_target=15  HPWL_w=480336  HPWL_eq=476  maxL=26  WNS(T')=-11  WNS*(T)=-11  picked=0  solve_ms=16.9892
[OC-Shortest/pow2] m=8 h=8 SEG=4 bits=32 words=1 threads=24
[DP-fwdX] L=0 states=1 -> 1
[DP-fwdX] L=16 states=141 -> 164
[DP-bwdX] L=64 states=1 -> 1
[DP-bwdX] L=48 states=141 -> 164
[DP-fwdX] L=0 states=1 -> 1
[DP-bwdX] L=32 states=1 -> 1
[DP-fwdX] L=0 states=1 -> 1
[DP-bwdX] L=16 states=1 -> 1
[DP-fwdX] L=0 states=1 -> 1
[DP-fwdX] L=0 states=1 -> 1
[DP-fwdX] L=0 states=1 -> 1
[DP-bwdX] L=16 states=1 -> 1
[DP-bwdX] L=16 states=1 -> 1
[DP-bwdX] L=16 states=1 -> 1
[DP-fwdX] L=16 states=1 -> 1
[DP-bwdX] L=32 states=1 -> 1
[DP-fwdX] L=16 states=1 -> 1
[DP-fwdX] L=16 states=1 -> 1
[DP-fwdX] L=16 states=1 -> 1
[DP-bwdX] L=32 states=1 -> 1
[DP-bwdX] L=32 states=1 -> 1
[DP-bwdX] L=32 states=1 -> 1
[DP-fwdX] L=32 states=1 -> 1
[DP-bwdX] L=64 states=1 -> 1
[DP-fwdX] L=32 states=1 -> 1
[DP-bwdX] L=48 states=1 -> 1
[DP-fwdX] L=32 states=1 -> 1
[DP-fwdX] L=32 states=1 -> 1
[DP-fwdX] L=32 states=1 -> 1
[DP-bwdX] L=48 states=1 -> 1
[DP-bwdX] L=48 states=1 -> 1
[DP-bwdX] L=48 states=1 -> 1
[DP-fwdX] L=48 states=1 -> 1
[DP-bwdX] L=64 states=1 -> 1
[DP-fwdX] L=48 states=1 -> 1
[DP-fwdX] L=48 states=1 -> 1
[DP-fwdX] L=48 states=1 -> 1
[DP-bwdX] L=64 states=1 -> 1
[DP-bwdX] L=64 states=1 -> 1
[DP-bwdX] L=64 states=1 -> 1
[RowSwapCTR] expand small 8x8 -> full 16x8  top_rows=4  bot_rows=4  ctr_rows=8  n_full=128
  [Round 95] T_prime=15  T_target=15  HPWL_w=480336  HPWL_eq=476  maxL=26  WNS(T')=-11  WNS*(T)=-11  picked=0  solve_ms=17.0564
[OC-Shortest/pow2] m=8 h=8 SEG=4 bits=32 words=1 threads=24
[DP-fwdX] L=0 states=1 -> 1
[DP-fwdX] L=16 states=141 -> 164
[DP-bwdX] L=64 states=1 -> 1
[DP-bwdX] L=48 states=141 -> 164
[DP-fwdX] L=0 states=1 -> 1
[DP-bwdX] L=32 states=1 -> 1
[DP-fwdX] L=0 states=1 -> 1
[DP-bwdX] L=16 states=1 -> 1
[DP-fwdX] L=0 states=1 -> 1
[DP-fwdX] L=0 states=1 -> 1
[DP-fwdX] L=0 states=1 -> 1
[DP-bwdX] L=16 states=1 -> 1
[DP-bwdX] L=16 states=1 -> 1
[DP-bwdX] L=16 states=1 -> 1
[DP-fwdX] L=16 states=1 -> 1
[DP-bwdX] L=32 states=1 -> 1
[DP-fwdX] L=16 states=1 -> 1
[DP-fwdX] L=16 states=1 -> 1
[DP-fwdX] L=16 states=1 -> 1
[DP-bwdX] L=32 states=1 -> 1
[DP-bwdX] L=32 states=1 -> 1
[DP-bwdX] L=32 states=1 -> 1
[DP-fwdX] L=32 states=1 -> 1
[DP-bwdX] L=64 states=1 -> 1
[DP-fwdX] L=32 states=1 -> 1
[DP-bwdX] L=48 states=1 -> 1
[DP-fwdX] L=32 states=1 -> 1
[DP-fwdX] L=32 states=1 -> 1
[DP-fwdX] L=32 states=1 -> 1
[DP-bwdX] L=48 states=1 -> 1
[DP-bwdX] L=48 states=1 -> 1
[DP-bwdX] L=48 states=1 -> 1
[DP-fwdX] L=48 states=1 -> 1
[DP-bwdX] L=64 states=1 -> 1
[DP-fwdX] L=48 states=1 -> 1
[DP-fwdX] L=48 states=1 -> 1
[DP-fwdX] L=48 states=1 -> 1
[DP-bwdX] L=64 states=1 -> 1
[DP-bwdX] L=64 states=1 -> 1
[DP-bwdX] L=64 states=1 -> 1
[RowSwapCTR] expand small 8x8 -> full 16x8  top_rows=4  bot_rows=4  ctr_rows=8  n_full=128
  [Round 96] T_prime=15  T_target=15  HPWL_w=480336  HPWL_eq=476  maxL=26  WNS(T')=-11  WNS*(T)=-11  picked=0  solve_ms=17.2693
[OC-Shortest/pow2] m=8 h=8 SEG=4 bits=32 words=1 threads=24
[DP-fwdX] L=0 states=1 -> 1
[DP-fwdX] L=16 states=141 -> 164
[DP-bwdX] L=64 states=1 -> 1
[DP-bwdX] L=48 states=141 -> 164
[DP-fwdX] L=0 states=1 -> 1
[DP-bwdX] L=32 states=1 -> 1
[DP-fwdX] L=0 states=1 -> 1
[DP-bwdX] L=16 states=1 -> 1
[DP-fwdX] L=0 states=1 -> 1
[DP-fwdX] L=0 states=1 -> 1
[DP-fwdX] L=0 states=1 -> 1
[DP-bwdX] L=16 states=1 -> 1
[DP-bwdX] L=16 states=1 -> 1
[DP-bwdX] L=16 states=1 -> 1
[DP-fwdX] L=16 states=1 -> 1
[DP-bwdX] L=32 states=1 -> 1
[DP-fwdX] L=16 states=1 -> 1
[DP-fwdX] L=16 states=1 -> 1
[DP-fwdX] L=16 states=1 -> 1
[DP-bwdX] L=32 states=1 -> 1
[DP-bwdX] L=32 states=1 -> 1
[DP-bwdX] L=32 states=1 -> 1
[DP-fwdX] L=32 states=1 -> 1
[DP-bwdX] L=64 states=1 -> 1
[DP-fwdX] L=32 states=1 -> 1
[DP-bwdX] L=48 states=1 -> 1
[DP-fwdX] L=32 states=1 -> 1
[DP-fwdX] L=32 states=1 -> 1
[DP-fwdX] L=32 states=1 -> 1
[DP-bwdX] L=48 states=1 -> 1
[DP-bwdX] L=48 states=1 -> 1
[DP-bwdX] L=48 states=1 -> 1
[DP-fwdX] L=48 states=1 -> 1
[DP-bwdX] L=64 states=1 -> 1
[DP-fwdX] L=48 states=1 -> 1
[DP-fwdX] L=48 states=1 -> 1
[DP-fwdX] L=48 states=1 -> 1
[DP-bwdX] L=64 states=1 -> 1
[DP-bwdX] L=64 states=1 -> 1
[DP-bwdX] L=64 states=1 -> 1
[RowSwapCTR] expand small 8x8 -> full 16x8  top_rows=4  bot_rows=4  ctr_rows=8  n_full=128
  [Round 97] T_prime=15  T_target=15  HPWL_w=480336  HPWL_eq=476  maxL=26  WNS(T')=-11  WNS*(T)=-11  picked=0  solve_ms=17.019
[OC-Shortest/pow2] m=8 h=8 SEG=4 bits=32 words=1 threads=24
[DP-fwdX] L=0 states=1 -> 1
[DP-fwdX] L=16 states=141 -> 164
[DP-bwdX] L=64 states=1 -> 1
[DP-bwdX] L=48 states=141 -> 164
[DP-fwdX] L=0 states=1 -> 1
[DP-bwdX] L=32 states=1 -> 1
[DP-fwdX] L=0 states=1 -> 1
[DP-bwdX] L=16 states=1 -> 1
[DP-fwdX] L=0 states=1 -> 1
[DP-fwdX] L=0 states=1 -> 1
[DP-fwdX] L=0 states=1 -> 1
[DP-bwdX] L=16 states=1 -> 1
[DP-bwdX] L=16 states=1 -> 1
[DP-bwdX] L=16 states=1 -> 1
[DP-fwdX] L=16 states=1 -> 1
[DP-bwdX] L=32 states=1 -> 1
[DP-fwdX] L=16 states=1 -> 1
[DP-fwdX] L=16 states=1 -> 1
[DP-fwdX] L=16 states=1 -> 1
[DP-bwdX] L=32 states=1 -> 1
[DP-bwdX] L=32 states=1 -> 1
[DP-bwdX] L=32 states=1 -> 1
[DP-fwdX] L=32 states=1 -> 1
[DP-bwdX] L=64 states=1 -> 1
[DP-fwdX] L=32 states=1 -> 1
[DP-bwdX] L=48 states=1 -> 1
[DP-fwdX] L=32 states=1 -> 1
[DP-fwdX] L=32 states=1 -> 1
[DP-fwdX] L=32 states=1 -> 1
[DP-bwdX] L=48 states=1 -> 1
[DP-bwdX] L=48 states=1 -> 1
[DP-bwdX] L=48 states=1 -> 1
[DP-fwdX] L=48 states=1 -> 1
[DP-bwdX] L=64 states=1 -> 1
[DP-fwdX] L=48 states=1 -> 1
[DP-fwdX] L=48 states=1 -> 1
[DP-fwdX] L=48 states=1 -> 1
[DP-bwdX] L=64 states=1 -> 1
[DP-bwdX] L=64 states=1 -> 1
[DP-bwdX] L=64 states=1 -> 1
[RowSwapCTR] expand small 8x8 -> full 16x8  top_rows=4  bot_rows=4  ctr_rows=8  n_full=128
  [Round 98] T_prime=15  T_target=15  HPWL_w=480336  HPWL_eq=476  maxL=26  WNS(T')=-11  WNS*(T)=-11  picked=0  solve_ms=16.9262
[OC-Shortest/pow2] m=8 h=8 SEG=4 bits=32 words=1 threads=24
[DP-fwdX] L=0 states=1 -> 1
[DP-fwdX] L=16 states=141 -> 164
[DP-bwdX] L=64 states=1 -> 1
[DP-bwdX] L=48 states=141 -> 164
[DP-fwdX] L=0 states=1 -> 1
[DP-bwdX] L=32 states=1 -> 1
[DP-fwdX] L=0 states=1 -> 1
[DP-bwdX] L=16 states=1 -> 1
[DP-fwdX] L=0 states=1 -> 1
[DP-fwdX] L=0 states=1 -> 1
[DP-fwdX] L=0 states=1 -> 1
[DP-bwdX] L=16 states=1 -> 1
[DP-bwdX] L=16 states=1 -> 1
[DP-bwdX] L=16 states=1 -> 1
[DP-fwdX] L=16 states=1 -> 1
[DP-bwdX] L=32 states=1 -> 1
[DP-fwdX] L=16 states=1 -> 1
[DP-fwdX] L=16 states=1 -> 1
[DP-fwdX] L=16 states=1 -> 1
[DP-bwdX] L=32 states=1 -> 1
[DP-bwdX] L=32 states=1 -> 1
[DP-bwdX] L=32 states=1 -> 1
[DP-fwdX] L=32 states=1 -> 1
[DP-bwdX] L=64 states=1 -> 1
[DP-fwdX] L=32 states=1 -> 1
[DP-bwdX] L=48 states=1 -> 1
[DP-fwdX] L=32 states=1 -> 1
[DP-fwdX] L=32 states=1 -> 1
[DP-fwdX] L=32 states=1 -> 1
[DP-bwdX] L=48 states=1 -> 1
[DP-bwdX] L=48 states=1 -> 1
[DP-bwdX] L=48 states=1 -> 1
[DP-fwdX] L=48 states=1 -> 1
[DP-bwdX] L=64 states=1 -> 1
[DP-fwdX] L=48 states=1 -> 1
[DP-fwdX] L=48 states=1 -> 1
[DP-fwdX] L=48 states=1 -> 1
[DP-bwdX] L=64 states=1 -> 1
[DP-bwdX] L=64 states=1 -> 1
[DP-bwdX] L=64 states=1 -> 1
[RowSwapCTR] expand small 8x8 -> full 16x8  top_rows=4  bot_rows=4  ctr_rows=8  n_full=128
  [Round 99] T_prime=15  T_target=15  HPWL_w=480336  HPWL_eq=476  maxL=26  WNS(T')=-11  WNS*(T)=-11  picked=0  solve_ms=17.1188
[OC-Shortest/pow2] m=8 h=8 SEG=4 bits=32 words=1 threads=24
[DP-fwdX] L=0 states=1 -> 1
[DP-fwdX] L=16 states=141 -> 164
[DP-bwdX] L=64 states=1 -> 1
[DP-bwdX] L=48 states=141 -> 164
[DP-fwdX] L=0 states=1 -> 1
[DP-bwdX] L=32 states=1 -> 1
[DP-fwdX] L=0 states=1 -> 1
[DP-bwdX] L=16 states=1 -> 1
[DP-fwdX] L=0 states=1 -> 1
[DP-fwdX] L=0 states=1 -> 1
[DP-fwdX] L=0 states=1 -> 1
[DP-bwdX] L=16 states=1 -> 1
[DP-bwdX] L=16 states=1 -> 1
[DP-bwdX] L=16 states=1 -> 1
[DP-fwdX] L=16 states=1 -> 1
[DP-bwdX] L=32 states=1 -> 1
[DP-fwdX] L=16 states=1 -> 1
[DP-fwdX] L=16 states=1 -> 1
[DP-fwdX] L=16 states=1 -> 1
[DP-bwdX] L=32 states=1 -> 1
[DP-bwdX] L=32 states=1 -> 1
[DP-bwdX] L=32 states=1 -> 1
[DP-fwdX] L=32 states=1 -> 1
[DP-bwdX] L=64 states=1 -> 1
[DP-fwdX] L=32 states=1 -> 1
[DP-bwdX] L=48 states=1 -> 1
[DP-fwdX] L=32 states=1 -> 1
[DP-fwdX] L=32 states=1 -> 1
[DP-fwdX] L=32 states=1 -> 1
[DP-bwdX] L=48 states=1 -> 1
[DP-bwdX] L=48 states=1 -> 1
[DP-bwdX] L=48 states=1 -> 1
[DP-fwdX] L=48 states=1 -> 1
[DP-bwdX] L=64 states=1 -> 1
[DP-fwdX] L=48 states=1 -> 1
[DP-fwdX] L=48 states=1 -> 1
[DP-fwdX] L=48 states=1 -> 1
[DP-bwdX] L=64 states=1 -> 1
[DP-bwdX] L=64 states=1 -> 1
[DP-bwdX] L=64 states=1 -> 1
[RowSwapCTR] expand small 8x8 -> full 16x8  top_rows=4  bot_rows=4  ctr_rows=8  n_full=128
  [Round 100] T_prime=15  T_target=15  HPWL_w=480336  HPWL_eq=476  maxL=26  WNS(T')=-11  WNS*(T)=-11  picked=0  solve_ms=16.9281
[OC-Shortest/pow2] m=8 h=8 SEG=4 bits=32 words=1 threads=24
[DP-fwdX] L=0 states=1 -> 1
[DP-fwdX] L=16 states=141 -> 164
[DP-bwdX] L=64 states=1 -> 1
[DP-bwdX] L=48 states=141 -> 164
[DP-fwdX] L=0 states=1 -> 1
[DP-bwdX] L=32 states=1 -> 1
[DP-fwdX] L=0 states=1 -> 1
[DP-bwdX] L=16 states=1 -> 1
[DP-fwdX] L=0 states=1 -> 1
[DP-fwdX] L=0 states=1 -> 1
[DP-fwdX] L=0 states=1 -> 1
[DP-bwdX] L=16 states=1 -> 1
[DP-bwdX] L=16 states=1 -> 1
[DP-bwdX] L=16 states=1 -> 1
[DP-fwdX] L=16 states=1 -> 1
[DP-bwdX] L=32 states=1 -> 1
[DP-fwdX] L=16 states=1 -> 1
[DP-fwdX] L=16 states=1 -> 1
[DP-fwdX] L=16 states=1 -> 1
[DP-bwdX] L=32 states=1 -> 1
[DP-bwdX] L=32 states=1 -> 1
[DP-bwdX] L=32 states=1 -> 1
[DP-fwdX] L=32 states=1 -> 1
[DP-bwdX] L=64 states=1 -> 1
[DP-fwdX] L=32 states=1 -> 1
[DP-bwdX] L=48 states=1 -> 1
[DP-fwdX] L=32 states=1 -> 1
[DP-fwdX] L=32 states=1 -> 1
[DP-fwdX] L=32 states=1 -> 1
[DP-bwdX] L=48 states=1 -> 1
[DP-bwdX] L=48 states=1 -> 1
[DP-bwdX] L=48 states=1 -> 1
[DP-fwdX] L=48 states=1 -> 1
[DP-bwdX] L=64 states=1 -> 1
[DP-fwdX] L=48 states=1 -> 1
[DP-fwdX] L=48 states=1 -> 1
[DP-fwdX] L=48 states=1 -> 1
[DP-bwdX] L=64 states=1 -> 1
[DP-bwdX] L=64 states=1 -> 1
[DP-bwdX] L=64 states=1 -> 1
[RowSwapCTR] expand small 8x8 -> full 16x8  top_rows=4  bot_rows=4  ctr_rows=8  n_full=128
  [Round 101] T_prime=15  T_target=15  HPWL_w=480336  HPWL_eq=476  maxL=26  WNS(T')=-11  WNS*(T)=-11  picked=0  solve_ms=17.1216
[OC-Shortest/pow2] m=8 h=8 SEG=4 bits=32 words=1 threads=24
[DP-fwdX] L=0 states=1 -> 1
[DP-fwdX] L=16 states=141 -> 164
[DP-bwdX] L=64 states=1 -> 1
[DP-bwdX] L=48 states=141 -> 164
[DP-fwdX] L=0 states=1 -> 1
[DP-bwdX] L=32 states=1 -> 1
[DP-fwdX] L=0 states=1 -> 1
[DP-bwdX] L=16 states=1 -> 1
[DP-fwdX] L=0 states=1 -> 1
[DP-fwdX] L=0 states=1 -> 1
[DP-fwdX] L=0 states=1 -> 1
[DP-bwdX] L=16 states=1 -> 1
[DP-bwdX] L=16 states=1 -> 1
[DP-bwdX] L=16 states=1 -> 1
[DP-fwdX] L=16 states=1 -> 1
[DP-bwdX] L=32 states=1 -> 1
[DP-fwdX] L=16 states=1 -> 1
[DP-fwdX] L=16 states=1 -> 1
[DP-fwdX] L=16 states=1 -> 1
[DP-bwdX] L=32 states=1 -> 1
[DP-bwdX] L=32 states=1 -> 1
[DP-bwdX] L=32 states=1 -> 1
[DP-fwdX] L=32 states=1 -> 1
[DP-bwdX] L=64 states=1 -> 1
[DP-fwdX] L=32 states=1 -> 1
[DP-bwdX] L=48 states=1 -> 1
[DP-fwdX] L=32 states=1 -> 1
[DP-fwdX] L=32 states=1 -> 1
[DP-fwdX] L=32 states=1 -> 1
[DP-bwdX] L=48 states=1 -> 1
[DP-bwdX] L=48 states=1 -> 1
[DP-bwdX] L=48 states=1 -> 1
[DP-fwdX] L=48 states=1 -> 1
[DP-bwdX] L=64 states=1 -> 1
[DP-fwdX] L=48 states=1 -> 1
[DP-fwdX] L=48 states=1 -> 1
[DP-fwdX] L=48 states=1 -> 1
[DP-bwdX] L=64 states=1 -> 1
[DP-bwdX] L=64 states=1 -> 1
[DP-bwdX] L=64 states=1 -> 1
[RowSwapCTR] expand small 8x8 -> full 16x8  top_rows=4  bot_rows=4  ctr_rows=8  n_full=128
  [Round 102] T_prime=15  T_target=15  HPWL_w=480336  HPWL_eq=476  maxL=26  WNS(T')=-11  WNS*(T)=-11  picked=0  solve_ms=16.8681
[OC-Shortest/pow2] m=8 h=8 SEG=4 bits=32 words=1 threads=24
[DP-fwdX] L=0 states=1 -> 1
[DP-fwdX] L=16 states=141 -> 164
[DP-bwdX] L=64 states=1 -> 1
[DP-bwdX] L=48 states=141 -> 164
[DP-fwdX] L=0 states=1 -> 1
[DP-bwdX] L=32 states=1 -> 1
[DP-fwdX] L=0 states=1 -> 1
[DP-bwdX] L=16 states=1 -> 1
[DP-fwdX] L=0 states=1 -> 1
[DP-fwdX] L=0 states=1 -> 1
[DP-fwdX] L=0 states=1 -> 1
[DP-bwdX] L=16 states=1 -> 1
[DP-bwdX] L=16 states=1 -> 1
[DP-bwdX] L=16 states=1 -> 1
[DP-fwdX] L=16 states=1 -> 1
[DP-bwdX] L=32 states=1 -> 1
[DP-fwdX] L=16 states=1 -> 1
[DP-fwdX] L=16 states=1 -> 1
[DP-fwdX] L=16 states=1 -> 1
[DP-bwdX] L=32 states=1 -> 1
[DP-bwdX] L=32 states=1 -> 1
[DP-bwdX] L=32 states=1 -> 1
[DP-fwdX] L=32 states=1 -> 1
[DP-bwdX] L=64 states=1 -> 1
[DP-fwdX] L=32 states=1 -> 1
[DP-bwdX] L=48 states=1 -> 1
[DP-fwdX] L=32 states=1 -> 1
[DP-fwdX] L=32 states=1 -> 1
[DP-fwdX] L=32 states=1 -> 1
[DP-bwdX] L=48 states=1 -> 1
[DP-bwdX] L=48 states=1 -> 1
[DP-bwdX] L=48 states=1 -> 1
[DP-fwdX] L=48 states=1 -> 1
[DP-bwdX] L=64 states=1 -> 1
[DP-fwdX] L=48 states=1 -> 1
[DP-fwdX] L=48 states=1 -> 1
[DP-fwdX] L=48 states=1 -> 1
[DP-bwdX] L=64 states=1 -> 1
[DP-bwdX] L=64 states=1 -> 1
[DP-bwdX] L=64 states=1 -> 1
[RowSwapCTR] expand small 8x8 -> full 16x8  top_rows=4  bot_rows=4  ctr_rows=8  n_full=128
  [Round 103] T_prime=15  T_target=15  HPWL_w=480336  HPWL_eq=476  maxL=26  WNS(T')=-11  WNS*(T)=-11  picked=0  solve_ms=16.8033
[OC-Shortest/pow2] m=8 h=8 SEG=4 bits=32 words=1 threads=24
[DP-fwdX] L=0 states=1 -> 1
[DP-fwdX] L=16 states=141 -> 164
[DP-bwdX] L=64 states=1 -> 1
[DP-bwdX] L=48 states=141 -> 164
[DP-fwdX] L=0 states=1 -> 1
[DP-bwdX] L=32 states=1 -> 1
[DP-fwdX] L=0 states=1 -> 1
[DP-bwdX] L=16 states=1 -> 1
[DP-fwdX] L=0 states=1 -> 1
[DP-fwdX] L=0 states=1 -> 1
[DP-fwdX] L=0 states=1 -> 1
[DP-bwdX] L=16 states=1 -> 1
[DP-bwdX] L=16 states=1 -> 1
[DP-bwdX] L=16 states=1 -> 1
[DP-fwdX] L=16 states=1 -> 1
[DP-bwdX] L=32 states=1 -> 1
[DP-fwdX] L=16 states=1 -> 1
[DP-fwdX] L=16 states=1 -> 1
[DP-fwdX] L=16 states=1 -> 1
[DP-bwdX] L=32 states=1 -> 1
[DP-bwdX] L=32 states=1 -> 1
[DP-bwdX] L=32 states=1 -> 1
[DP-fwdX] L=32 states=1 -> 1
[DP-bwdX] L=64 states=1 -> 1
[DP-fwdX] L=32 states=1 -> 1
[DP-bwdX] L=48 states=1 -> 1
[DP-fwdX] L=32 states=1 -> 1
[DP-fwdX] L=32 states=1 -> 1
[DP-fwdX] L=32 states=1 -> 1
[DP-bwdX] L=48 states=1 -> 1
[DP-bwdX] L=48 states=1 -> 1
[DP-bwdX] L=48 states=1 -> 1
[DP-fwdX] L=48 states=1 -> 1
[DP-bwdX] L=64 states=1 -> 1
[DP-fwdX] L=48 states=1 -> 1
[DP-fwdX] L=48 states=1 -> 1
[DP-fwdX] L=48 states=1 -> 1
[DP-bwdX] L=64 states=1 -> 1
[DP-bwdX] L=64 states=1 -> 1
[DP-bwdX] L=64 states=1 -> 1
[RowSwapCTR] expand small 8x8 -> full 16x8  top_rows=4  bot_rows=4  ctr_rows=8  n_full=128
  [Round 104] T_prime=15  T_target=15  HPWL_w=480336  HPWL_eq=476  maxL=26  WNS(T')=-11  WNS*(T)=-11  picked=0  solve_ms=17.0827
[OC-Shortest/pow2] m=8 h=8 SEG=4 bits=32 words=1 threads=24
[DP-fwdX] L=0 states=1 -> 1
[DP-fwdX] L=16 states=141 -> 164
[DP-bwdX] L=64 states=1 -> 1
[DP-bwdX] L=48 states=141 -> 164
[DP-fwdX] L=0 states=1 -> 1
[DP-bwdX] L=32 states=1 -> 1
[DP-fwdX] L=0 states=1 -> 1
[DP-bwdX] L=16 states=1 -> 1
[DP-fwdX] L=0 states=1 -> 1
[DP-fwdX] L=0 states=1 -> 1
[DP-fwdX] L=0 states=1 -> 1
[DP-bwdX] L=16 states=1 -> 1
[DP-bwdX] L=16 states=1 -> 1
[DP-bwdX] L=16 states=1 -> 1
[DP-fwdX] L=16 states=1 -> 1
[DP-bwdX] L=32 states=1 -> 1
[DP-fwdX] L=16 states=1 -> 1
[DP-fwdX] L=16 states=1 -> 1
[DP-fwdX] L=16 states=1 -> 1
[DP-bwdX] L=32 states=1 -> 1
[DP-bwdX] L=32 states=1 -> 1
[DP-bwdX] L=32 states=1 -> 1
[DP-fwdX] L=32 states=1 -> 1
[DP-bwdX] L=64 states=1 -> 1
[DP-fwdX] L=32 states=1 -> 1
[DP-bwdX] L=48 states=1 -> 1
[DP-fwdX] L=32 states=1 -> 1
[DP-fwdX] L=32 states=1 -> 1
[DP-fwdX] L=32 states=1 -> 1
[DP-bwdX] L=48 states=1 -> 1
[DP-bwdX] L=48 states=1 -> 1
[DP-bwdX] L=48 states=1 -> 1
[DP-fwdX] L=48 states=1 -> 1
[DP-bwdX] L=64 states=1 -> 1
[DP-fwdX] L=48 states=1 -> 1
[DP-fwdX] L=48 states=1 -> 1
[DP-fwdX] L=48 states=1 -> 1
[DP-bwdX] L=64 states=1 -> 1
[DP-bwdX] L=64 states=1 -> 1
[DP-bwdX] L=64 states=1 -> 1
[RowSwapCTR] expand small 8x8 -> full 16x8  top_rows=4  bot_rows=4  ctr_rows=8  n_full=128
  [Round 105] T_prime=15  T_target=15  HPWL_w=480336  HPWL_eq=476  maxL=26  WNS(T')=-11  WNS*(T)=-11  picked=0  solve_ms=17.1443
[OC-Shortest/pow2] m=8 h=8 SEG=4 bits=32 words=1 threads=24
[DP-fwdX] L=0 states=1 -> 1
[DP-fwdX] L=16 states=141 -> 164
[DP-bwdX] L=64 states=1 -> 1
[DP-bwdX] L=48 states=141 -> 164
[DP-fwdX] L=0 states=1 -> 1
[DP-bwdX] L=32 states=1 -> 1
[DP-fwdX] L=0 states=1 -> 1
[DP-bwdX] L=16 states=1 -> 1
[DP-fwdX] L=0 states=1 -> 1
[DP-fwdX] L=0 states=1 -> 1
[DP-fwdX] L=0 states=1 -> 1
[DP-bwdX] L=16 states=1 -> 1
[DP-bwdX] L=16 states=1 -> 1
[DP-bwdX] L=16 states=1 -> 1
[DP-fwdX] L=16 states=1 -> 1
[DP-bwdX] L=32 states=1 -> 1
[DP-fwdX] L=16 states=1 -> 1
[DP-fwdX] L=16 states=1 -> 1
[DP-fwdX] L=16 states=1 -> 1
[DP-bwdX] L=32 states=1 -> 1
[DP-bwdX] L=32 states=1 -> 1
[DP-bwdX] L=32 states=1 -> 1
[DP-fwdX] L=32 states=1 -> 1
[DP-bwdX] L=64 states=1 -> 1
[DP-fwdX] L=32 states=1 -> 1
[DP-bwdX] L=48 states=1 -> 1
[DP-fwdX] L=32 states=1 -> 1
[DP-fwdX] L=32 states=1 -> 1
[DP-fwdX] L=32 states=1 -> 1
[DP-bwdX] L=48 states=1 -> 1
[DP-bwdX] L=48 states=1 -> 1
[DP-bwdX] L=48 states=1 -> 1
[DP-fwdX] L=48 states=1 -> 1
[DP-bwdX] L=64 states=1 -> 1
[DP-fwdX] L=48 states=1 -> 1
[DP-fwdX] L=48 states=1 -> 1
[DP-fwdX] L=48 states=1 -> 1
[DP-bwdX] L=64 states=1 -> 1
[DP-bwdX] L=64 states=1 -> 1
[DP-bwdX] L=64 states=1 -> 1
[RowSwapCTR] expand small 8x8 -> full 16x8  top_rows=4  bot_rows=4  ctr_rows=8  n_full=128
  [Round 106] T_prime=15  T_target=15  HPWL_w=480336  HPWL_eq=476  maxL=26  WNS(T')=-11  WNS*(T)=-11  picked=0  solve_ms=16.299
[OC-Shortest/pow2] m=8 h=8 SEG=4 bits=32 words=1 threads=24
[DP-fwdX] L=0 states=1 -> 1
[DP-fwdX] L=16 states=141 -> 164
[DP-bwdX] L=64 states=1 -> 1
[DP-bwdX] L=48 states=141 -> 164
[DP-fwdX] L=0 states=1 -> 1
[DP-bwdX] L=32 states=1 -> 1
[DP-fwdX] L=0 states=1 -> 1
[DP-bwdX] L=16 states=1 -> 1
[DP-fwdX] L=0 states=1 -> 1
[DP-fwdX] L=0 states=1 -> 1
[DP-fwdX] L=0 states=1 -> 1
[DP-bwdX] L=16 states=1 -> 1
[DP-bwdX] L=16 states=1 -> 1
[DP-bwdX] L=16 states=1 -> 1
[DP-fwdX] L=16 states=1 -> 1
[DP-bwdX] L=32 states=1 -> 1
[DP-fwdX] L=16 states=1 -> 1
[DP-fwdX] L=16 states=1 -> 1
[DP-fwdX] L=16 states=1 -> 1
[DP-bwdX] L=32 states=1 -> 1
[DP-bwdX] L=32 states=1 -> 1
[DP-bwdX] L=32 states=1 -> 1
[DP-fwdX] L=32 states=1 -> 1
[DP-bwdX] L=64 states=1 -> 1
[DP-fwdX] L=32 states=1 -> 1
[DP-bwdX] L=48 states=1 -> 1
[DP-fwdX] L=32 states=1 -> 1
[DP-fwdX] L=32 states=1 -> 1
[DP-fwdX] L=32 states=1 -> 1
[DP-bwdX] L=48 states=1 -> 1
[DP-bwdX] L=48 states=1 -> 1
[DP-bwdX] L=48 states=1 -> 1
[DP-fwdX] L=48 states=1 -> 1
[DP-bwdX] L=64 states=1 -> 1
[DP-fwdX] L=48 states=1 -> 1
[DP-fwdX] L=48 states=1 -> 1
[DP-fwdX] L=48 states=1 -> 1
[DP-bwdX] L=64 states=1 -> 1
[DP-bwdX] L=64 states=1 -> 1
[DP-bwdX] L=64 states=1 -> 1
[RowSwapCTR] expand small 8x8 -> full 16x8  top_rows=4  bot_rows=4  ctr_rows=8  n_full=128
  [Round 107] T_prime=15  T_target=15  HPWL_w=480336  HPWL_eq=476  maxL=26  WNS(T')=-11  WNS*(T)=-11  picked=0  solve_ms=16.5667
[OC-Shortest/pow2] m=8 h=8 SEG=4 bits=32 words=1 threads=24
[DP-fwdX] L=0 states=1 -> 1
[DP-fwdX] L=16 states=141 -> 164
[DP-bwdX] L=64 states=1 -> 1
[DP-bwdX] L=48 states=141 -> 164
[DP-fwdX] L=0 states=1 -> 1
[DP-bwdX] L=32 states=1 -> 1
[DP-fwdX] L=0 states=1 -> 1
[DP-bwdX] L=16 states=1 -> 1
[DP-fwdX] L=0 states=1 -> 1
[DP-fwdX] L=0 states=1 -> 1
[DP-fwdX] L=0 states=1 -> 1
[DP-bwdX] L=16 states=1 -> 1
[DP-bwdX] L=16 states=1 -> 1
[DP-bwdX] L=16 states=1 -> 1
[DP-fwdX] L=16 states=1 -> 1
[DP-bwdX] L=32 states=1 -> 1
[DP-fwdX] L=16 states=1 -> 1
[DP-fwdX] L=16 states=1 -> 1
[DP-fwdX] L=16 states=1 -> 1
[DP-bwdX] L=32 states=1 -> 1
[DP-bwdX] L=32 states=1 -> 1
[DP-bwdX] L=32 states=1 -> 1
[DP-fwdX] L=32 states=1 -> 1
[DP-bwdX] L=64 states=1 -> 1
[DP-fwdX] L=32 states=1 -> 1
[DP-bwdX] L=48 states=1 -> 1
[DP-fwdX] L=32 states=1 -> 1
[DP-fwdX] L=32 states=1 -> 1
[DP-fwdX] L=32 states=1 -> 1
[DP-bwdX] L=48 states=1 -> 1
[DP-bwdX] L=48 states=1 -> 1
[DP-bwdX] L=48 states=1 -> 1
[DP-fwdX] L=48 states=1 -> 1
[DP-bwdX] L=64 states=1 -> 1
[DP-fwdX] L=48 states=1 -> 1
[DP-fwdX] L=48 states=1 -> 1
[DP-fwdX] L=48 states=1 -> 1
[DP-bwdX] L=64 states=1 -> 1
[DP-bwdX] L=64 states=1 -> 1
[DP-bwdX] L=64 states=1 -> 1
[RowSwapCTR] expand small 8x8 -> full 16x8  top_rows=4  bot_rows=4  ctr_rows=8  n_full=128
  [Round 108] T_prime=15  T_target=15  HPWL_w=480336  HPWL_eq=476  maxL=26  WNS(T')=-11  WNS*(T)=-11  picked=0  solve_ms=16.6542
[OC-Shortest/pow2] m=8 h=8 SEG=4 bits=32 words=1 threads=24
[DP-fwdX] L=0 states=1 -> 1
[DP-fwdX] L=16 states=141 -> 164
[DP-bwdX] L=64 states=1 -> 1
[DP-bwdX] L=48 states=141 -> 164
[DP-fwdX] L=0 states=1 -> 1
[DP-bwdX] L=32 states=1 -> 1
[DP-fwdX] L=0 states=1 -> 1
[DP-bwdX] L=16 states=1 -> 1
[DP-fwdX] L=0 states=1 -> 1
[DP-fwdX] L=0 states=1 -> 1
[DP-fwdX] L=0 states=1 -> 1
[DP-bwdX] L=16 states=1 -> 1
[DP-bwdX] L=16 states=1 -> 1
[DP-bwdX] L=16 states=1 -> 1
[DP-fwdX] L=16 states=1 -> 1
[DP-bwdX] L=32 states=1 -> 1
[DP-fwdX] L=16 states=1 -> 1
[DP-fwdX] L=16 states=1 -> 1
[DP-fwdX] L=16 states=1 -> 1
[DP-bwdX] L=32 states=1 -> 1
[DP-bwdX] L=32 states=1 -> 1
[DP-bwdX] L=32 states=1 -> 1
[DP-fwdX] L=32 states=1 -> 1
[DP-bwdX] L=64 states=1 -> 1
[DP-fwdX] L=32 states=1 -> 1
[DP-bwdX] L=48 states=1 -> 1
[DP-fwdX] L=32 states=1 -> 1
[DP-fwdX] L=32 states=1 -> 1
[DP-fwdX] L=32 states=1 -> 1
[DP-bwdX] L=48 states=1 -> 1
[DP-bwdX] L=48 states=1 -> 1
[DP-bwdX] L=48 states=1 -> 1
[DP-fwdX] L=48 states=1 -> 1
[DP-bwdX] L=64 states=1 -> 1
[DP-fwdX] L=48 states=1 -> 1
[DP-fwdX] L=48 states=1 -> 1
[DP-fwdX] L=48 states=1 -> 1
[DP-bwdX] L=64 states=1 -> 1
[DP-bwdX] L=64 states=1 -> 1
[DP-bwdX] L=64 states=1 -> 1
[RowSwapCTR] expand small 8x8 -> full 16x8  top_rows=4  bot_rows=4  ctr_rows=8  n_full=128
  [Round 109] T_prime=15  T_target=15  HPWL_w=480336  HPWL_eq=476  maxL=26  WNS(T')=-11  WNS*(T)=-11  picked=0  solve_ms=16.5688
[OC-Shortest/pow2] m=8 h=8 SEG=4 bits=32 words=1 threads=24
[DP-fwdX] L=0 states=1 -> 1
[DP-fwdX] L=16 states=141 -> 164
[DP-bwdX] L=64 states=1 -> 1
[DP-bwdX] L=48 states=141 -> 164
[DP-fwdX] L=0 states=1 -> 1
[DP-bwdX] L=32 states=1 -> 1
[DP-fwdX] L=0 states=1 -> 1
[DP-bwdX] L=16 states=1 -> 1
[DP-fwdX] L=0 states=1 -> 1
[DP-fwdX] L=0 states=1 -> 1
[DP-fwdX] L=0 states=1 -> 1
[DP-bwdX] L=16 states=1 -> 1
[DP-bwdX] L=16 states=1 -> 1
[DP-bwdX] L=16 states=1 -> 1
[DP-fwdX] L=16 states=1 -> 1
[DP-bwdX] L=32 states=1 -> 1
[DP-fwdX] L=16 states=1 -> 1
[DP-fwdX] L=16 states=1 -> 1
[DP-fwdX] L=16 states=1 -> 1
[DP-bwdX] L=32 states=1 -> 1
[DP-bwdX] L=32 states=1 -> 1
[DP-bwdX] L=32 states=1 -> 1
[DP-fwdX] L=32 states=1 -> 1
[DP-bwdX] L=64 states=1 -> 1
[DP-fwdX] L=32 states=1 -> 1
[DP-bwdX] L=48 states=1 -> 1
[DP-fwdX] L=32 states=1 -> 1
[DP-fwdX] L=32 states=1 -> 1
[DP-fwdX] L=32 states=1 -> 1
[DP-bwdX] L=48 states=1 -> 1
[DP-bwdX] L=48 states=1 -> 1
[DP-bwdX] L=48 states=1 -> 1
[DP-fwdX] L=48 states=1 -> 1
[DP-bwdX] L=64 states=1 -> 1
[DP-fwdX] L=48 states=1 -> 1
[DP-fwdX] L=48 states=1 -> 1
[DP-fwdX] L=48 states=1 -> 1
[DP-bwdX] L=64 states=1 -> 1
[DP-bwdX] L=64 states=1 -> 1
[DP-bwdX] L=64 states=1 -> 1
[RowSwapCTR] expand small 8x8 -> full 16x8  top_rows=4  bot_rows=4  ctr_rows=8  n_full=128
  [Round 110] T_prime=15  T_target=15  HPWL_w=480336  HPWL_eq=476  maxL=26  WNS(T')=-11  WNS*(T)=-11  picked=0  solve_ms=16.847
[OC-Shortest/pow2] m=8 h=8 SEG=4 bits=32 words=1 threads=24
[DP-fwdX] L=0 states=1 -> 1
[DP-fwdX] L=16 states=141 -> 164
[DP-bwdX] L=64 states=1 -> 1
[DP-bwdX] L=48 states=141 -> 164
[DP-fwdX] L=0 states=1 -> 1
[DP-bwdX] L=32 states=1 -> 1
[DP-fwdX] L=0 states=1 -> 1
[DP-bwdX] L=16 states=1 -> 1
[DP-fwdX] L=0 states=1 -> 1
[DP-fwdX] L=0 states=1 -> 1
[DP-fwdX] L=0 states=1 -> 1
[DP-bwdX] L=16 states=1 -> 1
[DP-bwdX] L=16 states=1 -> 1
[DP-bwdX] L=16 states=1 -> 1
[DP-fwdX] L=16 states=1 -> 1
[DP-bwdX] L=32 states=1 -> 1
[DP-fwdX] L=16 states=1 -> 1
[DP-fwdX] L=16 states=1 -> 1
[DP-fwdX] L=16 states=1 -> 1
[DP-bwdX] L=32 states=1 -> 1
[DP-bwdX] L=32 states=1 -> 1
[DP-bwdX] L=32 states=1 -> 1
[DP-fwdX] L=32 states=1 -> 1
[DP-bwdX] L=64 states=1 -> 1
[DP-fwdX] L=32 states=1 -> 1
[DP-bwdX] L=48 states=1 -> 1
[DP-fwdX] L=32 states=1 -> 1
[DP-fwdX] L=32 states=1 -> 1
[DP-fwdX] L=32 states=1 -> 1
[DP-bwdX] L=48 states=1 -> 1
[DP-bwdX] L=48 states=1 -> 1
[DP-bwdX] L=48 states=1 -> 1
[DP-fwdX] L=48 states=1 -> 1
[DP-bwdX] L=64 states=1 -> 1
[DP-fwdX] L=48 states=1 -> 1
[DP-fwdX] L=48 states=1 -> 1
[DP-fwdX] L=48 states=1 -> 1
[DP-bwdX] L=64 states=1 -> 1
[DP-bwdX] L=64 states=1 -> 1
[DP-bwdX] L=64 states=1 -> 1
[RowSwapCTR] expand small 8x8 -> full 16x8  top_rows=4  bot_rows=4  ctr_rows=8  n_full=128
  [Round 111] T_prime=15  T_target=15  HPWL_w=480336  HPWL_eq=476  maxL=26  WNS(T')=-11  WNS*(T)=-11  picked=0  solve_ms=16.7098
[OC-Shortest/pow2] m=8 h=8 SEG=4 bits=32 words=1 threads=24
[DP-fwdX] L=0 states=1 -> 1
[DP-fwdX] L=16 states=141 -> 164
[DP-bwdX] L=64 states=1 -> 1
[DP-bwdX] L=48 states=141 -> 164
[DP-fwdX] L=0 states=1 -> 1
[DP-bwdX] L=32 states=1 -> 1
[DP-fwdX] L=0 states=1 -> 1
[DP-bwdX] L=16 states=1 -> 1
[DP-fwdX] L=0 states=1 -> 1
[DP-fwdX] L=0 states=1 -> 1
[DP-fwdX] L=0 states=1 -> 1
[DP-bwdX] L=16 states=1 -> 1
[DP-bwdX] L=16 states=1 -> 1
[DP-bwdX] L=16 states=1 -> 1
[DP-fwdX] L=16 states=1 -> 1
[DP-bwdX] L=32 states=1 -> 1
[DP-fwdX] L=16 states=1 -> 1
[DP-fwdX] L=16 states=1 -> 1
[DP-fwdX] L=16 states=1 -> 1
[DP-bwdX] L=32 states=1 -> 1
[DP-bwdX] L=32 states=1 -> 1
[DP-bwdX] L=32 states=1 -> 1
[DP-fwdX] L=32 states=1 -> 1
[DP-bwdX] L=64 states=1 -> 1
[DP-fwdX] L=32 states=1 -> 1
[DP-bwdX] L=48 states=1 -> 1
[DP-fwdX] L=32 states=1 -> 1
[DP-fwdX] L=32 states=1 -> 1
[DP-fwdX] L=32 states=1 -> 1
[DP-bwdX] L=48 states=1 -> 1
[DP-bwdX] L=48 states=1 -> 1
[DP-bwdX] L=48 states=1 -> 1
[DP-fwdX] L=48 states=1 -> 1
[DP-bwdX] L=64 states=1 -> 1
[DP-fwdX] L=48 states=1 -> 1
[DP-fwdX] L=48 states=1 -> 1
[DP-fwdX] L=48 states=1 -> 1
[DP-bwdX] L=64 states=1 -> 1
[DP-bwdX] L=64 states=1 -> 1
[DP-bwdX] L=64 states=1 -> 1
[RowSwapCTR] expand small 8x8 -> full 16x8  top_rows=4  bot_rows=4  ctr_rows=8  n_full=128
  [Round 112] T_prime=15  T_target=15  HPWL_w=480336  HPWL_eq=476  maxL=26  WNS(T')=-11  WNS*(T)=-11  picked=0  solve_ms=16.686
[OC-Shortest/pow2] m=8 h=8 SEG=4 bits=32 words=1 threads=24
[DP-fwdX] L=0 states=1 -> 1
[DP-fwdX] L=16 states=141 -> 164
[DP-bwdX] L=64 states=1 -> 1
[DP-bwdX] L=48 states=141 -> 164
[DP-fwdX] L=0 states=1 -> 1
[DP-bwdX] L=32 states=1 -> 1
[DP-fwdX] L=0 states=1 -> 1
[DP-bwdX] L=16 states=1 -> 1
[DP-fwdX] L=0 states=1 -> 1
[DP-fwdX] L=0 states=1 -> 1
[DP-fwdX] L=0 states=1 -> 1
[DP-bwdX] L=16 states=1 -> 1
[DP-bwdX] L=16 states=1 -> 1
[DP-bwdX] L=16 states=1 -> 1
[DP-fwdX] L=16 states=1 -> 1
[DP-bwdX] L=32 states=1 -> 1
[DP-fwdX] L=16 states=1 -> 1
[DP-fwdX] L=16 states=1 -> 1
[DP-fwdX] L=16 states=1 -> 1
[DP-bwdX] L=32 states=1 -> 1
[DP-bwdX] L=32 states=1 -> 1
[DP-bwdX] L=32 states=1 -> 1
[DP-fwdX] L=32 states=1 -> 1
[DP-bwdX] L=64 states=1 -> 1
[DP-fwdX] L=32 states=1 -> 1
[DP-bwdX] L=48 states=1 -> 1
[DP-fwdX] L=32 states=1 -> 1
[DP-fwdX] L=32 states=1 -> 1
[DP-fwdX] L=32 states=1 -> 1
[DP-bwdX] L=48 states=1 -> 1
[DP-bwdX] L=48 states=1 -> 1
[DP-bwdX] L=48 states=1 -> 1
[DP-fwdX] L=48 states=1 -> 1
[DP-bwdX] L=64 states=1 -> 1
[DP-fwdX] L=48 states=1 -> 1
[DP-fwdX] L=48 states=1 -> 1
[DP-fwdX] L=48 states=1 -> 1
[DP-bwdX] L=64 states=1 -> 1
[DP-bwdX] L=64 states=1 -> 1
[DP-bwdX] L=64 states=1 -> 1
[RowSwapCTR] expand small 8x8 -> full 16x8  top_rows=4  bot_rows=4  ctr_rows=8  n_full=128
  [Round 113] T_prime=15  T_target=15  HPWL_w=480336  HPWL_eq=476  maxL=26  WNS(T')=-11  WNS*(T)=-11  picked=0  solve_ms=16.6525
[OC-Shortest/pow2] m=8 h=8 SEG=4 bits=32 words=1 threads=24
[DP-fwdX] L=0 states=1 -> 1
[DP-fwdX] L=16 states=141 -> 164
[DP-bwdX] L=64 states=1 -> 1
[DP-bwdX] L=48 states=141 -> 164
[DP-fwdX] L=0 states=1 -> 1
[DP-bwdX] L=32 states=1 -> 1
[DP-fwdX] L=0 states=1 -> 1
[DP-bwdX] L=16 states=1 -> 1
[DP-fwdX] L=0 states=1 -> 1
[DP-fwdX] L=0 states=1 -> 1
[DP-fwdX] L=0 states=1 -> 1
[DP-bwdX] L=16 states=1 -> 1
[DP-bwdX] L=16 states=1 -> 1
[DP-bwdX] L=16 states=1 -> 1
[DP-fwdX] L=16 states=1 -> 1
[DP-bwdX] L=32 states=1 -> 1
[DP-fwdX] L=16 states=1 -> 1
[DP-fwdX] L=16 states=1 -> 1
[DP-fwdX] L=16 states=1 -> 1
[DP-bwdX] L=32 states=1 -> 1
[DP-bwdX] L=32 states=1 -> 1
[DP-bwdX] L=32 states=1 -> 1
[DP-fwdX] L=32 states=1 -> 1
[DP-bwdX] L=64 states=1 -> 1
[DP-fwdX] L=32 states=1 -> 1
[DP-bwdX] L=48 states=1 -> 1
[DP-fwdX] L=32 states=1 -> 1
[DP-fwdX] L=32 states=1 -> 1
[DP-fwdX] L=32 states=1 -> 1
[DP-bwdX] L=48 states=1 -> 1
[DP-bwdX] L=48 states=1 -> 1
[DP-bwdX] L=48 states=1 -> 1
[DP-fwdX] L=48 states=1 -> 1
[DP-bwdX] L=64 states=1 -> 1
[DP-fwdX] L=48 states=1 -> 1
[DP-fwdX] L=48 states=1 -> 1
[DP-fwdX] L=48 states=1 -> 1
[DP-bwdX] L=64 states=1 -> 1
[DP-bwdX] L=64 states=1 -> 1
[DP-bwdX] L=64 states=1 -> 1
[RowSwapCTR] expand small 8x8 -> full 16x8  top_rows=4  bot_rows=4  ctr_rows=8  n_full=128
  [Round 114] T_prime=15  T_target=15  HPWL_w=480336  HPWL_eq=476  maxL=26  WNS(T')=-11  WNS*(T)=-11  picked=0  solve_ms=16.6587
[OC-Shortest/pow2] m=8 h=8 SEG=4 bits=32 words=1 threads=24
[DP-fwdX] L=0 states=1 -> 1
[DP-fwdX] L=16 states=141 -> 164
[DP-bwdX] L=64 states=1 -> 1
[DP-bwdX] L=48 states=141 -> 164
[DP-fwdX] L=0 states=1 -> 1
[DP-bwdX] L=32 states=1 -> 1
[DP-fwdX] L=0 states=1 -> 1
[DP-bwdX] L=16 states=1 -> 1
[DP-fwdX] L=0 states=1 -> 1
[DP-fwdX] L=0 states=1 -> 1
[DP-fwdX] L=0 states=1 -> 1
[DP-bwdX] L=16 states=1 -> 1
[DP-bwdX] L=16 states=1 -> 1
[DP-bwdX] L=16 states=1 -> 1
[DP-fwdX] L=16 states=1 -> 1
[DP-bwdX] L=32 states=1 -> 1
[DP-fwdX] L=16 states=1 -> 1
[DP-fwdX] L=16 states=1 -> 1
[DP-fwdX] L=16 states=1 -> 1
[DP-bwdX] L=32 states=1 -> 1
[DP-bwdX] L=32 states=1 -> 1
[DP-bwdX] L=32 states=1 -> 1
[DP-fwdX] L=32 states=1 -> 1
[DP-bwdX] L=64 states=1 -> 1
[DP-fwdX] L=32 states=1 -> 1
[DP-bwdX] L=48 states=1 -> 1
[DP-fwdX] L=32 states=1 -> 1
[DP-fwdX] L=32 states=1 -> 1
[DP-fwdX] L=32 states=1 -> 1
[DP-bwdX] L=48 states=1 -> 1
[DP-bwdX] L=48 states=1 -> 1
[DP-bwdX] L=48 states=1 -> 1
[DP-fwdX] L=48 states=1 -> 1
[DP-bwdX] L=64 states=1 -> 1
[DP-fwdX] L=48 states=1 -> 1
[DP-fwdX] L=48 states=1 -> 1
[DP-fwdX] L=48 states=1 -> 1
[DP-bwdX] L=64 states=1 -> 1
[DP-bwdX] L=64 states=1 -> 1
[DP-bwdX] L=64 states=1 -> 1
[RowSwapCTR] expand small 8x8 -> full 16x8  top_rows=4  bot_rows=4  ctr_rows=8  n_full=128
  [Round 115] T_prime=15  T_target=15  HPWL_w=480336  HPWL_eq=476  maxL=26  WNS(T')=-11  WNS*(T)=-11  picked=0  solve_ms=16.5584
[OC-Shortest/pow2] m=8 h=8 SEG=4 bits=32 words=1 threads=24
[DP-fwdX] L=0 states=1 -> 1
[DP-fwdX] L=16 states=141 -> 164
[DP-bwdX] L=64 states=1 -> 1
[DP-bwdX] L=48 states=141 -> 164
[DP-fwdX] L=0 states=1 -> 1
[DP-bwdX] L=32 states=1 -> 1
[DP-fwdX] L=0 states=1 -> 1
[DP-bwdX] L=16 states=1 -> 1
[DP-fwdX] L=0 states=1 -> 1
[DP-fwdX] L=0 states=1 -> 1
[DP-fwdX] L=0 states=1 -> 1
[DP-bwdX] L=16 states=1 -> 1
[DP-bwdX] L=16 states=1 -> 1
[DP-bwdX] L=16 states=1 -> 1
[DP-fwdX] L=16 states=1 -> 1
[DP-bwdX] L=32 states=1 -> 1
[DP-fwdX] L=16 states=1 -> 1
[DP-fwdX] L=16 states=1 -> 1
[DP-fwdX] L=16 states=1 -> 1
[DP-bwdX] L=32 states=1 -> 1
[DP-bwdX] L=32 states=1 -> 1
[DP-bwdX] L=32 states=1 -> 1
[DP-fwdX] L=32 states=1 -> 1
[DP-bwdX] L=64 states=1 -> 1
[DP-fwdX] L=32 states=1 -> 1
[DP-bwdX] L=48 states=1 -> 1
[DP-fwdX] L=32 states=1 -> 1
[DP-fwdX] L=32 states=1 -> 1
[DP-fwdX] L=32 states=1 -> 1
[DP-bwdX] L=48 states=1 -> 1
[DP-bwdX] L=48 states=1 -> 1
[DP-bwdX] L=48 states=1 -> 1
[DP-fwdX] L=48 states=1 -> 1
[DP-bwdX] L=64 states=1 -> 1
[DP-fwdX] L=48 states=1 -> 1
[DP-fwdX] L=48 states=1 -> 1
[DP-fwdX] L=48 states=1 -> 1
[DP-bwdX] L=64 states=1 -> 1
[DP-bwdX] L=64 states=1 -> 1
[DP-bwdX] L=64 states=1 -> 1
[RowSwapCTR] expand small 8x8 -> full 16x8  top_rows=4  bot_rows=4  ctr_rows=8  n_full=128
  [Round 116] T_prime=15  T_target=15  HPWL_w=480336  HPWL_eq=476  maxL=26  WNS(T')=-11  WNS*(T)=-11  picked=0  solve_ms=16.5834
[OC-Shortest/pow2] m=8 h=8 SEG=4 bits=32 words=1 threads=24
[DP-fwdX] L=0 states=1 -> 1
[DP-fwdX] L=16 states=141 -> 164
[DP-bwdX] L=64 states=1 -> 1
[DP-bwdX] L=48 states=141 -> 164
[DP-fwdX] L=0 states=1 -> 1
[DP-bwdX] L=32 states=1 -> 1
[DP-fwdX] L=0 states=1 -> 1
[DP-bwdX] L=16 states=1 -> 1
[DP-fwdX] L=0 states=1 -> 1
[DP-fwdX] L=0 states=1 -> 1
[DP-fwdX] L=0 states=1 -> 1
[DP-bwdX] L=16 states=1 -> 1
[DP-bwdX] L=16 states=1 -> 1
[DP-bwdX] L=16 states=1 -> 1
[DP-fwdX] L=16 states=1 -> 1
[DP-bwdX] L=32 states=1 -> 1
[DP-fwdX] L=16 states=1 -> 1
[DP-fwdX] L=16 states=1 -> 1
[DP-fwdX] L=16 states=1 -> 1
[DP-bwdX] L=32 states=1 -> 1
[DP-bwdX] L=32 states=1 -> 1
[DP-bwdX] L=32 states=1 -> 1
[DP-fwdX] L=32 states=1 -> 1
[DP-bwdX] L=64 states=1 -> 1
[DP-fwdX] L=32 states=1 -> 1
[DP-bwdX] L=48 states=1 -> 1
[DP-fwdX] L=32 states=1 -> 1
[DP-fwdX] L=32 states=1 -> 1
[DP-fwdX] L=32 states=1 -> 1
[DP-bwdX] L=48 states=1 -> 1
[DP-bwdX] L=48 states=1 -> 1
[DP-bwdX] L=48 states=1 -> 1
[DP-fwdX] L=48 states=1 -> 1
[DP-bwdX] L=64 states=1 -> 1
[DP-fwdX] L=48 states=1 -> 1
[DP-fwdX] L=48 states=1 -> 1
[DP-fwdX] L=48 states=1 -> 1
[DP-bwdX] L=64 states=1 -> 1
[DP-bwdX] L=64 states=1 -> 1
[DP-bwdX] L=64 states=1 -> 1
[RowSwapCTR] expand small 8x8 -> full 16x8  top_rows=4  bot_rows=4  ctr_rows=8  n_full=128
  [Round 117] T_prime=15  T_target=15  HPWL_w=480336  HPWL_eq=476  maxL=26  WNS(T')=-11  WNS*(T)=-11  picked=0  solve_ms=16.5521
[OC-Shortest/pow2] m=8 h=8 SEG=4 bits=32 words=1 threads=24
[DP-fwdX] L=0 states=1 -> 1
[DP-fwdX] L=16 states=141 -> 164
[DP-bwdX] L=64 states=1 -> 1
[DP-bwdX] L=48 states=141 -> 164
[DP-fwdX] L=0 states=1 -> 1
[DP-bwdX] L=32 states=1 -> 1
[DP-fwdX] L=0 states=1 -> 1
[DP-bwdX] L=16 states=1 -> 1
[DP-fwdX] L=0 states=1 -> 1
[DP-fwdX] L=0 states=1 -> 1
[DP-fwdX] L=0 states=1 -> 1
[DP-bwdX] L=16 states=1 -> 1
[DP-bwdX] L=16 states=1 -> 1
[DP-bwdX] L=16 states=1 -> 1
[DP-fwdX] L=16 states=1 -> 1
[DP-bwdX] L=32 states=1 -> 1
[DP-fwdX] L=16 states=1 -> 1
[DP-fwdX] L=16 states=1 -> 1
[DP-fwdX] L=16 states=1 -> 1
[DP-bwdX] L=32 states=1 -> 1
[DP-bwdX] L=32 states=1 -> 1
[DP-bwdX] L=32 states=1 -> 1
[DP-fwdX] L=32 states=1 -> 1
[DP-bwdX] L=64 states=1 -> 1
[DP-fwdX] L=32 states=1 -> 1
[DP-bwdX] L=48 states=1 -> 1
[DP-fwdX] L=32 states=1 -> 1
[DP-fwdX] L=32 states=1 -> 1
[DP-fwdX] L=32 states=1 -> 1
[DP-bwdX] L=48 states=1 -> 1
[DP-bwdX] L=48 states=1 -> 1
[DP-bwdX] L=48 states=1 -> 1
[DP-fwdX] L=48 states=1 -> 1
[DP-bwdX] L=64 states=1 -> 1
[DP-fwdX] L=48 states=1 -> 1
[DP-fwdX] L=48 states=1 -> 1
[DP-fwdX] L=48 states=1 -> 1
[DP-bwdX] L=64 states=1 -> 1
[DP-bwdX] L=64 states=1 -> 1
[DP-bwdX] L=64 states=1 -> 1
[RowSwapCTR] expand small 8x8 -> full 16x8  top_rows=4  bot_rows=4  ctr_rows=8  n_full=128
  [Round 118] T_prime=15  T_target=15  HPWL_w=480336  HPWL_eq=476  maxL=26  WNS(T')=-11  WNS*(T)=-11  picked=0  solve_ms=16.6058
[OC-Shortest/pow2] m=8 h=8 SEG=4 bits=32 words=1 threads=24
[DP-fwdX] L=0 states=1 -> 1
[DP-fwdX] L=16 states=141 -> 164
[DP-bwdX] L=64 states=1 -> 1
[DP-bwdX] L=48 states=141 -> 164
[DP-fwdX] L=0 states=1 -> 1
[DP-bwdX] L=32 states=1 -> 1
[DP-fwdX] L=0 states=1 -> 1
[DP-bwdX] L=16 states=1 -> 1
[DP-fwdX] L=0 states=1 -> 1
[DP-fwdX] L=0 states=1 -> 1
[DP-fwdX] L=0 states=1 -> 1
[DP-bwdX] L=16 states=1 -> 1
[DP-bwdX] L=16 states=1 -> 1
[DP-bwdX] L=16 states=1 -> 1
[DP-fwdX] L=16 states=1 -> 1
[DP-bwdX] L=32 states=1 -> 1
[DP-fwdX] L=16 states=1 -> 1
[DP-fwdX] L=16 states=1 -> 1
[DP-fwdX] L=16 states=1 -> 1
[DP-bwdX] L=32 states=1 -> 1
[DP-bwdX] L=32 states=1 -> 1
[DP-bwdX] L=32 states=1 -> 1
[DP-fwdX] L=32 states=1 -> 1
[DP-bwdX] L=64 states=1 -> 1
[DP-fwdX] L=32 states=1 -> 1
[DP-bwdX] L=48 states=1 -> 1
[DP-fwdX] L=32 states=1 -> 1
[DP-fwdX] L=32 states=1 -> 1
[DP-fwdX] L=32 states=1 -> 1
[DP-bwdX] L=48 states=1 -> 1
[DP-bwdX] L=48 states=1 -> 1
[DP-bwdX] L=48 states=1 -> 1
[DP-fwdX] L=48 states=1 -> 1
[DP-bwdX] L=64 states=1 -> 1
[DP-fwdX] L=48 states=1 -> 1
[DP-fwdX] L=48 states=1 -> 1
[DP-fwdX] L=48 states=1 -> 1
[DP-bwdX] L=64 states=1 -> 1
[DP-bwdX] L=64 states=1 -> 1
[DP-bwdX] L=64 states=1 -> 1
[RowSwapCTR] expand small 8x8 -> full 16x8  top_rows=4  bot_rows=4  ctr_rows=8  n_full=128
  [Round 119] T_prime=15  T_target=15  HPWL_w=480336  HPWL_eq=476  maxL=26  WNS(T')=-11  WNS*(T)=-11  picked=0  solve_ms=16.5076
[OC-Shortest/pow2] m=8 h=8 SEG=4 bits=32 words=1 threads=24
[DP-fwdX] L=0 states=1 -> 1
[DP-fwdX] L=16 states=141 -> 164
[DP-bwdX] L=64 states=1 -> 1
[DP-bwdX] L=48 states=141 -> 164
[DP-fwdX] L=0 states=1 -> 1
[DP-bwdX] L=32 states=1 -> 1
[DP-fwdX] L=0 states=1 -> 1
[DP-bwdX] L=16 states=1 -> 1
[DP-fwdX] L=0 states=1 -> 1
[DP-fwdX] L=0 states=1 -> 1
[DP-fwdX] L=0 states=1 -> 1
[DP-bwdX] L=16 states=1 -> 1
[DP-bwdX] L=16 states=1 -> 1
[DP-bwdX] L=16 states=1 -> 1
[DP-fwdX] L=16 states=1 -> 1
[DP-bwdX] L=32 states=1 -> 1
[DP-fwdX] L=16 states=1 -> 1
[DP-fwdX] L=16 states=1 -> 1
[DP-fwdX] L=16 states=1 -> 1
[DP-bwdX] L=32 states=1 -> 1
[DP-bwdX] L=32 states=1 -> 1
[DP-bwdX] L=32 states=1 -> 1
[DP-fwdX] L=32 states=1 -> 1
[DP-bwdX] L=64 states=1 -> 1
[DP-fwdX] L=32 states=1 -> 1
[DP-bwdX] L=48 states=1 -> 1
[DP-fwdX] L=32 states=1 -> 1
[DP-fwdX] L=32 states=1 -> 1
[DP-fwdX] L=32 states=1 -> 1
[DP-bwdX] L=48 states=1 -> 1
[DP-bwdX] L=48 states=1 -> 1
[DP-bwdX] L=48 states=1 -> 1
[DP-fwdX] L=48 states=1 -> 1
[DP-bwdX] L=64 states=1 -> 1
[DP-fwdX] L=48 states=1 -> 1
[DP-fwdX] L=48 states=1 -> 1
[DP-fwdX] L=48 states=1 -> 1
[DP-bwdX] L=64 states=1 -> 1
[DP-bwdX] L=64 states=1 -> 1
[DP-bwdX] L=64 states=1 -> 1
[RowSwapCTR] expand small 8x8 -> full 16x8  top_rows=4  bot_rows=4  ctr_rows=8  n_full=128
  [Round 120] T_prime=15  T_target=15  HPWL_w=480336  HPWL_eq=476  maxL=26  WNS(T')=-11  WNS*(T)=-11  picked=0  solve_ms=16.6808
[OC-Shortest/pow2] m=8 h=8 SEG=4 bits=32 words=1 threads=24
[DP-fwdX] L=0 states=1 -> 1
[DP-fwdX] L=16 states=141 -> 164
[DP-bwdX] L=64 states=1 -> 1
[DP-bwdX] L=48 states=141 -> 164
[DP-fwdX] L=0 states=1 -> 1
[DP-bwdX] L=32 states=1 -> 1
[DP-fwdX] L=0 states=1 -> 1
[DP-bwdX] L=16 states=1 -> 1
[DP-fwdX] L=0 states=1 -> 1
[DP-fwdX] L=0 states=1 -> 1
[DP-fwdX] L=0 states=1 -> 1
[DP-bwdX] L=16 states=1 -> 1
[DP-bwdX] L=16 states=1 -> 1
[DP-bwdX] L=16 states=1 -> 1
[DP-fwdX] L=16 states=1 -> 1
[DP-bwdX] L=32 states=1 -> 1
[DP-fwdX] L=16 states=1 -> 1
[DP-fwdX] L=16 states=1 -> 1
[DP-fwdX] L=16 states=1 -> 1
[DP-bwdX] L=32 states=1 -> 1
[DP-bwdX] L=32 states=1 -> 1
[DP-bwdX] L=32 states=1 -> 1
[DP-fwdX] L=32 states=1 -> 1
[DP-bwdX] L=64 states=1 -> 1
[DP-fwdX] L=32 states=1 -> 1
[DP-bwdX] L=48 states=1 -> 1
[DP-fwdX] L=32 states=1 -> 1
[DP-fwdX] L=32 states=1 -> 1
[DP-fwdX] L=32 states=1 -> 1
[DP-bwdX] L=48 states=1 -> 1
[DP-bwdX] L=48 states=1 -> 1
[DP-bwdX] L=48 states=1 -> 1
[DP-fwdX] L=48 states=1 -> 1
[DP-bwdX] L=64 states=1 -> 1
[DP-fwdX] L=48 states=1 -> 1
[DP-fwdX] L=48 states=1 -> 1
[DP-fwdX] L=48 states=1 -> 1
[DP-bwdX] L=64 states=1 -> 1
[DP-bwdX] L=64 states=1 -> 1
[DP-bwdX] L=64 states=1 -> 1
[RowSwapCTR] expand small 8x8 -> full 16x8  top_rows=4  bot_rows=4  ctr_rows=8  n_full=128
  [Round 121] T_prime=15  T_target=15  HPWL_w=480336  HPWL_eq=476  maxL=26  WNS(T')=-11  WNS*(T)=-11  picked=0  solve_ms=16.7683
[OC-Shortest/pow2] m=8 h=8 SEG=4 bits=32 words=1 threads=24
[DP-fwdX] L=0 states=1 -> 1
[DP-fwdX] L=16 states=141 -> 164
[DP-bwdX] L=64 states=1 -> 1
[DP-bwdX] L=48 states=141 -> 164
[DP-fwdX] L=0 states=1 -> 1
[DP-bwdX] L=32 states=1 -> 1
[DP-fwdX] L=0 states=1 -> 1
[DP-bwdX] L=16 states=1 -> 1
[DP-fwdX] L=0 states=1 -> 1
[DP-fwdX] L=0 states=1 -> 1
[DP-fwdX] L=0 states=1 -> 1
[DP-bwdX] L=16 states=1 -> 1
[DP-bwdX] L=16 states=1 -> 1
[DP-bwdX] L=16 states=1 -> 1
[DP-fwdX] L=16 states=1 -> 1
[DP-bwdX] L=32 states=1 -> 1
[DP-fwdX] L=16 states=1 -> 1
[DP-fwdX] L=16 states=1 -> 1
[DP-fwdX] L=16 states=1 -> 1
[DP-bwdX] L=32 states=1 -> 1
[DP-bwdX] L=32 states=1 -> 1
[DP-bwdX] L=32 states=1 -> 1
[DP-fwdX] L=32 states=1 -> 1
[DP-bwdX] L=64 states=1 -> 1
[DP-fwdX] L=32 states=1 -> 1
[DP-bwdX] L=48 states=1 -> 1
[DP-fwdX] L=32 states=1 -> 1
[DP-fwdX] L=32 states=1 -> 1
[DP-fwdX] L=32 states=1 -> 1
[DP-bwdX] L=48 states=1 -> 1
[DP-bwdX] L=48 states=1 -> 1
[DP-bwdX] L=48 states=1 -> 1
[DP-fwdX] L=48 states=1 -> 1
[DP-bwdX] L=64 states=1 -> 1
[DP-fwdX] L=48 states=1 -> 1
[DP-fwdX] L=48 states=1 -> 1
[DP-fwdX] L=48 states=1 -> 1
[DP-bwdX] L=64 states=1 -> 1
[DP-bwdX] L=64 states=1 -> 1
[DP-bwdX] L=64 states=1 -> 1
[RowSwapCTR] expand small 8x8 -> full 16x8  top_rows=4  bot_rows=4  ctr_rows=8  n_full=128
  [Round 122] T_prime=15  T_target=15  HPWL_w=480336  HPWL_eq=476  maxL=26  WNS(T')=-11  WNS*(T)=-11  picked=0  solve_ms=16.9284
[OC-Shortest/pow2] m=8 h=8 SEG=4 bits=32 words=1 threads=24
[DP-fwdX] L=0 states=1 -> 1
[DP-fwdX] L=16 states=141 -> 164
[DP-bwdX] L=64 states=1 -> 1
[DP-bwdX] L=48 states=141 -> 164
[DP-fwdX] L=0 states=1 -> 1
[DP-bwdX] L=32 states=1 -> 1
[DP-fwdX] L=0 states=1 -> 1
[DP-bwdX] L=16 states=1 -> 1
[DP-fwdX] L=0 states=1 -> 1
[DP-fwdX] L=0 states=1 -> 1
[DP-fwdX] L=0 states=1 -> 1
[DP-bwdX] L=16 states=1 -> 1
[DP-bwdX] L=16 states=1 -> 1
[DP-bwdX] L=16 states=1 -> 1
[DP-fwdX] L=16 states=1 -> 1
[DP-bwdX] L=32 states=1 -> 1
[DP-fwdX] L=16 states=1 -> 1
[DP-fwdX] L=16 states=1 -> 1
[DP-fwdX] L=16 states=1 -> 1
[DP-bwdX] L=32 states=1 -> 1
[DP-bwdX] L=32 states=1 -> 1
[DP-bwdX] L=32 states=1 -> 1
[DP-fwdX] L=32 states=1 -> 1
[DP-bwdX] L=64 states=1 -> 1
[DP-fwdX] L=32 states=1 -> 1
[DP-bwdX] L=48 states=1 -> 1
[DP-fwdX] L=32 states=1 -> 1
[DP-fwdX] L=32 states=1 -> 1
[DP-fwdX] L=32 states=1 -> 1
[DP-bwdX] L=48 states=1 -> 1
[DP-bwdX] L=48 states=1 -> 1
[DP-bwdX] L=48 states=1 -> 1
[DP-fwdX] L=48 states=1 -> 1
[DP-bwdX] L=64 states=1 -> 1
[DP-fwdX] L=48 states=1 -> 1
[DP-fwdX] L=48 states=1 -> 1
[DP-fwdX] L=48 states=1 -> 1
[DP-bwdX] L=64 states=1 -> 1
[DP-bwdX] L=64 states=1 -> 1
[DP-bwdX] L=64 states=1 -> 1
[RowSwapCTR] expand small 8x8 -> full 16x8  top_rows=4  bot_rows=4  ctr_rows=8  n_full=128
  [Round 123] T_prime=15  T_target=15  HPWL_w=480336  HPWL_eq=476  maxL=26  WNS(T')=-11  WNS*(T)=-11  picked=0  solve_ms=16.5352
[OC-Shortest/pow2] m=8 h=8 SEG=4 bits=32 words=1 threads=24
[DP-fwdX] L=0 states=1 -> 1
[DP-fwdX] L=16 states=141 -> 164
[DP-bwdX] L=64 states=1 -> 1
[DP-bwdX] L=48 states=141 -> 164
[DP-fwdX] L=0 states=1 -> 1
[DP-bwdX] L=32 states=1 -> 1
[DP-fwdX] L=0 states=1 -> 1
[DP-bwdX] L=16 states=1 -> 1
[DP-fwdX] L=0 states=1 -> 1
[DP-fwdX] L=0 states=1 -> 1
[DP-fwdX] L=0 states=1 -> 1
[DP-bwdX] L=16 states=1 -> 1
[DP-bwdX] L=16 states=1 -> 1
[DP-bwdX] L=16 states=1 -> 1
[DP-fwdX] L=16 states=1 -> 1
[DP-bwdX] L=32 states=1 -> 1
[DP-fwdX] L=16 states=1 -> 1
[DP-fwdX] L=16 states=1 -> 1
[DP-fwdX] L=16 states=1 -> 1
[DP-bwdX] L=32 states=1 -> 1
[DP-bwdX] L=32 states=1 -> 1
[DP-bwdX] L=32 states=1 -> 1
[DP-fwdX] L=32 states=1 -> 1
[DP-bwdX] L=64 states=1 -> 1
[DP-fwdX] L=32 states=1 -> 1
[DP-bwdX] L=48 states=1 -> 1
[DP-fwdX] L=32 states=1 -> 1
[DP-fwdX] L=32 states=1 -> 1
[DP-fwdX] L=32 states=1 -> 1
[DP-bwdX] L=48 states=1 -> 1
[DP-bwdX] L=48 states=1 -> 1
[DP-bwdX] L=48 states=1 -> 1
[DP-fwdX] L=48 states=1 -> 1
[DP-bwdX] L=64 states=1 -> 1
[DP-fwdX] L=48 states=1 -> 1
[DP-fwdX] L=48 states=1 -> 1
[DP-fwdX] L=48 states=1 -> 1
[DP-bwdX] L=64 states=1 -> 1
[DP-bwdX] L=64 states=1 -> 1
[DP-bwdX] L=64 states=1 -> 1
[RowSwapCTR] expand small 8x8 -> full 16x8  top_rows=4  bot_rows=4  ctr_rows=8  n_full=128
  [Round 124] T_prime=15  T_target=15  HPWL_w=480336  HPWL_eq=476  maxL=26  WNS(T')=-11  WNS*(T)=-11  picked=0  solve_ms=16.4432
[OC-Shortest/pow2] m=8 h=8 SEG=4 bits=32 words=1 threads=24
[DP-fwdX] L=0 states=1 -> 1
[DP-fwdX] L=16 states=141 -> 164
[DP-bwdX] L=64 states=1 -> 1
[DP-bwdX] L=48 states=141 -> 164
[DP-fwdX] L=0 states=1 -> 1
[DP-bwdX] L=32 states=1 -> 1
[DP-fwdX] L=0 states=1 -> 1
[DP-bwdX] L=16 states=1 -> 1
[DP-fwdX] L=0 states=1 -> 1
[DP-fwdX] L=0 states=1 -> 1
[DP-fwdX] L=0 states=1 -> 1
[DP-bwdX] L=16 states=1 -> 1
[DP-bwdX] L=16 states=1 -> 1
[DP-bwdX] L=16 states=1 -> 1
[DP-fwdX] L=16 states=1 -> 1
[DP-bwdX] L=32 states=1 -> 1
[DP-fwdX] L=16 states=1 -> 1
[DP-fwdX] L=16 states=1 -> 1
[DP-fwdX] L=16 states=1 -> 1
[DP-bwdX] L=32 states=1 -> 1
[DP-bwdX] L=32 states=1 -> 1
[DP-bwdX] L=32 states=1 -> 1
[DP-fwdX] L=32 states=1 -> 1
[DP-bwdX] L=64 states=1 -> 1
[DP-fwdX] L=32 states=1 -> 1
[DP-bwdX] L=48 states=1 -> 1
[DP-fwdX] L=32 states=1 -> 1
[DP-fwdX] L=32 states=1 -> 1
[DP-fwdX] L=32 states=1 -> 1
[DP-bwdX] L=48 states=1 -> 1
[DP-bwdX] L=48 states=1 -> 1
[DP-bwdX] L=48 states=1 -> 1
[DP-fwdX] L=48 states=1 -> 1
[DP-bwdX] L=64 states=1 -> 1
[DP-fwdX] L=48 states=1 -> 1
[DP-fwdX] L=48 states=1 -> 1
[DP-fwdX] L=48 states=1 -> 1
[DP-bwdX] L=64 states=1 -> 1
[DP-bwdX] L=64 states=1 -> 1
[DP-bwdX] L=64 states=1 -> 1
[RowSwapCTR] expand small 8x8 -> full 16x8  top_rows=4  bot_rows=4  ctr_rows=8  n_full=128
  [Round 125] T_prime=15  T_target=15  HPWL_w=480336  HPWL_eq=476  maxL=26  WNS(T')=-11  WNS*(T)=-11  picked=0  solve_ms=16.8476
[OC-Shortest/pow2] m=8 h=8 SEG=4 bits=32 words=1 threads=24
[DP-fwdX] L=0 states=1 -> 1
[DP-fwdX] L=16 states=141 -> 164
[DP-bwdX] L=64 states=1 -> 1
[DP-bwdX] L=48 states=141 -> 164
[DP-fwdX] L=0 states=1 -> 1
[DP-bwdX] L=32 states=1 -> 1
[DP-fwdX] L=0 states=1 -> 1
[DP-bwdX] L=16 states=1 -> 1
[DP-fwdX] L=0 states=1 -> 1
[DP-fwdX] L=0 states=1 -> 1
[DP-fwdX] L=0 states=1 -> 1
[DP-bwdX] L=16 states=1 -> 1
[DP-bwdX] L=16 states=1 -> 1
[DP-bwdX] L=16 states=1 -> 1
[DP-fwdX] L=16 states=1 -> 1
[DP-bwdX] L=32 states=1 -> 1
[DP-fwdX] L=16 states=1 -> 1
[DP-fwdX] L=16 states=1 -> 1
[DP-fwdX] L=16 states=1 -> 1
[DP-bwdX] L=32 states=1 -> 1
[DP-bwdX] L=32 states=1 -> 1
[DP-bwdX] L=32 states=1 -> 1
[DP-fwdX] L=32 states=1 -> 1
[DP-bwdX] L=64 states=1 -> 1
[DP-fwdX] L=32 states=1 -> 1
[DP-bwdX] L=48 states=1 -> 1
[DP-fwdX] L=32 states=1 -> 1
[DP-fwdX] L=32 states=1 -> 1
[DP-fwdX] L=32 states=1 -> 1
[DP-bwdX] L=48 states=1 -> 1
[DP-bwdX] L=48 states=1 -> 1
[DP-bwdX] L=48 states=1 -> 1
[DP-fwdX] L=48 states=1 -> 1
[DP-bwdX] L=64 states=1 -> 1
[DP-fwdX] L=48 states=1 -> 1
[DP-fwdX] L=48 states=1 -> 1
[DP-fwdX] L=48 states=1 -> 1
[DP-bwdX] L=64 states=1 -> 1
[DP-bwdX] L=64 states=1 -> 1
[DP-bwdX] L=64 states=1 -> 1
[RowSwapCTR] expand small 8x8 -> full 16x8  top_rows=4  bot_rows=4  ctr_rows=8  n_full=128
  [Round 126] T_prime=15  T_target=15  HPWL_w=480336  HPWL_eq=476  maxL=26  WNS(T')=-11  WNS*(T)=-11  picked=0  solve_ms=17.1068
[OC-Shortest/pow2] m=8 h=8 SEG=4 bits=32 words=1 threads=24
[DP-fwdX] L=0 states=1 -> 1
[DP-fwdX] L=16 states=141 -> 164
[DP-bwdX] L=64 states=1 -> 1
[DP-bwdX] L=48 states=141 -> 164
[DP-fwdX] L=0 states=1 -> 1
[DP-bwdX] L=32 states=1 -> 1
[DP-fwdX] L=0 states=1 -> 1
[DP-bwdX] L=16 states=1 -> 1
[DP-fwdX] L=0 states=1 -> 1
[DP-fwdX] L=0 states=1 -> 1
[DP-fwdX] L=0 states=1 -> 1
[DP-bwdX] L=16 states=1 -> 1
[DP-bwdX] L=16 states=1 -> 1
[DP-bwdX] L=16 states=1 -> 1
[DP-fwdX] L=16 states=1 -> 1
[DP-bwdX] L=32 states=1 -> 1
[DP-fwdX] L=16 states=1 -> 1
[DP-fwdX] L=16 states=1 -> 1
[DP-fwdX] L=16 states=1 -> 1
[DP-bwdX] L=32 states=1 -> 1
[DP-bwdX] L=32 states=1 -> 1
[DP-bwdX] L=32 states=1 -> 1
[DP-fwdX] L=32 states=1 -> 1
[DP-bwdX] L=64 states=1 -> 1
[DP-fwdX] L=32 states=1 -> 1
[DP-bwdX] L=48 states=1 -> 1
[DP-fwdX] L=32 states=1 -> 1
[DP-fwdX] L=32 states=1 -> 1
[DP-fwdX] L=32 states=1 -> 1
[DP-bwdX] L=48 states=1 -> 1
[DP-bwdX] L=48 states=1 -> 1
[DP-bwdX] L=48 states=1 -> 1
[DP-fwdX] L=48 states=1 -> 1
[DP-bwdX] L=64 states=1 -> 1
[DP-fwdX] L=48 states=1 -> 1
[DP-fwdX] L=48 states=1 -> 1
[DP-fwdX] L=48 states=1 -> 1
[DP-bwdX] L=64 states=1 -> 1
[DP-bwdX] L=64 states=1 -> 1
[DP-bwdX] L=64 states=1 -> 1
[RowSwapCTR] expand small 8x8 -> full 16x8  top_rows=4  bot_rows=4  ctr_rows=8  n_full=128
  [Round 127] T_prime=15  T_target=15  HPWL_w=480336  HPWL_eq=476  maxL=26  WNS(T')=-11  WNS*(T)=-11  picked=0  solve_ms=16.702
[OC-Shortest/pow2] m=8 h=8 SEG=4 bits=32 words=1 threads=24
[DP-fwdX] L=0 states=1 -> 1
[DP-fwdX] L=16 states=141 -> 164
[DP-bwdX] L=64 states=1 -> 1
[DP-bwdX] L=48 states=141 -> 164
[DP-fwdX] L=0 states=1 -> 1
[DP-bwdX] L=32 states=1 -> 1
[DP-fwdX] L=0 states=1 -> 1
[DP-bwdX] L=16 states=1 -> 1
[DP-fwdX] L=0 states=1 -> 1
[DP-fwdX] L=0 states=1 -> 1
[DP-fwdX] L=0 states=1 -> 1
[DP-bwdX] L=16 states=1 -> 1
[DP-bwdX] L=16 states=1 -> 1
[DP-bwdX] L=16 states=1 -> 1
[DP-fwdX] L=16 states=1 -> 1
[DP-bwdX] L=32 states=1 -> 1
[DP-fwdX] L=16 states=1 -> 1
[DP-fwdX] L=16 states=1 -> 1
[DP-fwdX] L=16 states=1 -> 1
[DP-bwdX] L=32 states=1 -> 1
[DP-bwdX] L=32 states=1 -> 1
[DP-bwdX] L=32 states=1 -> 1
[DP-fwdX] L=32 states=1 -> 1
[DP-bwdX] L=64 states=1 -> 1
[DP-fwdX] L=32 states=1 -> 1
[DP-bwdX] L=48 states=1 -> 1
[DP-fwdX] L=32 states=1 -> 1
[DP-fwdX] L=32 states=1 -> 1
[DP-fwdX] L=32 states=1 -> 1
[DP-bwdX] L=48 states=1 -> 1
[DP-bwdX] L=48 states=1 -> 1
[DP-bwdX] L=48 states=1 -> 1
[DP-fwdX] L=48 states=1 -> 1
[DP-bwdX] L=64 states=1 -> 1
[DP-fwdX] L=48 states=1 -> 1
[DP-fwdX] L=48 states=1 -> 1
[DP-fwdX] L=48 states=1 -> 1
[DP-bwdX] L=64 states=1 -> 1
[DP-bwdX] L=64 states=1 -> 1
[DP-bwdX] L=64 states=1 -> 1
[RowSwapCTR] expand small 8x8 -> full 16x8  top_rows=4  bot_rows=4  ctr_rows=8  n_full=128
  [Round 128] T_prime=15  T_target=15  HPWL_w=480336  HPWL_eq=476  maxL=26  WNS(T')=-11  WNS*(T)=-11  picked=0  solve_ms=16.986
[OC-Shortest/pow2] m=8 h=8 SEG=4 bits=32 words=1 threads=24
[DP-fwdX] L=0 states=1 -> 1
[DP-fwdX] L=16 states=141 -> 164
[DP-bwdX] L=64 states=1 -> 1
[DP-bwdX] L=48 states=141 -> 164
[DP-fwdX] L=0 states=1 -> 1
[DP-bwdX] L=32 states=1 -> 1
[DP-fwdX] L=0 states=1 -> 1
[DP-bwdX] L=16 states=1 -> 1
[DP-fwdX] L=0 states=1 -> 1
[DP-fwdX] L=0 states=1 -> 1
[DP-fwdX] L=0 states=1 -> 1
[DP-bwdX] L=16 states=1 -> 1
[DP-bwdX] L=16 states=1 -> 1
[DP-bwdX] L=16 states=1 -> 1
[DP-fwdX] L=16 states=1 -> 1
[DP-bwdX] L=32 states=1 -> 1
[DP-fwdX] L=16 states=1 -> 1
[DP-fwdX] L=16 states=1 -> 1
[DP-fwdX] L=16 states=1 -> 1
[DP-bwdX] L=32 states=1 -> 1
[DP-bwdX] L=32 states=1 -> 1
[DP-bwdX] L=32 states=1 -> 1
[DP-fwdX] L=32 states=1 -> 1
[DP-bwdX] L=64 states=1 -> 1
[DP-fwdX] L=32 states=1 -> 1
[DP-bwdX] L=48 states=1 -> 1
[DP-fwdX] L=32 states=1 -> 1
[DP-fwdX] L=32 states=1 -> 1
[DP-fwdX] L=32 states=1 -> 1
[DP-bwdX] L=48 states=1 -> 1
[DP-bwdX] L=48 states=1 -> 1
[DP-bwdX] L=48 states=1 -> 1
[DP-fwdX] L=48 states=1 -> 1
[DP-bwdX] L=64 states=1 -> 1
[DP-fwdX] L=48 states=1 -> 1
[DP-fwdX] L=48 states=1 -> 1
[DP-fwdX] L=48 states=1 -> 1
[DP-bwdX] L=64 states=1 -> 1
[DP-bwdX] L=64 states=1 -> 1
[DP-bwdX] L=64 states=1 -> 1
[RowSwapCTR] expand small 8x8 -> full 16x8  top_rows=4  bot_rows=4  ctr_rows=8  n_full=128
  [Round 129] T_prime=15  T_target=15  HPWL_w=480336  HPWL_eq=476  maxL=26  WNS(T')=-11  WNS*(T)=-11  picked=0  solve_ms=17.0158
[OC-Shortest/pow2] m=8 h=8 SEG=4 bits=32 words=1 threads=24
[DP-fwdX] L=0 states=1 -> 1
[DP-fwdX] L=16 states=141 -> 164
[DP-bwdX] L=64 states=1 -> 1
[DP-bwdX] L=48 states=141 -> 164
[DP-fwdX] L=0 states=1 -> 1
[DP-bwdX] L=32 states=1 -> 1
[DP-fwdX] L=0 states=1 -> 1
[DP-bwdX] L=16 states=1 -> 1
[DP-fwdX] L=0 states=1 -> 1
[DP-fwdX] L=0 states=1 -> 1
[DP-fwdX] L=0 states=1 -> 1
[DP-bwdX] L=16 states=1 -> 1
[DP-bwdX] L=16 states=1 -> 1
[DP-bwdX] L=16 states=1 -> 1
[DP-fwdX] L=16 states=1 -> 1
[DP-bwdX] L=32 states=1 -> 1
[DP-fwdX] L=16 states=1 -> 1
[DP-fwdX] L=16 states=1 -> 1
[DP-fwdX] L=16 states=1 -> 1
[DP-bwdX] L=32 states=1 -> 1
[DP-bwdX] L=32 states=1 -> 1
[DP-bwdX] L=32 states=1 -> 1
[DP-fwdX] L=32 states=1 -> 1
[DP-bwdX] L=64 states=1 -> 1
[DP-fwdX] L=32 states=1 -> 1
[DP-bwdX] L=48 states=1 -> 1
[DP-fwdX] L=32 states=1 -> 1
[DP-fwdX] L=32 states=1 -> 1
[DP-fwdX] L=32 states=1 -> 1
[DP-bwdX] L=48 states=1 -> 1
[DP-bwdX] L=48 states=1 -> 1
[DP-bwdX] L=48 states=1 -> 1
[DP-fwdX] L=48 states=1 -> 1
[DP-bwdX] L=64 states=1 -> 1
[DP-fwdX] L=48 states=1 -> 1
[DP-fwdX] L=48 states=1 -> 1
[DP-fwdX] L=48 states=1 -> 1
[DP-bwdX] L=64 states=1 -> 1
[DP-bwdX] L=64 states=1 -> 1
[DP-bwdX] L=64 states=1 -> 1
[RowSwapCTR] expand small 8x8 -> full 16x8  top_rows=4  bot_rows=4  ctr_rows=8  n_full=128
  [Round 130] T_prime=15  T_target=15  HPWL_w=480336  HPWL_eq=476  maxL=26  WNS(T')=-11  WNS*(T)=-11  picked=0  solve_ms=16.9528
[OC-Shortest/pow2] m=8 h=8 SEG=4 bits=32 words=1 threads=24
[DP-fwdX] L=0 states=1 -> 1
[DP-fwdX] L=16 states=141 -> 164
[DP-bwdX] L=64 states=1 -> 1
[DP-bwdX] L=48 states=141 -> 164
[DP-fwdX] L=0 states=1 -> 1
[DP-bwdX] L=32 states=1 -> 1
[DP-fwdX] L=0 states=1 -> 1
[DP-bwdX] L=16 states=1 -> 1
[DP-fwdX] L=0 states=1 -> 1
[DP-fwdX] L=0 states=1 -> 1
[DP-fwdX] L=0 states=1 -> 1
[DP-bwdX] L=16 states=1 -> 1
[DP-bwdX] L=16 states=1 -> 1
[DP-bwdX] L=16 states=1 -> 1
[DP-fwdX] L=16 states=1 -> 1
[DP-bwdX] L=32 states=1 -> 1
[DP-fwdX] L=16 states=1 -> 1
[DP-fwdX] L=16 states=1 -> 1
[DP-fwdX] L=16 states=1 -> 1
[DP-bwdX] L=32 states=1 -> 1
[DP-bwdX] L=32 states=1 -> 1
[DP-bwdX] L=32 states=1 -> 1
[DP-fwdX] L=32 states=1 -> 1
[DP-bwdX] L=64 states=1 -> 1
[DP-fwdX] L=32 states=1 -> 1
[DP-bwdX] L=48 states=1 -> 1
[DP-fwdX] L=32 states=1 -> 1
[DP-fwdX] L=32 states=1 -> 1
[DP-fwdX] L=32 states=1 -> 1
[DP-bwdX] L=48 states=1 -> 1
[DP-bwdX] L=48 states=1 -> 1
[DP-bwdX] L=48 states=1 -> 1
[DP-fwdX] L=48 states=1 -> 1
[DP-bwdX] L=64 states=1 -> 1
[DP-fwdX] L=48 states=1 -> 1
[DP-fwdX] L=48 states=1 -> 1
[DP-fwdX] L=48 states=1 -> 1
[DP-bwdX] L=64 states=1 -> 1
[DP-bwdX] L=64 states=1 -> 1
[DP-bwdX] L=64 states=1 -> 1
[RowSwapCTR] expand small 8x8 -> full 16x8  top_rows=4  bot_rows=4  ctr_rows=8  n_full=128
  [Round 131] T_prime=15  T_target=15  HPWL_w=480336  HPWL_eq=476  maxL=26  WNS(T')=-11  WNS*(T)=-11  picked=0  solve_ms=17.1176
[OC-Shortest/pow2] m=8 h=8 SEG=4 bits=32 words=1 threads=24
[DP-fwdX] L=0 states=1 -> 1
[DP-fwdX] L=16 states=141 -> 164
[DP-bwdX] L=64 states=1 -> 1
[DP-bwdX] L=48 states=141 -> 164
[DP-fwdX] L=0 states=1 -> 1
[DP-bwdX] L=32 states=1 -> 1
[DP-fwdX] L=0 states=1 -> 1
[DP-bwdX] L=16 states=1 -> 1
[DP-fwdX] L=0 states=1 -> 1
[DP-fwdX] L=0 states=1 -> 1
[DP-fwdX] L=0 states=1 -> 1
[DP-bwdX] L=16 states=1 -> 1
[DP-bwdX] L=16 states=1 -> 1
[DP-bwdX] L=16 states=1 -> 1
[DP-fwdX] L=16 states=1 -> 1
[DP-bwdX] L=32 states=1 -> 1
[DP-fwdX] L=16 states=1 -> 1
[DP-fwdX] L=16 states=1 -> 1
[DP-fwdX] L=16 states=1 -> 1
[DP-bwdX] L=32 states=1 -> 1
[DP-bwdX] L=32 states=1 -> 1
[DP-bwdX] L=32 states=1 -> 1
[DP-fwdX] L=32 states=1 -> 1
[DP-bwdX] L=64 states=1 -> 1
[DP-fwdX] L=32 states=1 -> 1
[DP-bwdX] L=48 states=1 -> 1
[DP-fwdX] L=32 states=1 -> 1
[DP-fwdX] L=32 states=1 -> 1
[DP-fwdX] L=32 states=1 -> 1
[DP-bwdX] L=48 states=1 -> 1
[DP-bwdX] L=48 states=1 -> 1
[DP-bwdX] L=48 states=1 -> 1
[DP-fwdX] L=48 states=1 -> 1
[DP-bwdX] L=64 states=1 -> 1
[DP-fwdX] L=48 states=1 -> 1
[DP-fwdX] L=48 states=1 -> 1
[DP-fwdX] L=48 states=1 -> 1
[DP-bwdX] L=64 states=1 -> 1
[DP-bwdX] L=64 states=1 -> 1
[DP-bwdX] L=64 states=1 -> 1
[RowSwapCTR] expand small 8x8 -> full 16x8  top_rows=4  bot_rows=4  ctr_rows=8  n_full=128
  [Round 132] T_prime=15  T_target=15  HPWL_w=480336  HPWL_eq=476  maxL=26  WNS(T')=-11  WNS*(T)=-11  picked=0  solve_ms=17.0002
[OC-Shortest/pow2] m=8 h=8 SEG=4 bits=32 words=1 threads=24
[DP-fwdX] L=0 states=1 -> 1
[DP-fwdX] L=16 states=141 -> 164
[DP-bwdX] L=64 states=1 -> 1
[DP-bwdX] L=48 states=141 -> 164
[DP-fwdX] L=0 states=1 -> 1
[DP-bwdX] L=32 states=1 -> 1
[DP-fwdX] L=0 states=1 -> 1
[DP-bwdX] L=16 states=1 -> 1
[DP-fwdX] L=0 states=1 -> 1
[DP-fwdX] L=0 states=1 -> 1
[DP-fwdX] L=0 states=1 -> 1
[DP-bwdX] L=16 states=1 -> 1
[DP-bwdX] L=16 states=1 -> 1
[DP-bwdX] L=16 states=1 -> 1
[DP-fwdX] L=16 states=1 -> 1
[DP-bwdX] L=32 states=1 -> 1
[DP-fwdX] L=16 states=1 -> 1
[DP-fwdX] L=16 states=1 -> 1
[DP-fwdX] L=16 states=1 -> 1
[DP-bwdX] L=32 states=1 -> 1
[DP-bwdX] L=32 states=1 -> 1
[DP-bwdX] L=32 states=1 -> 1
[DP-fwdX] L=32 states=1 -> 1
[DP-bwdX] L=64 states=1 -> 1
[DP-fwdX] L=32 states=1 -> 1
[DP-bwdX] L=48 states=1 -> 1
[DP-fwdX] L=32 states=1 -> 1
[DP-fwdX] L=32 states=1 -> 1
[DP-fwdX] L=32 states=1 -> 1
[DP-bwdX] L=48 states=1 -> 1
[DP-bwdX] L=48 states=1 -> 1
[DP-bwdX] L=48 states=1 -> 1
[DP-fwdX] L=48 states=1 -> 1
[DP-bwdX] L=64 states=1 -> 1
[DP-fwdX] L=48 states=1 -> 1
[DP-fwdX] L=48 states=1 -> 1
[DP-fwdX] L=48 states=1 -> 1
[DP-bwdX] L=64 states=1 -> 1
[DP-bwdX] L=64 states=1 -> 1
[DP-bwdX] L=64 states=1 -> 1
[RowSwapCTR] expand small 8x8 -> full 16x8  top_rows=4  bot_rows=4  ctr_rows=8  n_full=128
  [Round 133] T_prime=15  T_target=15  HPWL_w=480336  HPWL_eq=476  maxL=26  WNS(T')=-11  WNS*(T)=-11  picked=0  solve_ms=16.8233
[OC-Shortest/pow2] m=8 h=8 SEG=4 bits=32 words=1 threads=24
[DP-fwdX] L=0 states=1 -> 1
[DP-fwdX] L=16 states=141 -> 164
[DP-bwdX] L=64 states=1 -> 1
[DP-bwdX] L=48 states=141 -> 164
[DP-fwdX] L=0 states=1 -> 1
[DP-bwdX] L=32 states=1 -> 1
[DP-fwdX] L=0 states=1 -> 1
[DP-bwdX] L=16 states=1 -> 1
[DP-fwdX] L=0 states=1 -> 1
[DP-fwdX] L=0 states=1 -> 1
[DP-fwdX] L=0 states=1 -> 1
[DP-bwdX] L=16 states=1 -> 1
[DP-bwdX] L=16 states=1 -> 1
[DP-bwdX] L=16 states=1 -> 1
[DP-fwdX] L=16 states=1 -> 1
[DP-bwdX] L=32 states=1 -> 1
[DP-fwdX] L=16 states=1 -> 1
[DP-fwdX] L=16 states=1 -> 1
[DP-fwdX] L=16 states=1 -> 1
[DP-bwdX] L=32 states=1 -> 1
[DP-bwdX] L=32 states=1 -> 1
[DP-bwdX] L=32 states=1 -> 1
[DP-fwdX] L=32 states=1 -> 1
[DP-bwdX] L=64 states=1 -> 1
[DP-fwdX] L=32 states=1 -> 1
[DP-bwdX] L=48 states=1 -> 1
[DP-fwdX] L=32 states=1 -> 1
[DP-fwdX] L=32 states=1 -> 1
[DP-fwdX] L=32 states=1 -> 1
[DP-bwdX] L=48 states=1 -> 1
[DP-bwdX] L=48 states=1 -> 1
[DP-bwdX] L=48 states=1 -> 1
[DP-fwdX] L=48 states=1 -> 1
[DP-bwdX] L=64 states=1 -> 1
[DP-fwdX] L=48 states=1 -> 1
[DP-fwdX] L=48 states=1 -> 1
[DP-fwdX] L=48 states=1 -> 1
[DP-bwdX] L=64 states=1 -> 1
[DP-bwdX] L=64 states=1 -> 1
[DP-bwdX] L=64 states=1 -> 1
[RowSwapCTR] expand small 8x8 -> full 16x8  top_rows=4  bot_rows=4  ctr_rows=8  n_full=128
  [Round 134] T_prime=15  T_target=15  HPWL_w=480336  HPWL_eq=476  maxL=26  WNS(T')=-11  WNS*(T)=-11  picked=0  solve_ms=16.7632
[OC-Shortest/pow2] m=8 h=8 SEG=4 bits=32 words=1 threads=24
[DP-fwdX] L=0 states=1 -> 1
[DP-fwdX] L=16 states=141 -> 164
[DP-bwdX] L=64 states=1 -> 1
[DP-bwdX] L=48 states=141 -> 164
[DP-fwdX] L=0 states=1 -> 1
[DP-bwdX] L=32 states=1 -> 1
[DP-fwdX] L=0 states=1 -> 1
[DP-bwdX] L=16 states=1 -> 1
[DP-fwdX] L=0 states=1 -> 1
[DP-fwdX] L=0 states=1 -> 1
[DP-fwdX] L=0 states=1 -> 1
[DP-bwdX] L=16 states=1 -> 1
[DP-bwdX] L=16 states=1 -> 1
[DP-bwdX] L=16 states=1 -> 1
[DP-fwdX] L=16 states=1 -> 1
[DP-bwdX] L=32 states=1 -> 1
[DP-fwdX] L=16 states=1 -> 1
[DP-fwdX] L=16 states=1 -> 1
[DP-fwdX] L=16 states=1 -> 1
[DP-bwdX] L=32 states=1 -> 1
[DP-bwdX] L=32 states=1 -> 1
[DP-bwdX] L=32 states=1 -> 1
[DP-fwdX] L=32 states=1 -> 1
[DP-bwdX] L=64 states=1 -> 1
[DP-fwdX] L=32 states=1 -> 1
[DP-bwdX] L=48 states=1 -> 1
[DP-fwdX] L=32 states=1 -> 1
[DP-fwdX] L=32 states=1 -> 1
[DP-fwdX] L=32 states=1 -> 1
[DP-bwdX] L=48 states=1 -> 1
[DP-bwdX] L=48 states=1 -> 1
[DP-bwdX] L=48 states=1 -> 1
[DP-fwdX] L=48 states=1 -> 1
[DP-bwdX] L=64 states=1 -> 1
[DP-fwdX] L=48 states=1 -> 1
[DP-fwdX] L=48 states=1 -> 1
[DP-fwdX] L=48 states=1 -> 1
[DP-bwdX] L=64 states=1 -> 1
[DP-bwdX] L=64 states=1 -> 1
[DP-bwdX] L=64 states=1 -> 1
[RowSwapCTR] expand small 8x8 -> full 16x8  top_rows=4  bot_rows=4  ctr_rows=8  n_full=128
  [Round 135] T_prime=15  T_target=15  HPWL_w=480336  HPWL_eq=476  maxL=26  WNS(T')=-11  WNS*(T)=-11  picked=0  solve_ms=16.4062
[OC-Shortest/pow2] m=8 h=8 SEG=4 bits=32 words=1 threads=24
[DP-fwdX] L=0 states=1 -> 1
[DP-fwdX] L=16 states=141 -> 164
[DP-bwdX] L=64 states=1 -> 1
[DP-bwdX] L=48 states=141 -> 164
[DP-fwdX] L=0 states=1 -> 1
[DP-bwdX] L=32 states=1 -> 1
[DP-fwdX] L=0 states=1 -> 1
[DP-bwdX] L=16 states=1 -> 1
[DP-fwdX] L=0 states=1 -> 1
[DP-fwdX] L=0 states=1 -> 1
[DP-fwdX] L=0 states=1 -> 1
[DP-bwdX] L=16 states=1 -> 1
[DP-bwdX] L=16 states=1 -> 1
[DP-bwdX] L=16 states=1 -> 1
[DP-fwdX] L=16 states=1 -> 1
[DP-bwdX] L=32 states=1 -> 1
[DP-fwdX] L=16 states=1 -> 1
[DP-fwdX] L=16 states=1 -> 1
[DP-fwdX] L=16 states=1 -> 1
[DP-bwdX] L=32 states=1 -> 1
[DP-bwdX] L=32 states=1 -> 1
[DP-bwdX] L=32 states=1 -> 1
[DP-fwdX] L=32 states=1 -> 1
[DP-bwdX] L=64 states=1 -> 1
[DP-fwdX] L=32 states=1 -> 1
[DP-bwdX] L=48 states=1 -> 1
[DP-fwdX] L=32 states=1 -> 1
[DP-fwdX] L=32 states=1 -> 1
[DP-fwdX] L=32 states=1 -> 1
[DP-bwdX] L=48 states=1 -> 1
[DP-bwdX] L=48 states=1 -> 1
[DP-bwdX] L=48 states=1 -> 1
[DP-fwdX] L=48 states=1 -> 1
[DP-bwdX] L=64 states=1 -> 1
[DP-fwdX] L=48 states=1 -> 1
[DP-fwdX] L=48 states=1 -> 1
[DP-fwdX] L=48 states=1 -> 1
[DP-bwdX] L=64 states=1 -> 1
[DP-bwdX] L=64 states=1 -> 1
[DP-bwdX] L=64 states=1 -> 1
[RowSwapCTR] expand small 8x8 -> full 16x8  top_rows=4  bot_rows=4  ctr_rows=8  n_full=128
  [Round 136] T_prime=15  T_target=15  HPWL_w=480336  HPWL_eq=476  maxL=26  WNS(T')=-11  WNS*(T)=-11  picked=0  solve_ms=16.308
[OC-Shortest/pow2] m=8 h=8 SEG=4 bits=32 words=1 threads=24
[DP-fwdX] L=0 states=1 -> 1
[DP-fwdX] L=16 states=141 -> 164
[DP-bwdX] L=64 states=1 -> 1
[DP-bwdX] L=48 states=141 -> 164
[DP-fwdX] L=0 states=1 -> 1
[DP-bwdX] L=32 states=1 -> 1
[DP-fwdX] L=0 states=1 -> 1
[DP-bwdX] L=16 states=1 -> 1
[DP-fwdX] L=0 states=1 -> 1
[DP-fwdX] L=0 states=1 -> 1
[DP-fwdX] L=0 states=1 -> 1
[DP-bwdX] L=16 states=1 -> 1
[DP-bwdX] L=16 states=1 -> 1
[DP-bwdX] L=16 states=1 -> 1
[DP-fwdX] L=16 states=1 -> 1
[DP-bwdX] L=32 states=1 -> 1
[DP-fwdX] L=16 states=1 -> 1
[DP-fwdX] L=16 states=1 -> 1
[DP-fwdX] L=16 states=1 -> 1
[DP-bwdX] L=32 states=1 -> 1
[DP-bwdX] L=32 states=1 -> 1
[DP-bwdX] L=32 states=1 -> 1
[DP-fwdX] L=32 states=1 -> 1
[DP-bwdX] L=64 states=1 -> 1
[DP-fwdX] L=32 states=1 -> 1
[DP-bwdX] L=48 states=1 -> 1
[DP-fwdX] L=32 states=1 -> 1
[DP-fwdX] L=32 states=1 -> 1
[DP-fwdX] L=32 states=1 -> 1
[DP-bwdX] L=48 states=1 -> 1
[DP-bwdX] L=48 states=1 -> 1
[DP-bwdX] L=48 states=1 -> 1
[DP-fwdX] L=48 states=1 -> 1
[DP-bwdX] L=64 states=1 -> 1
[DP-fwdX] L=48 states=1 -> 1
[DP-fwdX] L=48 states=1 -> 1
[DP-fwdX] L=48 states=1 -> 1
[DP-bwdX] L=64 states=1 -> 1
[DP-bwdX] L=64 states=1 -> 1
[DP-bwdX] L=64 states=1 -> 1
[RowSwapCTR] expand small 8x8 -> full 16x8  top_rows=4  bot_rows=4  ctr_rows=8  n_full=128
  [Round 137] T_prime=15  T_target=15  HPWL_w=480336  HPWL_eq=476  maxL=26  WNS(T')=-11  WNS*(T)=-11  picked=0  solve_ms=16.5857
[OC-Shortest/pow2] m=8 h=8 SEG=4 bits=32 words=1 threads=24
[DP-fwdX] L=0 states=1 -> 1
[DP-fwdX] L=16 states=141 -> 164
[DP-bwdX] L=64 states=1 -> 1
[DP-bwdX] L=48 states=141 -> 164
[DP-fwdX] L=0 states=1 -> 1
[DP-bwdX] L=32 states=1 -> 1
[DP-fwdX] L=0 states=1 -> 1
[DP-bwdX] L=16 states=1 -> 1
[DP-fwdX] L=0 states=1 -> 1
[DP-fwdX] L=0 states=1 -> 1
[DP-fwdX] L=0 states=1 -> 1
[DP-bwdX] L=16 states=1 -> 1
[DP-bwdX] L=16 states=1 -> 1
[DP-bwdX] L=16 states=1 -> 1
[DP-fwdX] L=16 states=1 -> 1
[DP-bwdX] L=32 states=1 -> 1
[DP-fwdX] L=16 states=1 -> 1
[DP-fwdX] L=16 states=1 -> 1
[DP-fwdX] L=16 states=1 -> 1
[DP-bwdX] L=32 states=1 -> 1
[DP-bwdX] L=32 states=1 -> 1
[DP-bwdX] L=32 states=1 -> 1
[DP-fwdX] L=32 states=1 -> 1
[DP-bwdX] L=64 states=1 -> 1
[DP-fwdX] L=32 states=1 -> 1
[DP-bwdX] L=48 states=1 -> 1
[DP-fwdX] L=32 states=1 -> 1
[DP-fwdX] L=32 states=1 -> 1
[DP-fwdX] L=32 states=1 -> 1
[DP-bwdX] L=48 states=1 -> 1
[DP-bwdX] L=48 states=1 -> 1
[DP-bwdX] L=48 states=1 -> 1
[DP-fwdX] L=48 states=1 -> 1
[DP-bwdX] L=64 states=1 -> 1
[DP-fwdX] L=48 states=1 -> 1
[DP-fwdX] L=48 states=1 -> 1
[DP-fwdX] L=48 states=1 -> 1
[DP-bwdX] L=64 states=1 -> 1
[DP-bwdX] L=64 states=1 -> 1
[DP-bwdX] L=64 states=1 -> 1
[RowSwapCTR] expand small 8x8 -> full 16x8  top_rows=4  bot_rows=4  ctr_rows=8  n_full=128
  [Round 138] T_prime=15  T_target=15  HPWL_w=480336  HPWL_eq=476  maxL=26  WNS(T')=-11  WNS*(T)=-11  picked=0  solve_ms=16.4336
[OC-Shortest/pow2] m=8 h=8 SEG=4 bits=32 words=1 threads=24
[DP-fwdX] L=0 states=1 -> 1
[DP-fwdX] L=16 states=141 -> 164
[DP-bwdX] L=64 states=1 -> 1
[DP-bwdX] L=48 states=141 -> 164
[DP-fwdX] L=0 states=1 -> 1
[DP-bwdX] L=32 states=1 -> 1
[DP-fwdX] L=0 states=1 -> 1
[DP-bwdX] L=16 states=1 -> 1
[DP-fwdX] L=0 states=1 -> 1
[DP-fwdX] L=0 states=1 -> 1
[DP-fwdX] L=0 states=1 -> 1
[DP-bwdX] L=16 states=1 -> 1
[DP-bwdX] L=16 states=1 -> 1
[DP-bwdX] L=16 states=1 -> 1
[DP-fwdX] L=16 states=1 -> 1
[DP-bwdX] L=32 states=1 -> 1
[DP-fwdX] L=16 states=1 -> 1
[DP-fwdX] L=16 states=1 -> 1
[DP-fwdX] L=16 states=1 -> 1
[DP-bwdX] L=32 states=1 -> 1
[DP-bwdX] L=32 states=1 -> 1
[DP-bwdX] L=32 states=1 -> 1
[DP-fwdX] L=32 states=1 -> 1
[DP-bwdX] L=64 states=1 -> 1
[DP-fwdX] L=32 states=1 -> 1
[DP-bwdX] L=48 states=1 -> 1
[DP-fwdX] L=32 states=1 -> 1
[DP-fwdX] L=32 states=1 -> 1
[DP-fwdX] L=32 states=1 -> 1
[DP-bwdX] L=48 states=1 -> 1
[DP-bwdX] L=48 states=1 -> 1
[DP-bwdX] L=48 states=1 -> 1
[DP-fwdX] L=48 states=1 -> 1
[DP-bwdX] L=64 states=1 -> 1
[DP-fwdX] L=48 states=1 -> 1
[DP-fwdX] L=48 states=1 -> 1
[DP-fwdX] L=48 states=1 -> 1
[DP-bwdX] L=64 states=1 -> 1
[DP-bwdX] L=64 states=1 -> 1
[DP-bwdX] L=64 states=1 -> 1
[RowSwapCTR] expand small 8x8 -> full 16x8  top_rows=4  bot_rows=4  ctr_rows=8  n_full=128
  [Round 139] T_prime=15  T_target=15  HPWL_w=480336  HPWL_eq=476  maxL=26  WNS(T')=-11  WNS*(T)=-11  picked=0  solve_ms=16.7932
[OC-Shortest/pow2] m=8 h=8 SEG=4 bits=32 words=1 threads=24
[DP-fwdX] L=0 states=1 -> 1
[DP-fwdX] L=16 states=141 -> 164
[DP-bwdX] L=64 states=1 -> 1
[DP-bwdX] L=48 states=141 -> 164
[DP-fwdX] L=0 states=1 -> 1
[DP-bwdX] L=32 states=1 -> 1
[DP-fwdX] L=0 states=1 -> 1
[DP-bwdX] L=16 states=1 -> 1
[DP-fwdX] L=0 states=1 -> 1
[DP-fwdX] L=0 states=1 -> 1
[DP-fwdX] L=0 states=1 -> 1
[DP-bwdX] L=16 states=1 -> 1
[DP-bwdX] L=16 states=1 -> 1
[DP-bwdX] L=16 states=1 -> 1
[DP-fwdX] L=16 states=1 -> 1
[DP-bwdX] L=32 states=1 -> 1
[DP-fwdX] L=16 states=1 -> 1
[DP-fwdX] L=16 states=1 -> 1
[DP-fwdX] L=16 states=1 -> 1
[DP-bwdX] L=32 states=1 -> 1
[DP-bwdX] L=32 states=1 -> 1
[DP-bwdX] L=32 states=1 -> 1
[DP-fwdX] L=32 states=1 -> 1
[DP-bwdX] L=64 states=1 -> 1
[DP-fwdX] L=32 states=1 -> 1
[DP-bwdX] L=48 states=1 -> 1
[DP-fwdX] L=32 states=1 -> 1
[DP-fwdX] L=32 states=1 -> 1
[DP-fwdX] L=32 states=1 -> 1
[DP-bwdX] L=48 states=1 -> 1
[DP-bwdX] L=48 states=1 -> 1
[DP-bwdX] L=48 states=1 -> 1
[DP-fwdX] L=48 states=1 -> 1
[DP-bwdX] L=64 states=1 -> 1
[DP-fwdX] L=48 states=1 -> 1
[DP-fwdX] L=48 states=1 -> 1
[DP-fwdX] L=48 states=1 -> 1
[DP-bwdX] L=64 states=1 -> 1
[DP-bwdX] L=64 states=1 -> 1
[DP-bwdX] L=64 states=1 -> 1
[RowSwapCTR] expand small 8x8 -> full 16x8  top_rows=4  bot_rows=4  ctr_rows=8  n_full=128
  [Round 140] T_prime=15  T_target=15  HPWL_w=480336  HPWL_eq=476  maxL=26  WNS(T')=-11  WNS*(T)=-11  picked=0  solve_ms=16.9919
[OC-Shortest/pow2] m=8 h=8 SEG=4 bits=32 words=1 threads=24
[DP-fwdX] L=0 states=1 -> 1
[DP-fwdX] L=16 states=141 -> 164
[DP-bwdX] L=64 states=1 -> 1
[DP-bwdX] L=48 states=141 -> 164
[DP-fwdX] L=0 states=1 -> 1
[DP-bwdX] L=32 states=1 -> 1
[DP-fwdX] L=0 states=1 -> 1
[DP-bwdX] L=16 states=1 -> 1
[DP-fwdX] L=0 states=1 -> 1
[DP-fwdX] L=0 states=1 -> 1
[DP-fwdX] L=0 states=1 -> 1
[DP-bwdX] L=16 states=1 -> 1
[DP-bwdX] L=16 states=1 -> 1
[DP-bwdX] L=16 states=1 -> 1
[DP-fwdX] L=16 states=1 -> 1
[DP-bwdX] L=32 states=1 -> 1
[DP-fwdX] L=16 states=1 -> 1
[DP-fwdX] L=16 states=1 -> 1
[DP-fwdX] L=16 states=1 -> 1
[DP-bwdX] L=32 states=1 -> 1
[DP-bwdX] L=32 states=1 -> 1
[DP-bwdX] L=32 states=1 -> 1
[DP-fwdX] L=32 states=1 -> 1
[DP-bwdX] L=64 states=1 -> 1
[DP-fwdX] L=32 states=1 -> 1
[DP-bwdX] L=48 states=1 -> 1
[DP-fwdX] L=32 states=1 -> 1
[DP-fwdX] L=32 states=1 -> 1
[DP-fwdX] L=32 states=1 -> 1
[DP-bwdX] L=48 states=1 -> 1
[DP-bwdX] L=48 states=1 -> 1
[DP-bwdX] L=48 states=1 -> 1
[DP-fwdX] L=48 states=1 -> 1
[DP-bwdX] L=64 states=1 -> 1
[DP-fwdX] L=48 states=1 -> 1
[DP-fwdX] L=48 states=1 -> 1
[DP-fwdX] L=48 states=1 -> 1
[DP-bwdX] L=64 states=1 -> 1
[DP-bwdX] L=64 states=1 -> 1
[DP-bwdX] L=64 states=1 -> 1
[RowSwapCTR] expand small 8x8 -> full 16x8  top_rows=4  bot_rows=4  ctr_rows=8  n_full=128
  [Round 141] T_prime=15  T_target=15  HPWL_w=480336  HPWL_eq=476  maxL=26  WNS(T')=-11  WNS*(T)=-11  picked=0  solve_ms=16.7405
[OC-Shortest/pow2] m=8 h=8 SEG=4 bits=32 words=1 threads=24
[DP-fwdX] L=0 states=1 -> 1
[DP-fwdX] L=16 states=141 -> 164
[DP-bwdX] L=64 states=1 -> 1
[DP-bwdX] L=48 states=141 -> 164
[DP-fwdX] L=0 states=1 -> 1
[DP-bwdX] L=32 states=1 -> 1
[DP-fwdX] L=0 states=1 -> 1
[DP-bwdX] L=16 states=1 -> 1
[DP-fwdX] L=0 states=1 -> 1
[DP-fwdX] L=0 states=1 -> 1
[DP-fwdX] L=0 states=1 -> 1
[DP-bwdX] L=16 states=1 -> 1
[DP-bwdX] L=16 states=1 -> 1
[DP-bwdX] L=16 states=1 -> 1
[DP-fwdX] L=16 states=1 -> 1
[DP-bwdX] L=32 states=1 -> 1
[DP-fwdX] L=16 states=1 -> 1
[DP-fwdX] L=16 states=1 -> 1
[DP-fwdX] L=16 states=1 -> 1
[DP-bwdX] L=32 states=1 -> 1
[DP-bwdX] L=32 states=1 -> 1
[DP-bwdX] L=32 states=1 -> 1
[DP-fwdX] L=32 states=1 -> 1
[DP-bwdX] L=64 states=1 -> 1
[DP-fwdX] L=32 states=1 -> 1
[DP-bwdX] L=48 states=1 -> 1
[DP-fwdX] L=32 states=1 -> 1
[DP-fwdX] L=32 states=1 -> 1
[DP-fwdX] L=32 states=1 -> 1
[DP-bwdX] L=48 states=1 -> 1
[DP-bwdX] L=48 states=1 -> 1
[DP-bwdX] L=48 states=1 -> 1
[DP-fwdX] L=48 states=1 -> 1
[DP-bwdX] L=64 states=1 -> 1
[DP-fwdX] L=48 states=1 -> 1
[DP-fwdX] L=48 states=1 -> 1
[DP-fwdX] L=48 states=1 -> 1
[DP-bwdX] L=64 states=1 -> 1
[DP-bwdX] L=64 states=1 -> 1
[DP-bwdX] L=64 states=1 -> 1
[RowSwapCTR] expand small 8x8 -> full 16x8  top_rows=4  bot_rows=4  ctr_rows=8  n_full=128
  [Round 142] T_prime=15  T_target=15  HPWL_w=480336  HPWL_eq=476  maxL=26  WNS(T')=-11  WNS*(T)=-11  picked=0  solve_ms=16.9276
[OC-Shortest/pow2] m=8 h=8 SEG=4 bits=32 words=1 threads=24
[DP-fwdX] L=0 states=1 -> 1
[DP-fwdX] L=16 states=141 -> 164
[DP-bwdX] L=64 states=1 -> 1
[DP-bwdX] L=48 states=141 -> 164
[DP-fwdX] L=0 states=1 -> 1
[DP-bwdX] L=32 states=1 -> 1
[DP-fwdX] L=0 states=1 -> 1
[DP-bwdX] L=16 states=1 -> 1
[DP-fwdX] L=0 states=1 -> 1
[DP-fwdX] L=0 states=1 -> 1
[DP-fwdX] L=0 states=1 -> 1
[DP-bwdX] L=16 states=1 -> 1
[DP-bwdX] L=16 states=1 -> 1
[DP-bwdX] L=16 states=1 -> 1
[DP-fwdX] L=16 states=1 -> 1
[DP-bwdX] L=32 states=1 -> 1
[DP-fwdX] L=16 states=1 -> 1
[DP-fwdX] L=16 states=1 -> 1
[DP-fwdX] L=16 states=1 -> 1
[DP-bwdX] L=32 states=1 -> 1
[DP-bwdX] L=32 states=1 -> 1
[DP-bwdX] L=32 states=1 -> 1
[DP-fwdX] L=32 states=1 -> 1
[DP-bwdX] L=64 states=1 -> 1
[DP-fwdX] L=32 states=1 -> 1
[DP-bwdX] L=48 states=1 -> 1
[DP-fwdX] L=32 states=1 -> 1
[DP-fwdX] L=32 states=1 -> 1
[DP-fwdX] L=32 states=1 -> 1
[DP-bwdX] L=48 states=1 -> 1
[DP-bwdX] L=48 states=1 -> 1
[DP-bwdX] L=48 states=1 -> 1
[DP-fwdX] L=48 states=1 -> 1
[DP-bwdX] L=64 states=1 -> 1
[DP-fwdX] L=48 states=1 -> 1
[DP-fwdX] L=48 states=1 -> 1
[DP-fwdX] L=48 states=1 -> 1
[DP-bwdX] L=64 states=1 -> 1
[DP-bwdX] L=64 states=1 -> 1
[DP-bwdX] L=64 states=1 -> 1
[RowSwapCTR] expand small 8x8 -> full 16x8  top_rows=4  bot_rows=4  ctr_rows=8  n_full=128
  [Round 143] T_prime=15  T_target=15  HPWL_w=480336  HPWL_eq=476  maxL=26  WNS(T')=-11  WNS*(T)=-11  picked=0  solve_ms=16.5706
[OC-Shortest/pow2] m=8 h=8 SEG=4 bits=32 words=1 threads=24
[DP-fwdX] L=0 states=1 -> 1
[DP-fwdX] L=16 states=141 -> 164
[DP-bwdX] L=64 states=1 -> 1
[DP-bwdX] L=48 states=141 -> 164
[DP-fwdX] L=0 states=1 -> 1
[DP-bwdX] L=32 states=1 -> 1
[DP-fwdX] L=0 states=1 -> 1
[DP-bwdX] L=16 states=1 -> 1
[DP-fwdX] L=0 states=1 -> 1
[DP-fwdX] L=0 states=1 -> 1
[DP-fwdX] L=0 states=1 -> 1
[DP-bwdX] L=16 states=1 -> 1
[DP-bwdX] L=16 states=1 -> 1
[DP-bwdX] L=16 states=1 -> 1
[DP-fwdX] L=16 states=1 -> 1
[DP-bwdX] L=32 states=1 -> 1
[DP-fwdX] L=16 states=1 -> 1
[DP-fwdX] L=16 states=1 -> 1
[DP-fwdX] L=16 states=1 -> 1
[DP-bwdX] L=32 states=1 -> 1
[DP-bwdX] L=32 states=1 -> 1
[DP-bwdX] L=32 states=1 -> 1
[DP-fwdX] L=32 states=1 -> 1
[DP-bwdX] L=64 states=1 -> 1
[DP-fwdX] L=32 states=1 -> 1
[DP-bwdX] L=48 states=1 -> 1
[DP-fwdX] L=32 states=1 -> 1
[DP-fwdX] L=32 states=1 -> 1
[DP-fwdX] L=32 states=1 -> 1
[DP-bwdX] L=48 states=1 -> 1
[DP-bwdX] L=48 states=1 -> 1
[DP-bwdX] L=48 states=1 -> 1
[DP-fwdX] L=48 states=1 -> 1
[DP-bwdX] L=64 states=1 -> 1
[DP-fwdX] L=48 states=1 -> 1
[DP-fwdX] L=48 states=1 -> 1
[DP-fwdX] L=48 states=1 -> 1
[DP-bwdX] L=64 states=1 -> 1
[DP-bwdX] L=64 states=1 -> 1
[DP-bwdX] L=64 states=1 -> 1
[RowSwapCTR] expand small 8x8 -> full 16x8  top_rows=4  bot_rows=4  ctr_rows=8  n_full=128
  [Round 144] T_prime=15  T_target=15  HPWL_w=480336  HPWL_eq=476  maxL=26  WNS(T')=-11  WNS*(T)=-11  picked=0  solve_ms=16.7043
[OC-Shortest/pow2] m=8 h=8 SEG=4 bits=32 words=1 threads=24
[DP-fwdX] L=0 states=1 -> 1
[DP-fwdX] L=16 states=141 -> 164
[DP-bwdX] L=64 states=1 -> 1
[DP-bwdX] L=48 states=141 -> 164
[DP-fwdX] L=0 states=1 -> 1
[DP-bwdX] L=32 states=1 -> 1
[DP-fwdX] L=0 states=1 -> 1
[DP-bwdX] L=16 states=1 -> 1
[DP-fwdX] L=0 states=1 -> 1
[DP-fwdX] L=0 states=1 -> 1
[DP-fwdX] L=0 states=1 -> 1
[DP-bwdX] L=16 states=1 -> 1
[DP-bwdX] L=16 states=1 -> 1
[DP-bwdX] L=16 states=1 -> 1
[DP-fwdX] L=16 states=1 -> 1
[DP-bwdX] L=32 states=1 -> 1
[DP-fwdX] L=16 states=1 -> 1
[DP-fwdX] L=16 states=1 -> 1
[DP-fwdX] L=16 states=1 -> 1
[DP-bwdX] L=32 states=1 -> 1
[DP-bwdX] L=32 states=1 -> 1
[DP-bwdX] L=32 states=1 -> 1
[DP-fwdX] L=32 states=1 -> 1
[DP-bwdX] L=64 states=1 -> 1
[DP-fwdX] L=32 states=1 -> 1
[DP-bwdX] L=48 states=1 -> 1
[DP-fwdX] L=32 states=1 -> 1
[DP-fwdX] L=32 states=1 -> 1
[DP-fwdX] L=32 states=1 -> 1
[DP-bwdX] L=48 states=1 -> 1
[DP-bwdX] L=48 states=1 -> 1
[DP-bwdX] L=48 states=1 -> 1
[DP-fwdX] L=48 states=1 -> 1
[DP-bwdX] L=64 states=1 -> 1
[DP-fwdX] L=48 states=1 -> 1
[DP-fwdX] L=48 states=1 -> 1
[DP-fwdX] L=48 states=1 -> 1
[DP-bwdX] L=64 states=1 -> 1
[DP-bwdX] L=64 states=1 -> 1
[DP-bwdX] L=64 states=1 -> 1
[RowSwapCTR] expand small 8x8 -> full 16x8  top_rows=4  bot_rows=4  ctr_rows=8  n_full=128
  [Round 145] T_prime=15  T_target=15  HPWL_w=480336  HPWL_eq=476  maxL=26  WNS(T')=-11  WNS*(T)=-11  picked=0  solve_ms=16.8055
[OC-Shortest/pow2] m=8 h=8 SEG=4 bits=32 words=1 threads=24
[DP-fwdX] L=0 states=1 -> 1
[DP-fwdX] L=16 states=141 -> 164
[DP-bwdX] L=64 states=1 -> 1
[DP-bwdX] L=48 states=141 -> 164
[DP-fwdX] L=0 states=1 -> 1
[DP-bwdX] L=32 states=1 -> 1
[DP-fwdX] L=0 states=1 -> 1
[DP-bwdX] L=16 states=1 -> 1
[DP-fwdX] L=0 states=1 -> 1
[DP-fwdX] L=0 states=1 -> 1
[DP-fwdX] L=0 states=1 -> 1
[DP-bwdX] L=16 states=1 -> 1
[DP-bwdX] L=16 states=1 -> 1
[DP-bwdX] L=16 states=1 -> 1
[DP-fwdX] L=16 states=1 -> 1
[DP-bwdX] L=32 states=1 -> 1
[DP-fwdX] L=16 states=1 -> 1
[DP-fwdX] L=16 states=1 -> 1
[DP-fwdX] L=16 states=1 -> 1
[DP-bwdX] L=32 states=1 -> 1
[DP-bwdX] L=32 states=1 -> 1
[DP-bwdX] L=32 states=1 -> 1
[DP-fwdX] L=32 states=1 -> 1
[DP-bwdX] L=64 states=1 -> 1
[DP-fwdX] L=32 states=1 -> 1
[DP-bwdX] L=48 states=1 -> 1
[DP-fwdX] L=32 states=1 -> 1
[DP-fwdX] L=32 states=1 -> 1
[DP-fwdX] L=32 states=1 -> 1
[DP-bwdX] L=48 states=1 -> 1
[DP-bwdX] L=48 states=1 -> 1
[DP-bwdX] L=48 states=1 -> 1
[DP-fwdX] L=48 states=1 -> 1
[DP-bwdX] L=64 states=1 -> 1
[DP-fwdX] L=48 states=1 -> 1
[DP-fwdX] L=48 states=1 -> 1
[DP-fwdX] L=48 states=1 -> 1
[DP-bwdX] L=64 states=1 -> 1
[DP-bwdX] L=64 states=1 -> 1
[DP-bwdX] L=64 states=1 -> 1
[RowSwapCTR] expand small 8x8 -> full 16x8  top_rows=4  bot_rows=4  ctr_rows=8  n_full=128
  [Round 146] T_prime=15  T_target=15  HPWL_w=480336  HPWL_eq=476  maxL=26  WNS(T')=-11  WNS*(T)=-11  picked=0  solve_ms=16.8741
[OC-Shortest/pow2] m=8 h=8 SEG=4 bits=32 words=1 threads=24
[DP-fwdX] L=0 states=1 -> 1
[DP-fwdX] L=16 states=141 -> 164
[DP-bwdX] L=64 states=1 -> 1
[DP-bwdX] L=48 states=141 -> 164
[DP-fwdX] L=0 states=1 -> 1
[DP-bwdX] L=32 states=1 -> 1
[DP-fwdX] L=0 states=1 -> 1
[DP-bwdX] L=16 states=1 -> 1
[DP-fwdX] L=0 states=1 -> 1
[DP-fwdX] L=0 states=1 -> 1
[DP-fwdX] L=0 states=1 -> 1
[DP-bwdX] L=16 states=1 -> 1
[DP-bwdX] L=16 states=1 -> 1
[DP-bwdX] L=16 states=1 -> 1
[DP-fwdX] L=16 states=1 -> 1
[DP-bwdX] L=32 states=1 -> 1
[DP-fwdX] L=16 states=1 -> 1
[DP-fwdX] L=16 states=1 -> 1
[DP-fwdX] L=16 states=1 -> 1
[DP-bwdX] L=32 states=1 -> 1
[DP-bwdX] L=32 states=1 -> 1
[DP-bwdX] L=32 states=1 -> 1
[DP-fwdX] L=32 states=1 -> 1
[DP-bwdX] L=64 states=1 -> 1
[DP-fwdX] L=32 states=1 -> 1
[DP-bwdX] L=48 states=1 -> 1
[DP-fwdX] L=32 states=1 -> 1
[DP-fwdX] L=32 states=1 -> 1
[DP-fwdX] L=32 states=1 -> 1
[DP-bwdX] L=48 states=1 -> 1
[DP-bwdX] L=48 states=1 -> 1
[DP-bwdX] L=48 states=1 -> 1
[DP-fwdX] L=48 states=1 -> 1
[DP-bwdX] L=64 states=1 -> 1
[DP-fwdX] L=48 states=1 -> 1
[DP-fwdX] L=48 states=1 -> 1
[DP-fwdX] L=48 states=1 -> 1
[DP-bwdX] L=64 states=1 -> 1
[DP-bwdX] L=64 states=1 -> 1
[DP-bwdX] L=64 states=1 -> 1
[RowSwapCTR] expand small 8x8 -> full 16x8  top_rows=4  bot_rows=4  ctr_rows=8  n_full=128
  [Round 147] T_prime=15  T_target=15  HPWL_w=480336  HPWL_eq=476  maxL=26  WNS(T')=-11  WNS*(T)=-11  picked=0  solve_ms=24.1578
[OC-Shortest/pow2] m=8 h=8 SEG=4 bits=32 words=1 threads=24
[DP-fwdX] L=0 states=1 -> 1
[DP-fwdX] L=16 states=141 -> 164
[DP-bwdX] L=64 states=1 -> 1
[DP-bwdX] L=48 states=141 -> 164
[DP-fwdX] L=0 states=1 -> 1
[DP-bwdX] L=32 states=1 -> 1
[DP-fwdX] L=0 states=1 -> 1
[DP-bwdX] L=16 states=1 -> 1
[DP-fwdX] L=0 states=1 -> 1
[DP-fwdX] L=0 states=1 -> 1
[DP-fwdX] L=0 states=1 -> 1
[DP-bwdX] L=16 states=1 -> 1
[DP-bwdX] L=16 states=1 -> 1
[DP-bwdX] L=16 states=1 -> 1
[DP-fwdX] L=16 states=1 -> 1
[DP-bwdX] L=32 states=1 -> 1
[DP-fwdX] L=16 states=1 -> 1
[DP-fwdX] L=16 states=1 -> 1
[DP-fwdX] L=16 states=1 -> 1
[DP-bwdX] L=32 states=1 -> 1
[DP-bwdX] L=32 states=1 -> 1
[DP-bwdX] L=32 states=1 -> 1
[DP-fwdX] L=32 states=1 -> 1
[DP-bwdX] L=64 states=1 -> 1
[DP-fwdX] L=32 states=1 -> 1
[DP-bwdX] L=48 states=1 -> 1
[DP-fwdX] L=32 states=1 -> 1
[DP-fwdX] L=32 states=1 -> 1
[DP-fwdX] L=32 states=1 -> 1
[DP-bwdX] L=48 states=1 -> 1
[DP-bwdX] L=48 states=1 -> 1
[DP-bwdX] L=48 states=1 -> 1
[DP-fwdX] L=48 states=1 -> 1
[DP-bwdX] L=64 states=1 -> 1
[DP-fwdX] L=48 states=1 -> 1
[DP-fwdX] L=48 states=1 -> 1
[DP-fwdX] L=48 states=1 -> 1
[DP-bwdX] L=64 states=1 -> 1
[DP-bwdX] L=64 states=1 -> 1
[DP-bwdX] L=64 states=1 -> 1
[RowSwapCTR] expand small 8x8 -> full 16x8  top_rows=4  bot_rows=4  ctr_rows=8  n_full=128
  [Round 148] T_prime=15  T_target=15  HPWL_w=480336  HPWL_eq=476  maxL=26  WNS(T')=-11  WNS*(T)=-11  picked=0  solve_ms=34.3244
[OC-Shortest/pow2] m=8 h=8 SEG=4 bits=32 words=1 threads=24
[DP-fwdX] L=0 states=1 -> 1
[DP-fwdX] L=16 states=141 -> 164
[DP-bwdX] L=64 states=1 -> 1
[DP-bwdX] L=48 states=141 -> 164
[DP-fwdX] L=0 states=1 -> 1
[DP-bwdX] L=32 states=1 -> 1
[DP-fwdX] L=0 states=1 -> 1
[DP-bwdX] L=16 states=1 -> 1
[DP-fwdX] L=0 states=1 -> 1
[DP-fwdX] L=0 states=1 -> 1
[DP-fwdX] L=0 states=1 -> 1
[DP-bwdX] L=16 states=1 -> 1
[DP-bwdX] L=16 states=1 -> 1
[DP-bwdX] L=16 states=1 -> 1
[DP-fwdX] L=16 states=1 -> 1
[DP-bwdX] L=32 states=1 -> 1
[DP-fwdX] L=16 states=1 -> 1
[DP-fwdX] L=16 states=1 -> 1
[DP-fwdX] L=16 states=1 -> 1
[DP-bwdX] L=32 states=1 -> 1
[DP-bwdX] L=32 states=1 -> 1
[DP-bwdX] L=32 states=1 -> 1
[DP-fwdX] L=32 states=1 -> 1
[DP-bwdX] L=64 states=1 -> 1
[DP-fwdX] L=32 states=1 -> 1
[DP-bwdX] L=48 states=1 -> 1
[DP-fwdX] L=32 states=1 -> 1
[DP-fwdX] L=32 states=1 -> 1
[DP-fwdX] L=32 states=1 -> 1
[DP-bwdX] L=48 states=1 -> 1
[DP-bwdX] L=48 states=1 -> 1
[DP-bwdX] L=48 states=1 -> 1
[DP-fwdX] L=48 states=1 -> 1
[DP-bwdX] L=64 states=1 -> 1
[DP-fwdX] L=48 states=1 -> 1
[DP-fwdX] L=48 states=1 -> 1
[DP-fwdX] L=48 states=1 -> 1
[DP-bwdX] L=64 states=1 -> 1
[DP-bwdX] L=64 states=1 -> 1
[DP-bwdX] L=64 states=1 -> 1
[RowSwapCTR] expand small 8x8 -> full 16x8  top_rows=4  bot_rows=4  ctr_rows=8  n_full=128
  [Round 149] T_prime=15  T_target=15  HPWL_w=480336  HPWL_eq=476  maxL=26  WNS(T')=-11  WNS*(T)=-11  picked=0  solve_ms=18.1215
[OC-Shortest/pow2] m=8 h=8 SEG=4 bits=32 words=1 threads=24
[DP-fwdX] L=0 states=1 -> 1
[DP-fwdX] L=16 states=141 -> 164
[DP-bwdX] L=64 states=1 -> 1
[DP-bwdX] L=48 states=141 -> 164
[DP-fwdX] L=0 states=1 -> 1
[DP-bwdX] L=32 states=1 -> 1
[DP-fwdX] L=0 states=1 -> 1
[DP-bwdX] L=16 states=1 -> 1
[DP-fwdX] L=0 states=1 -> 1
[DP-fwdX] L=0 states=1 -> 1
[DP-fwdX] L=0 states=1 -> 1
[DP-bwdX] L=16 states=1 -> 1
[DP-bwdX] L=16 states=1 -> 1
[DP-bwdX] L=16 states=1 -> 1
[DP-fwdX] L=16 states=1 -> 1
[DP-bwdX] L=32 states=1 -> 1
[DP-fwdX] L=16 states=1 -> 1
[DP-fwdX] L=16 states=1 -> 1
[DP-fwdX] L=16 states=1 -> 1
[DP-bwdX] L=32 states=1 -> 1
[DP-bwdX] L=32 states=1 -> 1
[DP-bwdX] L=32 states=1 -> 1
[DP-fwdX] L=32 states=1 -> 1
[DP-bwdX] L=64 states=1 -> 1
[DP-fwdX] L=32 states=1 -> 1
[DP-bwdX] L=48 states=1 -> 1
[DP-fwdX] L=32 states=1 -> 1
[DP-fwdX] L=32 states=1 -> 1
[DP-fwdX] L=32 states=1 -> 1
[DP-bwdX] L=48 states=1 -> 1
[DP-bwdX] L=48 states=1 -> 1
[DP-bwdX] L=48 states=1 -> 1
[DP-fwdX] L=48 states=1 -> 1
[DP-bwdX] L=64 states=1 -> 1
[DP-fwdX] L=48 states=1 -> 1
[DP-fwdX] L=48 states=1 -> 1
[DP-fwdX] L=48 states=1 -> 1
[DP-bwdX] L=64 states=1 -> 1
[DP-bwdX] L=64 states=1 -> 1
[DP-bwdX] L=64 states=1 -> 1
[RowSwapCTR] expand small 8x8 -> full 16x8  top_rows=4  bot_rows=4  ctr_rows=8  n_full=128
  [Round 150] T_prime=15  T_target=15  HPWL_w=480336  HPWL_eq=476  maxL=26  WNS(T')=-11  WNS*(T)=-11  picked=0  solve_ms=17.9474
[Policy] wrote placement to: placement16_Col_1_T_15.txt
[MultiCol] moved base placement to: ./base_placement_16x8_T_15.txt
[MultiCol] parsed base Y entries: 128 (expect 128)
[MultiCol] wrote multi-col placement: placement16_Col_2_T_15.txt
[MultiCol] done. placement=placement16_Col_2_T_15.txt  total_ms=2728.5 ms
