[MultiCol] m=36 h=40 K=5 T=8 rounds=150 policy=soft snake=1 work_dir=.
[MultiCol] exec: build/oc_policy_singlecol 36 8 150 --T=8 --policy=soft --freeze=1 --cap=64 --scale=1000 --dV=1 --pow2=1 --progress=1 --alpha=0.9 --eta=1 --gamma=0.3 --beta=3 --homotopy=1 --sigma=0.8 --shrink=0.9
[Policy] m_full=36 h_full=8  m_dp=8 h_dp=8  rounds=150 T_target=8 policy=soft+freeze cap=64 scale=1000 freeze=1 homotopy=1 sigma=0.8 shrink=0.9 fast_ctr=1
[OC-Shortest/pow2] m=8 h=8 SEG=4 bits=32 words=1 threads=24
[DP-fwdX] L=0 states=1 -> 1
[DP-fwdX] L=16 states=141 -> 164
[DP-bwdX] L=64 states=1 -> 1
[DP-bwdX] L=48 states=141 -> 164
[DP-fwdX] L=0 states=1 -> 1
[DP-bwdX] L=32 states=1 -> 1
[DP-fwdX] L=0 states=1 -> 1
[DP-bwdX] L=16 states=1 -> 2
[DP-fwdX] L=0 states=1 -> 1
[DP-fwdX] L=0 states=1 -> 1
[DP-fwdX] L=0 states=1 -> 1
[DP-bwdX] L=16 states=1 -> 2
[DP-bwdX] L=16 states=1 -> 2
[DP-bwdX] L=16 states=1 -> 2
[DP-fwdX] L=16 states=1 -> 3
[DP-bwdX] L=32 states=1 -> 1
[DP-fwdX] L=16 states=1 -> 3
[DP-fwdX] L=16 states=1 -> 3
[DP-fwdX] L=16 states=1 -> 3
[DP-bwdX] L=32 states=1 -> 1
[DP-bwdX] L=32 states=1 -> 1
[DP-bwdX] L=32 states=1 -> 1
[DP-fwdX] L=32 states=1 -> 1
[DP-bwdX] L=64 states=1 -> 1
[DP-fwdX] L=32 states=1 -> 1
[DP-bwdX] L=48 states=1 -> 3
[DP-fwdX] L=32 states=1 -> 1
[DP-fwdX] L=32 states=1 -> 1
[DP-fwdX] L=32 states=1 -> 1
[DP-bwdX] L=48 states=1 -> 3
[DP-bwdX] L=48 states=1 -> 3
[DP-bwdX] L=48 states=1 -> 3
[DP-fwdX] L=48 states=1 -> 2
[DP-bwdX] L=64 states=1 -> 1
[DP-fwdX] L=48 states=1 -> 2
[DP-fwdX] L=48 states=1 -> 2
[DP-fwdX] L=48 states=1 -> 2
[DP-bwdX] L=64 states=1 -> 1
[DP-bwdX] L=64 states=1 -> 1
[DP-bwdX] L=64 states=1 -> 1
[Init-Homotopy] round1 maxL=20  set T_prime0=16 (T_target=8)
  [Round 1] T_prime=16  T_target=8  HPWL_w=472000  HPWL_eq=472  maxL=20  WNS(T')=-4  WNS*(T)=-12  picked=6  solve_ms=23.263
[OC-Shortest/pow2] m=8 h=8 SEG=4 bits=32 words=1 threads=24
[DP-fwdX] L=0 states=1 -> 1
[DP-fwdX] L=16 states=141 -> 164
[DP-bwdX] L=64 states=1 -> 1
[DP-bwdX] L=48 states=141 -> 164
[DP-fwdX] L=0 states=1 -> 1
[DP-bwdX] L=32 states=1 -> 1
[DP-fwdX] L=0 states=1 -> 1
[DP-bwdX] L=16 states=1 -> 2
[DP-fwdX] L=0 states=1 -> 1
[DP-fwdX] L=0 states=1 -> 1
[DP-fwdX] L=0 states=1 -> 1
[DP-bwdX] L=16 states=1 -> 2
[DP-bwdX] L=16 states=1 -> 2
[DP-bwdX] L=16 states=1 -> 2
[DP-fwdX] L=16 states=1 -> 3
[DP-bwdX] L=32 states=1 -> 1
[DP-fwdX] L=16 states=1 -> 3
[DP-fwdX] L=16 states=1 -> 3
[DP-fwdX] L=16 states=1 -> 3
[DP-bwdX] L=32 states=1 -> 1
[DP-bwdX] L=32 states=1 -> 1
[DP-bwdX] L=32 states=1 -> 1
[DP-fwdX] L=32 states=1 -> 1
[DP-bwdX] L=64 states=1 -> 1
[DP-fwdX] L=32 states=1 -> 1
[DP-bwdX] L=48 states=1 -> 3
[DP-fwdX] L=32 states=1 -> 1
[DP-fwdX] L=32 states=1 -> 1
[DP-fwdX] L=32 states=1 -> 1
[DP-bwdX] L=48 states=1 -> 3
[DP-bwdX] L=48 states=1 -> 3
[DP-bwdX] L=48 states=1 -> 3
[DP-fwdX] L=48 states=1 -> 2
[DP-bwdX] L=64 states=1 -> 1
[DP-fwdX] L=48 states=1 -> 2
[DP-fwdX] L=48 states=1 -> 2
[DP-fwdX] L=48 states=1 -> 2
[DP-bwdX] L=64 states=1 -> 1
[DP-bwdX] L=64 states=1 -> 1
[DP-bwdX] L=64 states=1 -> 1
  [Round 2] T_prime=16  T_target=8  HPWL_w=472222  HPWL_eq=472  maxL=20  WNS(T')=-4  WNS*(T)=-12  picked=6  solve_ms=19.3794
[OC-Shortest/pow2] m=8 h=8 SEG=4 bits=32 words=1 threads=24
[DP-fwdX] L=0 states=1 -> 1
[DP-fwdX] L=16 states=141 -> 164
[DP-bwdX] L=64 states=1 -> 1
[DP-bwdX] L=48 states=141 -> 164
[DP-fwdX] L=0 states=1 -> 1
[DP-bwdX] L=32 states=1 -> 1
[DP-fwdX] L=0 states=1 -> 1
[DP-bwdX] L=16 states=1 -> 2
[DP-fwdX] L=0 states=1 -> 1
[DP-fwdX] L=0 states=1 -> 1
[DP-fwdX] L=0 states=1 -> 1
[DP-bwdX] L=16 states=1 -> 2
[DP-bwdX] L=16 states=1 -> 2
[DP-bwdX] L=16 states=1 -> 2
[DP-fwdX] L=16 states=1 -> 3
[DP-bwdX] L=32 states=1 -> 1
[DP-fwdX] L=16 states=1 -> 3
[DP-fwdX] L=16 states=1 -> 3
[DP-fwdX] L=16 states=1 -> 3
[DP-bwdX] L=32 states=1 -> 1
[DP-bwdX] L=32 states=1 -> 1
[DP-bwdX] L=32 states=1 -> 1
[DP-fwdX] L=32 states=1 -> 1
[DP-bwdX] L=64 states=1 -> 1
[DP-fwdX] L=32 states=1 -> 1
[DP-bwdX] L=48 states=1 -> 3
[DP-fwdX] L=32 states=1 -> 1
[DP-fwdX] L=32 states=1 -> 1
[DP-fwdX] L=32 states=1 -> 1
[DP-bwdX] L=48 states=1 -> 3
[DP-bwdX] L=48 states=1 -> 3
[DP-bwdX] L=48 states=1 -> 3
[DP-fwdX] L=48 states=1 -> 2
[DP-bwdX] L=64 states=1 -> 1
[DP-fwdX] L=48 states=1 -> 2
[DP-fwdX] L=48 states=1 -> 2
[DP-fwdX] L=48 states=1 -> 2
[DP-bwdX] L=64 states=1 -> 1
[DP-bwdX] L=64 states=1 -> 1
[DP-bwdX] L=64 states=1 -> 1
  [Round 3] T_prime=16  T_target=8  HPWL_w=473704  HPWL_eq=472  maxL=20  WNS(T')=-4  WNS*(T)=-12  picked=6  solve_ms=19.3274
[OC-Shortest/pow2] m=8 h=8 SEG=4 bits=32 words=1 threads=24
[DP-fwdX] L=0 states=1 -> 1
[DP-fwdX] L=16 states=141 -> 164
[DP-bwdX] L=64 states=1 -> 1
[DP-bwdX] L=48 states=141 -> 164
[DP-fwdX] L=0 states=1 -> 1
[DP-bwdX] L=32 states=1 -> 1
[DP-fwdX] L=0 states=1 -> 1
[DP-bwdX] L=16 states=1 -> 2
[DP-fwdX] L=0 states=1 -> 1
[DP-fwdX] L=0 states=1 -> 1
[DP-fwdX] L=0 states=1 -> 1
[DP-bwdX] L=16 states=1 -> 2
[DP-bwdX] L=16 states=1 -> 2
[DP-bwdX] L=16 states=1 -> 2
[DP-fwdX] L=16 states=1 -> 3
[DP-bwdX] L=32 states=1 -> 1
[DP-fwdX] L=16 states=1 -> 3
[DP-fwdX] L=16 states=1 -> 3
[DP-fwdX] L=16 states=1 -> 3
[DP-bwdX] L=32 states=1 -> 1
[DP-bwdX] L=32 states=1 -> 1
[DP-bwdX] L=32 states=1 -> 1
[DP-fwdX] L=32 states=1 -> 1
[DP-bwdX] L=64 states=1 -> 1
[DP-fwdX] L=32 states=1 -> 1
[DP-bwdX] L=48 states=1 -> 3
[DP-fwdX] L=32 states=1 -> 1
[DP-fwdX] L=32 states=1 -> 1
[DP-fwdX] L=32 states=1 -> 1
[DP-bwdX] L=48 states=1 -> 3
[DP-bwdX] L=48 states=1 -> 3
[DP-bwdX] L=48 states=1 -> 3
[DP-fwdX] L=48 states=1 -> 2
[DP-bwdX] L=64 states=1 -> 1
[DP-fwdX] L=48 states=1 -> 2
[DP-fwdX] L=48 states=1 -> 2
[DP-fwdX] L=48 states=1 -> 2
[DP-bwdX] L=64 states=1 -> 1
[DP-bwdX] L=64 states=1 -> 1
[DP-bwdX] L=64 states=1 -> 1
  [Round 4] T_prime=16  T_target=8  HPWL_w=474380  HPWL_eq=472  maxL=20  WNS(T')=-4  WNS*(T)=-12  picked=6  solve_ms=19.4465
[OC-Shortest/pow2] m=8 h=8 SEG=4 bits=32 words=1 threads=24
[DP-fwdX] L=0 states=1 -> 1
[DP-fwdX] L=16 states=141 -> 164
[DP-bwdX] L=64 states=1 -> 1
[DP-bwdX] L=48 states=141 -> 164
[DP-fwdX] L=0 states=1 -> 1
[DP-bwdX] L=32 states=1 -> 1
[DP-fwdX] L=0 states=1 -> 1
[DP-bwdX] L=16 states=1 -> 2
[DP-fwdX] L=0 states=1 -> 1
[DP-fwdX] L=0 states=1 -> 1
[DP-fwdX] L=0 states=1 -> 1
[DP-bwdX] L=16 states=1 -> 2
[DP-bwdX] L=16 states=1 -> 2
[DP-bwdX] L=16 states=1 -> 2
[DP-fwdX] L=16 states=1 -> 3
[DP-bwdX] L=32 states=1 -> 1
[DP-fwdX] L=16 states=1 -> 3
[DP-fwdX] L=16 states=1 -> 3
[DP-fwdX] L=16 states=1 -> 3
[DP-bwdX] L=32 states=1 -> 1
[DP-bwdX] L=32 states=1 -> 1
[DP-bwdX] L=32 states=1 -> 1
[DP-fwdX] L=32 states=1 -> 1
[DP-bwdX] L=64 states=1 -> 1
[DP-fwdX] L=32 states=1 -> 1
[DP-bwdX] L=48 states=1 -> 3
[DP-fwdX] L=32 states=1 -> 1
[DP-fwdX] L=32 states=1 -> 1
[DP-fwdX] L=32 states=1 -> 1
[DP-bwdX] L=48 states=1 -> 3
[DP-bwdX] L=48 states=1 -> 3
[DP-bwdX] L=48 states=1 -> 3
[DP-fwdX] L=48 states=1 -> 2
[DP-bwdX] L=64 states=1 -> 1
[DP-fwdX] L=48 states=1 -> 2
[DP-fwdX] L=48 states=1 -> 2
[DP-fwdX] L=48 states=1 -> 2
[DP-bwdX] L=64 states=1 -> 1
[DP-bwdX] L=64 states=1 -> 1
[DP-bwdX] L=64 states=1 -> 1
  [Round 5] T_prime=16  T_target=8  HPWL_w=477030  HPWL_eq=472  maxL=20  WNS(T')=-4  WNS*(T)=-12  picked=6  solve_ms=19.0858
[OC-Shortest/pow2] m=8 h=8 SEG=4 bits=32 words=1 threads=24
[DP-fwdX] L=0 states=1 -> 1
[DP-fwdX] L=16 states=141 -> 164
[DP-bwdX] L=64 states=1 -> 1
[DP-bwdX] L=48 states=141 -> 164
[DP-fwdX] L=0 states=1 -> 1
[DP-bwdX] L=32 states=1 -> 1
[DP-fwdX] L=0 states=1 -> 1
[DP-bwdX] L=16 states=1 -> 2
[DP-fwdX] L=0 states=1 -> 1
[DP-fwdX] L=0 states=1 -> 1
[DP-fwdX] L=0 states=1 -> 1
[DP-bwdX] L=16 states=1 -> 2
[DP-bwdX] L=16 states=1 -> 2
[DP-bwdX] L=16 states=1 -> 2
[DP-fwdX] L=16 states=1 -> 3
[DP-bwdX] L=32 states=1 -> 1
[DP-fwdX] L=16 states=1 -> 3
[DP-fwdX] L=16 states=1 -> 3
[DP-fwdX] L=16 states=1 -> 3
[DP-bwdX] L=32 states=1 -> 1
[DP-bwdX] L=32 states=1 -> 1
[DP-bwdX] L=32 states=1 -> 1
[DP-fwdX] L=32 states=1 -> 1
[DP-bwdX] L=64 states=1 -> 1
[DP-fwdX] L=32 states=1 -> 1
[DP-bwdX] L=48 states=1 -> 3
[DP-fwdX] L=32 states=1 -> 1
[DP-fwdX] L=32 states=1 -> 1
[DP-fwdX] L=32 states=1 -> 1
[DP-bwdX] L=48 states=1 -> 3
[DP-bwdX] L=48 states=1 -> 3
[DP-bwdX] L=48 states=1 -> 3
[DP-fwdX] L=48 states=1 -> 2
[DP-bwdX] L=64 states=1 -> 1
[DP-fwdX] L=48 states=1 -> 2
[DP-fwdX] L=48 states=1 -> 2
[DP-fwdX] L=48 states=1 -> 2
[DP-bwdX] L=64 states=1 -> 1
[DP-bwdX] L=64 states=1 -> 1
[DP-bwdX] L=64 states=1 -> 1
  [Round 6] T_prime=16  T_target=8  HPWL_w=478120  HPWL_eq=472  maxL=20  WNS(T')=-4  WNS*(T)=-12  picked=6  solve_ms=19.0339
[OC-Shortest/pow2] m=8 h=8 SEG=4 bits=32 words=1 threads=24
[DP-fwdX] L=0 states=1 -> 1
[DP-fwdX] L=16 states=141 -> 164
[DP-bwdX] L=64 states=1 -> 1
[DP-bwdX] L=48 states=141 -> 164
[DP-fwdX] L=0 states=1 -> 1
[DP-bwdX] L=32 states=1 -> 1
[DP-fwdX] L=0 states=1 -> 1
[DP-bwdX] L=16 states=1 -> 1
[DP-fwdX] L=0 states=1 -> 1
[DP-fwdX] L=0 states=1 -> 1
[DP-fwdX] L=0 states=1 -> 1
[DP-bwdX] L=16 states=1 -> 1
[DP-bwdX] L=16 states=1 -> 1
[DP-bwdX] L=16 states=1 -> 1
[DP-fwdX] L=16 states=1 -> 1
[DP-bwdX] L=32 states=1 -> 1
[DP-fwdX] L=16 states=1 -> 1
[DP-fwdX] L=16 states=1 -> 1
[DP-fwdX] L=16 states=1 -> 1
[DP-bwdX] L=32 states=1 -> 1
[DP-bwdX] L=32 states=1 -> 1
[DP-bwdX] L=32 states=1 -> 1
[DP-fwdX] L=32 states=1 -> 1
[DP-bwdX] L=64 states=1 -> 1
[DP-fwdX] L=32 states=1 -> 1
[DP-bwdX] L=48 states=1 -> 1
[DP-fwdX] L=32 states=1 -> 1
[DP-fwdX] L=32 states=1 -> 1
[DP-fwdX] L=32 states=1 -> 1
[DP-bwdX] L=48 states=1 -> 1
[DP-bwdX] L=48 states=1 -> 1
[DP-bwdX] L=48 states=1 -> 1
[DP-fwdX] L=48 states=1 -> 1
[DP-bwdX] L=64 states=1 -> 1
[DP-fwdX] L=48 states=1 -> 1
[DP-fwdX] L=48 states=1 -> 1
[DP-fwdX] L=48 states=1 -> 1
[DP-bwdX] L=64 states=1 -> 1
[DP-bwdX] L=64 states=1 -> 1
[DP-bwdX] L=64 states=1 -> 1
  [Round 7] T_prime=16  T_target=8  HPWL_w=480336  HPWL_eq=476  maxL=14  WNS(T')=2  WNS*(T)=-6  picked=0  solve_ms=18.4825
    [Tighten] T_prime: 16 -> 12 (sigma*maxL=12, shrink=15)  | cold-start: reset inertia
[OC-Shortest/pow2] m=8 h=8 SEG=4 bits=32 words=1 threads=24
[DP-fwdX] L=0 states=1 -> 1
[DP-fwdX] L=16 states=141 -> 164
[DP-bwdX] L=64 states=1 -> 1
[DP-bwdX] L=48 states=141 -> 164
[DP-fwdX] L=0 states=1 -> 1
[DP-bwdX] L=32 states=1 -> 1
[DP-fwdX] L=0 states=1 -> 1
[DP-bwdX] L=16 states=1 -> 1
[DP-fwdX] L=0 states=1 -> 1
[DP-fwdX] L=0 states=1 -> 1
[DP-fwdX] L=0 states=1 -> 1
[DP-bwdX] L=16 states=1 -> 1
[DP-bwdX] L=16 states=1 -> 1
[DP-bwdX] L=16 states=1 -> 1
[DP-fwdX] L=16 states=1 -> 1
[DP-bwdX] L=32 states=1 -> 1
[DP-fwdX] L=16 states=1 -> 1
[DP-fwdX] L=16 states=1 -> 1
[DP-fwdX] L=16 states=1 -> 1
[DP-bwdX] L=32 states=1 -> 1
[DP-bwdX] L=32 states=1 -> 1
[DP-bwdX] L=32 states=1 -> 1
[DP-fwdX] L=32 states=1 -> 1
[DP-bwdX] L=64 states=1 -> 1
[DP-fwdX] L=32 states=1 -> 1
[DP-bwdX] L=48 states=1 -> 1
[DP-fwdX] L=32 states=1 -> 1
[DP-fwdX] L=32 states=1 -> 1
[DP-fwdX] L=32 states=1 -> 1
[DP-bwdX] L=48 states=1 -> 1
[DP-bwdX] L=48 states=1 -> 1
[DP-bwdX] L=48 states=1 -> 1
[DP-fwdX] L=48 states=1 -> 1
[DP-bwdX] L=64 states=1 -> 1
[DP-fwdX] L=48 states=1 -> 1
[DP-fwdX] L=48 states=1 -> 1
[DP-fwdX] L=48 states=1 -> 1
[DP-bwdX] L=64 states=1 -> 1
[DP-bwdX] L=64 states=1 -> 1
[DP-bwdX] L=64 states=1 -> 1
  [Round 8] T_prime=12  T_target=8  HPWL_w=480336  HPWL_eq=476  maxL=14  WNS(T')=-2  WNS*(T)=-6  picked=6  solve_ms=18.6648
[OC-Shortest/pow2] m=8 h=8 SEG=4 bits=32 words=1 threads=24
[DP-fwdX] L=0 states=1 -> 1
[DP-fwdX] L=16 states=141 -> 164
[DP-bwdX] L=64 states=1 -> 1
[DP-bwdX] L=48 states=141 -> 164
[DP-fwdX] L=0 states=1 -> 1
[DP-bwdX] L=32 states=1 -> 1
[DP-fwdX] L=0 states=1 -> 1
[DP-bwdX] L=16 states=1 -> 1
[DP-fwdX] L=0 states=1 -> 1
[DP-fwdX] L=0 states=1 -> 1
[DP-fwdX] L=0 states=1 -> 1
[DP-bwdX] L=16 states=1 -> 1
[DP-bwdX] L=16 states=1 -> 1
[DP-bwdX] L=16 states=1 -> 1
[DP-fwdX] L=16 states=1 -> 1
[DP-bwdX] L=32 states=1 -> 1
[DP-fwdX] L=16 states=1 -> 1
[DP-fwdX] L=16 states=1 -> 1
[DP-fwdX] L=16 states=1 -> 1
[DP-bwdX] L=32 states=1 -> 1
[DP-bwdX] L=32 states=1 -> 1
[DP-bwdX] L=32 states=1 -> 1
[DP-fwdX] L=32 states=1 -> 1
[DP-bwdX] L=64 states=1 -> 1
[DP-fwdX] L=32 states=1 -> 1
[DP-bwdX] L=48 states=1 -> 1
[DP-fwdX] L=32 states=1 -> 1
[DP-fwdX] L=32 states=1 -> 1
[DP-fwdX] L=32 states=1 -> 1
[DP-bwdX] L=48 states=1 -> 1
[DP-bwdX] L=48 states=1 -> 1
[DP-bwdX] L=48 states=1 -> 1
[DP-fwdX] L=48 states=1 -> 1
[DP-bwdX] L=64 states=1 -> 1
[DP-fwdX] L=48 states=1 -> 1
[DP-fwdX] L=48 states=1 -> 1
[DP-fwdX] L=48 states=1 -> 1
[DP-bwdX] L=64 states=1 -> 1
[DP-bwdX] L=64 states=1 -> 1
[DP-bwdX] L=64 states=1 -> 1
  [Round 9] T_prime=12  T_target=8  HPWL_w=480686  HPWL_eq=476  maxL=15  WNS(T')=-3  WNS*(T)=-7  picked=6  solve_ms=18.5417
[OC-Shortest/pow2] m=8 h=8 SEG=4 bits=32 words=1 threads=24
[DP-fwdX] L=0 states=1 -> 1
[DP-fwdX] L=16 states=141 -> 164
[DP-bwdX] L=64 states=1 -> 1
[DP-bwdX] L=48 states=141 -> 164
[DP-fwdX] L=0 states=1 -> 1
[DP-bwdX] L=32 states=1 -> 1
[DP-fwdX] L=0 states=1 -> 1
[DP-bwdX] L=16 states=1 -> 1
[DP-fwdX] L=0 states=1 -> 1
[DP-fwdX] L=0 states=1 -> 1
[DP-fwdX] L=0 states=1 -> 1
[DP-bwdX] L=16 states=1 -> 1
[DP-bwdX] L=16 states=1 -> 1
[DP-bwdX] L=16 states=1 -> 1
[DP-fwdX] L=16 states=1 -> 1
[DP-bwdX] L=32 states=1 -> 1
[DP-fwdX] L=16 states=1 -> 1
[DP-fwdX] L=16 states=1 -> 1
[DP-fwdX] L=16 states=1 -> 1
[DP-bwdX] L=32 states=1 -> 1
[DP-bwdX] L=32 states=1 -> 1
[DP-bwdX] L=32 states=1 -> 1
[DP-fwdX] L=32 states=1 -> 1
[DP-bwdX] L=64 states=1 -> 1
[DP-fwdX] L=32 states=1 -> 1
[DP-bwdX] L=48 states=1 -> 1
[DP-fwdX] L=32 states=1 -> 1
[DP-fwdX] L=32 states=1 -> 1
[DP-fwdX] L=32 states=1 -> 1
[DP-bwdX] L=48 states=1 -> 1
[DP-bwdX] L=48 states=1 -> 1
[DP-bwdX] L=48 states=1 -> 1
[DP-fwdX] L=48 states=1 -> 1
[DP-bwdX] L=64 states=1 -> 1
[DP-fwdX] L=48 states=1 -> 1
[DP-fwdX] L=48 states=1 -> 1
[DP-fwdX] L=48 states=1 -> 1
[DP-bwdX] L=64 states=1 -> 1
[DP-bwdX] L=64 states=1 -> 1
[DP-bwdX] L=64 states=1 -> 1
  [Round 10] T_prime=12  T_target=8  HPWL_w=481344  HPWL_eq=476  maxL=15  WNS(T')=-3  WNS*(T)=-7  picked=6  solve_ms=18.4632
[OC-Shortest/pow2] m=8 h=8 SEG=4 bits=32 words=1 threads=24
[DP-fwdX] L=0 states=1 -> 1
[DP-fwdX] L=16 states=141 -> 164
[DP-bwdX] L=64 states=1 -> 1
[DP-bwdX] L=48 states=141 -> 164
[DP-fwdX] L=0 states=1 -> 1
[DP-bwdX] L=32 states=1 -> 1
[DP-fwdX] L=0 states=1 -> 1
[DP-bwdX] L=16 states=1 -> 1
[DP-fwdX] L=0 states=1 -> 1
[DP-fwdX] L=0 states=1 -> 1
[DP-fwdX] L=0 states=1 -> 1
[DP-bwdX] L=16 states=1 -> 1
[DP-bwdX] L=16 states=1 -> 1
[DP-bwdX] L=16 states=1 -> 1
[DP-fwdX] L=16 states=1 -> 1
[DP-bwdX] L=32 states=1 -> 1
[DP-fwdX] L=16 states=1 -> 1
[DP-fwdX] L=16 states=1 -> 1
[DP-fwdX] L=16 states=1 -> 1
[DP-bwdX] L=32 states=1 -> 1
[DP-bwdX] L=32 states=1 -> 1
[DP-bwdX] L=32 states=1 -> 1
[DP-fwdX] L=32 states=1 -> 1
[DP-bwdX] L=64 states=1 -> 1
[DP-fwdX] L=32 states=1 -> 1
[DP-bwdX] L=48 states=1 -> 1
[DP-fwdX] L=32 states=1 -> 1
[DP-fwdX] L=32 states=1 -> 1
[DP-fwdX] L=32 states=1 -> 1
[DP-bwdX] L=48 states=1 -> 1
[DP-bwdX] L=48 states=1 -> 1
[DP-bwdX] L=48 states=1 -> 1
[DP-fwdX] L=48 states=1 -> 1
[DP-bwdX] L=64 states=1 -> 1
[DP-fwdX] L=48 states=1 -> 1
[DP-fwdX] L=48 states=1 -> 1
[DP-fwdX] L=48 states=1 -> 1
[DP-bwdX] L=64 states=1 -> 1
[DP-bwdX] L=64 states=1 -> 1
[DP-bwdX] L=64 states=1 -> 1
  [Round 11] T_prime=12  T_target=8  HPWL_w=481942  HPWL_eq=476  maxL=15  WNS(T')=-3  WNS*(T)=-7  picked=6  solve_ms=18.3404
[OC-Shortest/pow2] m=8 h=8 SEG=4 bits=32 words=1 threads=24
[DP-fwdX] L=0 states=1 -> 1
[DP-fwdX] L=16 states=141 -> 164
[DP-bwdX] L=64 states=1 -> 1
[DP-bwdX] L=48 states=141 -> 164
[DP-fwdX] L=0 states=1 -> 1
[DP-bwdX] L=32 states=1 -> 1
[DP-fwdX] L=0 states=1 -> 1
[DP-bwdX] L=16 states=1 -> 1
[DP-fwdX] L=0 states=1 -> 1
[DP-fwdX] L=0 states=1 -> 1
[DP-fwdX] L=0 states=1 -> 1
[DP-bwdX] L=16 states=1 -> 1
[DP-bwdX] L=16 states=1 -> 1
[DP-bwdX] L=16 states=1 -> 1
[DP-fwdX] L=16 states=1 -> 1
[DP-bwdX] L=32 states=1 -> 1
[DP-fwdX] L=16 states=1 -> 1
[DP-fwdX] L=16 states=1 -> 1
[DP-fwdX] L=16 states=1 -> 1
[DP-bwdX] L=32 states=1 -> 1
[DP-bwdX] L=32 states=1 -> 1
[DP-bwdX] L=32 states=1 -> 1
[DP-fwdX] L=32 states=1 -> 1
[DP-bwdX] L=64 states=1 -> 1
[DP-fwdX] L=32 states=1 -> 1
[DP-bwdX] L=48 states=1 -> 3
[DP-fwdX] L=32 states=1 -> 1
[DP-fwdX] L=32 states=1 -> 1
[DP-fwdX] L=32 states=1 -> 1
[DP-bwdX] L=48 states=1 -> 3
[DP-bwdX] L=48 states=1 -> 3
[DP-bwdX] L=48 states=1 -> 3
[DP-fwdX] L=48 states=1 -> 2
[DP-bwdX] L=64 states=1 -> 1
[DP-fwdX] L=48 states=1 -> 2
[DP-fwdX] L=48 states=1 -> 2
[DP-fwdX] L=48 states=1 -> 2
[DP-bwdX] L=64 states=1 -> 1
[DP-bwdX] L=64 states=1 -> 1
[DP-bwdX] L=64 states=1 -> 1
  [Round 12] T_prime=12  T_target=8  HPWL_w=483018  HPWL_eq=474  maxL=20  WNS(T')=-8  WNS*(T)=-12  picked=8  solve_ms=18.2852
[OC-Shortest/pow2] m=8 h=8 SEG=4 bits=32 words=1 threads=24
[DP-fwdX] L=0 states=1 -> 1
[DP-fwdX] L=16 states=141 -> 164
[DP-bwdX] L=64 states=1 -> 1
[DP-bwdX] L=48 states=141 -> 164
[DP-fwdX] L=0 states=1 -> 1
[DP-bwdX] L=32 states=1 -> 1
[DP-fwdX] L=0 states=1 -> 1
[DP-bwdX] L=16 states=1 -> 1
[DP-fwdX] L=0 states=1 -> 1
[DP-fwdX] L=0 states=1 -> 1
[DP-fwdX] L=0 states=1 -> 1
[DP-bwdX] L=16 states=1 -> 1
[DP-bwdX] L=16 states=1 -> 1
[DP-bwdX] L=16 states=1 -> 1
[DP-fwdX] L=16 states=1 -> 1
[DP-bwdX] L=32 states=1 -> 1
[DP-fwdX] L=16 states=1 -> 1
[DP-fwdX] L=16 states=1 -> 1
[DP-fwdX] L=16 states=1 -> 1
[DP-bwdX] L=32 states=1 -> 1
[DP-bwdX] L=32 states=1 -> 1
[DP-bwdX] L=32 states=1 -> 1
[DP-fwdX] L=32 states=1 -> 1
[DP-bwdX] L=64 states=1 -> 1
[DP-fwdX] L=32 states=1 -> 1
[DP-bwdX] L=48 states=1 -> 1
[DP-fwdX] L=32 states=1 -> 1
[DP-fwdX] L=32 states=1 -> 1
[DP-fwdX] L=32 states=1 -> 1
[DP-bwdX] L=48 states=1 -> 1
[DP-bwdX] L=48 states=1 -> 1
[DP-bwdX] L=48 states=1 -> 1
[DP-fwdX] L=48 states=1 -> 1
[DP-bwdX] L=64 states=1 -> 1
[DP-fwdX] L=48 states=1 -> 1
[DP-fwdX] L=48 states=1 -> 1
[DP-fwdX] L=48 states=1 -> 1
[DP-bwdX] L=64 states=1 -> 1
[DP-bwdX] L=64 states=1 -> 1
[DP-bwdX] L=64 states=1 -> 1
  [Round 13] T_prime=12  T_target=8  HPWL_w=484185  HPWL_eq=476  maxL=15  WNS(T')=-3  WNS*(T)=-7  picked=6  solve_ms=17.9673
[OC-Shortest/pow2] m=8 h=8 SEG=4 bits=32 words=1 threads=24
[DP-fwdX] L=0 states=1 -> 1
[DP-fwdX] L=16 states=141 -> 164
[DP-bwdX] L=64 states=1 -> 1
[DP-bwdX] L=48 states=141 -> 164
[DP-fwdX] L=0 states=1 -> 1
[DP-bwdX] L=32 states=1 -> 1
[DP-fwdX] L=0 states=1 -> 1
[DP-bwdX] L=16 states=1 -> 2
[DP-fwdX] L=0 states=1 -> 1
[DP-fwdX] L=0 states=1 -> 1
[DP-fwdX] L=0 states=1 -> 1
[DP-bwdX] L=16 states=1 -> 2
[DP-bwdX] L=16 states=1 -> 2
[DP-bwdX] L=16 states=1 -> 2
[DP-fwdX] L=16 states=1 -> 3
[DP-bwdX] L=32 states=1 -> 1
[DP-fwdX] L=16 states=1 -> 3
[DP-fwdX] L=16 states=1 -> 3
[DP-fwdX] L=16 states=1 -> 3
[DP-bwdX] L=32 states=1 -> 1
[DP-bwdX] L=32 states=1 -> 1
[DP-bwdX] L=32 states=1 -> 1
[DP-fwdX] L=32 states=1 -> 1
[DP-bwdX] L=64 states=1 -> 1
[DP-fwdX] L=32 states=1 -> 1
[DP-bwdX] L=48 states=1 -> 3
[DP-fwdX] L=32 states=1 -> 1
[DP-fwdX] L=32 states=1 -> 1
[DP-fwdX] L=32 states=1 -> 1
[DP-bwdX] L=48 states=1 -> 3
[DP-bwdX] L=48 states=1 -> 3
[DP-bwdX] L=48 states=1 -> 3
[DP-fwdX] L=48 states=1 -> 2
[DP-bwdX] L=64 states=1 -> 1
[DP-fwdX] L=48 states=1 -> 2
[DP-fwdX] L=48 states=1 -> 2
[DP-fwdX] L=48 states=1 -> 2
[DP-bwdX] L=64 states=1 -> 1
[DP-bwdX] L=64 states=1 -> 1
[DP-bwdX] L=64 states=1 -> 1
  [Round 14] T_prime=12  T_target=8  HPWL_w=484823  HPWL_eq=472  maxL=20  WNS(T')=-8  WNS*(T)=-12  picked=10  solve_ms=18.6712
[OC-Shortest/pow2] m=8 h=8 SEG=4 bits=32 words=1 threads=24
[DP-fwdX] L=0 states=1 -> 1
[DP-fwdX] L=16 states=141 -> 164
[DP-bwdX] L=64 states=1 -> 1
[DP-bwdX] L=48 states=141 -> 164
[DP-fwdX] L=0 states=1 -> 1
[DP-bwdX] L=32 states=1 -> 1
[DP-fwdX] L=0 states=1 -> 1
[DP-bwdX] L=16 states=1 -> 2
[DP-fwdX] L=0 states=1 -> 1
[DP-fwdX] L=0 states=1 -> 1
[DP-fwdX] L=0 states=1 -> 1
[DP-bwdX] L=16 states=1 -> 2
[DP-bwdX] L=16 states=1 -> 2
[DP-bwdX] L=16 states=1 -> 2
[DP-fwdX] L=16 states=1 -> 3
[DP-bwdX] L=32 states=1 -> 1
[DP-fwdX] L=16 states=1 -> 3
[DP-fwdX] L=16 states=1 -> 3
[DP-fwdX] L=16 states=1 -> 3
[DP-bwdX] L=32 states=1 -> 1
[DP-bwdX] L=32 states=1 -> 1
[DP-bwdX] L=32 states=1 -> 1
[DP-fwdX] L=32 states=1 -> 1
[DP-bwdX] L=64 states=1 -> 1
[DP-fwdX] L=32 states=1 -> 1
[DP-bwdX] L=48 states=1 -> 1
[DP-fwdX] L=32 states=1 -> 1
[DP-fwdX] L=32 states=1 -> 1
[DP-fwdX] L=32 states=1 -> 1
[DP-bwdX] L=48 states=1 -> 1
[DP-bwdX] L=48 states=1 -> 1
[DP-bwdX] L=48 states=1 -> 1
[DP-fwdX] L=48 states=1 -> 1
[DP-bwdX] L=64 states=1 -> 1
[DP-fwdX] L=48 states=1 -> 1
[DP-fwdX] L=48 states=1 -> 1
[DP-fwdX] L=48 states=1 -> 1
[DP-bwdX] L=64 states=1 -> 1
[DP-bwdX] L=64 states=1 -> 1
[DP-bwdX] L=64 states=1 -> 1
  [Round 15] T_prime=12  T_target=8  HPWL_w=485825  HPWL_eq=474  maxL=20  WNS(T')=-8  WNS*(T)=-12  picked=8  solve_ms=18.2488
[OC-Shortest/pow2] m=8 h=8 SEG=4 bits=32 words=1 threads=24
[DP-fwdX] L=0 states=1 -> 1
[DP-fwdX] L=16 states=141 -> 164
[DP-bwdX] L=64 states=1 -> 1
[DP-bwdX] L=48 states=141 -> 164
[DP-fwdX] L=0 states=1 -> 1
[DP-bwdX] L=32 states=1 -> 1
[DP-fwdX] L=0 states=1 -> 1
[DP-bwdX] L=16 states=1 -> 1
[DP-fwdX] L=0 states=1 -> 1
[DP-fwdX] L=0 states=1 -> 1
[DP-fwdX] L=0 states=1 -> 1
[DP-bwdX] L=16 states=1 -> 1
[DP-bwdX] L=16 states=1 -> 1
[DP-bwdX] L=16 states=1 -> 1
[DP-fwdX] L=16 states=1 -> 1
[DP-bwdX] L=32 states=1 -> 1
[DP-fwdX] L=16 states=1 -> 1
[DP-fwdX] L=16 states=1 -> 1
[DP-fwdX] L=16 states=1 -> 1
[DP-bwdX] L=32 states=1 -> 1
[DP-bwdX] L=32 states=1 -> 1
[DP-bwdX] L=32 states=1 -> 1
[DP-fwdX] L=32 states=1 -> 1
[DP-bwdX] L=64 states=1 -> 1
[DP-fwdX] L=32 states=1 -> 1
[DP-bwdX] L=48 states=1 -> 1
[DP-fwdX] L=32 states=1 -> 1
[DP-fwdX] L=32 states=1 -> 1
[DP-fwdX] L=32 states=1 -> 1
[DP-bwdX] L=48 states=1 -> 1
[DP-bwdX] L=48 states=1 -> 1
[DP-bwdX] L=48 states=1 -> 1
[DP-fwdX] L=48 states=1 -> 1
[DP-bwdX] L=64 states=1 -> 1
[DP-fwdX] L=48 states=1 -> 1
[DP-fwdX] L=48 states=1 -> 1
[DP-fwdX] L=48 states=1 -> 1
[DP-bwdX] L=64 states=1 -> 1
[DP-bwdX] L=64 states=1 -> 1
[DP-bwdX] L=64 states=1 -> 1
  [Round 16] T_prime=12  T_target=8  HPWL_w=488575  HPWL_eq=476  maxL=15  WNS(T')=-3  WNS*(T)=-7  picked=6  solve_ms=18.183
[OC-Shortest/pow2] m=8 h=8 SEG=4 bits=32 words=1 threads=24
[DP-fwdX] L=0 states=1 -> 1
[DP-fwdX] L=16 states=141 -> 164
[DP-bwdX] L=64 states=1 -> 1
[DP-bwdX] L=48 states=141 -> 164
[DP-fwdX] L=0 states=1 -> 1
[DP-bwdX] L=32 states=1 -> 1
[DP-fwdX] L=0 states=1 -> 1
[DP-bwdX] L=16 states=1 -> 1
[DP-fwdX] L=0 states=1 -> 1
[DP-fwdX] L=0 states=1 -> 1
[DP-fwdX] L=0 states=1 -> 1
[DP-bwdX] L=16 states=1 -> 1
[DP-bwdX] L=16 states=1 -> 1
[DP-bwdX] L=16 states=1 -> 1
[DP-fwdX] L=16 states=1 -> 1
[DP-bwdX] L=32 states=1 -> 1
[DP-fwdX] L=16 states=1 -> 1
[DP-fwdX] L=16 states=1 -> 1
[DP-fwdX] L=16 states=1 -> 1
[DP-bwdX] L=32 states=1 -> 1
[DP-bwdX] L=32 states=1 -> 1
[DP-bwdX] L=32 states=1 -> 1
[DP-fwdX] L=32 states=1 -> 1
[DP-bwdX] L=64 states=1 -> 1
[DP-fwdX] L=32 states=1 -> 1
[DP-bwdX] L=48 states=1 -> 1
[DP-fwdX] L=32 states=1 -> 1
[DP-fwdX] L=32 states=1 -> 1
[DP-fwdX] L=32 states=1 -> 1
[DP-bwdX] L=48 states=1 -> 1
[DP-bwdX] L=48 states=1 -> 1
[DP-bwdX] L=48 states=1 -> 1
[DP-fwdX] L=48 states=1 -> 1
[DP-bwdX] L=64 states=1 -> 1
[DP-fwdX] L=48 states=1 -> 1
[DP-fwdX] L=48 states=1 -> 1
[DP-fwdX] L=48 states=1 -> 1
[DP-bwdX] L=64 states=1 -> 1
[DP-bwdX] L=64 states=1 -> 1
[DP-bwdX] L=64 states=1 -> 1
  [Round 17] T_prime=12  T_target=8  HPWL_w=489642  HPWL_eq=476  maxL=15  WNS(T')=-3  WNS*(T)=-7  picked=6  solve_ms=17.9039
[OC-Shortest/pow2] m=8 h=8 SEG=4 bits=32 words=1 threads=24
[DP-fwdX] L=0 states=1 -> 1
[DP-fwdX] L=16 states=141 -> 164
[DP-bwdX] L=64 states=1 -> 1
[DP-bwdX] L=48 states=141 -> 164
[DP-fwdX] L=0 states=1 -> 1
[DP-bwdX] L=32 states=1 -> 1
[DP-fwdX] L=0 states=1 -> 1
[DP-bwdX] L=16 states=1 -> 2
[DP-fwdX] L=0 states=1 -> 1
[DP-fwdX] L=0 states=1 -> 1
[DP-fwdX] L=0 states=1 -> 1
[DP-bwdX] L=16 states=1 -> 2
[DP-bwdX] L=16 states=1 -> 2
[DP-bwdX] L=16 states=1 -> 2
[DP-fwdX] L=16 states=1 -> 3
[DP-bwdX] L=32 states=1 -> 1
[DP-fwdX] L=16 states=1 -> 3
[DP-fwdX] L=16 states=1 -> 3
[DP-fwdX] L=16 states=1 -> 3
[DP-bwdX] L=32 states=1 -> 1
[DP-bwdX] L=32 states=1 -> 1
[DP-bwdX] L=32 states=1 -> 1
[DP-fwdX] L=32 states=1 -> 1
[DP-bwdX] L=64 states=1 -> 1
[DP-fwdX] L=32 states=1 -> 1
[DP-bwdX] L=48 states=1 -> 3
[DP-fwdX] L=32 states=1 -> 1
[DP-fwdX] L=32 states=1 -> 1
[DP-fwdX] L=32 states=1 -> 1
[DP-bwdX] L=48 states=1 -> 3
[DP-bwdX] L=48 states=1 -> 3
[DP-bwdX] L=48 states=1 -> 3
[DP-fwdX] L=48 states=1 -> 2
[DP-bwdX] L=64 states=1 -> 1
[DP-fwdX] L=48 states=1 -> 2
[DP-fwdX] L=48 states=1 -> 2
[DP-fwdX] L=48 states=1 -> 2
[DP-bwdX] L=64 states=1 -> 1
[DP-bwdX] L=64 states=1 -> 1
[DP-bwdX] L=64 states=1 -> 1
  [Round 18] T_prime=12  T_target=8  HPWL_w=490959  HPWL_eq=473  maxL=20  WNS(T')=-8  WNS*(T)=-12  picked=10  solve_ms=18.3821
[OC-Shortest/pow2] m=8 h=8 SEG=4 bits=32 words=1 threads=24
[DP-fwdX] L=0 states=1 -> 1
[DP-fwdX] L=16 states=141 -> 164
[DP-bwdX] L=64 states=1 -> 1
[DP-bwdX] L=48 states=141 -> 164
[DP-fwdX] L=0 states=1 -> 1
[DP-bwdX] L=32 states=1 -> 1
[DP-fwdX] L=0 states=1 -> 1
[DP-bwdX] L=16 states=1 -> 2
[DP-fwdX] L=0 states=1 -> 1
[DP-fwdX] L=0 states=1 -> 1
[DP-fwdX] L=0 states=1 -> 1
[DP-bwdX] L=16 states=1 -> 2
[DP-bwdX] L=16 states=1 -> 2
[DP-bwdX] L=16 states=1 -> 2
[DP-fwdX] L=16 states=1 -> 3
[DP-bwdX] L=32 states=1 -> 1
[DP-fwdX] L=16 states=1 -> 3
[DP-fwdX] L=16 states=1 -> 3
[DP-fwdX] L=16 states=1 -> 3
[DP-bwdX] L=32 states=1 -> 1
[DP-bwdX] L=32 states=1 -> 1
[DP-bwdX] L=32 states=1 -> 1
[DP-fwdX] L=32 states=1 -> 1
[DP-bwdX] L=64 states=1 -> 1
[DP-fwdX] L=32 states=1 -> 1
[DP-bwdX] L=48 states=1 -> 3
[DP-fwdX] L=32 states=1 -> 1
[DP-fwdX] L=32 states=1 -> 1
[DP-fwdX] L=32 states=1 -> 1
[DP-bwdX] L=48 states=1 -> 3
[DP-bwdX] L=48 states=1 -> 3
[DP-bwdX] L=48 states=1 -> 3
[DP-fwdX] L=48 states=1 -> 2
[DP-bwdX] L=64 states=1 -> 1
[DP-fwdX] L=48 states=1 -> 2
[DP-fwdX] L=48 states=1 -> 2
[DP-fwdX] L=48 states=1 -> 2
[DP-bwdX] L=64 states=1 -> 1
[DP-bwdX] L=64 states=1 -> 1
[DP-bwdX] L=64 states=1 -> 1
  [Round 19] T_prime=12  T_target=8  HPWL_w=492343  HPWL_eq=474  maxL=16  WNS(T')=-4  WNS*(T)=-8  picked=10  solve_ms=18.4981
[OC-Shortest/pow2] m=8 h=8 SEG=4 bits=32 words=1 threads=24
[DP-fwdX] L=0 states=1 -> 1
[DP-fwdX] L=16 states=141 -> 164
[DP-bwdX] L=64 states=1 -> 1
[DP-bwdX] L=48 states=141 -> 164
[DP-fwdX] L=0 states=1 -> 1
[DP-bwdX] L=32 states=1 -> 1
[DP-fwdX] L=0 states=1 -> 1
[DP-bwdX] L=16 states=1 -> 1
[DP-fwdX] L=0 states=1 -> 1
[DP-fwdX] L=0 states=1 -> 1
[DP-fwdX] L=0 states=1 -> 1
[DP-bwdX] L=16 states=1 -> 1
[DP-bwdX] L=16 states=1 -> 1
[DP-bwdX] L=16 states=1 -> 1
[DP-fwdX] L=16 states=1 -> 1
[DP-bwdX] L=32 states=1 -> 1
[DP-fwdX] L=16 states=1 -> 1
[DP-fwdX] L=16 states=1 -> 1
[DP-fwdX] L=16 states=1 -> 1
[DP-bwdX] L=32 states=1 -> 1
[DP-bwdX] L=32 states=1 -> 1
[DP-bwdX] L=32 states=1 -> 1
[DP-fwdX] L=32 states=1 -> 1
[DP-bwdX] L=64 states=1 -> 1
[DP-fwdX] L=32 states=1 -> 1
[DP-bwdX] L=48 states=1 -> 1
[DP-fwdX] L=32 states=1 -> 1
[DP-fwdX] L=32 states=1 -> 1
[DP-fwdX] L=32 states=1 -> 1
[DP-bwdX] L=48 states=1 -> 1
[DP-bwdX] L=48 states=1 -> 1
[DP-bwdX] L=48 states=1 -> 1
[DP-fwdX] L=48 states=1 -> 1
[DP-bwdX] L=64 states=1 -> 1
[DP-fwdX] L=48 states=1 -> 1
[DP-fwdX] L=48 states=1 -> 1
[DP-fwdX] L=48 states=1 -> 1
[DP-bwdX] L=64 states=1 -> 1
[DP-bwdX] L=64 states=1 -> 1
[DP-bwdX] L=64 states=1 -> 1
  [Round 20] T_prime=12  T_target=8  HPWL_w=495867  HPWL_eq=476  maxL=15  WNS(T')=-3  WNS*(T)=-7  picked=6  solve_ms=17.8076
[OC-Shortest/pow2] m=8 h=8 SEG=4 bits=32 words=1 threads=24
[DP-fwdX] L=0 states=1 -> 1
[DP-fwdX] L=16 states=141 -> 164
[DP-bwdX] L=64 states=1 -> 1
[DP-bwdX] L=48 states=141 -> 164
[DP-fwdX] L=0 states=1 -> 1
[DP-bwdX] L=32 states=1 -> 1
[DP-fwdX] L=0 states=1 -> 1
[DP-bwdX] L=16 states=1 -> 1
[DP-fwdX] L=0 states=1 -> 1
[DP-fwdX] L=0 states=1 -> 1
[DP-fwdX] L=0 states=1 -> 1
[DP-bwdX] L=16 states=1 -> 1
[DP-bwdX] L=16 states=1 -> 1
[DP-bwdX] L=16 states=1 -> 1
[DP-fwdX] L=16 states=1 -> 1
[DP-bwdX] L=32 states=1 -> 1
[DP-fwdX] L=16 states=1 -> 1
[DP-fwdX] L=16 states=1 -> 1
[DP-fwdX] L=16 states=1 -> 1
[DP-bwdX] L=32 states=1 -> 1
[DP-bwdX] L=32 states=1 -> 1
[DP-bwdX] L=32 states=1 -> 1
[DP-fwdX] L=32 states=1 -> 1
[DP-bwdX] L=64 states=1 -> 1
[DP-fwdX] L=32 states=1 -> 1
[DP-bwdX] L=48 states=1 -> 1
[DP-fwdX] L=32 states=1 -> 1
[DP-fwdX] L=32 states=1 -> 1
[DP-fwdX] L=32 states=1 -> 1
[DP-bwdX] L=48 states=1 -> 1
[DP-bwdX] L=48 states=1 -> 1
[DP-bwdX] L=48 states=1 -> 1
[DP-fwdX] L=48 states=1 -> 1
[DP-bwdX] L=64 states=1 -> 1
[DP-fwdX] L=48 states=1 -> 1
[DP-fwdX] L=48 states=1 -> 1
[DP-fwdX] L=48 states=1 -> 1
[DP-bwdX] L=64 states=1 -> 1
[DP-bwdX] L=64 states=1 -> 1
[DP-bwdX] L=64 states=1 -> 1
  [Round 21] T_prime=12  T_target=8  HPWL_w=496569  HPWL_eq=476  maxL=15  WNS(T')=-3  WNS*(T)=-7  picked=6  solve_ms=17.7642
[OC-Shortest/pow2] m=8 h=8 SEG=4 bits=32 words=1 threads=24
[DP-fwdX] L=0 states=1 -> 1
[DP-fwdX] L=16 states=141 -> 164
[DP-bwdX] L=64 states=1 -> 1
[DP-bwdX] L=48 states=141 -> 164
[DP-fwdX] L=0 states=1 -> 1
[DP-bwdX] L=32 states=1 -> 1
[DP-fwdX] L=0 states=1 -> 1
[DP-bwdX] L=16 states=1 -> 1
[DP-fwdX] L=0 states=1 -> 1
[DP-fwdX] L=0 states=1 -> 1
[DP-fwdX] L=0 states=1 -> 1
[DP-bwdX] L=16 states=1 -> 1
[DP-bwdX] L=16 states=1 -> 1
[DP-bwdX] L=16 states=1 -> 1
[DP-fwdX] L=16 states=1 -> 1
[DP-bwdX] L=32 states=1 -> 1
[DP-fwdX] L=16 states=1 -> 1
[DP-fwdX] L=16 states=1 -> 1
[DP-fwdX] L=16 states=1 -> 1
[DP-bwdX] L=32 states=1 -> 1
[DP-bwdX] L=32 states=1 -> 1
[DP-bwdX] L=32 states=1 -> 1
[DP-fwdX] L=32 states=1 -> 1
[DP-bwdX] L=64 states=1 -> 1
[DP-fwdX] L=32 states=1 -> 1
[DP-bwdX] L=48 states=1 -> 1
[DP-fwdX] L=32 states=1 -> 1
[DP-fwdX] L=32 states=1 -> 1
[DP-fwdX] L=32 states=1 -> 1
[DP-bwdX] L=48 states=1 -> 1
[DP-bwdX] L=48 states=1 -> 1
[DP-bwdX] L=48 states=1 -> 1
[DP-fwdX] L=48 states=1 -> 1
[DP-bwdX] L=64 states=1 -> 1
[DP-fwdX] L=48 states=1 -> 1
[DP-fwdX] L=48 states=1 -> 1
[DP-fwdX] L=48 states=1 -> 1
[DP-bwdX] L=64 states=1 -> 1
[DP-bwdX] L=64 states=1 -> 1
[DP-bwdX] L=64 states=1 -> 1
  [Round 22] T_prime=12  T_target=8  HPWL_w=499435  HPWL_eq=476  maxL=15  WNS(T')=-3  WNS*(T)=-7  picked=6  solve_ms=17.853
[OC-Shortest/pow2] m=8 h=8 SEG=4 bits=32 words=1 threads=24
[DP-fwdX] L=0 states=1 -> 1
[DP-fwdX] L=16 states=141 -> 164
[DP-bwdX] L=64 states=1 -> 1
[DP-bwdX] L=48 states=141 -> 164
[DP-fwdX] L=0 states=1 -> 1
[DP-bwdX] L=32 states=1 -> 1
[DP-fwdX] L=0 states=1 -> 1
[DP-bwdX] L=16 states=1 -> 1
[DP-fwdX] L=0 states=1 -> 1
[DP-fwdX] L=0 states=1 -> 1
[DP-fwdX] L=0 states=1 -> 1
[DP-bwdX] L=16 states=1 -> 1
[DP-bwdX] L=16 states=1 -> 1
[DP-bwdX] L=16 states=1 -> 1
[DP-fwdX] L=16 states=1 -> 1
[DP-bwdX] L=32 states=1 -> 1
[DP-fwdX] L=16 states=1 -> 1
[DP-fwdX] L=16 states=1 -> 1
[DP-fwdX] L=16 states=1 -> 1
[DP-bwdX] L=32 states=1 -> 1
[DP-bwdX] L=32 states=1 -> 1
[DP-bwdX] L=32 states=1 -> 1
[DP-fwdX] L=32 states=1 -> 1
[DP-bwdX] L=64 states=1 -> 1
[DP-fwdX] L=32 states=1 -> 1
[DP-bwdX] L=48 states=1 -> 1
[DP-fwdX] L=32 states=1 -> 1
[DP-fwdX] L=32 states=1 -> 1
[DP-fwdX] L=32 states=1 -> 1
[DP-bwdX] L=48 states=1 -> 1
[DP-bwdX] L=48 states=1 -> 1
[DP-bwdX] L=48 states=1 -> 1
[DP-fwdX] L=48 states=1 -> 1
[DP-bwdX] L=64 states=1 -> 1
[DP-fwdX] L=48 states=1 -> 1
[DP-fwdX] L=48 states=1 -> 1
[DP-fwdX] L=48 states=1 -> 1
[DP-bwdX] L=64 states=1 -> 1
[DP-bwdX] L=64 states=1 -> 1
[DP-bwdX] L=64 states=1 -> 1
  [Round 23] T_prime=12  T_target=8  HPWL_w=500174  HPWL_eq=476  maxL=15  WNS(T')=-3  WNS*(T)=-7  picked=6  solve_ms=17.6728
[OC-Shortest/pow2] m=8 h=8 SEG=4 bits=32 words=1 threads=24
[DP-fwdX] L=0 states=1 -> 1
[DP-fwdX] L=16 states=141 -> 164
[DP-bwdX] L=64 states=1 -> 1
[DP-bwdX] L=48 states=141 -> 164
[DP-fwdX] L=0 states=1 -> 1
[DP-bwdX] L=32 states=1 -> 1
[DP-fwdX] L=0 states=1 -> 1
[DP-bwdX] L=16 states=1 -> 2
[DP-fwdX] L=0 states=1 -> 1
[DP-fwdX] L=0 states=1 -> 1
[DP-fwdX] L=0 states=1 -> 1
[DP-bwdX] L=16 states=1 -> 2
[DP-bwdX] L=16 states=1 -> 2
[DP-bwdX] L=16 states=1 -> 2
[DP-fwdX] L=16 states=1 -> 3
[DP-bwdX] L=32 states=1 -> 1
[DP-fwdX] L=16 states=1 -> 3
[DP-fwdX] L=16 states=1 -> 3
[DP-fwdX] L=16 states=1 -> 3
[DP-bwdX] L=32 states=1 -> 1
[DP-bwdX] L=32 states=1 -> 1
[DP-bwdX] L=32 states=1 -> 1
[DP-fwdX] L=32 states=1 -> 1
[DP-bwdX] L=64 states=1 -> 1
[DP-fwdX] L=32 states=1 -> 1
[DP-bwdX] L=48 states=1 -> 3
[DP-fwdX] L=32 states=1 -> 1
[DP-fwdX] L=32 states=1 -> 1
[DP-fwdX] L=32 states=1 -> 1
[DP-bwdX] L=48 states=1 -> 3
[DP-bwdX] L=48 states=1 -> 3
[DP-bwdX] L=48 states=1 -> 3
[DP-fwdX] L=48 states=1 -> 2
[DP-bwdX] L=64 states=1 -> 1
[DP-fwdX] L=48 states=1 -> 2
[DP-fwdX] L=48 states=1 -> 2
[DP-fwdX] L=48 states=1 -> 2
[DP-bwdX] L=64 states=1 -> 1
[DP-bwdX] L=64 states=1 -> 1
[DP-bwdX] L=64 states=1 -> 1
  [Round 24] T_prime=12  T_target=8  HPWL_w=502239  HPWL_eq=474  maxL=16  WNS(T')=-4  WNS*(T)=-8  picked=10  solve_ms=18.5334
[OC-Shortest/pow2] m=8 h=8 SEG=4 bits=32 words=1 threads=24
[DP-fwdX] L=0 states=1 -> 1
[DP-fwdX] L=16 states=141 -> 164
[DP-bwdX] L=64 states=1 -> 1
[DP-bwdX] L=48 states=141 -> 164
[DP-fwdX] L=0 states=1 -> 1
[DP-bwdX] L=32 states=1 -> 1
[DP-fwdX] L=0 states=1 -> 1
[DP-bwdX] L=16 states=1 -> 2
[DP-fwdX] L=0 states=1 -> 1
[DP-fwdX] L=0 states=1 -> 1
[DP-fwdX] L=0 states=1 -> 1
[DP-bwdX] L=16 states=1 -> 2
[DP-bwdX] L=16 states=1 -> 2
[DP-bwdX] L=16 states=1 -> 2
[DP-fwdX] L=16 states=1 -> 3
[DP-bwdX] L=32 states=1 -> 1
[DP-fwdX] L=16 states=1 -> 3
[DP-fwdX] L=16 states=1 -> 3
[DP-fwdX] L=16 states=1 -> 3
[DP-bwdX] L=32 states=1 -> 1
[DP-bwdX] L=32 states=1 -> 1
[DP-bwdX] L=32 states=1 -> 1
[DP-fwdX] L=32 states=1 -> 1
[DP-bwdX] L=64 states=1 -> 1
[DP-fwdX] L=32 states=1 -> 1
[DP-bwdX] L=48 states=1 -> 3
[DP-fwdX] L=32 states=1 -> 1
[DP-fwdX] L=32 states=1 -> 1
[DP-fwdX] L=32 states=1 -> 1
[DP-bwdX] L=48 states=1 -> 3
[DP-bwdX] L=48 states=1 -> 3
[DP-bwdX] L=48 states=1 -> 3
[DP-fwdX] L=48 states=1 -> 2
[DP-bwdX] L=64 states=1 -> 1
[DP-fwdX] L=48 states=1 -> 2
[DP-fwdX] L=48 states=1 -> 2
[DP-fwdX] L=48 states=1 -> 2
[DP-bwdX] L=64 states=1 -> 1
[DP-bwdX] L=64 states=1 -> 1
[DP-bwdX] L=64 states=1 -> 1
  [Round 25] T_prime=12  T_target=8  HPWL_w=502923  HPWL_eq=474  maxL=16  WNS(T')=-4  WNS*(T)=-8  picked=10  solve_ms=18.6225
[OC-Shortest/pow2] m=8 h=8 SEG=4 bits=32 words=1 threads=24
[DP-fwdX] L=0 states=1 -> 1
[DP-fwdX] L=16 states=141 -> 164
[DP-bwdX] L=64 states=1 -> 1
[DP-bwdX] L=48 states=141 -> 164
[DP-fwdX] L=0 states=1 -> 1
[DP-bwdX] L=32 states=1 -> 1
[DP-fwdX] L=0 states=1 -> 1
[DP-bwdX] L=16 states=1 -> 1
[DP-fwdX] L=0 states=1 -> 1
[DP-fwdX] L=0 states=1 -> 1
[DP-fwdX] L=0 states=1 -> 1
[DP-bwdX] L=16 states=1 -> 1
[DP-bwdX] L=16 states=1 -> 1
[DP-bwdX] L=16 states=1 -> 1
[DP-fwdX] L=16 states=1 -> 2
[DP-bwdX] L=32 states=1 -> 1
[DP-fwdX] L=16 states=1 -> 2
[DP-fwdX] L=16 states=1 -> 2
[DP-fwdX] L=16 states=1 -> 2
[DP-bwdX] L=32 states=1 -> 1
[DP-bwdX] L=32 states=1 -> 1
[DP-bwdX] L=32 states=1 -> 1
[DP-fwdX] L=32 states=1 -> 1
[DP-bwdX] L=64 states=1 -> 1
[DP-fwdX] L=32 states=1 -> 1
[DP-bwdX] L=48 states=1 -> 1
[DP-fwdX] L=32 states=1 -> 1
[DP-fwdX] L=32 states=1 -> 1
[DP-fwdX] L=32 states=1 -> 1
[DP-bwdX] L=48 states=1 -> 1
[DP-bwdX] L=48 states=1 -> 1
[DP-bwdX] L=48 states=1 -> 1
[DP-fwdX] L=48 states=1 -> 1
[DP-bwdX] L=64 states=1 -> 1
[DP-fwdX] L=48 states=1 -> 1
[DP-fwdX] L=48 states=1 -> 1
[DP-fwdX] L=48 states=1 -> 1
[DP-bwdX] L=64 states=1 -> 1
[DP-bwdX] L=64 states=1 -> 1
[DP-bwdX] L=64 states=1 -> 1
  [Round 26] T_prime=12  T_target=8  HPWL_w=507889  HPWL_eq=483  maxL=26  WNS(T')=-14  WNS*(T)=-18  picked=8  solve_ms=18.105
[OC-Shortest/pow2] m=8 h=8 SEG=4 bits=32 words=1 threads=24
[DP-fwdX] L=0 states=1 -> 1
[DP-fwdX] L=16 states=141 -> 164
[DP-bwdX] L=64 states=1 -> 1
[DP-bwdX] L=48 states=141 -> 164
[DP-fwdX] L=0 states=1 -> 1
[DP-bwdX] L=32 states=1 -> 1
[DP-fwdX] L=0 states=1 -> 1
[DP-bwdX] L=16 states=1 -> 1
[DP-fwdX] L=0 states=1 -> 1
[DP-fwdX] L=0 states=1 -> 1
[DP-fwdX] L=0 states=1 -> 1
[DP-bwdX] L=16 states=1 -> 1
[DP-bwdX] L=16 states=1 -> 1
[DP-bwdX] L=16 states=1 -> 1
[DP-fwdX] L=16 states=1 -> 1
[DP-bwdX] L=32 states=1 -> 1
[DP-fwdX] L=16 states=1 -> 1
[DP-fwdX] L=16 states=1 -> 1
[DP-fwdX] L=16 states=1 -> 1
[DP-bwdX] L=32 states=1 -> 1
[DP-bwdX] L=32 states=1 -> 1
[DP-bwdX] L=32 states=1 -> 1
[DP-fwdX] L=32 states=1 -> 1
[DP-bwdX] L=64 states=1 -> 1
[DP-fwdX] L=32 states=1 -> 1
[DP-bwdX] L=48 states=1 -> 1
[DP-fwdX] L=32 states=1 -> 1
[DP-fwdX] L=32 states=1 -> 1
[DP-fwdX] L=32 states=1 -> 1
[DP-bwdX] L=48 states=1 -> 1
[DP-bwdX] L=48 states=1 -> 1
[DP-bwdX] L=48 states=1 -> 1
[DP-fwdX] L=48 states=1 -> 1
[DP-bwdX] L=64 states=1 -> 1
[DP-fwdX] L=48 states=1 -> 1
[DP-fwdX] L=48 states=1 -> 1
[DP-fwdX] L=48 states=1 -> 1
[DP-bwdX] L=64 states=1 -> 1
[DP-bwdX] L=64 states=1 -> 1
[DP-bwdX] L=64 states=1 -> 1
  [Round 27] T_prime=12  T_target=8  HPWL_w=508525  HPWL_eq=476  maxL=15  WNS(T')=-3  WNS*(T)=-7  picked=6  solve_ms=17.731
[OC-Shortest/pow2] m=8 h=8 SEG=4 bits=32 words=1 threads=24
[DP-fwdX] L=0 states=1 -> 1
[DP-fwdX] L=16 states=141 -> 164
[DP-bwdX] L=64 states=1 -> 1
[DP-bwdX] L=48 states=141 -> 164
[DP-fwdX] L=0 states=1 -> 1
[DP-bwdX] L=32 states=1 -> 1
[DP-fwdX] L=0 states=1 -> 1
[DP-bwdX] L=16 states=1 -> 1
[DP-fwdX] L=0 states=1 -> 1
[DP-fwdX] L=0 states=1 -> 1
[DP-fwdX] L=0 states=1 -> 1
[DP-bwdX] L=16 states=1 -> 1
[DP-bwdX] L=16 states=1 -> 1
[DP-bwdX] L=16 states=1 -> 1
[DP-fwdX] L=16 states=1 -> 2
[DP-bwdX] L=32 states=1 -> 1
[DP-fwdX] L=16 states=1 -> 2
[DP-fwdX] L=16 states=1 -> 2
[DP-fwdX] L=16 states=1 -> 2
[DP-bwdX] L=32 states=1 -> 1
[DP-bwdX] L=32 states=1 -> 1
[DP-bwdX] L=32 states=1 -> 1
[DP-fwdX] L=32 states=1 -> 1
[DP-bwdX] L=64 states=1 -> 1
[DP-fwdX] L=32 states=1 -> 1
[DP-bwdX] L=48 states=1 -> 2
[DP-fwdX] L=32 states=1 -> 1
[DP-fwdX] L=32 states=1 -> 1
[DP-fwdX] L=32 states=1 -> 1
[DP-bwdX] L=48 states=1 -> 2
[DP-bwdX] L=48 states=1 -> 2
[DP-bwdX] L=48 states=1 -> 2
[DP-fwdX] L=48 states=1 -> 1
[DP-bwdX] L=64 states=1 -> 1
[DP-fwdX] L=48 states=1 -> 1
[DP-fwdX] L=48 states=1 -> 1
[DP-fwdX] L=48 states=1 -> 1
[DP-bwdX] L=64 states=1 -> 1
[DP-bwdX] L=64 states=1 -> 1
[DP-bwdX] L=64 states=1 -> 1
  [Round 28] T_prime=12  T_target=8  HPWL_w=510023  HPWL_eq=490  maxL=29  WNS(T')=-17  WNS*(T)=-21  picked=8  solve_ms=18.439
[OC-Shortest/pow2] m=8 h=8 SEG=4 bits=32 words=1 threads=24
[DP-fwdX] L=0 states=1 -> 1
[DP-fwdX] L=16 states=141 -> 164
[DP-bwdX] L=64 states=1 -> 1
[DP-bwdX] L=48 states=141 -> 164
[DP-fwdX] L=0 states=1 -> 1
[DP-bwdX] L=32 states=1 -> 1
[DP-fwdX] L=0 states=1 -> 1
[DP-bwdX] L=16 states=1 -> 1
[DP-fwdX] L=0 states=1 -> 1
[DP-fwdX] L=0 states=1 -> 1
[DP-fwdX] L=0 states=1 -> 1
[DP-bwdX] L=16 states=1 -> 1
[DP-bwdX] L=16 states=1 -> 1
[DP-bwdX] L=16 states=1 -> 1
[DP-fwdX] L=16 states=1 -> 1
[DP-bwdX] L=32 states=1 -> 1
[DP-fwdX] L=16 states=1 -> 1
[DP-fwdX] L=16 states=1 -> 1
[DP-fwdX] L=16 states=1 -> 1
[DP-bwdX] L=32 states=1 -> 1
[DP-bwdX] L=32 states=1 -> 1
[DP-bwdX] L=32 states=1 -> 1
[DP-fwdX] L=32 states=1 -> 1
[DP-bwdX] L=64 states=1 -> 1
[DP-fwdX] L=32 states=1 -> 1
[DP-bwdX] L=48 states=1 -> 2
[DP-fwdX] L=32 states=1 -> 1
[DP-fwdX] L=32 states=1 -> 1
[DP-fwdX] L=32 states=1 -> 1
[DP-bwdX] L=48 states=1 -> 2
[DP-bwdX] L=48 states=1 -> 2
[DP-bwdX] L=48 states=1 -> 2
[DP-fwdX] L=48 states=1 -> 1
[DP-bwdX] L=64 states=1 -> 1
[DP-fwdX] L=48 states=1 -> 1
[DP-fwdX] L=48 states=1 -> 1
[DP-fwdX] L=48 states=1 -> 1
[DP-bwdX] L=64 states=1 -> 1
[DP-bwdX] L=64 states=1 -> 1
[DP-bwdX] L=64 states=1 -> 1
  [Round 29] T_prime=12  T_target=8  HPWL_w=512393  HPWL_eq=483  maxL=26  WNS(T')=-14  WNS*(T)=-18  picked=8  solve_ms=18.0178
[OC-Shortest/pow2] m=8 h=8 SEG=4 bits=32 words=1 threads=24
[DP-fwdX] L=0 states=1 -> 1
[DP-fwdX] L=16 states=141 -> 164
[DP-bwdX] L=64 states=1 -> 1
[DP-bwdX] L=48 states=141 -> 164
[DP-fwdX] L=0 states=1 -> 1
[DP-bwdX] L=32 states=1 -> 1
[DP-fwdX] L=0 states=1 -> 1
[DP-bwdX] L=16 states=1 -> 1
[DP-fwdX] L=0 states=1 -> 1
[DP-fwdX] L=0 states=1 -> 1
[DP-fwdX] L=0 states=1 -> 1
[DP-bwdX] L=16 states=1 -> 1
[DP-bwdX] L=16 states=1 -> 1
[DP-bwdX] L=16 states=1 -> 1
[DP-fwdX] L=16 states=1 -> 1
[DP-bwdX] L=32 states=1 -> 1
[DP-fwdX] L=16 states=1 -> 1
[DP-fwdX] L=16 states=1 -> 1
[DP-fwdX] L=16 states=1 -> 1
[DP-bwdX] L=32 states=1 -> 1
[DP-bwdX] L=32 states=1 -> 1
[DP-bwdX] L=32 states=1 -> 1
[DP-fwdX] L=32 states=1 -> 1
[DP-bwdX] L=64 states=1 -> 1
[DP-fwdX] L=32 states=1 -> 1
[DP-bwdX] L=48 states=1 -> 1
[DP-fwdX] L=32 states=1 -> 1
[DP-fwdX] L=32 states=1 -> 1
[DP-fwdX] L=32 states=1 -> 1
[DP-bwdX] L=48 states=1 -> 1
[DP-bwdX] L=48 states=1 -> 1
[DP-bwdX] L=48 states=1 -> 1
[DP-fwdX] L=48 states=1 -> 1
[DP-bwdX] L=64 states=1 -> 1
[DP-fwdX] L=48 states=1 -> 1
[DP-fwdX] L=48 states=1 -> 1
[DP-fwdX] L=48 states=1 -> 1
[DP-bwdX] L=64 states=1 -> 1
[DP-bwdX] L=64 states=1 -> 1
[DP-bwdX] L=64 states=1 -> 1
  [Round 30] T_prime=12  T_target=8  HPWL_w=515364  HPWL_eq=476  maxL=15  WNS(T')=-3  WNS*(T)=-7  picked=6  solve_ms=25.5252
[OC-Shortest/pow2] m=8 h=8 SEG=4 bits=32 words=1 threads=24
[DP-fwdX] L=0 states=1 -> 1
[DP-fwdX] L=16 states=141 -> 164
[DP-bwdX] L=64 states=1 -> 1
[DP-bwdX] L=48 states=141 -> 164
[DP-fwdX] L=0 states=1 -> 1
[DP-bwdX] L=32 states=1 -> 1
[DP-fwdX] L=0 states=1 -> 1
[DP-bwdX] L=16 states=1 -> 1
[DP-fwdX] L=0 states=1 -> 1
[DP-fwdX] L=0 states=1 -> 1
[DP-fwdX] L=0 states=1 -> 1
[DP-bwdX] L=16 states=1 -> 1
[DP-bwdX] L=16 states=1 -> 1
[DP-bwdX] L=16 states=1 -> 1
[DP-fwdX] L=16 states=1 -> 1
[DP-bwdX] L=32 states=1 -> 1
[DP-fwdX] L=16 states=1 -> 1
[DP-fwdX] L=16 states=1 -> 1
[DP-fwdX] L=16 states=1 -> 1
[DP-bwdX] L=32 states=1 -> 1
[DP-bwdX] L=32 states=1 -> 1
[DP-bwdX] L=32 states=1 -> 1
[DP-fwdX] L=32 states=1 -> 1
[DP-bwdX] L=64 states=1 -> 1
[DP-fwdX] L=32 states=1 -> 1
[DP-bwdX] L=48 states=1 -> 1
[DP-fwdX] L=32 states=1 -> 1
[DP-fwdX] L=32 states=1 -> 1
[DP-fwdX] L=32 states=1 -> 1
[DP-bwdX] L=48 states=1 -> 1
[DP-bwdX] L=48 states=1 -> 1
[DP-bwdX] L=48 states=1 -> 1
[DP-fwdX] L=48 states=1 -> 1
[DP-bwdX] L=64 states=1 -> 1
[DP-fwdX] L=48 states=1 -> 1
[DP-fwdX] L=48 states=1 -> 1
[DP-fwdX] L=48 states=1 -> 1
[DP-bwdX] L=64 states=1 -> 1
[DP-bwdX] L=64 states=1 -> 1
[DP-bwdX] L=64 states=1 -> 1
  [Round 31] T_prime=12  T_target=8  HPWL_w=516462  HPWL_eq=478  maxL=13  WNS(T')=-1  WNS*(T)=-5  picked=6  solve_ms=17.6472
[OC-Shortest/pow2] m=8 h=8 SEG=4 bits=32 words=1 threads=24
[DP-fwdX] L=0 states=1 -> 1
[DP-fwdX] L=16 states=141 -> 164
[DP-bwdX] L=64 states=1 -> 1
[DP-bwdX] L=48 states=141 -> 164
[DP-fwdX] L=0 states=1 -> 1
[DP-bwdX] L=32 states=1 -> 1
[DP-fwdX] L=0 states=1 -> 1
[DP-bwdX] L=16 states=1 -> 2
[DP-fwdX] L=0 states=1 -> 1
[DP-fwdX] L=0 states=1 -> 1
[DP-fwdX] L=0 states=1 -> 1
[DP-bwdX] L=16 states=1 -> 2
[DP-bwdX] L=16 states=1 -> 2
[DP-bwdX] L=16 states=1 -> 2
[DP-fwdX] L=16 states=1 -> 3
[DP-bwdX] L=32 states=1 -> 1
[DP-fwdX] L=16 states=1 -> 3
[DP-fwdX] L=16 states=1 -> 3
[DP-fwdX] L=16 states=1 -> 3
[DP-bwdX] L=32 states=1 -> 1
[DP-bwdX] L=32 states=1 -> 1
[DP-bwdX] L=32 states=1 -> 1
[DP-fwdX] L=32 states=1 -> 1
[DP-bwdX] L=64 states=1 -> 1
[DP-fwdX] L=32 states=1 -> 1
[DP-bwdX] L=48 states=1 -> 3
[DP-fwdX] L=32 states=1 -> 1
[DP-fwdX] L=32 states=1 -> 1
[DP-fwdX] L=32 states=1 -> 1
[DP-bwdX] L=48 states=1 -> 3
[DP-bwdX] L=48 states=1 -> 3
[DP-bwdX] L=48 states=1 -> 3
[DP-fwdX] L=48 states=1 -> 2
[DP-bwdX] L=64 states=1 -> 1
[DP-fwdX] L=48 states=1 -> 2
[DP-fwdX] L=48 states=1 -> 2
[DP-fwdX] L=48 states=1 -> 2
[DP-bwdX] L=64 states=1 -> 1
[DP-bwdX] L=64 states=1 -> 1
[DP-bwdX] L=64 states=1 -> 1
  [Round 32] T_prime=12  T_target=8  HPWL_w=517968  HPWL_eq=476  maxL=16  WNS(T')=-4  WNS*(T)=-8  picked=10  solve_ms=18.3822
[OC-Shortest/pow2] m=8 h=8 SEG=4 bits=32 words=1 threads=24
[DP-fwdX] L=0 states=1 -> 1
[DP-fwdX] L=16 states=141 -> 164
[DP-bwdX] L=64 states=1 -> 1
[DP-bwdX] L=48 states=141 -> 164
[DP-fwdX] L=0 states=1 -> 1
[DP-bwdX] L=32 states=1 -> 1
[DP-fwdX] L=0 states=1 -> 1
[DP-bwdX] L=16 states=1 -> 2
[DP-fwdX] L=0 states=1 -> 1
[DP-fwdX] L=0 states=1 -> 1
[DP-fwdX] L=0 states=1 -> 1
[DP-bwdX] L=16 states=1 -> 2
[DP-bwdX] L=16 states=1 -> 2
[DP-bwdX] L=16 states=1 -> 2
[DP-fwdX] L=16 states=1 -> 3
[DP-bwdX] L=32 states=1 -> 1
[DP-fwdX] L=16 states=1 -> 3
[DP-fwdX] L=16 states=1 -> 3
[DP-fwdX] L=16 states=1 -> 3
[DP-bwdX] L=32 states=1 -> 1
[DP-bwdX] L=32 states=1 -> 1
[DP-bwdX] L=32 states=1 -> 1
[DP-fwdX] L=32 states=1 -> 1
[DP-bwdX] L=64 states=1 -> 1
[DP-fwdX] L=32 states=1 -> 1
[DP-bwdX] L=48 states=1 -> 3
[DP-fwdX] L=32 states=1 -> 1
[DP-fwdX] L=32 states=1 -> 1
[DP-fwdX] L=32 states=1 -> 1
[DP-bwdX] L=48 states=1 -> 3
[DP-bwdX] L=48 states=1 -> 3
[DP-bwdX] L=48 states=1 -> 3
[DP-fwdX] L=48 states=1 -> 2
[DP-bwdX] L=64 states=1 -> 1
[DP-fwdX] L=48 states=1 -> 2
[DP-fwdX] L=48 states=1 -> 2
[DP-fwdX] L=48 states=1 -> 2
[DP-bwdX] L=64 states=1 -> 1
[DP-bwdX] L=64 states=1 -> 1
[DP-bwdX] L=64 states=1 -> 1
  [Round 33] T_prime=12  T_target=8  HPWL_w=518909  HPWL_eq=476  maxL=16  WNS(T')=-4  WNS*(T)=-8  picked=10  solve_ms=18.4747
[OC-Shortest/pow2] m=8 h=8 SEG=4 bits=32 words=1 threads=24
[DP-fwdX] L=0 states=1 -> 1
[DP-fwdX] L=16 states=141 -> 164
[DP-bwdX] L=64 states=1 -> 1
[DP-bwdX] L=48 states=141 -> 164
[DP-fwdX] L=0 states=1 -> 1
[DP-bwdX] L=32 states=1 -> 1
[DP-fwdX] L=0 states=1 -> 1
[DP-bwdX] L=16 states=1 -> 1
[DP-fwdX] L=0 states=1 -> 1
[DP-fwdX] L=0 states=1 -> 1
[DP-fwdX] L=0 states=1 -> 1
[DP-bwdX] L=16 states=1 -> 1
[DP-bwdX] L=16 states=1 -> 1
[DP-bwdX] L=16 states=1 -> 1
[DP-fwdX] L=16 states=1 -> 1
[DP-bwdX] L=32 states=1 -> 1
[DP-fwdX] L=16 states=1 -> 1
[DP-fwdX] L=16 states=1 -> 1
[DP-fwdX] L=16 states=1 -> 1
[DP-bwdX] L=32 states=1 -> 1
[DP-bwdX] L=32 states=1 -> 1
[DP-bwdX] L=32 states=1 -> 1
[DP-fwdX] L=32 states=1 -> 1
[DP-bwdX] L=64 states=1 -> 1
[DP-fwdX] L=32 states=1 -> 1
[DP-bwdX] L=48 states=1 -> 1
[DP-fwdX] L=32 states=1 -> 1
[DP-fwdX] L=32 states=1 -> 1
[DP-fwdX] L=32 states=1 -> 1
[DP-bwdX] L=48 states=1 -> 1
[DP-bwdX] L=48 states=1 -> 1
[DP-bwdX] L=48 states=1 -> 1
[DP-fwdX] L=48 states=1 -> 1
[DP-bwdX] L=64 states=1 -> 1
[DP-fwdX] L=48 states=1 -> 1
[DP-fwdX] L=48 states=1 -> 1
[DP-fwdX] L=48 states=1 -> 1
[DP-bwdX] L=64 states=1 -> 1
[DP-bwdX] L=64 states=1 -> 1
[DP-bwdX] L=64 states=1 -> 1
  [Round 34] T_prime=12  T_target=8  HPWL_w=523565  HPWL_eq=478  maxL=13  WNS(T')=-1  WNS*(T)=-5  picked=6  solve_ms=17.8827
[OC-Shortest/pow2] m=8 h=8 SEG=4 bits=32 words=1 threads=24
[DP-fwdX] L=0 states=1 -> 1
[DP-fwdX] L=16 states=141 -> 164
[DP-bwdX] L=64 states=1 -> 1
[DP-bwdX] L=48 states=141 -> 164
[DP-fwdX] L=0 states=1 -> 1
[DP-bwdX] L=32 states=1 -> 1
[DP-fwdX] L=0 states=1 -> 1
[DP-bwdX] L=16 states=1 -> 1
[DP-fwdX] L=0 states=1 -> 1
[DP-fwdX] L=0 states=1 -> 1
[DP-fwdX] L=0 states=1 -> 1
[DP-bwdX] L=16 states=1 -> 1
[DP-bwdX] L=16 states=1 -> 1
[DP-bwdX] L=16 states=1 -> 1
[DP-fwdX] L=16 states=1 -> 1
[DP-bwdX] L=32 states=1 -> 1
[DP-fwdX] L=16 states=1 -> 1
[DP-fwdX] L=16 states=1 -> 1
[DP-fwdX] L=16 states=1 -> 1
[DP-bwdX] L=32 states=1 -> 1
[DP-bwdX] L=32 states=1 -> 1
[DP-bwdX] L=32 states=1 -> 1
[DP-fwdX] L=32 states=1 -> 1
[DP-bwdX] L=64 states=1 -> 1
[DP-fwdX] L=32 states=1 -> 1
[DP-bwdX] L=48 states=1 -> 1
[DP-fwdX] L=32 states=1 -> 1
[DP-fwdX] L=32 states=1 -> 1
[DP-fwdX] L=32 states=1 -> 1
[DP-bwdX] L=48 states=1 -> 1
[DP-bwdX] L=48 states=1 -> 1
[DP-bwdX] L=48 states=1 -> 1
[DP-fwdX] L=48 states=1 -> 1
[DP-bwdX] L=64 states=1 -> 1
[DP-fwdX] L=48 states=1 -> 1
[DP-fwdX] L=48 states=1 -> 1
[DP-fwdX] L=48 states=1 -> 1
[DP-bwdX] L=64 states=1 -> 1
[DP-bwdX] L=64 states=1 -> 1
[DP-bwdX] L=64 states=1 -> 1
  [Round 35] T_prime=12  T_target=8  HPWL_w=524065  HPWL_eq=478  maxL=13  WNS(T')=-1  WNS*(T)=-5  picked=6  solve_ms=42.6774
[OC-Shortest/pow2] m=8 h=8 SEG=4 bits=32 words=1 threads=24
[DP-fwdX] L=0 states=1 -> 1
[DP-fwdX] L=16 states=141 -> 164
[DP-bwdX] L=64 states=1 -> 1
[DP-bwdX] L=48 states=141 -> 164
[DP-fwdX] L=0 states=1 -> 1
[DP-bwdX] L=32 states=1 -> 1
[DP-fwdX] L=0 states=1 -> 1
[DP-bwdX] L=16 states=1 -> 1
[DP-fwdX] L=0 states=1 -> 1
[DP-fwdX] L=0 states=1 -> 1
[DP-fwdX] L=0 states=1 -> 1
[DP-bwdX] L=16 states=1 -> 1
[DP-bwdX] L=16 states=1 -> 1
[DP-bwdX] L=16 states=1 -> 1
[DP-fwdX] L=16 states=1 -> 2
[DP-bwdX] L=32 states=1 -> 1
[DP-fwdX] L=16 states=1 -> 2
[DP-fwdX] L=16 states=1 -> 2
[DP-fwdX] L=16 states=1 -> 2
[DP-bwdX] L=32 states=1 -> 1
[DP-bwdX] L=32 states=1 -> 1
[DP-bwdX] L=32 states=1 -> 1
[DP-fwdX] L=32 states=1 -> 1
[DP-bwdX] L=64 states=1 -> 1
[DP-fwdX] L=32 states=1 -> 1
[DP-bwdX] L=48 states=1 -> 2
[DP-fwdX] L=32 states=1 -> 1
[DP-fwdX] L=32 states=1 -> 1
[DP-fwdX] L=32 states=1 -> 1
[DP-bwdX] L=48 states=1 -> 2
[DP-bwdX] L=48 states=1 -> 2
[DP-bwdX] L=48 states=1 -> 2
[DP-fwdX] L=48 states=1 -> 1
[DP-bwdX] L=64 states=1 -> 1
[DP-fwdX] L=48 states=1 -> 1
[DP-fwdX] L=48 states=1 -> 1
[DP-fwdX] L=48 states=1 -> 1
[DP-bwdX] L=64 states=1 -> 1
[DP-bwdX] L=64 states=1 -> 1
[DP-bwdX] L=64 states=1 -> 1
  [Round 36] T_prime=12  T_target=8  HPWL_w=526294  HPWL_eq=492  maxL=29  WNS(T')=-17  WNS*(T)=-21  picked=8  solve_ms=24.8711
[OC-Shortest/pow2] m=8 h=8 SEG=4 bits=32 words=1 threads=24
[DP-fwdX] L=0 states=1 -> 1
[DP-fwdX] L=16 states=141 -> 164
[DP-bwdX] L=64 states=1 -> 1
[DP-bwdX] L=48 states=141 -> 164
[DP-fwdX] L=0 states=1 -> 1
[DP-bwdX] L=32 states=1 -> 1
[DP-fwdX] L=0 states=1 -> 1
[DP-bwdX] L=16 states=1 -> 1
[DP-fwdX] L=0 states=1 -> 1
[DP-fwdX] L=0 states=1 -> 1
[DP-fwdX] L=0 states=1 -> 1
[DP-bwdX] L=16 states=1 -> 1
[DP-bwdX] L=16 states=1 -> 1
[DP-bwdX] L=16 states=1 -> 1
[DP-fwdX] L=16 states=1 -> 1
[DP-bwdX] L=32 states=1 -> 1
[DP-fwdX] L=16 states=1 -> 1
[DP-fwdX] L=16 states=1 -> 1
[DP-fwdX] L=16 states=1 -> 1
[DP-bwdX] L=32 states=1 -> 1
[DP-bwdX] L=32 states=1 -> 1
[DP-bwdX] L=32 states=1 -> 1
[DP-fwdX] L=32 states=1 -> 1
[DP-bwdX] L=64 states=1 -> 1
[DP-fwdX] L=32 states=1 -> 1
[DP-bwdX] L=48 states=1 -> 1
[DP-fwdX] L=32 states=1 -> 1
[DP-fwdX] L=32 states=1 -> 1
[DP-fwdX] L=32 states=1 -> 1
[DP-bwdX] L=48 states=1 -> 1
[DP-bwdX] L=48 states=1 -> 1
[DP-bwdX] L=48 states=1 -> 1
[DP-fwdX] L=48 states=1 -> 1
[DP-bwdX] L=64 states=1 -> 1
[DP-fwdX] L=48 states=1 -> 1
[DP-fwdX] L=48 states=1 -> 1
[DP-fwdX] L=48 states=1 -> 1
[DP-bwdX] L=64 states=1 -> 1
[DP-bwdX] L=64 states=1 -> 1
[DP-bwdX] L=64 states=1 -> 1
  [Round 37] T_prime=12  T_target=8  HPWL_w=527588  HPWL_eq=478  maxL=13  WNS(T')=-1  WNS*(T)=-5  picked=6  solve_ms=17.6181
[OC-Shortest/pow2] m=8 h=8 SEG=4 bits=32 words=1 threads=24
[DP-fwdX] L=0 states=1 -> 1
[DP-fwdX] L=16 states=141 -> 164
[DP-bwdX] L=64 states=1 -> 1
[DP-bwdX] L=48 states=141 -> 164
[DP-fwdX] L=0 states=1 -> 1
[DP-bwdX] L=32 states=1 -> 1
[DP-fwdX] L=0 states=1 -> 1
[DP-bwdX] L=16 states=1 -> 2
[DP-fwdX] L=0 states=1 -> 1
[DP-fwdX] L=0 states=1 -> 1
[DP-fwdX] L=0 states=1 -> 1
[DP-bwdX] L=16 states=1 -> 2
[DP-bwdX] L=16 states=1 -> 2
[DP-bwdX] L=16 states=1 -> 2
[DP-fwdX] L=16 states=1 -> 3
[DP-bwdX] L=32 states=1 -> 1
[DP-fwdX] L=16 states=1 -> 3
[DP-fwdX] L=16 states=1 -> 3
[DP-fwdX] L=16 states=1 -> 3
[DP-bwdX] L=32 states=1 -> 1
[DP-bwdX] L=32 states=1 -> 1
[DP-bwdX] L=32 states=1 -> 1
[DP-fwdX] L=32 states=1 -> 1
[DP-bwdX] L=64 states=1 -> 1
[DP-fwdX] L=32 states=1 -> 1
[DP-bwdX] L=48 states=1 -> 3
[DP-fwdX] L=32 states=1 -> 1
[DP-fwdX] L=32 states=1 -> 1
[DP-fwdX] L=32 states=1 -> 1
[DP-bwdX] L=48 states=1 -> 3
[DP-bwdX] L=48 states=1 -> 3
[DP-bwdX] L=48 states=1 -> 3
[DP-fwdX] L=48 states=1 -> 2
[DP-bwdX] L=64 states=1 -> 1
[DP-fwdX] L=48 states=1 -> 2
[DP-fwdX] L=48 states=1 -> 2
[DP-fwdX] L=48 states=1 -> 2
[DP-bwdX] L=64 states=1 -> 1
[DP-bwdX] L=64 states=1 -> 1
[DP-bwdX] L=64 states=1 -> 1
  [Round 38] T_prime=12  T_target=8  HPWL_w=529951  HPWL_eq=474  maxL=22  WNS(T')=-10  WNS*(T)=-14  picked=10  solve_ms=18.3175
[OC-Shortest/pow2] m=8 h=8 SEG=4 bits=32 words=1 threads=24
[DP-fwdX] L=0 states=1 -> 1
[DP-fwdX] L=16 states=141 -> 164
[DP-bwdX] L=64 states=1 -> 1
[DP-bwdX] L=48 states=141 -> 164
[DP-fwdX] L=0 states=1 -> 1
[DP-bwdX] L=32 states=1 -> 1
[DP-fwdX] L=0 states=1 -> 1
[DP-bwdX] L=16 states=1 -> 1
[DP-fwdX] L=0 states=1 -> 1
[DP-fwdX] L=0 states=1 -> 1
[DP-fwdX] L=0 states=1 -> 1
[DP-bwdX] L=16 states=1 -> 1
[DP-bwdX] L=16 states=1 -> 1
[DP-bwdX] L=16 states=1 -> 1
[DP-fwdX] L=16 states=1 -> 2
[DP-bwdX] L=32 states=1 -> 1
[DP-fwdX] L=16 states=1 -> 2
[DP-fwdX] L=16 states=1 -> 2
[DP-fwdX] L=16 states=1 -> 2
[DP-bwdX] L=32 states=1 -> 1
[DP-bwdX] L=32 states=1 -> 1
[DP-bwdX] L=32 states=1 -> 1
[DP-fwdX] L=32 states=1 -> 1
[DP-bwdX] L=64 states=1 -> 1
[DP-fwdX] L=32 states=1 -> 1
[DP-bwdX] L=48 states=1 -> 2
[DP-fwdX] L=32 states=1 -> 1
[DP-fwdX] L=32 states=1 -> 1
[DP-fwdX] L=32 states=1 -> 1
[DP-bwdX] L=48 states=1 -> 2
[DP-bwdX] L=48 states=1 -> 2
[DP-bwdX] L=48 states=1 -> 2
[DP-fwdX] L=48 states=1 -> 1
[DP-bwdX] L=64 states=1 -> 1
[DP-fwdX] L=48 states=1 -> 1
[DP-fwdX] L=48 states=1 -> 1
[DP-fwdX] L=48 states=1 -> 1
[DP-bwdX] L=64 states=1 -> 1
[DP-bwdX] L=64 states=1 -> 1
[DP-bwdX] L=64 states=1 -> 1
  [Round 39] T_prime=12  T_target=8  HPWL_w=531884  HPWL_eq=496  maxL=29  WNS(T')=-17  WNS*(T)=-21  picked=8  solve_ms=18.2123
[OC-Shortest/pow2] m=8 h=8 SEG=4 bits=32 words=1 threads=24
[DP-fwdX] L=0 states=1 -> 1
[DP-fwdX] L=16 states=141 -> 164
[DP-bwdX] L=64 states=1 -> 1
[DP-bwdX] L=48 states=141 -> 164
[DP-fwdX] L=0 states=1 -> 1
[DP-bwdX] L=32 states=1 -> 1
[DP-fwdX] L=0 states=1 -> 1
[DP-bwdX] L=16 states=1 -> 1
[DP-fwdX] L=0 states=1 -> 1
[DP-fwdX] L=0 states=1 -> 1
[DP-fwdX] L=0 states=1 -> 1
[DP-bwdX] L=16 states=1 -> 1
[DP-bwdX] L=16 states=1 -> 1
[DP-bwdX] L=16 states=1 -> 1
[DP-fwdX] L=16 states=1 -> 1
[DP-bwdX] L=32 states=1 -> 1
[DP-fwdX] L=16 states=1 -> 1
[DP-fwdX] L=16 states=1 -> 1
[DP-fwdX] L=16 states=1 -> 1
[DP-bwdX] L=32 states=1 -> 1
[DP-bwdX] L=32 states=1 -> 1
[DP-bwdX] L=32 states=1 -> 1
[DP-fwdX] L=32 states=1 -> 1
[DP-bwdX] L=64 states=1 -> 1
[DP-fwdX] L=32 states=1 -> 1
[DP-bwdX] L=48 states=1 -> 1
[DP-fwdX] L=32 states=1 -> 1
[DP-fwdX] L=32 states=1 -> 1
[DP-fwdX] L=32 states=1 -> 1
[DP-bwdX] L=48 states=1 -> 1
[DP-bwdX] L=48 states=1 -> 1
[DP-bwdX] L=48 states=1 -> 1
[DP-fwdX] L=48 states=1 -> 1
[DP-bwdX] L=64 states=1 -> 1
[DP-fwdX] L=48 states=1 -> 1
[DP-fwdX] L=48 states=1 -> 1
[DP-fwdX] L=48 states=1 -> 1
[DP-bwdX] L=64 states=1 -> 1
[DP-bwdX] L=64 states=1 -> 1
[DP-bwdX] L=64 states=1 -> 1
  [Round 40] T_prime=12  T_target=8  HPWL_w=533462  HPWL_eq=478  maxL=13  WNS(T')=-1  WNS*(T)=-5  picked=6  solve_ms=17.532
[OC-Shortest/pow2] m=8 h=8 SEG=4 bits=32 words=1 threads=24
[DP-fwdX] L=0 states=1 -> 1
[DP-fwdX] L=16 states=141 -> 164
[DP-bwdX] L=64 states=1 -> 1
[DP-bwdX] L=48 states=141 -> 164
[DP-fwdX] L=0 states=1 -> 1
[DP-bwdX] L=32 states=1 -> 1
[DP-fwdX] L=0 states=1 -> 1
[DP-bwdX] L=16 states=1 -> 2
[DP-fwdX] L=0 states=1 -> 1
[DP-fwdX] L=0 states=1 -> 1
[DP-fwdX] L=0 states=1 -> 1
[DP-bwdX] L=16 states=1 -> 2
[DP-bwdX] L=16 states=1 -> 2
[DP-bwdX] L=16 states=1 -> 2
[DP-fwdX] L=16 states=1 -> 3
[DP-bwdX] L=32 states=1 -> 1
[DP-fwdX] L=16 states=1 -> 3
[DP-fwdX] L=16 states=1 -> 3
[DP-fwdX] L=16 states=1 -> 3
[DP-bwdX] L=32 states=1 -> 1
[DP-bwdX] L=32 states=1 -> 1
[DP-bwdX] L=32 states=1 -> 1
[DP-fwdX] L=32 states=1 -> 1
[DP-bwdX] L=64 states=1 -> 1
[DP-fwdX] L=32 states=1 -> 1
[DP-bwdX] L=48 states=1 -> 3
[DP-fwdX] L=32 states=1 -> 1
[DP-fwdX] L=32 states=1 -> 1
[DP-fwdX] L=32 states=1 -> 1
[DP-bwdX] L=48 states=1 -> 3
[DP-bwdX] L=48 states=1 -> 3
[DP-bwdX] L=48 states=1 -> 3
[DP-fwdX] L=48 states=1 -> 2
[DP-bwdX] L=64 states=1 -> 1
[DP-fwdX] L=48 states=1 -> 2
[DP-fwdX] L=48 states=1 -> 2
[DP-fwdX] L=48 states=1 -> 2
[DP-bwdX] L=64 states=1 -> 1
[DP-bwdX] L=64 states=1 -> 1
[DP-bwdX] L=64 states=1 -> 1
  [Round 41] T_prime=12  T_target=8  HPWL_w=535356  HPWL_eq=480  maxL=16  WNS(T')=-4  WNS*(T)=-8  picked=10  solve_ms=18.2207
[OC-Shortest/pow2] m=8 h=8 SEG=4 bits=32 words=1 threads=24
[DP-fwdX] L=0 states=1 -> 1
[DP-fwdX] L=16 states=141 -> 164
[DP-bwdX] L=64 states=1 -> 1
[DP-bwdX] L=48 states=141 -> 164
[DP-fwdX] L=0 states=1 -> 1
[DP-bwdX] L=32 states=1 -> 1
[DP-fwdX] L=0 states=1 -> 1
[DP-bwdX] L=16 states=1 -> 1
[DP-fwdX] L=0 states=1 -> 1
[DP-fwdX] L=0 states=1 -> 1
[DP-fwdX] L=0 states=1 -> 1
[DP-bwdX] L=16 states=1 -> 1
[DP-bwdX] L=16 states=1 -> 1
[DP-bwdX] L=16 states=1 -> 1
[DP-fwdX] L=16 states=1 -> 1
[DP-bwdX] L=32 states=1 -> 1
[DP-fwdX] L=16 states=1 -> 1
[DP-fwdX] L=16 states=1 -> 1
[DP-fwdX] L=16 states=1 -> 1
[DP-bwdX] L=32 states=1 -> 1
[DP-bwdX] L=32 states=1 -> 1
[DP-bwdX] L=32 states=1 -> 1
[DP-fwdX] L=32 states=1 -> 1
[DP-bwdX] L=64 states=1 -> 1
[DP-fwdX] L=32 states=1 -> 1
[DP-bwdX] L=48 states=1 -> 1
[DP-fwdX] L=32 states=1 -> 1
[DP-fwdX] L=32 states=1 -> 1
[DP-fwdX] L=32 states=1 -> 1
[DP-bwdX] L=48 states=1 -> 1
[DP-bwdX] L=48 states=1 -> 1
[DP-bwdX] L=48 states=1 -> 1
[DP-fwdX] L=48 states=1 -> 1
[DP-bwdX] L=64 states=1 -> 1
[DP-fwdX] L=48 states=1 -> 1
[DP-fwdX] L=48 states=1 -> 1
[DP-fwdX] L=48 states=1 -> 1
[DP-bwdX] L=64 states=1 -> 1
[DP-bwdX] L=64 states=1 -> 1
[DP-bwdX] L=64 states=1 -> 1
  [Round 42] T_prime=12  T_target=8  HPWL_w=539022  HPWL_eq=482  maxL=12  WNS(T')=0  WNS*(T)=-4  picked=0  solve_ms=17.439
    [Tighten] T_prime: 12 -> 10 (sigma*maxL=10, shrink=11)  | cold-start: reset inertia
[OC-Shortest/pow2] m=8 h=8 SEG=4 bits=32 words=1 threads=24
[DP-fwdX] L=0 states=1 -> 1
[DP-fwdX] L=16 states=141 -> 164
[DP-bwdX] L=64 states=1 -> 1
[DP-bwdX] L=48 states=141 -> 164
[DP-fwdX] L=0 states=1 -> 1
[DP-bwdX] L=32 states=1 -> 1
[DP-fwdX] L=0 states=1 -> 1
[DP-bwdX] L=16 states=1 -> 1
[DP-fwdX] L=0 states=1 -> 1
[DP-fwdX] L=0 states=1 -> 1
[DP-fwdX] L=0 states=1 -> 1
[DP-bwdX] L=16 states=1 -> 1
[DP-bwdX] L=16 states=1 -> 1
[DP-bwdX] L=16 states=1 -> 1
[DP-fwdX] L=16 states=1 -> 1
[DP-bwdX] L=32 states=1 -> 1
[DP-fwdX] L=16 states=1 -> 1
[DP-fwdX] L=16 states=1 -> 1
[DP-fwdX] L=16 states=1 -> 1
[DP-bwdX] L=32 states=1 -> 1
[DP-bwdX] L=32 states=1 -> 1
[DP-bwdX] L=32 states=1 -> 1
[DP-fwdX] L=32 states=1 -> 1
[DP-bwdX] L=64 states=1 -> 1
[DP-fwdX] L=32 states=1 -> 1
[DP-bwdX] L=48 states=1 -> 1
[DP-fwdX] L=32 states=1 -> 1
[DP-fwdX] L=32 states=1 -> 1
[DP-fwdX] L=32 states=1 -> 1
[DP-bwdX] L=48 states=1 -> 1
[DP-bwdX] L=48 states=1 -> 1
[DP-bwdX] L=48 states=1 -> 1
[DP-fwdX] L=48 states=1 -> 1
[DP-bwdX] L=64 states=1 -> 1
[DP-fwdX] L=48 states=1 -> 1
[DP-fwdX] L=48 states=1 -> 1
[DP-fwdX] L=48 states=1 -> 1
[DP-bwdX] L=64 states=1 -> 1
[DP-bwdX] L=64 states=1 -> 1
[DP-bwdX] L=64 states=1 -> 1
  [Round 43] T_prime=10  T_target=8  HPWL_w=539022  HPWL_eq=482  maxL=12  WNS(T')=-2  WNS*(T)=-4  picked=10  solve_ms=17.5907
[OC-Shortest/pow2] m=8 h=8 SEG=4 bits=32 words=1 threads=24
[DP-fwdX] L=0 states=1 -> 1
[DP-fwdX] L=16 states=141 -> 164
[DP-bwdX] L=64 states=1 -> 1
[DP-bwdX] L=48 states=141 -> 164
[DP-fwdX] L=0 states=1 -> 1
[DP-bwdX] L=32 states=1 -> 1
[DP-fwdX] L=0 states=1 -> 1
[DP-bwdX] L=16 states=1 -> 1
[DP-fwdX] L=0 states=1 -> 1
[DP-fwdX] L=0 states=1 -> 1
[DP-fwdX] L=0 states=1 -> 1
[DP-bwdX] L=16 states=1 -> 1
[DP-bwdX] L=16 states=1 -> 1
[DP-bwdX] L=16 states=1 -> 1
[DP-fwdX] L=16 states=1 -> 1
[DP-bwdX] L=32 states=1 -> 1
[DP-fwdX] L=16 states=1 -> 1
[DP-fwdX] L=16 states=1 -> 1
[DP-fwdX] L=16 states=1 -> 1
[DP-bwdX] L=32 states=1 -> 1
[DP-bwdX] L=32 states=1 -> 1
[DP-bwdX] L=32 states=1 -> 1
[DP-fwdX] L=32 states=1 -> 1
[DP-bwdX] L=64 states=1 -> 1
[DP-fwdX] L=32 states=1 -> 1
[DP-bwdX] L=48 states=1 -> 1
[DP-fwdX] L=32 states=1 -> 1
[DP-fwdX] L=32 states=1 -> 1
[DP-fwdX] L=32 states=1 -> 1
[DP-bwdX] L=48 states=1 -> 1
[DP-bwdX] L=48 states=1 -> 1
[DP-bwdX] L=48 states=1 -> 1
[DP-fwdX] L=48 states=1 -> 1
[DP-bwdX] L=64 states=1 -> 1
[DP-fwdX] L=48 states=1 -> 1
[DP-fwdX] L=48 states=1 -> 1
[DP-fwdX] L=48 states=1 -> 1
[DP-bwdX] L=64 states=1 -> 1
[DP-bwdX] L=64 states=1 -> 1
[DP-bwdX] L=64 states=1 -> 1
  [Round 44] T_prime=10  T_target=8  HPWL_w=540440  HPWL_eq=478  maxL=13  WNS(T')=-3  WNS*(T)=-5  picked=10  solve_ms=17.5697
[OC-Shortest/pow2] m=8 h=8 SEG=4 bits=32 words=1 threads=24
[DP-fwdX] L=0 states=1 -> 1
[DP-fwdX] L=16 states=141 -> 164
[DP-bwdX] L=64 states=1 -> 1
[DP-bwdX] L=48 states=141 -> 164
[DP-fwdX] L=0 states=1 -> 1
[DP-bwdX] L=32 states=1 -> 1
[DP-fwdX] L=0 states=1 -> 1
[DP-bwdX] L=16 states=1 -> 1
[DP-fwdX] L=0 states=1 -> 1
[DP-fwdX] L=0 states=1 -> 1
[DP-fwdX] L=0 states=1 -> 1
[DP-bwdX] L=16 states=1 -> 1
[DP-bwdX] L=16 states=1 -> 1
[DP-bwdX] L=16 states=1 -> 1
[DP-fwdX] L=16 states=1 -> 1
[DP-bwdX] L=32 states=1 -> 1
[DP-fwdX] L=16 states=1 -> 1
[DP-fwdX] L=16 states=1 -> 1
[DP-fwdX] L=16 states=1 -> 1
[DP-bwdX] L=32 states=1 -> 1
[DP-bwdX] L=32 states=1 -> 1
[DP-bwdX] L=32 states=1 -> 1
[DP-fwdX] L=32 states=1 -> 1
[DP-bwdX] L=64 states=1 -> 1
[DP-fwdX] L=32 states=1 -> 1
[DP-bwdX] L=48 states=1 -> 1
[DP-fwdX] L=32 states=1 -> 1
[DP-fwdX] L=32 states=1 -> 1
[DP-fwdX] L=32 states=1 -> 1
[DP-bwdX] L=48 states=1 -> 1
[DP-bwdX] L=48 states=1 -> 1
[DP-bwdX] L=48 states=1 -> 1
[DP-fwdX] L=48 states=1 -> 1
[DP-bwdX] L=64 states=1 -> 1
[DP-fwdX] L=48 states=1 -> 1
[DP-fwdX] L=48 states=1 -> 1
[DP-fwdX] L=48 states=1 -> 1
[DP-bwdX] L=64 states=1 -> 1
[DP-bwdX] L=64 states=1 -> 1
[DP-bwdX] L=64 states=1 -> 1
  [Round 45] T_prime=10  T_target=8  HPWL_w=541102  HPWL_eq=482  maxL=12  WNS(T')=-2  WNS*(T)=-4  picked=10  solve_ms=17.6322
[OC-Shortest/pow2] m=8 h=8 SEG=4 bits=32 words=1 threads=24
[DP-fwdX] L=0 states=1 -> 1
[DP-fwdX] L=16 states=141 -> 164
[DP-bwdX] L=64 states=1 -> 1
[DP-bwdX] L=48 states=141 -> 164
[DP-fwdX] L=0 states=1 -> 1
[DP-bwdX] L=32 states=1 -> 1
[DP-fwdX] L=0 states=1 -> 1
[DP-bwdX] L=16 states=1 -> 1
[DP-fwdX] L=0 states=1 -> 1
[DP-fwdX] L=0 states=1 -> 1
[DP-fwdX] L=0 states=1 -> 1
[DP-bwdX] L=16 states=1 -> 1
[DP-bwdX] L=16 states=1 -> 1
[DP-bwdX] L=16 states=1 -> 1
[DP-fwdX] L=16 states=1 -> 1
[DP-bwdX] L=32 states=1 -> 1
[DP-fwdX] L=16 states=1 -> 1
[DP-fwdX] L=16 states=1 -> 1
[DP-fwdX] L=16 states=1 -> 1
[DP-bwdX] L=32 states=1 -> 1
[DP-bwdX] L=32 states=1 -> 1
[DP-bwdX] L=32 states=1 -> 1
[DP-fwdX] L=32 states=1 -> 1
[DP-bwdX] L=64 states=1 -> 1
[DP-fwdX] L=32 states=1 -> 1
[DP-bwdX] L=48 states=1 -> 1
[DP-fwdX] L=32 states=1 -> 1
[DP-fwdX] L=32 states=1 -> 1
[DP-fwdX] L=32 states=1 -> 1
[DP-bwdX] L=48 states=1 -> 1
[DP-bwdX] L=48 states=1 -> 1
[DP-bwdX] L=48 states=1 -> 1
[DP-fwdX] L=48 states=1 -> 1
[DP-bwdX] L=64 states=1 -> 1
[DP-fwdX] L=48 states=1 -> 1
[DP-fwdX] L=48 states=1 -> 1
[DP-fwdX] L=48 states=1 -> 1
[DP-bwdX] L=64 states=1 -> 1
[DP-bwdX] L=64 states=1 -> 1
[DP-bwdX] L=64 states=1 -> 1
  [Round 46] T_prime=10  T_target=8  HPWL_w=543152  HPWL_eq=482  maxL=12  WNS(T')=-2  WNS*(T)=-4  picked=10  solve_ms=17.6174
[OC-Shortest/pow2] m=8 h=8 SEG=4 bits=32 words=1 threads=24
[DP-fwdX] L=0 states=1 -> 1
[DP-fwdX] L=16 states=141 -> 164
[DP-bwdX] L=64 states=1 -> 1
[DP-bwdX] L=48 states=141 -> 164
[DP-fwdX] L=0 states=1 -> 1
[DP-bwdX] L=32 states=1 -> 1
[DP-fwdX] L=0 states=1 -> 1
[DP-bwdX] L=16 states=1 -> 2
[DP-fwdX] L=0 states=1 -> 1
[DP-fwdX] L=0 states=1 -> 1
[DP-fwdX] L=0 states=1 -> 1
[DP-bwdX] L=16 states=1 -> 2
[DP-bwdX] L=16 states=1 -> 2
[DP-bwdX] L=16 states=1 -> 2
[DP-fwdX] L=16 states=1 -> 3
[DP-bwdX] L=32 states=1 -> 1
[DP-fwdX] L=16 states=1 -> 3
[DP-fwdX] L=16 states=1 -> 3
[DP-fwdX] L=16 states=1 -> 3
[DP-bwdX] L=32 states=1 -> 1
[DP-bwdX] L=32 states=1 -> 1
[DP-bwdX] L=32 states=1 -> 1
[DP-fwdX] L=32 states=1 -> 1
[DP-bwdX] L=64 states=1 -> 1
[DP-fwdX] L=32 states=1 -> 1
[DP-bwdX] L=48 states=1 -> 3
[DP-fwdX] L=32 states=1 -> 1
[DP-fwdX] L=32 states=1 -> 1
[DP-fwdX] L=32 states=1 -> 1
[DP-bwdX] L=48 states=1 -> 3
[DP-bwdX] L=48 states=1 -> 3
[DP-bwdX] L=48 states=1 -> 3
[DP-fwdX] L=48 states=1 -> 2
[DP-bwdX] L=64 states=1 -> 1
[DP-fwdX] L=48 states=1 -> 2
[DP-fwdX] L=48 states=1 -> 2
[DP-fwdX] L=48 states=1 -> 2
[DP-bwdX] L=64 states=1 -> 1
[DP-bwdX] L=64 states=1 -> 1
[DP-bwdX] L=64 states=1 -> 1
  [Round 47] T_prime=10  T_target=8  HPWL_w=544058  HPWL_eq=480  maxL=16  WNS(T')=-6  WNS*(T)=-8  picked=11  solve_ms=18.1499
[OC-Shortest/pow2] m=8 h=8 SEG=4 bits=32 words=1 threads=24
[DP-fwdX] L=0 states=1 -> 1
[DP-fwdX] L=16 states=141 -> 164
[DP-bwdX] L=64 states=1 -> 1
[DP-bwdX] L=48 states=141 -> 164
[DP-fwdX] L=0 states=1 -> 1
[DP-bwdX] L=32 states=1 -> 1
[DP-fwdX] L=0 states=1 -> 1
[DP-bwdX] L=16 states=1 -> 2
[DP-fwdX] L=0 states=1 -> 1
[DP-fwdX] L=0 states=1 -> 1
[DP-fwdX] L=0 states=1 -> 1
[DP-bwdX] L=16 states=1 -> 2
[DP-bwdX] L=16 states=1 -> 2
[DP-bwdX] L=16 states=1 -> 2
[DP-fwdX] L=16 states=1 -> 3
[DP-bwdX] L=32 states=1 -> 1
[DP-fwdX] L=16 states=1 -> 3
[DP-fwdX] L=16 states=1 -> 3
[DP-fwdX] L=16 states=1 -> 3
[DP-bwdX] L=32 states=1 -> 1
[DP-bwdX] L=32 states=1 -> 1
[DP-bwdX] L=32 states=1 -> 1
[DP-fwdX] L=32 states=1 -> 1
[DP-bwdX] L=64 states=1 -> 1
[DP-fwdX] L=32 states=1 -> 1
[DP-bwdX] L=48 states=1 -> 3
[DP-fwdX] L=32 states=1 -> 1
[DP-fwdX] L=32 states=1 -> 1
[DP-fwdX] L=32 states=1 -> 1
[DP-bwdX] L=48 states=1 -> 3
[DP-bwdX] L=48 states=1 -> 3
[DP-bwdX] L=48 states=1 -> 3
[DP-fwdX] L=48 states=1 -> 2
[DP-bwdX] L=64 states=1 -> 1
[DP-fwdX] L=48 states=1 -> 2
[DP-fwdX] L=48 states=1 -> 2
[DP-fwdX] L=48 states=1 -> 2
[DP-bwdX] L=64 states=1 -> 1
[DP-bwdX] L=64 states=1 -> 1
[DP-bwdX] L=64 states=1 -> 1
  [Round 48] T_prime=10  T_target=8  HPWL_w=547311  HPWL_eq=480  maxL=16  WNS(T')=-6  WNS*(T)=-8  picked=11  solve_ms=18.2235
[OC-Shortest/pow2] m=8 h=8 SEG=4 bits=32 words=1 threads=24
[DP-fwdX] L=0 states=1 -> 1
[DP-fwdX] L=16 states=141 -> 164
[DP-bwdX] L=64 states=1 -> 1
[DP-bwdX] L=48 states=141 -> 164
[DP-fwdX] L=0 states=1 -> 1
[DP-bwdX] L=32 states=1 -> 1
[DP-fwdX] L=0 states=1 -> 1
[DP-bwdX] L=16 states=1 -> 1
[DP-fwdX] L=0 states=1 -> 1
[DP-fwdX] L=0 states=1 -> 1
[DP-fwdX] L=0 states=1 -> 1
[DP-bwdX] L=16 states=1 -> 1
[DP-bwdX] L=16 states=1 -> 1
[DP-bwdX] L=16 states=1 -> 1
[DP-fwdX] L=16 states=1 -> 1
[DP-bwdX] L=32 states=1 -> 1
[DP-fwdX] L=16 states=1 -> 1
[DP-fwdX] L=16 states=1 -> 1
[DP-fwdX] L=16 states=1 -> 1
[DP-bwdX] L=32 states=1 -> 1
[DP-bwdX] L=32 states=1 -> 1
[DP-bwdX] L=32 states=1 -> 1
[DP-fwdX] L=32 states=1 -> 1
[DP-bwdX] L=64 states=1 -> 1
[DP-fwdX] L=32 states=1 -> 1
[DP-bwdX] L=48 states=1 -> 1
[DP-fwdX] L=32 states=1 -> 1
[DP-fwdX] L=32 states=1 -> 1
[DP-fwdX] L=32 states=1 -> 1
[DP-bwdX] L=48 states=1 -> 1
[DP-bwdX] L=48 states=1 -> 1
[DP-bwdX] L=48 states=1 -> 1
[DP-fwdX] L=48 states=1 -> 1
[DP-bwdX] L=64 states=1 -> 1
[DP-fwdX] L=48 states=1 -> 1
[DP-fwdX] L=48 states=1 -> 1
[DP-fwdX] L=48 states=1 -> 1
[DP-bwdX] L=64 states=1 -> 1
[DP-bwdX] L=64 states=1 -> 1
[DP-bwdX] L=64 states=1 -> 1
  [Round 49] T_prime=10  T_target=8  HPWL_w=548400  HPWL_eq=482  maxL=12  WNS(T')=-2  WNS*(T)=-4  picked=10  solve_ms=17.6045
[OC-Shortest/pow2] m=8 h=8 SEG=4 bits=32 words=1 threads=24
[DP-fwdX] L=0 states=1 -> 1
[DP-fwdX] L=16 states=141 -> 164
[DP-bwdX] L=64 states=1 -> 1
[DP-bwdX] L=48 states=141 -> 164
[DP-fwdX] L=0 states=1 -> 1
[DP-bwdX] L=32 states=1 -> 1
[DP-fwdX] L=0 states=1 -> 1
[DP-bwdX] L=16 states=1 -> 1
[DP-fwdX] L=0 states=1 -> 1
[DP-fwdX] L=0 states=1 -> 1
[DP-fwdX] L=0 states=1 -> 1
[DP-bwdX] L=16 states=1 -> 1
[DP-bwdX] L=16 states=1 -> 1
[DP-bwdX] L=16 states=1 -> 1
[DP-fwdX] L=16 states=1 -> 1
[DP-bwdX] L=32 states=1 -> 1
[DP-fwdX] L=16 states=1 -> 1
[DP-fwdX] L=16 states=1 -> 1
[DP-fwdX] L=16 states=1 -> 1
[DP-bwdX] L=32 states=1 -> 1
[DP-bwdX] L=32 states=1 -> 1
[DP-bwdX] L=32 states=1 -> 1
[DP-fwdX] L=32 states=1 -> 1
[DP-bwdX] L=64 states=1 -> 1
[DP-fwdX] L=32 states=1 -> 1
[DP-bwdX] L=48 states=1 -> 1
[DP-fwdX] L=32 states=1 -> 1
[DP-fwdX] L=32 states=1 -> 1
[DP-fwdX] L=32 states=1 -> 1
[DP-bwdX] L=48 states=1 -> 1
[DP-bwdX] L=48 states=1 -> 1
[DP-bwdX] L=48 states=1 -> 1
[DP-fwdX] L=48 states=1 -> 1
[DP-bwdX] L=64 states=1 -> 1
[DP-fwdX] L=48 states=1 -> 1
[DP-fwdX] L=48 states=1 -> 1
[DP-fwdX] L=48 states=1 -> 1
[DP-bwdX] L=64 states=1 -> 1
[DP-bwdX] L=64 states=1 -> 1
[DP-bwdX] L=64 states=1 -> 1
  [Round 50] T_prime=10  T_target=8  HPWL_w=550925  HPWL_eq=482  maxL=12  WNS(T')=-2  WNS*(T)=-4  picked=10  solve_ms=17.5266
[OC-Shortest/pow2] m=8 h=8 SEG=4 bits=32 words=1 threads=24
[DP-fwdX] L=0 states=1 -> 1
[DP-fwdX] L=16 states=141 -> 164
[DP-bwdX] L=64 states=1 -> 1
[DP-bwdX] L=48 states=141 -> 164
[DP-fwdX] L=0 states=1 -> 1
[DP-bwdX] L=32 states=1 -> 1
[DP-fwdX] L=0 states=1 -> 1
[DP-bwdX] L=16 states=1 -> 2
[DP-fwdX] L=0 states=1 -> 1
[DP-fwdX] L=0 states=1 -> 1
[DP-fwdX] L=0 states=1 -> 1
[DP-bwdX] L=16 states=1 -> 2
[DP-bwdX] L=16 states=1 -> 2
[DP-bwdX] L=16 states=1 -> 2
[DP-fwdX] L=16 states=1 -> 3
[DP-bwdX] L=32 states=1 -> 1
[DP-fwdX] L=16 states=1 -> 3
[DP-fwdX] L=16 states=1 -> 3
[DP-fwdX] L=16 states=1 -> 3
[DP-bwdX] L=32 states=1 -> 1
[DP-bwdX] L=32 states=1 -> 1
[DP-bwdX] L=32 states=1 -> 1
[DP-fwdX] L=32 states=1 -> 1
[DP-bwdX] L=64 states=1 -> 1
[DP-fwdX] L=32 states=1 -> 1
[DP-bwdX] L=48 states=1 -> 3
[DP-fwdX] L=32 states=1 -> 1
[DP-fwdX] L=32 states=1 -> 1
[DP-fwdX] L=32 states=1 -> 1
[DP-bwdX] L=48 states=1 -> 3
[DP-bwdX] L=48 states=1 -> 3
[DP-bwdX] L=48 states=1 -> 3
[DP-fwdX] L=48 states=1 -> 2
[DP-bwdX] L=64 states=1 -> 1
[DP-fwdX] L=48 states=1 -> 2
[DP-fwdX] L=48 states=1 -> 2
[DP-fwdX] L=48 states=1 -> 2
[DP-bwdX] L=64 states=1 -> 1
[DP-bwdX] L=64 states=1 -> 1
[DP-bwdX] L=64 states=1 -> 1
  [Round 51] T_prime=10  T_target=8  HPWL_w=552298  HPWL_eq=480  maxL=16  WNS(T')=-6  WNS*(T)=-8  picked=11  solve_ms=18.3083
[OC-Shortest/pow2] m=8 h=8 SEG=4 bits=32 words=1 threads=24
[DP-fwdX] L=0 states=1 -> 1
[DP-fwdX] L=16 states=141 -> 164
[DP-bwdX] L=64 states=1 -> 1
[DP-bwdX] L=48 states=141 -> 164
[DP-fwdX] L=0 states=1 -> 1
[DP-bwdX] L=32 states=1 -> 1
[DP-fwdX] L=0 states=1 -> 1
[DP-bwdX] L=16 states=1 -> 1
[DP-fwdX] L=0 states=1 -> 1
[DP-fwdX] L=0 states=1 -> 1
[DP-fwdX] L=0 states=1 -> 1
[DP-bwdX] L=16 states=1 -> 1
[DP-bwdX] L=16 states=1 -> 1
[DP-bwdX] L=16 states=1 -> 1
[DP-fwdX] L=16 states=1 -> 2
[DP-bwdX] L=32 states=1 -> 1
[DP-fwdX] L=16 states=1 -> 2
[DP-fwdX] L=16 states=1 -> 2
[DP-fwdX] L=16 states=1 -> 2
[DP-bwdX] L=32 states=1 -> 1
[DP-bwdX] L=32 states=1 -> 1
[DP-bwdX] L=32 states=1 -> 1
[DP-fwdX] L=32 states=1 -> 1
[DP-bwdX] L=64 states=1 -> 1
[DP-fwdX] L=32 states=1 -> 1
[DP-bwdX] L=48 states=1 -> 2
[DP-fwdX] L=32 states=1 -> 1
[DP-fwdX] L=32 states=1 -> 1
[DP-fwdX] L=32 states=1 -> 1
[DP-bwdX] L=48 states=1 -> 2
[DP-bwdX] L=48 states=1 -> 2
[DP-bwdX] L=48 states=1 -> 2
[DP-fwdX] L=48 states=1 -> 1
[DP-bwdX] L=64 states=1 -> 1
[DP-fwdX] L=48 states=1 -> 1
[DP-fwdX] L=48 states=1 -> 1
[DP-fwdX] L=48 states=1 -> 1
[DP-bwdX] L=64 states=1 -> 1
[DP-bwdX] L=64 states=1 -> 1
[DP-bwdX] L=64 states=1 -> 1
  [Round 52] T_prime=10  T_target=8  HPWL_w=554601  HPWL_eq=496  maxL=29  WNS(T')=-19  WNS*(T)=-21  picked=8  solve_ms=18.3416
[OC-Shortest/pow2] m=8 h=8 SEG=4 bits=32 words=1 threads=24
[DP-fwdX] L=0 states=1 -> 1
[DP-fwdX] L=16 states=141 -> 164
[DP-bwdX] L=64 states=1 -> 1
[DP-bwdX] L=48 states=141 -> 164
[DP-fwdX] L=0 states=1 -> 1
[DP-bwdX] L=32 states=1 -> 1
[DP-fwdX] L=0 states=1 -> 1
[DP-bwdX] L=16 states=1 -> 1
[DP-fwdX] L=0 states=1 -> 1
[DP-fwdX] L=0 states=1 -> 1
[DP-fwdX] L=0 states=1 -> 1
[DP-bwdX] L=16 states=1 -> 1
[DP-bwdX] L=16 states=1 -> 1
[DP-bwdX] L=16 states=1 -> 1
[DP-fwdX] L=16 states=1 -> 1
[DP-bwdX] L=32 states=1 -> 1
[DP-fwdX] L=16 states=1 -> 1
[DP-fwdX] L=16 states=1 -> 1
[DP-fwdX] L=16 states=1 -> 1
[DP-bwdX] L=32 states=1 -> 1
[DP-bwdX] L=32 states=1 -> 1
[DP-bwdX] L=32 states=1 -> 1
[DP-fwdX] L=32 states=1 -> 1
[DP-bwdX] L=64 states=1 -> 1
[DP-fwdX] L=32 states=1 -> 1
[DP-bwdX] L=48 states=1 -> 1
[DP-fwdX] L=32 states=1 -> 1
[DP-fwdX] L=32 states=1 -> 1
[DP-fwdX] L=32 states=1 -> 1
[DP-bwdX] L=48 states=1 -> 1
[DP-bwdX] L=48 states=1 -> 1
[DP-bwdX] L=48 states=1 -> 1
[DP-fwdX] L=48 states=1 -> 1
[DP-bwdX] L=64 states=1 -> 1
[DP-fwdX] L=48 states=1 -> 1
[DP-fwdX] L=48 states=1 -> 1
[DP-fwdX] L=48 states=1 -> 1
[DP-bwdX] L=64 states=1 -> 1
[DP-bwdX] L=64 states=1 -> 1
[DP-bwdX] L=64 states=1 -> 1
  [Round 53] T_prime=10  T_target=8  HPWL_w=557331  HPWL_eq=482  maxL=12  WNS(T')=-2  WNS*(T)=-4  picked=10  solve_ms=17.7182
[OC-Shortest/pow2] m=8 h=8 SEG=4 bits=32 words=1 threads=24
[DP-fwdX] L=0 states=1 -> 1
[DP-fwdX] L=16 states=141 -> 164
[DP-bwdX] L=64 states=1 -> 1
[DP-bwdX] L=48 states=141 -> 164
[DP-fwdX] L=0 states=1 -> 1
[DP-bwdX] L=32 states=1 -> 1
[DP-fwdX] L=0 states=1 -> 1
[DP-bwdX] L=16 states=1 -> 2
[DP-fwdX] L=0 states=1 -> 1
[DP-fwdX] L=0 states=1 -> 1
[DP-fwdX] L=0 states=1 -> 1
[DP-bwdX] L=16 states=1 -> 2
[DP-bwdX] L=16 states=1 -> 2
[DP-bwdX] L=16 states=1 -> 2
[DP-fwdX] L=16 states=1 -> 3
[DP-bwdX] L=32 states=1 -> 1
[DP-fwdX] L=16 states=1 -> 3
[DP-fwdX] L=16 states=1 -> 3
[DP-fwdX] L=16 states=1 -> 3
[DP-bwdX] L=32 states=1 -> 1
[DP-bwdX] L=32 states=1 -> 1
[DP-bwdX] L=32 states=1 -> 1
[DP-fwdX] L=32 states=1 -> 1
[DP-bwdX] L=64 states=1 -> 1
[DP-fwdX] L=32 states=1 -> 1
[DP-bwdX] L=48 states=1 -> 3
[DP-fwdX] L=32 states=1 -> 1
[DP-fwdX] L=32 states=1 -> 1
[DP-fwdX] L=32 states=1 -> 1
[DP-bwdX] L=48 states=1 -> 3
[DP-bwdX] L=48 states=1 -> 3
[DP-bwdX] L=48 states=1 -> 3
[DP-fwdX] L=48 states=1 -> 2
[DP-bwdX] L=64 states=1 -> 1
[DP-fwdX] L=48 states=1 -> 2
[DP-fwdX] L=48 states=1 -> 2
[DP-fwdX] L=48 states=1 -> 2
[DP-bwdX] L=64 states=1 -> 1
[DP-bwdX] L=64 states=1 -> 1
[DP-bwdX] L=64 states=1 -> 1
  [Round 54] T_prime=10  T_target=8  HPWL_w=559993  HPWL_eq=480  maxL=16  WNS(T')=-6  WNS*(T)=-8  picked=11  solve_ms=18.6164
[OC-Shortest/pow2] m=8 h=8 SEG=4 bits=32 words=1 threads=24
[DP-fwdX] L=0 states=1 -> 1
[DP-fwdX] L=16 states=141 -> 164
[DP-bwdX] L=64 states=1 -> 1
[DP-bwdX] L=48 states=141 -> 164
[DP-fwdX] L=0 states=1 -> 1
[DP-bwdX] L=32 states=1 -> 1
[DP-fwdX] L=0 states=1 -> 1
[DP-bwdX] L=16 states=1 -> 1
[DP-fwdX] L=0 states=1 -> 1
[DP-fwdX] L=0 states=1 -> 1
[DP-fwdX] L=0 states=1 -> 1
[DP-bwdX] L=16 states=1 -> 1
[DP-bwdX] L=16 states=1 -> 1
[DP-bwdX] L=16 states=1 -> 1
[DP-fwdX] L=16 states=1 -> 2
[DP-bwdX] L=32 states=1 -> 1
[DP-fwdX] L=16 states=1 -> 2
[DP-fwdX] L=16 states=1 -> 2
[DP-fwdX] L=16 states=1 -> 2
[DP-bwdX] L=32 states=1 -> 1
[DP-bwdX] L=32 states=1 -> 1
[DP-bwdX] L=32 states=1 -> 1
[DP-fwdX] L=32 states=1 -> 1
[DP-bwdX] L=64 states=1 -> 1
[DP-fwdX] L=32 states=1 -> 1
[DP-bwdX] L=48 states=1 -> 2
[DP-fwdX] L=32 states=1 -> 1
[DP-fwdX] L=32 states=1 -> 1
[DP-fwdX] L=32 states=1 -> 1
[DP-bwdX] L=48 states=1 -> 2
[DP-bwdX] L=48 states=1 -> 2
[DP-bwdX] L=48 states=1 -> 2
[DP-fwdX] L=48 states=1 -> 1
[DP-bwdX] L=64 states=1 -> 1
[DP-fwdX] L=48 states=1 -> 1
[DP-fwdX] L=48 states=1 -> 1
[DP-fwdX] L=48 states=1 -> 1
[DP-bwdX] L=64 states=1 -> 1
[DP-bwdX] L=64 states=1 -> 1
[DP-bwdX] L=64 states=1 -> 1
  [Round 55] T_prime=10  T_target=8  HPWL_w=561371  HPWL_eq=496  maxL=29  WNS(T')=-19  WNS*(T)=-21  picked=8  solve_ms=18.1876
[OC-Shortest/pow2] m=8 h=8 SEG=4 bits=32 words=1 threads=24
[DP-fwdX] L=0 states=1 -> 1
[DP-fwdX] L=16 states=141 -> 164
[DP-bwdX] L=64 states=1 -> 1
[DP-bwdX] L=48 states=141 -> 164
[DP-fwdX] L=0 states=1 -> 1
[DP-bwdX] L=32 states=1 -> 1
[DP-fwdX] L=0 states=1 -> 1
[DP-bwdX] L=16 states=1 -> 1
[DP-fwdX] L=0 states=1 -> 1
[DP-fwdX] L=0 states=1 -> 1
[DP-fwdX] L=0 states=1 -> 1
[DP-bwdX] L=16 states=1 -> 1
[DP-bwdX] L=16 states=1 -> 1
[DP-bwdX] L=16 states=1 -> 1
[DP-fwdX] L=16 states=1 -> 1
[DP-bwdX] L=32 states=1 -> 1
[DP-fwdX] L=16 states=1 -> 1
[DP-fwdX] L=16 states=1 -> 1
[DP-fwdX] L=16 states=1 -> 1
[DP-bwdX] L=32 states=1 -> 1
[DP-bwdX] L=32 states=1 -> 1
[DP-bwdX] L=32 states=1 -> 1
[DP-fwdX] L=32 states=1 -> 1
[DP-bwdX] L=64 states=1 -> 1
[DP-fwdX] L=32 states=1 -> 1
[DP-bwdX] L=48 states=1 -> 1
[DP-fwdX] L=32 states=1 -> 1
[DP-fwdX] L=32 states=1 -> 1
[DP-fwdX] L=32 states=1 -> 1
[DP-bwdX] L=48 states=1 -> 1
[DP-bwdX] L=48 states=1 -> 1
[DP-bwdX] L=48 states=1 -> 1
[DP-fwdX] L=48 states=1 -> 1
[DP-bwdX] L=64 states=1 -> 1
[DP-fwdX] L=48 states=1 -> 1
[DP-fwdX] L=48 states=1 -> 1
[DP-fwdX] L=48 states=1 -> 1
[DP-bwdX] L=64 states=1 -> 1
[DP-bwdX] L=64 states=1 -> 1
[DP-bwdX] L=64 states=1 -> 1
  [Round 56] T_prime=10  T_target=8  HPWL_w=564536  HPWL_eq=482  maxL=12  WNS(T')=-2  WNS*(T)=-4  picked=10  solve_ms=17.6328
[OC-Shortest/pow2] m=8 h=8 SEG=4 bits=32 words=1 threads=24
[DP-fwdX] L=0 states=1 -> 1
[DP-fwdX] L=16 states=141 -> 164
[DP-bwdX] L=64 states=1 -> 1
[DP-bwdX] L=48 states=141 -> 164
[DP-fwdX] L=0 states=1 -> 1
[DP-bwdX] L=32 states=1 -> 1
[DP-fwdX] L=0 states=1 -> 1
[DP-bwdX] L=16 states=1 -> 1
[DP-fwdX] L=0 states=1 -> 1
[DP-fwdX] L=0 states=1 -> 1
[DP-fwdX] L=0 states=1 -> 1
[DP-bwdX] L=16 states=1 -> 1
[DP-bwdX] L=16 states=1 -> 1
[DP-bwdX] L=16 states=1 -> 1
[DP-fwdX] L=16 states=1 -> 1
[DP-bwdX] L=32 states=1 -> 1
[DP-fwdX] L=16 states=1 -> 1
[DP-fwdX] L=16 states=1 -> 1
[DP-fwdX] L=16 states=1 -> 1
[DP-bwdX] L=32 states=1 -> 1
[DP-bwdX] L=32 states=1 -> 1
[DP-bwdX] L=32 states=1 -> 1
[DP-fwdX] L=32 states=1 -> 1
[DP-bwdX] L=64 states=1 -> 1
[DP-fwdX] L=32 states=1 -> 1
[DP-bwdX] L=48 states=1 -> 1
[DP-fwdX] L=32 states=1 -> 1
[DP-fwdX] L=32 states=1 -> 1
[DP-fwdX] L=32 states=1 -> 1
[DP-bwdX] L=48 states=1 -> 1
[DP-bwdX] L=48 states=1 -> 1
[DP-bwdX] L=48 states=1 -> 1
[DP-fwdX] L=48 states=1 -> 1
[DP-bwdX] L=64 states=1 -> 1
[DP-fwdX] L=48 states=1 -> 1
[DP-fwdX] L=48 states=1 -> 1
[DP-fwdX] L=48 states=1 -> 1
[DP-bwdX] L=64 states=1 -> 1
[DP-bwdX] L=64 states=1 -> 1
[DP-bwdX] L=64 states=1 -> 1
  [Round 57] T_prime=10  T_target=8  HPWL_w=568726  HPWL_eq=482  maxL=12  WNS(T')=-2  WNS*(T)=-4  picked=10  solve_ms=18.078
[OC-Shortest/pow2] m=8 h=8 SEG=4 bits=32 words=1 threads=24
[DP-fwdX] L=0 states=1 -> 1
[DP-fwdX] L=16 states=141 -> 164
[DP-bwdX] L=64 states=1 -> 1
[DP-bwdX] L=48 states=141 -> 164
[DP-fwdX] L=0 states=1 -> 1
[DP-bwdX] L=32 states=1 -> 1
[DP-fwdX] L=0 states=1 -> 1
[DP-bwdX] L=16 states=1 -> 1
[DP-fwdX] L=0 states=1 -> 1
[DP-fwdX] L=0 states=1 -> 1
[DP-fwdX] L=0 states=1 -> 1
[DP-bwdX] L=16 states=1 -> 1
[DP-bwdX] L=16 states=1 -> 1
[DP-bwdX] L=16 states=1 -> 1
[DP-fwdX] L=16 states=1 -> 1
[DP-bwdX] L=32 states=1 -> 1
[DP-fwdX] L=16 states=1 -> 1
[DP-fwdX] L=16 states=1 -> 1
[DP-fwdX] L=16 states=1 -> 1
[DP-bwdX] L=32 states=1 -> 1
[DP-bwdX] L=32 states=1 -> 1
[DP-bwdX] L=32 states=1 -> 1
[DP-fwdX] L=32 states=1 -> 1
[DP-bwdX] L=64 states=1 -> 1
[DP-fwdX] L=32 states=1 -> 1
[DP-bwdX] L=48 states=1 -> 1
[DP-fwdX] L=32 states=1 -> 1
[DP-fwdX] L=32 states=1 -> 1
[DP-fwdX] L=32 states=1 -> 1
[DP-bwdX] L=48 states=1 -> 1
[DP-bwdX] L=48 states=1 -> 1
[DP-bwdX] L=48 states=1 -> 1
[DP-fwdX] L=48 states=1 -> 1
[DP-bwdX] L=64 states=1 -> 1
[DP-fwdX] L=48 states=1 -> 1
[DP-fwdX] L=48 states=1 -> 1
[DP-fwdX] L=48 states=1 -> 1
[DP-bwdX] L=64 states=1 -> 1
[DP-bwdX] L=64 states=1 -> 1
[DP-bwdX] L=64 states=1 -> 1
  [Round 58] T_prime=10  T_target=8  HPWL_w=572670  HPWL_eq=482  maxL=12  WNS(T')=-2  WNS*(T)=-4  picked=10  solve_ms=17.2101
[OC-Shortest/pow2] m=8 h=8 SEG=4 bits=32 words=1 threads=24
[DP-fwdX] L=0 states=1 -> 1
[DP-fwdX] L=16 states=141 -> 164
[DP-bwdX] L=64 states=1 -> 1
[DP-bwdX] L=48 states=141 -> 164
[DP-fwdX] L=0 states=1 -> 1
[DP-bwdX] L=32 states=1 -> 1
[DP-fwdX] L=0 states=1 -> 1
[DP-bwdX] L=16 states=1 -> 2
[DP-fwdX] L=0 states=1 -> 1
[DP-fwdX] L=0 states=1 -> 1
[DP-fwdX] L=0 states=1 -> 1
[DP-bwdX] L=16 states=1 -> 2
[DP-bwdX] L=16 states=1 -> 2
[DP-bwdX] L=16 states=1 -> 2
[DP-fwdX] L=16 states=1 -> 3
[DP-bwdX] L=32 states=1 -> 1
[DP-fwdX] L=16 states=1 -> 3
[DP-fwdX] L=16 states=1 -> 3
[DP-fwdX] L=16 states=1 -> 3
[DP-bwdX] L=32 states=1 -> 1
[DP-bwdX] L=32 states=1 -> 1
[DP-bwdX] L=32 states=1 -> 1
[DP-fwdX] L=32 states=1 -> 1
[DP-bwdX] L=64 states=1 -> 1
[DP-fwdX] L=32 states=1 -> 1
[DP-bwdX] L=48 states=1 -> 3
[DP-fwdX] L=32 states=1 -> 1
[DP-fwdX] L=32 states=1 -> 1
[DP-fwdX] L=32 states=1 -> 1
[DP-bwdX] L=48 states=1 -> 3
[DP-bwdX] L=48 states=1 -> 3
[DP-bwdX] L=48 states=1 -> 3
[DP-fwdX] L=48 states=1 -> 2
[DP-bwdX] L=64 states=1 -> 1
[DP-fwdX] L=48 states=1 -> 2
[DP-fwdX] L=48 states=1 -> 2
[DP-fwdX] L=48 states=1 -> 2
[DP-bwdX] L=64 states=1 -> 1
[DP-bwdX] L=64 states=1 -> 1
[DP-bwdX] L=64 states=1 -> 1
  [Round 59] T_prime=10  T_target=8  HPWL_w=573650  HPWL_eq=480  maxL=16  WNS(T')=-6  WNS*(T)=-8  picked=10  solve_ms=18.3461
[OC-Shortest/pow2] m=8 h=8 SEG=4 bits=32 words=1 threads=24
[DP-fwdX] L=0 states=1 -> 1
[DP-fwdX] L=16 states=141 -> 164
[DP-bwdX] L=64 states=1 -> 1
[DP-bwdX] L=48 states=141 -> 164
[DP-fwdX] L=0 states=1 -> 1
[DP-bwdX] L=32 states=1 -> 1
[DP-fwdX] L=0 states=1 -> 1
[DP-bwdX] L=16 states=1 -> 2
[DP-fwdX] L=0 states=1 -> 1
[DP-fwdX] L=0 states=1 -> 1
[DP-fwdX] L=0 states=1 -> 1
[DP-bwdX] L=16 states=1 -> 2
[DP-bwdX] L=16 states=1 -> 2
[DP-bwdX] L=16 states=1 -> 2
[DP-fwdX] L=16 states=1 -> 3
[DP-bwdX] L=32 states=1 -> 1
[DP-fwdX] L=16 states=1 -> 3
[DP-fwdX] L=16 states=1 -> 3
[DP-fwdX] L=16 states=1 -> 3
[DP-bwdX] L=32 states=1 -> 1
[DP-bwdX] L=32 states=1 -> 1
[DP-bwdX] L=32 states=1 -> 1
[DP-fwdX] L=32 states=1 -> 1
[DP-bwdX] L=64 states=1 -> 1
[DP-fwdX] L=32 states=1 -> 1
[DP-bwdX] L=48 states=1 -> 3
[DP-fwdX] L=32 states=1 -> 1
[DP-fwdX] L=32 states=1 -> 1
[DP-fwdX] L=32 states=1 -> 1
[DP-bwdX] L=48 states=1 -> 3
[DP-bwdX] L=48 states=1 -> 3
[DP-bwdX] L=48 states=1 -> 3
[DP-fwdX] L=48 states=1 -> 2
[DP-bwdX] L=64 states=1 -> 1
[DP-fwdX] L=48 states=1 -> 2
[DP-fwdX] L=48 states=1 -> 2
[DP-fwdX] L=48 states=1 -> 2
[DP-bwdX] L=64 states=1 -> 1
[DP-bwdX] L=64 states=1 -> 1
[DP-bwdX] L=64 states=1 -> 1
  [Round 60] T_prime=10  T_target=8  HPWL_w=576952  HPWL_eq=480  maxL=16  WNS(T')=-6  WNS*(T)=-8  picked=11  solve_ms=18.1049
[OC-Shortest/pow2] m=8 h=8 SEG=4 bits=32 words=1 threads=24
[DP-fwdX] L=0 states=1 -> 1
[DP-fwdX] L=16 states=141 -> 164
[DP-bwdX] L=64 states=1 -> 1
[DP-bwdX] L=48 states=141 -> 164
[DP-fwdX] L=0 states=1 -> 1
[DP-bwdX] L=32 states=1 -> 1
[DP-fwdX] L=0 states=1 -> 1
[DP-bwdX] L=16 states=1 -> 1
[DP-fwdX] L=0 states=1 -> 1
[DP-fwdX] L=0 states=1 -> 1
[DP-fwdX] L=0 states=1 -> 1
[DP-bwdX] L=16 states=1 -> 1
[DP-bwdX] L=16 states=1 -> 1
[DP-bwdX] L=16 states=1 -> 1
[DP-fwdX] L=16 states=1 -> 2
[DP-bwdX] L=32 states=1 -> 1
[DP-fwdX] L=16 states=1 -> 2
[DP-fwdX] L=16 states=1 -> 2
[DP-fwdX] L=16 states=1 -> 2
[DP-bwdX] L=32 states=1 -> 1
[DP-bwdX] L=32 states=1 -> 1
[DP-bwdX] L=32 states=1 -> 1
[DP-fwdX] L=32 states=1 -> 1
[DP-bwdX] L=64 states=1 -> 1
[DP-fwdX] L=32 states=1 -> 1
[DP-bwdX] L=48 states=1 -> 2
[DP-fwdX] L=32 states=1 -> 1
[DP-fwdX] L=32 states=1 -> 1
[DP-fwdX] L=32 states=1 -> 1
[DP-bwdX] L=48 states=1 -> 2
[DP-bwdX] L=48 states=1 -> 2
[DP-bwdX] L=48 states=1 -> 2
[DP-fwdX] L=48 states=1 -> 1
[DP-bwdX] L=64 states=1 -> 1
[DP-fwdX] L=48 states=1 -> 1
[DP-fwdX] L=48 states=1 -> 1
[DP-fwdX] L=48 states=1 -> 1
[DP-bwdX] L=64 states=1 -> 1
[DP-bwdX] L=64 states=1 -> 1
[DP-bwdX] L=64 states=1 -> 1
  [Round 61] T_prime=10  T_target=8  HPWL_w=580782  HPWL_eq=496  maxL=29  WNS(T')=-19  WNS*(T)=-21  picked=10  solve_ms=18.309
[OC-Shortest/pow2] m=8 h=8 SEG=4 bits=32 words=1 threads=24
[DP-fwdX] L=0 states=1 -> 1
[DP-fwdX] L=16 states=141 -> 164
[DP-bwdX] L=64 states=1 -> 1
[DP-bwdX] L=48 states=141 -> 164
[DP-fwdX] L=0 states=1 -> 1
[DP-bwdX] L=32 states=1 -> 1
[DP-fwdX] L=0 states=1 -> 1
[DP-bwdX] L=16 states=1 -> 1
[DP-fwdX] L=0 states=1 -> 1
[DP-fwdX] L=0 states=1 -> 1
[DP-fwdX] L=0 states=1 -> 1
[DP-bwdX] L=16 states=1 -> 1
[DP-bwdX] L=16 states=1 -> 1
[DP-bwdX] L=16 states=1 -> 1
[DP-fwdX] L=16 states=1 -> 1
[DP-bwdX] L=32 states=1 -> 1
[DP-fwdX] L=16 states=1 -> 1
[DP-fwdX] L=16 states=1 -> 1
[DP-fwdX] L=16 states=1 -> 1
[DP-bwdX] L=32 states=1 -> 1
[DP-bwdX] L=32 states=1 -> 1
[DP-bwdX] L=32 states=1 -> 1
[DP-fwdX] L=32 states=1 -> 1
[DP-bwdX] L=64 states=1 -> 1
[DP-fwdX] L=32 states=1 -> 1
[DP-bwdX] L=48 states=1 -> 1
[DP-fwdX] L=32 states=1 -> 1
[DP-fwdX] L=32 states=1 -> 1
[DP-fwdX] L=32 states=1 -> 1
[DP-bwdX] L=48 states=1 -> 1
[DP-bwdX] L=48 states=1 -> 1
[DP-bwdX] L=48 states=1 -> 1
[DP-fwdX] L=48 states=1 -> 1
[DP-bwdX] L=64 states=1 -> 1
[DP-fwdX] L=48 states=1 -> 1
[DP-fwdX] L=48 states=1 -> 1
[DP-fwdX] L=48 states=1 -> 1
[DP-bwdX] L=64 states=1 -> 1
[DP-bwdX] L=64 states=1 -> 1
[DP-bwdX] L=64 states=1 -> 1
  [Round 62] T_prime=10  T_target=8  HPWL_w=587214  HPWL_eq=482  maxL=12  WNS(T')=-2  WNS*(T)=-4  picked=10  solve_ms=17.5805
[OC-Shortest/pow2] m=8 h=8 SEG=4 bits=32 words=1 threads=24
[DP-fwdX] L=0 states=1 -> 1
[DP-fwdX] L=16 states=141 -> 164
[DP-bwdX] L=64 states=1 -> 1
[DP-bwdX] L=48 states=141 -> 164
[DP-fwdX] L=0 states=1 -> 1
[DP-bwdX] L=32 states=1 -> 1
[DP-fwdX] L=0 states=1 -> 1
[DP-bwdX] L=16 states=1 -> 1
[DP-fwdX] L=0 states=1 -> 1
[DP-fwdX] L=0 states=1 -> 1
[DP-fwdX] L=0 states=1 -> 1
[DP-bwdX] L=16 states=1 -> 1
[DP-bwdX] L=16 states=1 -> 1
[DP-bwdX] L=16 states=1 -> 1
[DP-fwdX] L=16 states=1 -> 1
[DP-bwdX] L=32 states=1 -> 1
[DP-fwdX] L=16 states=1 -> 1
[DP-fwdX] L=16 states=1 -> 1
[DP-fwdX] L=16 states=1 -> 1
[DP-bwdX] L=32 states=1 -> 1
[DP-bwdX] L=32 states=1 -> 1
[DP-bwdX] L=32 states=1 -> 1
[DP-fwdX] L=32 states=1 -> 1
[DP-bwdX] L=64 states=1 -> 1
[DP-fwdX] L=32 states=1 -> 1
[DP-bwdX] L=48 states=1 -> 1
[DP-fwdX] L=32 states=1 -> 1
[DP-fwdX] L=32 states=1 -> 1
[DP-fwdX] L=32 states=1 -> 1
[DP-bwdX] L=48 states=1 -> 1
[DP-bwdX] L=48 states=1 -> 1
[DP-bwdX] L=48 states=1 -> 1
[DP-fwdX] L=48 states=1 -> 1
[DP-bwdX] L=64 states=1 -> 1
[DP-fwdX] L=48 states=1 -> 1
[DP-fwdX] L=48 states=1 -> 1
[DP-fwdX] L=48 states=1 -> 1
[DP-bwdX] L=64 states=1 -> 1
[DP-bwdX] L=64 states=1 -> 1
[DP-bwdX] L=64 states=1 -> 1
  [Round 63] T_prime=10  T_target=8  HPWL_w=587749  HPWL_eq=485  maxL=12  WNS(T')=-2  WNS*(T)=-4  picked=10  solve_ms=17.6699
[OC-Shortest/pow2] m=8 h=8 SEG=4 bits=32 words=1 threads=24
[DP-fwdX] L=0 states=1 -> 1
[DP-fwdX] L=16 states=141 -> 164
[DP-bwdX] L=64 states=1 -> 1
[DP-bwdX] L=48 states=141 -> 164
[DP-fwdX] L=0 states=1 -> 1
[DP-bwdX] L=32 states=1 -> 1
[DP-fwdX] L=0 states=1 -> 1
[DP-bwdX] L=16 states=1 -> 1
[DP-fwdX] L=0 states=1 -> 1
[DP-fwdX] L=0 states=1 -> 1
[DP-fwdX] L=0 states=1 -> 1
[DP-bwdX] L=16 states=1 -> 1
[DP-bwdX] L=16 states=1 -> 1
[DP-bwdX] L=16 states=1 -> 1
[DP-fwdX] L=16 states=1 -> 2
[DP-bwdX] L=32 states=1 -> 1
[DP-fwdX] L=16 states=1 -> 2
[DP-fwdX] L=16 states=1 -> 2
[DP-fwdX] L=16 states=1 -> 2
[DP-bwdX] L=32 states=1 -> 1
[DP-bwdX] L=32 states=1 -> 1
[DP-bwdX] L=32 states=1 -> 1
[DP-fwdX] L=32 states=1 -> 1
[DP-bwdX] L=64 states=1 -> 1
[DP-fwdX] L=32 states=1 -> 1
[DP-bwdX] L=48 states=1 -> 2
[DP-fwdX] L=32 states=1 -> 1
[DP-fwdX] L=32 states=1 -> 1
[DP-fwdX] L=32 states=1 -> 1
[DP-bwdX] L=48 states=1 -> 2
[DP-bwdX] L=48 states=1 -> 2
[DP-bwdX] L=48 states=1 -> 2
[DP-fwdX] L=48 states=1 -> 1
[DP-bwdX] L=64 states=1 -> 1
[DP-fwdX] L=48 states=1 -> 1
[DP-fwdX] L=48 states=1 -> 1
[DP-fwdX] L=48 states=1 -> 1
[DP-bwdX] L=64 states=1 -> 1
[DP-bwdX] L=64 states=1 -> 1
[DP-bwdX] L=64 states=1 -> 1
  [Round 64] T_prime=10  T_target=8  HPWL_w=590822  HPWL_eq=496  maxL=29  WNS(T')=-19  WNS*(T)=-21  picked=8  solve_ms=18.0184
[OC-Shortest/pow2] m=8 h=8 SEG=4 bits=32 words=1 threads=24
[DP-fwdX] L=0 states=1 -> 1
[DP-fwdX] L=16 states=141 -> 164
[DP-bwdX] L=64 states=1 -> 1
[DP-bwdX] L=48 states=141 -> 164
[DP-fwdX] L=0 states=1 -> 1
[DP-bwdX] L=32 states=1 -> 1
[DP-fwdX] L=0 states=1 -> 1
[DP-bwdX] L=16 states=1 -> 1
[DP-fwdX] L=0 states=1 -> 1
[DP-fwdX] L=0 states=1 -> 1
[DP-fwdX] L=0 states=1 -> 1
[DP-bwdX] L=16 states=1 -> 1
[DP-bwdX] L=16 states=1 -> 1
[DP-bwdX] L=16 states=1 -> 1
[DP-fwdX] L=16 states=1 -> 1
[DP-bwdX] L=32 states=1 -> 1
[DP-fwdX] L=16 states=1 -> 1
[DP-fwdX] L=16 states=1 -> 1
[DP-fwdX] L=16 states=1 -> 1
[DP-bwdX] L=32 states=1 -> 1
[DP-bwdX] L=32 states=1 -> 1
[DP-bwdX] L=32 states=1 -> 1
[DP-fwdX] L=32 states=1 -> 1
[DP-bwdX] L=64 states=1 -> 1
[DP-fwdX] L=32 states=1 -> 1
[DP-bwdX] L=48 states=1 -> 1
[DP-fwdX] L=32 states=1 -> 1
[DP-fwdX] L=32 states=1 -> 1
[DP-fwdX] L=32 states=1 -> 1
[DP-bwdX] L=48 states=1 -> 1
[DP-bwdX] L=48 states=1 -> 1
[DP-bwdX] L=48 states=1 -> 1
[DP-fwdX] L=48 states=1 -> 1
[DP-bwdX] L=64 states=1 -> 1
[DP-fwdX] L=48 states=1 -> 1
[DP-fwdX] L=48 states=1 -> 1
[DP-fwdX] L=48 states=1 -> 1
[DP-bwdX] L=64 states=1 -> 1
[DP-bwdX] L=64 states=1 -> 1
[DP-bwdX] L=64 states=1 -> 1
  [Round 65] T_prime=10  T_target=8  HPWL_w=594039  HPWL_eq=488  maxL=11  WNS(T')=-1  WNS*(T)=-3  picked=10  solve_ms=17.8152
[OC-Shortest/pow2] m=8 h=8 SEG=4 bits=32 words=1 threads=24
[DP-fwdX] L=0 states=1 -> 1
[DP-fwdX] L=16 states=141 -> 164
[DP-bwdX] L=64 states=1 -> 1
[DP-bwdX] L=48 states=141 -> 164
[DP-fwdX] L=0 states=1 -> 1
[DP-bwdX] L=32 states=1 -> 1
[DP-fwdX] L=0 states=1 -> 1
[DP-bwdX] L=16 states=1 -> 2
[DP-fwdX] L=0 states=1 -> 1
[DP-fwdX] L=0 states=1 -> 1
[DP-fwdX] L=0 states=1 -> 1
[DP-bwdX] L=16 states=1 -> 2
[DP-bwdX] L=16 states=1 -> 2
[DP-bwdX] L=16 states=1 -> 2
[DP-fwdX] L=16 states=1 -> 3
[DP-bwdX] L=32 states=1 -> 1
[DP-fwdX] L=16 states=1 -> 3
[DP-fwdX] L=16 states=1 -> 3
[DP-fwdX] L=16 states=1 -> 3
[DP-bwdX] L=32 states=1 -> 1
[DP-bwdX] L=32 states=1 -> 1
[DP-bwdX] L=32 states=1 -> 1
[DP-fwdX] L=32 states=1 -> 1
[DP-bwdX] L=64 states=1 -> 1
[DP-fwdX] L=32 states=1 -> 1
[DP-bwdX] L=48 states=1 -> 3
[DP-fwdX] L=32 states=1 -> 1
[DP-fwdX] L=32 states=1 -> 1
[DP-fwdX] L=32 states=1 -> 1
[DP-bwdX] L=48 states=1 -> 3
[DP-bwdX] L=48 states=1 -> 3
[DP-bwdX] L=48 states=1 -> 3
[DP-fwdX] L=48 states=1 -> 2
[DP-bwdX] L=64 states=1 -> 1
[DP-fwdX] L=48 states=1 -> 2
[DP-fwdX] L=48 states=1 -> 2
[DP-fwdX] L=48 states=1 -> 2
[DP-bwdX] L=64 states=1 -> 1
[DP-bwdX] L=64 states=1 -> 1
[DP-bwdX] L=64 states=1 -> 1
  [Round 66] T_prime=10  T_target=8  HPWL_w=598421  HPWL_eq=490  maxL=14  WNS(T')=-4  WNS*(T)=-6  picked=13  solve_ms=18.4156
[OC-Shortest/pow2] m=8 h=8 SEG=4 bits=32 words=1 threads=24
[DP-fwdX] L=0 states=1 -> 1
[DP-fwdX] L=16 states=141 -> 164
[DP-bwdX] L=64 states=1 -> 1
[DP-bwdX] L=48 states=141 -> 164
[DP-fwdX] L=0 states=1 -> 1
[DP-bwdX] L=32 states=1 -> 1
[DP-fwdX] L=0 states=1 -> 1
[DP-bwdX] L=16 states=1 -> 1
[DP-fwdX] L=0 states=1 -> 1
[DP-fwdX] L=0 states=1 -> 1
[DP-fwdX] L=0 states=1 -> 1
[DP-bwdX] L=16 states=1 -> 1
[DP-bwdX] L=16 states=1 -> 1
[DP-bwdX] L=16 states=1 -> 1
[DP-fwdX] L=16 states=1 -> 1
[DP-bwdX] L=32 states=1 -> 1
[DP-fwdX] L=16 states=1 -> 1
[DP-fwdX] L=16 states=1 -> 1
[DP-fwdX] L=16 states=1 -> 1
[DP-bwdX] L=32 states=1 -> 1
[DP-bwdX] L=32 states=1 -> 1
[DP-bwdX] L=32 states=1 -> 1
[DP-fwdX] L=32 states=1 -> 1
[DP-bwdX] L=64 states=1 -> 1
[DP-fwdX] L=32 states=1 -> 1
[DP-bwdX] L=48 states=1 -> 1
[DP-fwdX] L=32 states=1 -> 1
[DP-fwdX] L=32 states=1 -> 1
[DP-fwdX] L=32 states=1 -> 1
[DP-bwdX] L=48 states=1 -> 1
[DP-bwdX] L=48 states=1 -> 1
[DP-bwdX] L=48 states=1 -> 1
[DP-fwdX] L=48 states=1 -> 1
[DP-bwdX] L=64 states=1 -> 1
[DP-fwdX] L=48 states=1 -> 1
[DP-fwdX] L=48 states=1 -> 1
[DP-fwdX] L=48 states=1 -> 1
[DP-bwdX] L=64 states=1 -> 1
[DP-bwdX] L=64 states=1 -> 1
[DP-bwdX] L=64 states=1 -> 1
  [Round 67] T_prime=10  T_target=8  HPWL_w=600032  HPWL_eq=488  maxL=11  WNS(T')=-1  WNS*(T)=-3  picked=10  solve_ms=17.9335
[OC-Shortest/pow2] m=8 h=8 SEG=4 bits=32 words=1 threads=24
[DP-fwdX] L=0 states=1 -> 1
[DP-fwdX] L=16 states=141 -> 164
[DP-bwdX] L=64 states=1 -> 1
[DP-bwdX] L=48 states=141 -> 164
[DP-fwdX] L=0 states=1 -> 1
[DP-bwdX] L=32 states=1 -> 1
[DP-fwdX] L=0 states=1 -> 1
[DP-bwdX] L=16 states=1 -> 2
[DP-fwdX] L=0 states=1 -> 1
[DP-fwdX] L=0 states=1 -> 1
[DP-fwdX] L=0 states=1 -> 1
[DP-bwdX] L=16 states=1 -> 2
[DP-bwdX] L=16 states=1 -> 2
[DP-bwdX] L=16 states=1 -> 2
[DP-fwdX] L=16 states=1 -> 3
[DP-bwdX] L=32 states=1 -> 1
[DP-fwdX] L=16 states=1 -> 3
[DP-fwdX] L=16 states=1 -> 3
[DP-fwdX] L=16 states=1 -> 3
[DP-bwdX] L=32 states=1 -> 1
[DP-bwdX] L=32 states=1 -> 1
[DP-bwdX] L=32 states=1 -> 1
[DP-fwdX] L=32 states=1 -> 1
[DP-bwdX] L=64 states=1 -> 1
[DP-fwdX] L=32 states=1 -> 1
[DP-bwdX] L=48 states=1 -> 3
[DP-fwdX] L=32 states=1 -> 1
[DP-fwdX] L=32 states=1 -> 1
[DP-fwdX] L=32 states=1 -> 1
[DP-bwdX] L=48 states=1 -> 3
[DP-bwdX] L=48 states=1 -> 3
[DP-bwdX] L=48 states=1 -> 3
[DP-fwdX] L=48 states=1 -> 2
[DP-bwdX] L=64 states=1 -> 1
[DP-fwdX] L=48 states=1 -> 2
[DP-fwdX] L=48 states=1 -> 2
[DP-fwdX] L=48 states=1 -> 2
[DP-bwdX] L=64 states=1 -> 1
[DP-bwdX] L=64 states=1 -> 1
[DP-bwdX] L=64 states=1 -> 1
  [Round 68] T_prime=10  T_target=8  HPWL_w=603964  HPWL_eq=480  maxL=16  WNS(T')=-6  WNS*(T)=-8  picked=10  solve_ms=18.293
[OC-Shortest/pow2] m=8 h=8 SEG=4 bits=32 words=1 threads=24
[DP-fwdX] L=0 states=1 -> 1
[DP-fwdX] L=16 states=141 -> 164
[DP-bwdX] L=64 states=1 -> 1
[DP-bwdX] L=48 states=141 -> 164
[DP-fwdX] L=0 states=1 -> 1
[DP-bwdX] L=32 states=1 -> 1
[DP-fwdX] L=0 states=1 -> 1
[DP-bwdX] L=16 states=1 -> 1
[DP-fwdX] L=0 states=1 -> 1
[DP-fwdX] L=0 states=1 -> 1
[DP-fwdX] L=0 states=1 -> 1
[DP-bwdX] L=16 states=1 -> 1
[DP-bwdX] L=16 states=1 -> 1
[DP-bwdX] L=16 states=1 -> 1
[DP-fwdX] L=16 states=1 -> 1
[DP-bwdX] L=32 states=1 -> 1
[DP-fwdX] L=16 states=1 -> 1
[DP-fwdX] L=16 states=1 -> 1
[DP-fwdX] L=16 states=1 -> 1
[DP-bwdX] L=32 states=1 -> 1
[DP-bwdX] L=32 states=1 -> 1
[DP-bwdX] L=32 states=1 -> 1
[DP-fwdX] L=32 states=1 -> 1
[DP-bwdX] L=64 states=1 -> 1
[DP-fwdX] L=32 states=1 -> 1
[DP-bwdX] L=48 states=1 -> 1
[DP-fwdX] L=32 states=1 -> 1
[DP-fwdX] L=32 states=1 -> 1
[DP-fwdX] L=32 states=1 -> 1
[DP-bwdX] L=48 states=1 -> 1
[DP-bwdX] L=48 states=1 -> 1
[DP-bwdX] L=48 states=1 -> 1
[DP-fwdX] L=48 states=1 -> 1
[DP-bwdX] L=64 states=1 -> 1
[DP-fwdX] L=48 states=1 -> 1
[DP-fwdX] L=48 states=1 -> 1
[DP-fwdX] L=48 states=1 -> 1
[DP-bwdX] L=64 states=1 -> 1
[DP-bwdX] L=64 states=1 -> 1
[DP-bwdX] L=64 states=1 -> 1
  [Round 69] T_prime=10  T_target=8  HPWL_w=606332  HPWL_eq=488  maxL=11  WNS(T')=-1  WNS*(T)=-3  picked=10  solve_ms=17.6966
[OC-Shortest/pow2] m=8 h=8 SEG=4 bits=32 words=1 threads=24
[DP-fwdX] L=0 states=1 -> 1
[DP-fwdX] L=16 states=141 -> 164
[DP-bwdX] L=64 states=1 -> 1
[DP-bwdX] L=48 states=141 -> 164
[DP-fwdX] L=0 states=1 -> 1
[DP-bwdX] L=32 states=1 -> 1
[DP-fwdX] L=0 states=1 -> 1
[DP-bwdX] L=16 states=1 -> 1
[DP-fwdX] L=0 states=1 -> 1
[DP-fwdX] L=0 states=1 -> 1
[DP-fwdX] L=0 states=1 -> 1
[DP-bwdX] L=16 states=1 -> 1
[DP-bwdX] L=16 states=1 -> 1
[DP-bwdX] L=16 states=1 -> 1
[DP-fwdX] L=16 states=1 -> 1
[DP-bwdX] L=32 states=1 -> 1
[DP-fwdX] L=16 states=1 -> 1
[DP-fwdX] L=16 states=1 -> 1
[DP-fwdX] L=16 states=1 -> 1
[DP-bwdX] L=32 states=1 -> 1
[DP-bwdX] L=32 states=1 -> 1
[DP-bwdX] L=32 states=1 -> 1
[DP-fwdX] L=32 states=1 -> 1
[DP-bwdX] L=64 states=1 -> 1
[DP-fwdX] L=32 states=1 -> 1
[DP-bwdX] L=48 states=1 -> 2
[DP-fwdX] L=32 states=1 -> 1
[DP-fwdX] L=32 states=1 -> 1
[DP-fwdX] L=32 states=1 -> 1
[DP-bwdX] L=48 states=1 -> 2
[DP-bwdX] L=48 states=1 -> 2
[DP-bwdX] L=48 states=1 -> 2
[DP-fwdX] L=48 states=1 -> 1
[DP-bwdX] L=64 states=1 -> 1
[DP-fwdX] L=48 states=1 -> 1
[DP-fwdX] L=48 states=1 -> 1
[DP-fwdX] L=48 states=1 -> 1
[DP-bwdX] L=64 states=1 -> 1
[DP-bwdX] L=64 states=1 -> 1
[DP-bwdX] L=64 states=1 -> 1
  [Round 70] T_prime=10  T_target=8  HPWL_w=610860  HPWL_eq=492  maxL=29  WNS(T')=-19  WNS*(T)=-21  picked=10  solve_ms=18.1978
[OC-Shortest/pow2] m=8 h=8 SEG=4 bits=32 words=1 threads=24
[DP-fwdX] L=0 states=1 -> 1
[DP-fwdX] L=16 states=141 -> 164
[DP-bwdX] L=64 states=1 -> 1
[DP-bwdX] L=48 states=141 -> 164
[DP-fwdX] L=0 states=1 -> 1
[DP-bwdX] L=32 states=1 -> 1
[DP-fwdX] L=0 states=1 -> 1
[DP-bwdX] L=16 states=1 -> 1
[DP-fwdX] L=0 states=1 -> 1
[DP-fwdX] L=0 states=1 -> 1
[DP-fwdX] L=0 states=1 -> 1
[DP-bwdX] L=16 states=1 -> 1
[DP-bwdX] L=16 states=1 -> 1
[DP-bwdX] L=16 states=1 -> 1
[DP-fwdX] L=16 states=1 -> 1
[DP-bwdX] L=32 states=1 -> 1
[DP-fwdX] L=16 states=1 -> 1
[DP-fwdX] L=16 states=1 -> 1
[DP-fwdX] L=16 states=1 -> 1
[DP-bwdX] L=32 states=1 -> 1
[DP-bwdX] L=32 states=1 -> 1
[DP-bwdX] L=32 states=1 -> 1
[DP-fwdX] L=32 states=1 -> 1
[DP-bwdX] L=64 states=1 -> 1
[DP-fwdX] L=32 states=1 -> 1
[DP-bwdX] L=48 states=1 -> 1
[DP-fwdX] L=32 states=1 -> 1
[DP-fwdX] L=32 states=1 -> 1
[DP-fwdX] L=32 states=1 -> 1
[DP-bwdX] L=48 states=1 -> 1
[DP-bwdX] L=48 states=1 -> 1
[DP-bwdX] L=48 states=1 -> 1
[DP-fwdX] L=48 states=1 -> 1
[DP-bwdX] L=64 states=1 -> 1
[DP-fwdX] L=48 states=1 -> 1
[DP-fwdX] L=48 states=1 -> 1
[DP-fwdX] L=48 states=1 -> 1
[DP-bwdX] L=64 states=1 -> 1
[DP-bwdX] L=64 states=1 -> 1
[DP-bwdX] L=64 states=1 -> 1
  [Round 71] T_prime=10  T_target=8  HPWL_w=611897  HPWL_eq=488  maxL=11  WNS(T')=-1  WNS*(T)=-3  picked=10  solve_ms=17.7183
[OC-Shortest/pow2] m=8 h=8 SEG=4 bits=32 words=1 threads=24
[DP-fwdX] L=0 states=1 -> 1
[DP-fwdX] L=16 states=141 -> 164
[DP-bwdX] L=64 states=1 -> 1
[DP-bwdX] L=48 states=141 -> 164
[DP-fwdX] L=0 states=1 -> 1
[DP-bwdX] L=32 states=1 -> 1
[DP-fwdX] L=0 states=1 -> 1
[DP-bwdX] L=16 states=1 -> 1
[DP-fwdX] L=0 states=1 -> 1
[DP-fwdX] L=0 states=1 -> 1
[DP-fwdX] L=0 states=1 -> 1
[DP-bwdX] L=16 states=1 -> 1
[DP-bwdX] L=16 states=1 -> 1
[DP-bwdX] L=16 states=1 -> 1
[DP-fwdX] L=16 states=1 -> 1
[DP-bwdX] L=32 states=1 -> 1
[DP-fwdX] L=16 states=1 -> 1
[DP-fwdX] L=16 states=1 -> 1
[DP-fwdX] L=16 states=1 -> 1
[DP-bwdX] L=32 states=1 -> 1
[DP-bwdX] L=32 states=1 -> 1
[DP-bwdX] L=32 states=1 -> 1
[DP-fwdX] L=32 states=1 -> 1
[DP-bwdX] L=64 states=1 -> 1
[DP-fwdX] L=32 states=1 -> 1
[DP-bwdX] L=48 states=1 -> 1
[DP-fwdX] L=32 states=1 -> 1
[DP-fwdX] L=32 states=1 -> 1
[DP-fwdX] L=32 states=1 -> 1
[DP-bwdX] L=48 states=1 -> 1
[DP-bwdX] L=48 states=1 -> 1
[DP-bwdX] L=48 states=1 -> 1
[DP-fwdX] L=48 states=1 -> 1
[DP-bwdX] L=64 states=1 -> 1
[DP-fwdX] L=48 states=1 -> 1
[DP-fwdX] L=48 states=1 -> 1
[DP-fwdX] L=48 states=1 -> 1
[DP-bwdX] L=64 states=1 -> 1
[DP-bwdX] L=64 states=1 -> 1
[DP-bwdX] L=64 states=1 -> 1
  [Round 72] T_prime=10  T_target=8  HPWL_w=616187  HPWL_eq=488  maxL=11  WNS(T')=-1  WNS*(T)=-3  picked=10  solve_ms=17.6075
[OC-Shortest/pow2] m=8 h=8 SEG=4 bits=32 words=1 threads=24
[DP-fwdX] L=0 states=1 -> 1
[DP-fwdX] L=16 states=141 -> 164
[DP-bwdX] L=64 states=1 -> 1
[DP-bwdX] L=48 states=141 -> 164
[DP-fwdX] L=0 states=1 -> 1
[DP-bwdX] L=32 states=1 -> 1
[DP-fwdX] L=0 states=1 -> 1
[DP-bwdX] L=16 states=1 -> 2
[DP-fwdX] L=0 states=1 -> 1
[DP-fwdX] L=0 states=1 -> 1
[DP-fwdX] L=0 states=1 -> 1
[DP-bwdX] L=16 states=1 -> 2
[DP-bwdX] L=16 states=1 -> 2
[DP-bwdX] L=16 states=1 -> 2
[DP-fwdX] L=16 states=1 -> 3
[DP-bwdX] L=32 states=1 -> 1
[DP-fwdX] L=16 states=1 -> 3
[DP-fwdX] L=16 states=1 -> 3
[DP-fwdX] L=16 states=1 -> 3
[DP-bwdX] L=32 states=1 -> 1
[DP-bwdX] L=32 states=1 -> 1
[DP-bwdX] L=32 states=1 -> 1
[DP-fwdX] L=32 states=1 -> 1
[DP-bwdX] L=64 states=1 -> 1
[DP-fwdX] L=32 states=1 -> 1
[DP-bwdX] L=48 states=1 -> 1
[DP-fwdX] L=32 states=1 -> 1
[DP-fwdX] L=32 states=1 -> 1
[DP-fwdX] L=32 states=1 -> 1
[DP-bwdX] L=48 states=1 -> 1
[DP-bwdX] L=48 states=1 -> 1
[DP-bwdX] L=48 states=1 -> 1
[DP-fwdX] L=48 states=1 -> 1
[DP-bwdX] L=64 states=1 -> 1
[DP-fwdX] L=48 states=1 -> 1
[DP-fwdX] L=48 states=1 -> 1
[DP-fwdX] L=48 states=1 -> 1
[DP-bwdX] L=64 states=1 -> 1
[DP-bwdX] L=64 states=1 -> 1
[DP-bwdX] L=64 states=1 -> 1
  [Round 73] T_prime=10  T_target=8  HPWL_w=617947  HPWL_eq=489  maxL=14  WNS(T')=-4  WNS*(T)=-6  picked=12  solve_ms=17.9596
[OC-Shortest/pow2] m=8 h=8 SEG=4 bits=32 words=1 threads=24
[DP-fwdX] L=0 states=1 -> 1
[DP-fwdX] L=16 states=141 -> 164
[DP-bwdX] L=64 states=1 -> 1
[DP-bwdX] L=48 states=141 -> 164
[DP-fwdX] L=0 states=1 -> 1
[DP-bwdX] L=32 states=1 -> 1
[DP-fwdX] L=0 states=1 -> 1
[DP-bwdX] L=16 states=1 -> 1
[DP-fwdX] L=0 states=1 -> 1
[DP-fwdX] L=0 states=1 -> 1
[DP-fwdX] L=0 states=1 -> 1
[DP-bwdX] L=16 states=1 -> 1
[DP-bwdX] L=16 states=1 -> 1
[DP-bwdX] L=16 states=1 -> 1
[DP-fwdX] L=16 states=1 -> 2
[DP-bwdX] L=32 states=1 -> 1
[DP-fwdX] L=16 states=1 -> 2
[DP-fwdX] L=16 states=1 -> 2
[DP-fwdX] L=16 states=1 -> 2
[DP-bwdX] L=32 states=1 -> 1
[DP-bwdX] L=32 states=1 -> 1
[DP-bwdX] L=32 states=1 -> 1
[DP-fwdX] L=32 states=1 -> 1
[DP-bwdX] L=64 states=1 -> 1
[DP-fwdX] L=32 states=1 -> 1
[DP-bwdX] L=48 states=1 -> 3
[DP-fwdX] L=32 states=1 -> 1
[DP-fwdX] L=32 states=1 -> 1
[DP-fwdX] L=32 states=1 -> 1
[DP-bwdX] L=48 states=1 -> 3
[DP-bwdX] L=48 states=1 -> 3
[DP-bwdX] L=48 states=1 -> 3
[DP-fwdX] L=48 states=1 -> 2
[DP-bwdX] L=64 states=1 -> 1
[DP-fwdX] L=48 states=1 -> 2
[DP-fwdX] L=48 states=1 -> 2
[DP-fwdX] L=48 states=1 -> 2
[DP-bwdX] L=64 states=1 -> 1
[DP-bwdX] L=64 states=1 -> 1
[DP-bwdX] L=64 states=1 -> 1
  [Round 74] T_prime=10  T_target=8  HPWL_w=621347  HPWL_eq=493  maxL=29  WNS(T')=-19  WNS*(T)=-21  picked=11  solve_ms=18.4838
[OC-Shortest/pow2] m=8 h=8 SEG=4 bits=32 words=1 threads=24
[DP-fwdX] L=0 states=1 -> 1
[DP-fwdX] L=16 states=141 -> 164
[DP-bwdX] L=64 states=1 -> 1
[DP-bwdX] L=48 states=141 -> 164
[DP-fwdX] L=0 states=1 -> 1
[DP-bwdX] L=32 states=1 -> 1
[DP-fwdX] L=0 states=1 -> 1
[DP-bwdX] L=16 states=1 -> 2
[DP-fwdX] L=0 states=1 -> 1
[DP-fwdX] L=0 states=1 -> 1
[DP-fwdX] L=0 states=1 -> 1
[DP-bwdX] L=16 states=1 -> 2
[DP-bwdX] L=16 states=1 -> 2
[DP-bwdX] L=16 states=1 -> 2
[DP-fwdX] L=16 states=1 -> 3
[DP-bwdX] L=32 states=1 -> 1
[DP-fwdX] L=16 states=1 -> 3
[DP-fwdX] L=16 states=1 -> 3
[DP-fwdX] L=16 states=1 -> 3
[DP-bwdX] L=32 states=1 -> 1
[DP-bwdX] L=32 states=1 -> 1
[DP-bwdX] L=32 states=1 -> 1
[DP-fwdX] L=32 states=1 -> 1
[DP-bwdX] L=64 states=1 -> 1
[DP-fwdX] L=32 states=1 -> 1
[DP-bwdX] L=48 states=1 -> 1
[DP-fwdX] L=32 states=1 -> 1
[DP-fwdX] L=32 states=1 -> 1
[DP-fwdX] L=32 states=1 -> 1
[DP-bwdX] L=48 states=1 -> 1
[DP-bwdX] L=48 states=1 -> 1
[DP-bwdX] L=48 states=1 -> 1
[DP-fwdX] L=48 states=1 -> 1
[DP-bwdX] L=64 states=1 -> 1
[DP-fwdX] L=48 states=1 -> 1
[DP-fwdX] L=48 states=1 -> 1
[DP-fwdX] L=48 states=1 -> 1
[DP-bwdX] L=64 states=1 -> 1
[DP-bwdX] L=64 states=1 -> 1
[DP-bwdX] L=64 states=1 -> 1
  [Round 75] T_prime=10  T_target=8  HPWL_w=622802  HPWL_eq=497  maxL=14  WNS(T')=-4  WNS*(T)=-6  picked=6  solve_ms=17.8372
[OC-Shortest/pow2] m=8 h=8 SEG=4 bits=32 words=1 threads=24
[DP-fwdX] L=0 states=1 -> 1
[DP-fwdX] L=16 states=141 -> 164
[DP-bwdX] L=64 states=1 -> 1
[DP-bwdX] L=48 states=141 -> 164
[DP-fwdX] L=0 states=1 -> 1
[DP-bwdX] L=32 states=1 -> 1
[DP-fwdX] L=0 states=1 -> 1
[DP-bwdX] L=16 states=1 -> 1
[DP-fwdX] L=0 states=1 -> 1
[DP-fwdX] L=0 states=1 -> 1
[DP-fwdX] L=0 states=1 -> 1
[DP-bwdX] L=16 states=1 -> 1
[DP-bwdX] L=16 states=1 -> 1
[DP-bwdX] L=16 states=1 -> 1
[DP-fwdX] L=16 states=1 -> 1
[DP-bwdX] L=32 states=1 -> 1
[DP-fwdX] L=16 states=1 -> 1
[DP-fwdX] L=16 states=1 -> 1
[DP-fwdX] L=16 states=1 -> 1
[DP-bwdX] L=32 states=1 -> 1
[DP-bwdX] L=32 states=1 -> 1
[DP-bwdX] L=32 states=1 -> 1
[DP-fwdX] L=32 states=1 -> 1
[DP-bwdX] L=64 states=1 -> 1
[DP-fwdX] L=32 states=1 -> 1
[DP-bwdX] L=48 states=1 -> 1
[DP-fwdX] L=32 states=1 -> 1
[DP-fwdX] L=32 states=1 -> 1
[DP-fwdX] L=32 states=1 -> 1
[DP-bwdX] L=48 states=1 -> 1
[DP-bwdX] L=48 states=1 -> 1
[DP-bwdX] L=48 states=1 -> 1
[DP-fwdX] L=48 states=1 -> 1
[DP-bwdX] L=64 states=1 -> 1
[DP-fwdX] L=48 states=1 -> 1
[DP-fwdX] L=48 states=1 -> 1
[DP-fwdX] L=48 states=1 -> 1
[DP-bwdX] L=64 states=1 -> 1
[DP-bwdX] L=64 states=1 -> 1
[DP-bwdX] L=64 states=1 -> 1
  [Round 76] T_prime=10  T_target=8  HPWL_w=625861  HPWL_eq=504  maxL=8  WNS(T')=2  WNS*(T)=0  picked=0  solve_ms=17.7899
  [TD] reach target on DP grid: all edges <= T_target.
[Policy] wrote placement to: placement36_Col_1_T_8.txt
[MultiCol] moved base placement to: ./base_placement_36x8_T_8.txt
[MultiCol] parsed base Y entries: 288 (expect 288)
[MultiCol] wrote multi-col placement: placement36_Col_5_T_8.txt
[MultiCol] done. placement=placement36_Col_5_T_8.txt  total_ms=1430.37 ms
