+ build/oc_singlecol 8 8 --rounds=200 --dV=1 --T=9 --pow2=1 --progress=1 --wH wH_unit.txt --wV wV_unit.txt
[SingleCol-TD] m=8 h=8 N=64  rounds=200  dV=1  T=9  alpha=0.5 eta=0.5 top=0.1  pow2=1
[OC-Shortest/pow2] m=8 h=8 SEG=4 bits=32 words=1 threads=24
[DP-fwdX] L=0 states=1 -> 1
[DP-fwdX] L=16 states=141 -> 164
[DP-bwdX] L=64 states=1 -> 1
[DP-bwdX] L=48 states=141 -> 164
[DP-fwdX] L=0 states=1 -> 1
[DP-bwdX] L=32 states=1 -> 1
[DP-fwdX] L=0 states=1 -> 1
[DP-bwdX] L=16 states=1 -> 2
[DP-fwdX] L=0 states=1 -> 1
[DP-fwdX] L=0 states=1 -> 1
[DP-fwdX] L=0 states=1 -> 1
[DP-bwdX] L=16 states=1 -> 2
[DP-bwdX] L=16 states=1 -> 2
[DP-bwdX] L=16 states=1 -> 2
[DP-fwdX] L=16 states=1 -> 3
[DP-bwdX] L=32 states=1 -> 1
[DP-fwdX] L=16 states=1 -> 3
[DP-fwdX] L=16 states=1 -> 3
[DP-fwdX] L=16 states=1 -> 3
[DP-bwdX] L=32 states=1 -> 1
[DP-bwdX] L=32 states=1 -> 1
[DP-bwdX] L=32 states=1 -> 1
[DP-fwdX] L=32 states=1 -> 1
[DP-bwdX] L=64 states=1 -> 1
[DP-fwdX] L=32 states=1 -> 1
[DP-bwdX] L=48 states=1 -> 3
[DP-fwdX] L=32 states=1 -> 1
[DP-fwdX] L=32 states=1 -> 1
[DP-fwdX] L=32 states=1 -> 1
[DP-bwdX] L=48 states=1 -> 3
[DP-bwdX] L=48 states=1 -> 3
[DP-bwdX] L=48 states=1 -> 3
[DP-fwdX] L=48 states=1 -> 2
[DP-bwdX] L=64 states=1 -> 1
[DP-fwdX] L=48 states=1 -> 2
[DP-fwdX] L=48 states=1 -> 2
[DP-fwdX] L=48 states=1 -> 2
[DP-bwdX] L=64 states=1 -> 1
[DP-bwdX] L=64 states=1 -> 1
[DP-bwdX] L=64 states=1 -> 1
  [Round 1] solve_ms=32.8037  HPWL_w=472000  HPWL_eq=472  report=472000
  [Updt] WNS=-11  TNS=85  maxL=20  picked=1
[OC-Shortest/pow2] m=8 h=8 SEG=4 bits=32 words=1 threads=24
[DP-fwdX] L=0 states=1 -> 1
[DP-fwdX] L=16 states=141 -> 164
[DP-bwdX] L=64 states=1 -> 1
[DP-bwdX] L=48 states=141 -> 164
[DP-fwdX] L=0 states=1 -> 1
[DP-bwdX] L=32 states=1 -> 1
[DP-fwdX] L=0 states=1 -> 1
[DP-bwdX] L=16 states=1 -> 2
[DP-fwdX] L=0 states=1 -> 1
[DP-fwdX] L=0 states=1 -> 1
[DP-fwdX] L=0 states=1 -> 1
[DP-bwdX] L=16 states=1 -> 2
[DP-bwdX] L=16 states=1 -> 2
[DP-bwdX] L=16 states=1 -> 2
[DP-fwdX] L=16 states=1 -> 3
[DP-bwdX] L=32 states=1 -> 1
[DP-fwdX] L=16 states=1 -> 3
[DP-fwdX] L=16 states=1 -> 3
[DP-fwdX] L=16 states=1 -> 3
[DP-bwdX] L=32 states=1 -> 1
[DP-bwdX] L=32 states=1 -> 1
[DP-bwdX] L=32 states=1 -> 1
[DP-fwdX] L=32 states=1 -> 1
[DP-bwdX] L=64 states=1 -> 1
[DP-fwdX] L=32 states=1 -> 1
[DP-bwdX] L=48 states=1 -> 3
[DP-fwdX] L=32 states=1 -> 1
[DP-fwdX] L=32 states=1 -> 1
[DP-fwdX] L=32 states=1 -> 1
[DP-bwdX] L=48 states=1 -> 3
[DP-bwdX] L=48 states=1 -> 3
[DP-bwdX] L=48 states=1 -> 3
[DP-fwdX] L=48 states=1 -> 2
[DP-bwdX] L=64 states=1 -> 1
[DP-fwdX] L=48 states=1 -> 2
[DP-fwdX] L=48 states=1 -> 2
[DP-fwdX] L=48 states=1 -> 2
[DP-bwdX] L=64 states=1 -> 1
[DP-bwdX] L=64 states=1 -> 1
[DP-bwdX] L=64 states=1 -> 1
  [Round 2] solve_ms=17.5477  HPWL_w=473242  HPWL_eq=472  report=473242
  [Updt] WNS=-11  TNS=89  maxL=20  picked=1
[OC-Shortest/pow2] m=8 h=8 SEG=4 bits=32 words=1 threads=24
[DP-fwdX] L=0 states=1 -> 1
[DP-fwdX] L=16 states=141 -> 164
[DP-bwdX] L=64 states=1 -> 1
[DP-bwdX] L=48 states=141 -> 164
[DP-fwdX] L=0 states=1 -> 1
[DP-bwdX] L=32 states=1 -> 1
[DP-fwdX] L=0 states=1 -> 1
[DP-bwdX] L=16 states=1 -> 1
[DP-fwdX] L=0 states=1 -> 1
[DP-fwdX] L=0 states=1 -> 1
[DP-fwdX] L=0 states=1 -> 1
[DP-bwdX] L=16 states=1 -> 1
[DP-bwdX] L=16 states=1 -> 1
[DP-bwdX] L=16 states=1 -> 1
[DP-fwdX] L=16 states=1 -> 1
[DP-bwdX] L=32 states=1 -> 1
[DP-fwdX] L=16 states=1 -> 1
[DP-fwdX] L=16 states=1 -> 1
[DP-fwdX] L=16 states=1 -> 1
[DP-bwdX] L=32 states=1 -> 1
[DP-bwdX] L=32 states=1 -> 1
[DP-bwdX] L=32 states=1 -> 1
[DP-fwdX] L=32 states=1 -> 1
[DP-bwdX] L=64 states=1 -> 1
[DP-fwdX] L=32 states=1 -> 1
[DP-bwdX] L=48 states=1 -> 3
[DP-fwdX] L=32 states=1 -> 1
[DP-fwdX] L=32 states=1 -> 1
[DP-fwdX] L=32 states=1 -> 1
[DP-bwdX] L=48 states=1 -> 3
[DP-bwdX] L=48 states=1 -> 3
[DP-bwdX] L=48 states=1 -> 3
[DP-fwdX] L=48 states=1 -> 2
[DP-bwdX] L=64 states=1 -> 1
[DP-fwdX] L=48 states=1 -> 2
[DP-fwdX] L=48 states=1 -> 2
[DP-fwdX] L=48 states=1 -> 2
[DP-bwdX] L=64 states=1 -> 1
[DP-bwdX] L=64 states=1 -> 1
[DP-bwdX] L=64 states=1 -> 1
  [Round 3] solve_ms=17.401  HPWL_w=478676  HPWL_eq=474  report=478676
  [Updt] WNS=-11  TNS=67  maxL=20  picked=1
[OC-Shortest/pow2] m=8 h=8 SEG=4 bits=32 words=1 threads=24
[DP-fwdX] L=0 states=1 -> 1
[DP-fwdX] L=16 states=141 -> 164
[DP-bwdX] L=64 states=1 -> 1
[DP-bwdX] L=48 states=141 -> 164
[DP-fwdX] L=0 states=1 -> 1
[DP-bwdX] L=32 states=1 -> 1
[DP-fwdX] L=0 states=1 -> 1
[DP-bwdX] L=16 states=1 -> 1
[DP-fwdX] L=0 states=1 -> 1
[DP-fwdX] L=0 states=1 -> 1
[DP-fwdX] L=0 states=1 -> 1
[DP-bwdX] L=16 states=1 -> 1
[DP-bwdX] L=16 states=1 -> 1
[DP-bwdX] L=16 states=1 -> 1
[DP-fwdX] L=16 states=1 -> 1
[DP-bwdX] L=32 states=1 -> 1
[DP-fwdX] L=16 states=1 -> 1
[DP-fwdX] L=16 states=1 -> 1
[DP-fwdX] L=16 states=1 -> 1
[DP-bwdX] L=32 states=1 -> 1
[DP-bwdX] L=32 states=1 -> 1
[DP-bwdX] L=32 states=1 -> 1
[DP-fwdX] L=32 states=1 -> 1
[DP-bwdX] L=64 states=1 -> 1
[DP-fwdX] L=32 states=1 -> 1
[DP-bwdX] L=48 states=1 -> 3
[DP-fwdX] L=32 states=1 -> 1
[DP-fwdX] L=32 states=1 -> 1
[DP-fwdX] L=32 states=1 -> 1
[DP-bwdX] L=48 states=1 -> 3
[DP-bwdX] L=48 states=1 -> 3
[DP-bwdX] L=48 states=1 -> 3
[DP-fwdX] L=48 states=1 -> 2
[DP-bwdX] L=64 states=1 -> 1
[DP-fwdX] L=48 states=1 -> 2
[DP-fwdX] L=48 states=1 -> 2
[DP-fwdX] L=48 states=1 -> 2
[DP-bwdX] L=64 states=1 -> 1
[DP-bwdX] L=64 states=1 -> 1
[DP-bwdX] L=64 states=1 -> 1
  [Round 4] solve_ms=17.4998  HPWL_w=483278  HPWL_eq=474  report=483278
  [Updt] WNS=-11  TNS=63  maxL=20  picked=1
[OC-Shortest/pow2] m=8 h=8 SEG=4 bits=32 words=1 threads=24
[DP-fwdX] L=0 states=1 -> 1
[DP-fwdX] L=16 states=141 -> 164
[DP-bwdX] L=64 states=1 -> 1
[DP-bwdX] L=48 states=141 -> 164
[DP-fwdX] L=0 states=1 -> 1
[DP-bwdX] L=32 states=1 -> 1
[DP-fwdX] L=0 states=1 -> 1
[DP-bwdX] L=16 states=1 -> 1
[DP-fwdX] L=0 states=1 -> 1
[DP-fwdX] L=0 states=1 -> 1
[DP-fwdX] L=0 states=1 -> 1
[DP-bwdX] L=16 states=1 -> 1
[DP-bwdX] L=16 states=1 -> 1
[DP-bwdX] L=16 states=1 -> 1
[DP-fwdX] L=16 states=1 -> 1
[DP-bwdX] L=32 states=1 -> 1
[DP-fwdX] L=16 states=1 -> 1
[DP-fwdX] L=16 states=1 -> 1
[DP-fwdX] L=16 states=1 -> 1
[DP-bwdX] L=32 states=1 -> 1
[DP-bwdX] L=32 states=1 -> 1
[DP-bwdX] L=32 states=1 -> 1
[DP-fwdX] L=32 states=1 -> 1
[DP-bwdX] L=64 states=1 -> 1
[DP-fwdX] L=32 states=1 -> 1
[DP-bwdX] L=48 states=1 -> 1
[DP-fwdX] L=32 states=1 -> 1
[DP-fwdX] L=32 states=1 -> 1
[DP-fwdX] L=32 states=1 -> 1
[DP-bwdX] L=48 states=1 -> 1
[DP-bwdX] L=48 states=1 -> 1
[DP-bwdX] L=48 states=1 -> 1
[DP-fwdX] L=48 states=1 -> 1
[DP-bwdX] L=64 states=1 -> 1
[DP-fwdX] L=48 states=1 -> 1
[DP-fwdX] L=48 states=1 -> 1
[DP-fwdX] L=48 states=1 -> 1
[DP-bwdX] L=64 states=1 -> 1
[DP-bwdX] L=64 states=1 -> 1
[DP-bwdX] L=64 states=1 -> 1
  [Round 5] solve_ms=17.1968  HPWL_w=489664  HPWL_eq=476  report=489664
  [Updt] WNS=-5  TNS=40  maxL=14  picked=1
[OC-Shortest/pow2] m=8 h=8 SEG=4 bits=32 words=1 threads=24
[DP-fwdX] L=0 states=1 -> 1
[DP-fwdX] L=16 states=141 -> 164
[DP-bwdX] L=64 states=1 -> 1
[DP-bwdX] L=48 states=141 -> 164
[DP-fwdX] L=0 states=1 -> 1
[DP-bwdX] L=32 states=1 -> 1
[DP-fwdX] L=0 states=1 -> 1
[DP-bwdX] L=16 states=1 -> 1
[DP-fwdX] L=0 states=1 -> 1
[DP-fwdX] L=0 states=1 -> 1
[DP-fwdX] L=0 states=1 -> 1
[DP-bwdX] L=16 states=1 -> 1
[DP-bwdX] L=16 states=1 -> 1
[DP-bwdX] L=16 states=1 -> 1
[DP-fwdX] L=16 states=1 -> 1
[DP-bwdX] L=32 states=1 -> 1
[DP-fwdX] L=16 states=1 -> 1
[DP-fwdX] L=16 states=1 -> 1
[DP-fwdX] L=16 states=1 -> 1
[DP-bwdX] L=32 states=1 -> 1
[DP-bwdX] L=32 states=1 -> 1
[DP-bwdX] L=32 states=1 -> 1
[DP-fwdX] L=32 states=1 -> 1
[DP-bwdX] L=64 states=1 -> 1
[DP-fwdX] L=32 states=1 -> 1
[DP-bwdX] L=48 states=1 -> 1
[DP-fwdX] L=32 states=1 -> 1
[DP-fwdX] L=32 states=1 -> 1
[DP-fwdX] L=32 states=1 -> 1
[DP-bwdX] L=48 states=1 -> 1
[DP-bwdX] L=48 states=1 -> 1
[DP-bwdX] L=48 states=1 -> 1
[DP-fwdX] L=48 states=1 -> 1
[DP-bwdX] L=64 states=1 -> 1
[DP-fwdX] L=48 states=1 -> 1
[DP-fwdX] L=48 states=1 -> 1
[DP-fwdX] L=48 states=1 -> 1
[DP-bwdX] L=64 states=1 -> 1
[DP-bwdX] L=64 states=1 -> 1
[DP-bwdX] L=64 states=1 -> 1
  [Round 6] solve_ms=17.2088  HPWL_w=494098  HPWL_eq=476  report=494098
  [Updt] WNS=-6  TNS=42  maxL=15  picked=1
[OC-Shortest/pow2] m=8 h=8 SEG=4 bits=32 words=1 threads=24
[DP-fwdX] L=0 states=1 -> 1
[DP-fwdX] L=16 states=141 -> 164
[DP-bwdX] L=64 states=1 -> 1
[DP-bwdX] L=48 states=141 -> 164
[DP-fwdX] L=0 states=1 -> 1
[DP-bwdX] L=32 states=1 -> 1
[DP-fwdX] L=0 states=1 -> 1
[DP-bwdX] L=16 states=1 -> 1
[DP-fwdX] L=0 states=1 -> 1
[DP-fwdX] L=0 states=1 -> 1
[DP-fwdX] L=0 states=1 -> 1
[DP-bwdX] L=16 states=1 -> 1
[DP-bwdX] L=16 states=1 -> 1
[DP-bwdX] L=16 states=1 -> 1
[DP-fwdX] L=16 states=1 -> 2
[DP-bwdX] L=32 states=1 -> 1
[DP-fwdX] L=16 states=1 -> 2
[DP-fwdX] L=16 states=1 -> 2
[DP-fwdX] L=16 states=1 -> 2
[DP-bwdX] L=32 states=1 -> 1
[DP-bwdX] L=32 states=1 -> 1
[DP-bwdX] L=32 states=1 -> 1
[DP-fwdX] L=32 states=1 -> 1
[DP-bwdX] L=64 states=1 -> 1
[DP-fwdX] L=32 states=1 -> 1
[DP-bwdX] L=48 states=1 -> 1
[DP-fwdX] L=32 states=1 -> 1
[DP-fwdX] L=32 states=1 -> 1
[DP-fwdX] L=32 states=1 -> 1
[DP-bwdX] L=48 states=1 -> 1
[DP-bwdX] L=48 states=1 -> 1
[DP-bwdX] L=48 states=1 -> 1
[DP-fwdX] L=48 states=1 -> 1
[DP-bwdX] L=64 states=1 -> 1
[DP-fwdX] L=48 states=1 -> 1
[DP-fwdX] L=48 states=1 -> 1
[DP-fwdX] L=48 states=1 -> 1
[DP-bwdX] L=64 states=1 -> 1
[DP-bwdX] L=64 states=1 -> 1
[DP-bwdX] L=64 states=1 -> 1
  [Round 7] solve_ms=17.6903  HPWL_w=501038  HPWL_eq=484  report=501038
  [Updt] WNS=-17  TNS=88  maxL=26  picked=1
[OC-Shortest/pow2] m=8 h=8 SEG=4 bits=32 words=1 threads=24
[DP-fwdX] L=0 states=1 -> 1
[DP-fwdX] L=16 states=141 -> 164
[DP-bwdX] L=64 states=1 -> 1
[DP-bwdX] L=48 states=141 -> 164
[DP-fwdX] L=0 states=1 -> 1
[DP-bwdX] L=32 states=1 -> 1
[DP-fwdX] L=0 states=1 -> 1
[DP-bwdX] L=16 states=1 -> 1
[DP-fwdX] L=0 states=1 -> 1
[DP-fwdX] L=0 states=1 -> 1
[DP-fwdX] L=0 states=1 -> 1
[DP-bwdX] L=16 states=1 -> 1
[DP-bwdX] L=16 states=1 -> 1
[DP-bwdX] L=16 states=1 -> 1
[DP-fwdX] L=16 states=1 -> 2
[DP-bwdX] L=32 states=1 -> 1
[DP-fwdX] L=16 states=1 -> 2
[DP-fwdX] L=16 states=1 -> 2
[DP-fwdX] L=16 states=1 -> 2
[DP-bwdX] L=32 states=1 -> 1
[DP-bwdX] L=32 states=1 -> 1
[DP-bwdX] L=32 states=1 -> 1
[DP-fwdX] L=32 states=1 -> 1
[DP-bwdX] L=64 states=1 -> 1
[DP-fwdX] L=32 states=1 -> 1
[DP-bwdX] L=48 states=1 -> 1
[DP-fwdX] L=32 states=1 -> 1
[DP-fwdX] L=32 states=1 -> 1
[DP-fwdX] L=32 states=1 -> 1
[DP-bwdX] L=48 states=1 -> 1
[DP-bwdX] L=48 states=1 -> 1
[DP-bwdX] L=48 states=1 -> 1
[DP-fwdX] L=48 states=1 -> 1
[DP-bwdX] L=64 states=1 -> 1
[DP-fwdX] L=48 states=1 -> 1
[DP-fwdX] L=48 states=1 -> 1
[DP-fwdX] L=48 states=1 -> 1
[DP-bwdX] L=64 states=1 -> 1
[DP-bwdX] L=64 states=1 -> 1
[DP-bwdX] L=64 states=1 -> 1
  [Round 8] solve_ms=17.4616  HPWL_w=505906  HPWL_eq=484  report=505906
  [Updt] WNS=-17  TNS=85  maxL=26  picked=1
[OC-Shortest/pow2] m=8 h=8 SEG=4 bits=32 words=1 threads=24
[DP-fwdX] L=0 states=1 -> 1
[DP-fwdX] L=16 states=141 -> 164
[DP-bwdX] L=64 states=1 -> 1
[DP-bwdX] L=48 states=141 -> 164
[DP-fwdX] L=0 states=1 -> 1
[DP-bwdX] L=32 states=1 -> 1
[DP-fwdX] L=0 states=1 -> 1
[DP-bwdX] L=16 states=1 -> 3
[DP-fwdX] L=0 states=1 -> 1
[DP-fwdX] L=0 states=1 -> 1
[DP-fwdX] L=0 states=1 -> 1
[DP-bwdX] L=16 states=1 -> 3
[DP-bwdX] L=16 states=1 -> 3
[DP-bwdX] L=16 states=1 -> 3
[DP-fwdX] L=16 states=1 -> 3
[DP-bwdX] L=32 states=1 -> 1
[DP-fwdX] L=16 states=1 -> 3
[DP-fwdX] L=16 states=1 -> 3
[DP-fwdX] L=16 states=1 -> 3
[DP-bwdX] L=32 states=1 -> 1
[DP-bwdX] L=32 states=1 -> 1
[DP-bwdX] L=32 states=1 -> 1
[DP-fwdX] L=32 states=1 -> 1
[DP-bwdX] L=64 states=1 -> 1
[DP-fwdX] L=32 states=1 -> 1
[DP-bwdX] L=48 states=1 -> 1
[DP-fwdX] L=32 states=1 -> 1
[DP-fwdX] L=32 states=1 -> 1
[DP-fwdX] L=32 states=1 -> 1
[DP-bwdX] L=48 states=1 -> 1
[DP-bwdX] L=48 states=1 -> 1
[DP-bwdX] L=48 states=1 -> 1
[DP-fwdX] L=48 states=1 -> 1
[DP-bwdX] L=64 states=1 -> 1
[DP-fwdX] L=48 states=1 -> 1
[DP-fwdX] L=48 states=1 -> 1
[DP-fwdX] L=48 states=1 -> 1
[DP-bwdX] L=64 states=1 -> 1
[DP-bwdX] L=64 states=1 -> 1
[DP-bwdX] L=64 states=1 -> 1
  [Round 9] solve_ms=17.4449  HPWL_w=511980  HPWL_eq=485  report=511980
  [Updt] WNS=-13  TNS=50  maxL=22  picked=1
[OC-Shortest/pow2] m=8 h=8 SEG=4 bits=32 words=1 threads=24
[DP-fwdX] L=0 states=1 -> 1
[DP-fwdX] L=16 states=141 -> 164
[DP-bwdX] L=64 states=1 -> 1
[DP-bwdX] L=48 states=141 -> 164
[DP-fwdX] L=0 states=1 -> 1
[DP-bwdX] L=32 states=1 -> 1
[DP-fwdX] L=0 states=1 -> 1
[DP-bwdX] L=16 states=1 -> 1
[DP-fwdX] L=0 states=1 -> 1
[DP-fwdX] L=0 states=1 -> 1
[DP-fwdX] L=0 states=1 -> 1
[DP-bwdX] L=16 states=1 -> 1
[DP-bwdX] L=16 states=1 -> 1
[DP-bwdX] L=16 states=1 -> 1
[DP-fwdX] L=16 states=1 -> 1
[DP-bwdX] L=32 states=1 -> 1
[DP-fwdX] L=16 states=1 -> 1
[DP-fwdX] L=16 states=1 -> 1
[DP-fwdX] L=16 states=1 -> 1
[DP-bwdX] L=32 states=1 -> 1
[DP-bwdX] L=32 states=1 -> 1
[DP-bwdX] L=32 states=1 -> 1
[DP-fwdX] L=32 states=1 -> 1
[DP-bwdX] L=64 states=1 -> 1
[DP-fwdX] L=32 states=1 -> 1
[DP-bwdX] L=48 states=1 -> 1
[DP-fwdX] L=32 states=1 -> 1
[DP-fwdX] L=32 states=1 -> 1
[DP-fwdX] L=32 states=1 -> 1
[DP-bwdX] L=48 states=1 -> 1
[DP-bwdX] L=48 states=1 -> 1
[DP-bwdX] L=48 states=1 -> 1
[DP-fwdX] L=48 states=1 -> 1
[DP-bwdX] L=64 states=1 -> 1
[DP-fwdX] L=48 states=1 -> 1
[DP-fwdX] L=48 states=1 -> 1
[DP-fwdX] L=48 states=1 -> 1
[DP-bwdX] L=64 states=1 -> 1
[DP-bwdX] L=64 states=1 -> 1
[DP-bwdX] L=64 states=1 -> 1
  [Round 10] solve_ms=17.1846  HPWL_w=518622  HPWL_eq=479  report=518622
  [Updt] WNS=-6  TNS=38  maxL=15  picked=1
[OC-Shortest/pow2] m=8 h=8 SEG=4 bits=32 words=1 threads=24
[DP-fwdX] L=0 states=1 -> 1
[DP-fwdX] L=16 states=141 -> 164
[DP-bwdX] L=64 states=1 -> 1
[DP-bwdX] L=48 states=141 -> 164
[DP-fwdX] L=0 states=1 -> 1
[DP-bwdX] L=32 states=1 -> 1
[DP-fwdX] L=0 states=1 -> 1
[DP-bwdX] L=16 states=1 -> 2
[DP-fwdX] L=0 states=1 -> 1
[DP-fwdX] L=0 states=1 -> 1
[DP-fwdX] L=0 states=1 -> 1
[DP-bwdX] L=16 states=1 -> 2
[DP-bwdX] L=16 states=1 -> 2
[DP-bwdX] L=16 states=1 -> 2
[DP-fwdX] L=16 states=1 -> 3
[DP-bwdX] L=32 states=1 -> 1
[DP-fwdX] L=16 states=1 -> 3
[DP-fwdX] L=16 states=1 -> 3
[DP-fwdX] L=16 states=1 -> 3
[DP-bwdX] L=32 states=1 -> 1
[DP-bwdX] L=32 states=1 -> 1
[DP-bwdX] L=32 states=1 -> 1
[DP-fwdX] L=32 states=1 -> 1
[DP-bwdX] L=64 states=1 -> 1
[DP-fwdX] L=32 states=1 -> 1
[DP-bwdX] L=48 states=1 -> 1
[DP-fwdX] L=32 states=1 -> 1
[DP-fwdX] L=32 states=1 -> 1
[DP-fwdX] L=32 states=1 -> 1
[DP-bwdX] L=48 states=1 -> 1
[DP-bwdX] L=48 states=1 -> 1
[DP-bwdX] L=48 states=1 -> 1
[DP-fwdX] L=48 states=1 -> 1
[DP-bwdX] L=64 states=1 -> 1
[DP-fwdX] L=48 states=1 -> 1
[DP-fwdX] L=48 states=1 -> 1
[DP-fwdX] L=48 states=1 -> 1
[DP-bwdX] L=64 states=1 -> 1
[DP-bwdX] L=64 states=1 -> 1
[DP-bwdX] L=64 states=1 -> 1
  [Round 11] solve_ms=17.698  HPWL_w=523480  HPWL_eq=477  report=523480
  [Updt] WNS=-13  TNS=66  maxL=22  picked=1
[OC-Shortest/pow2] m=8 h=8 SEG=4 bits=32 words=1 threads=24
[DP-fwdX] L=0 states=1 -> 1
[DP-fwdX] L=16 states=141 -> 164
[DP-bwdX] L=64 states=1 -> 1
[DP-bwdX] L=48 states=141 -> 164
[DP-fwdX] L=0 states=1 -> 1
[DP-bwdX] L=32 states=1 -> 1
[DP-fwdX] L=0 states=1 -> 1
[DP-bwdX] L=16 states=1 -> 1
[DP-fwdX] L=0 states=1 -> 1
[DP-fwdX] L=0 states=1 -> 1
[DP-fwdX] L=0 states=1 -> 1
[DP-bwdX] L=16 states=1 -> 1
[DP-bwdX] L=16 states=1 -> 1
[DP-bwdX] L=16 states=1 -> 1
[DP-fwdX] L=16 states=1 -> 1
[DP-bwdX] L=32 states=1 -> 1
[DP-fwdX] L=16 states=1 -> 1
[DP-fwdX] L=16 states=1 -> 1
[DP-fwdX] L=16 states=1 -> 1
[DP-bwdX] L=32 states=1 -> 1
[DP-bwdX] L=32 states=1 -> 1
[DP-bwdX] L=32 states=1 -> 1
[DP-fwdX] L=32 states=1 -> 1
[DP-bwdX] L=64 states=1 -> 1
[DP-fwdX] L=32 states=1 -> 1
[DP-bwdX] L=48 states=1 -> 1
[DP-fwdX] L=32 states=1 -> 1
[DP-fwdX] L=32 states=1 -> 1
[DP-fwdX] L=32 states=1 -> 1
[DP-bwdX] L=48 states=1 -> 1
[DP-bwdX] L=48 states=1 -> 1
[DP-bwdX] L=48 states=1 -> 1
[DP-fwdX] L=48 states=1 -> 1
[DP-bwdX] L=64 states=1 -> 1
[DP-fwdX] L=48 states=1 -> 1
[DP-fwdX] L=48 states=1 -> 1
[DP-fwdX] L=48 states=1 -> 1
[DP-bwdX] L=64 states=1 -> 1
[DP-bwdX] L=64 states=1 -> 1
[DP-bwdX] L=64 states=1 -> 1
  [Round 12] solve_ms=17.357  HPWL_w=527684  HPWL_eq=479  report=527684
  [Updt] WNS=-6  TNS=36  maxL=15  picked=1
[OC-Shortest/pow2] m=8 h=8 SEG=4 bits=32 words=1 threads=24
[DP-fwdX] L=0 states=1 -> 1
[DP-fwdX] L=16 states=141 -> 164
[DP-bwdX] L=64 states=1 -> 1
[DP-bwdX] L=48 states=141 -> 164
[DP-fwdX] L=0 states=1 -> 1
[DP-bwdX] L=32 states=1 -> 1
[DP-fwdX] L=0 states=1 -> 1
[DP-bwdX] L=16 states=1 -> 1
[DP-fwdX] L=0 states=1 -> 1
[DP-fwdX] L=0 states=1 -> 1
[DP-fwdX] L=0 states=1 -> 1
[DP-bwdX] L=16 states=1 -> 1
[DP-bwdX] L=16 states=1 -> 1
[DP-bwdX] L=16 states=1 -> 1
[DP-fwdX] L=16 states=1 -> 1
[DP-bwdX] L=32 states=1 -> 1
[DP-fwdX] L=16 states=1 -> 1
[DP-fwdX] L=16 states=1 -> 1
[DP-fwdX] L=16 states=1 -> 1
[DP-bwdX] L=32 states=1 -> 1
[DP-bwdX] L=32 states=1 -> 1
[DP-bwdX] L=32 states=1 -> 1
[DP-fwdX] L=32 states=1 -> 1
[DP-bwdX] L=64 states=1 -> 1
[DP-fwdX] L=32 states=1 -> 1
[DP-bwdX] L=48 states=1 -> 2
[DP-fwdX] L=32 states=1 -> 1
[DP-fwdX] L=32 states=1 -> 1
[DP-fwdX] L=32 states=1 -> 1
[DP-bwdX] L=48 states=1 -> 2
[DP-bwdX] L=48 states=1 -> 2
[DP-bwdX] L=48 states=1 -> 2
[DP-fwdX] L=48 states=1 -> 1
[DP-bwdX] L=64 states=1 -> 1
[DP-fwdX] L=48 states=1 -> 1
[DP-fwdX] L=48 states=1 -> 1
[DP-fwdX] L=48 states=1 -> 1
[DP-bwdX] L=64 states=1 -> 1
[DP-bwdX] L=64 states=1 -> 1
[DP-bwdX] L=64 states=1 -> 1
  [Round 13] solve_ms=17.5494  HPWL_w=533117  HPWL_eq=486  report=533117
  [Updt] WNS=-17  TNS=83  maxL=26  picked=1
[OC-Shortest/pow2] m=8 h=8 SEG=4 bits=32 words=1 threads=24
[DP-fwdX] L=0 states=1 -> 1
[DP-fwdX] L=16 states=141 -> 164
[DP-bwdX] L=64 states=1 -> 1
[DP-bwdX] L=48 states=141 -> 164
[DP-fwdX] L=0 states=1 -> 1
[DP-bwdX] L=32 states=1 -> 3
[DP-fwdX] L=0 states=1 -> 1
[DP-bwdX] L=16 states=1 -> 3
[DP-fwdX] L=0 states=1 -> 1
[DP-fwdX] L=0 states=1 -> 1
[DP-fwdX] L=0 states=1 -> 1
[DP-bwdX] L=16 states=1 -> 3
[DP-bwdX] L=16 states=1 -> 3
[DP-bwdX] L=16 states=1 -> 3
[DP-fwdX] L=16 states=1 -> 4
[DP-bwdX] L=32 states=1 -> 3
[DP-fwdX] L=16 states=1 -> 4
[DP-fwdX] L=16 states=1 -> 4
[DP-fwdX] L=16 states=1 -> 4
[DP-bwdX] L=32 states=1 -> 3
[DP-bwdX] L=32 states=1 -> 3
[DP-bwdX] L=32 states=1 -> 3
[DP-fwdX] L=32 states=1 -> 3
[DP-bwdX] L=64 states=1 -> 1
[DP-fwdX] L=32 states=1 -> 3
[DP-bwdX] L=48 states=1 -> 1
[DP-fwdX] L=32 states=1 -> 3
[DP-fwdX] L=32 states=1 -> 3
[DP-fwdX] L=32 states=1 -> 3
[DP-bwdX] L=48 states=1 -> 1
[DP-bwdX] L=48 states=1 -> 1
[DP-bwdX] L=48 states=1 -> 1
[DP-fwdX] L=48 states=1 -> 1
[DP-bwdX] L=64 states=1 -> 1
[DP-fwdX] L=48 states=1 -> 1
[DP-fwdX] L=48 states=1 -> 1
[DP-fwdX] L=48 states=1 -> 1
[DP-bwdX] L=64 states=1 -> 1
[DP-bwdX] L=64 states=1 -> 1
[DP-bwdX] L=64 states=1 -> 1
  [Round 14] solve_ms=18.9033  HPWL_w=540701  HPWL_eq=509  report=540701
  [Updt] WNS=-23  TNS=109  maxL=32  picked=1
[OC-Shortest/pow2] m=8 h=8 SEG=4 bits=32 words=1 threads=24
[DP-fwdX] L=0 states=1 -> 1
[DP-fwdX] L=16 states=141 -> 164
[DP-bwdX] L=64 states=1 -> 1
[DP-bwdX] L=48 states=141 -> 164
[DP-fwdX] L=0 states=1 -> 1
[DP-bwdX] L=32 states=1 -> 1
[DP-fwdX] L=0 states=1 -> 1
[DP-bwdX] L=16 states=1 -> 1
[DP-fwdX] L=0 states=1 -> 1
[DP-fwdX] L=0 states=1 -> 1
[DP-fwdX] L=0 states=1 -> 1
[DP-bwdX] L=16 states=1 -> 1
[DP-bwdX] L=16 states=1 -> 1
[DP-bwdX] L=16 states=1 -> 1
[DP-fwdX] L=16 states=1 -> 1
[DP-bwdX] L=32 states=1 -> 1
[DP-fwdX] L=16 states=1 -> 1
[DP-fwdX] L=16 states=1 -> 1
[DP-fwdX] L=16 states=1 -> 1
[DP-bwdX] L=32 states=1 -> 1
[DP-bwdX] L=32 states=1 -> 1
[DP-bwdX] L=32 states=1 -> 1
[DP-fwdX] L=32 states=1 -> 1
[DP-bwdX] L=64 states=1 -> 1
[DP-fwdX] L=32 states=1 -> 1
[DP-bwdX] L=48 states=1 -> 3
[DP-fwdX] L=32 states=1 -> 1
[DP-fwdX] L=32 states=1 -> 1
[DP-fwdX] L=32 states=1 -> 1
[DP-bwdX] L=48 states=1 -> 3
[DP-bwdX] L=48 states=1 -> 3
[DP-bwdX] L=48 states=1 -> 3
[DP-fwdX] L=48 states=1 -> 3
[DP-bwdX] L=64 states=1 -> 1
[DP-fwdX] L=48 states=1 -> 3
[DP-fwdX] L=48 states=1 -> 3
[DP-fwdX] L=48 states=1 -> 3
[DP-bwdX] L=64 states=1 -> 1
[DP-bwdX] L=64 states=1 -> 1
[DP-bwdX] L=64 states=1 -> 1
  [Round 15] solve_ms=17.5629  HPWL_w=546511  HPWL_eq=487  report=546511
  [Updt] WNS=-11  TNS=41  maxL=20  picked=1
[OC-Shortest/pow2] m=8 h=8 SEG=4 bits=32 words=1 threads=24
[DP-fwdX] L=0 states=1 -> 1
[DP-fwdX] L=16 states=141 -> 164
[DP-bwdX] L=64 states=1 -> 1
[DP-bwdX] L=48 states=141 -> 164
[DP-fwdX] L=0 states=1 -> 1
[DP-bwdX] L=32 states=1 -> 1
[DP-fwdX] L=0 states=1 -> 1
[DP-bwdX] L=16 states=1 -> 1
[DP-fwdX] L=0 states=1 -> 1
[DP-fwdX] L=0 states=1 -> 1
[DP-fwdX] L=0 states=1 -> 1
[DP-bwdX] L=16 states=1 -> 1
[DP-bwdX] L=16 states=1 -> 1
[DP-bwdX] L=16 states=1 -> 1
[DP-fwdX] L=16 states=1 -> 2
[DP-bwdX] L=32 states=1 -> 1
[DP-fwdX] L=16 states=1 -> 2
[DP-fwdX] L=16 states=1 -> 2
[DP-fwdX] L=16 states=1 -> 2
[DP-bwdX] L=32 states=1 -> 1
[DP-bwdX] L=32 states=1 -> 1
[DP-bwdX] L=32 states=1 -> 1
[DP-fwdX] L=32 states=1 -> 1
[DP-bwdX] L=64 states=1 -> 1
[DP-fwdX] L=32 states=1 -> 1
[DP-bwdX] L=48 states=1 -> 1
[DP-fwdX] L=32 states=1 -> 1
[DP-fwdX] L=32 states=1 -> 1
[DP-fwdX] L=32 states=1 -> 1
[DP-bwdX] L=48 states=1 -> 1
[DP-bwdX] L=48 states=1 -> 1
[DP-bwdX] L=48 states=1 -> 1
[DP-fwdX] L=48 states=1 -> 1
[DP-bwdX] L=64 states=1 -> 1
[DP-fwdX] L=48 states=1 -> 1
[DP-fwdX] L=48 states=1 -> 1
[DP-fwdX] L=48 states=1 -> 1
[DP-bwdX] L=64 states=1 -> 1
[DP-bwdX] L=64 states=1 -> 1
[DP-bwdX] L=64 states=1 -> 1
  [Round 16] solve_ms=17.447  HPWL_w=550593  HPWL_eq=489  report=550593
  [Updt] WNS=-20  TNS=90  maxL=29  picked=1
[OC-Shortest/pow2] m=8 h=8 SEG=4 bits=32 words=1 threads=24
[DP-fwdX] L=0 states=1 -> 1
[DP-fwdX] L=16 states=141 -> 164
[DP-bwdX] L=64 states=1 -> 1
[DP-bwdX] L=48 states=141 -> 164
[DP-fwdX] L=0 states=1 -> 1
[DP-bwdX] L=32 states=1 -> 1
[DP-fwdX] L=0 states=1 -> 1
[DP-bwdX] L=16 states=1 -> 1
[DP-fwdX] L=0 states=1 -> 1
[DP-fwdX] L=0 states=1 -> 1
[DP-fwdX] L=0 states=1 -> 1
[DP-bwdX] L=16 states=1 -> 1
[DP-bwdX] L=16 states=1 -> 1
[DP-bwdX] L=16 states=1 -> 1
[DP-fwdX] L=16 states=1 -> 1
[DP-bwdX] L=32 states=1 -> 1
[DP-fwdX] L=16 states=1 -> 1
[DP-fwdX] L=16 states=1 -> 1
[DP-fwdX] L=16 states=1 -> 1
[DP-bwdX] L=32 states=1 -> 1
[DP-bwdX] L=32 states=1 -> 1
[DP-bwdX] L=32 states=1 -> 1
[DP-fwdX] L=32 states=1 -> 1
[DP-bwdX] L=64 states=1 -> 1
[DP-fwdX] L=32 states=1 -> 1
[DP-bwdX] L=48 states=1 -> 1
[DP-fwdX] L=32 states=1 -> 1
[DP-fwdX] L=32 states=1 -> 1
[DP-fwdX] L=32 states=1 -> 1
[DP-bwdX] L=48 states=1 -> 1
[DP-bwdX] L=48 states=1 -> 1
[DP-bwdX] L=48 states=1 -> 1
[DP-fwdX] L=48 states=1 -> 1
[DP-bwdX] L=64 states=1 -> 1
[DP-fwdX] L=48 states=1 -> 1
[DP-fwdX] L=48 states=1 -> 1
[DP-fwdX] L=48 states=1 -> 1
[DP-bwdX] L=64 states=1 -> 1
[DP-bwdX] L=64 states=1 -> 1
[DP-bwdX] L=64 states=1 -> 1
  [Round 17] solve_ms=17.0486  HPWL_w=556764  HPWL_eq=479  report=556764
  [Updt] WNS=-6  TNS=36  maxL=15  picked=1
[OC-Shortest/pow2] m=8 h=8 SEG=4 bits=32 words=1 threads=24
[DP-fwdX] L=0 states=1 -> 1
[DP-fwdX] L=16 states=141 -> 164
[DP-bwdX] L=64 states=1 -> 1
[DP-bwdX] L=48 states=141 -> 164
[DP-fwdX] L=0 states=1 -> 1
[DP-bwdX] L=32 states=1 -> 4
[DP-fwdX] L=0 states=1 -> 1
[DP-bwdX] L=16 states=1 -> 1
[DP-fwdX] L=0 states=1 -> 1
[DP-fwdX] L=0 states=1 -> 1
[DP-fwdX] L=0 states=1 -> 1
[DP-bwdX] L=16 states=1 -> 1
[DP-bwdX] L=16 states=1 -> 1
[DP-bwdX] L=16 states=1 -> 1
[DP-fwdX] L=16 states=1 -> 1
[DP-bwdX] L=32 states=1 -> 4
[DP-fwdX] L=16 states=1 -> 1
[DP-fwdX] L=16 states=1 -> 1
[DP-fwdX] L=16 states=1 -> 1
[DP-bwdX] L=32 states=1 -> 4
[DP-bwdX] L=32 states=1 -> 4
[DP-bwdX] L=32 states=1 -> 4
[DP-fwdX] L=32 states=1 -> 4
[DP-bwdX] L=64 states=1 -> 1
[DP-fwdX] L=32 states=1 -> 4
[DP-bwdX] L=48 states=1 -> 3
[DP-fwdX] L=32 states=1 -> 4
[DP-fwdX] L=32 states=1 -> 4
[DP-fwdX] L=32 states=1 -> 4
[DP-bwdX] L=48 states=1 -> 3
[DP-bwdX] L=48 states=1 -> 3
[DP-bwdX] L=48 states=1 -> 3
[DP-fwdX] L=48 states=1 -> 2
[DP-bwdX] L=64 states=1 -> 1
[DP-fwdX] L=48 states=1 -> 2
[DP-fwdX] L=48 states=1 -> 2
[DP-fwdX] L=48 states=1 -> 2
[DP-bwdX] L=64 states=1 -> 1
[DP-bwdX] L=64 states=1 -> 1
[DP-bwdX] L=64 states=1 -> 1
  [Round 18] solve_ms=19.3164  HPWL_w=562731  HPWL_eq=508  report=562731
  [Updt] WNS=-23  TNS=104  maxL=32  picked=1
[OC-Shortest/pow2] m=8 h=8 SEG=4 bits=32 words=1 threads=24
[DP-fwdX] L=0 states=1 -> 1
[DP-fwdX] L=16 states=141 -> 164
[DP-bwdX] L=64 states=1 -> 1
[DP-bwdX] L=48 states=141 -> 164
[DP-fwdX] L=0 states=1 -> 1
[DP-bwdX] L=32 states=1 -> 1
[DP-fwdX] L=0 states=1 -> 1
[DP-bwdX] L=16 states=1 -> 1
[DP-fwdX] L=0 states=1 -> 1
[DP-fwdX] L=0 states=1 -> 1
[DP-fwdX] L=0 states=1 -> 1
[DP-bwdX] L=16 states=1 -> 1
[DP-bwdX] L=16 states=1 -> 1
[DP-bwdX] L=16 states=1 -> 1
[DP-fwdX] L=16 states=1 -> 1
[DP-bwdX] L=32 states=1 -> 1
[DP-fwdX] L=16 states=1 -> 1
[DP-fwdX] L=16 states=1 -> 1
[DP-fwdX] L=16 states=1 -> 1
[DP-bwdX] L=32 states=1 -> 1
[DP-bwdX] L=32 states=1 -> 1
[DP-bwdX] L=32 states=1 -> 1
[DP-fwdX] L=32 states=1 -> 1
[DP-bwdX] L=64 states=1 -> 1
[DP-fwdX] L=32 states=1 -> 1
[DP-bwdX] L=48 states=1 -> 1
[DP-fwdX] L=32 states=1 -> 1
[DP-fwdX] L=32 states=1 -> 1
[DP-fwdX] L=32 states=1 -> 1
[DP-bwdX] L=48 states=1 -> 1
[DP-bwdX] L=48 states=1 -> 1
[DP-bwdX] L=48 states=1 -> 1
[DP-fwdX] L=48 states=1 -> 1
[DP-bwdX] L=64 states=1 -> 1
[DP-fwdX] L=48 states=1 -> 1
[DP-fwdX] L=48 states=1 -> 1
[DP-fwdX] L=48 states=1 -> 1
[DP-bwdX] L=64 states=1 -> 1
[DP-bwdX] L=64 states=1 -> 1
[DP-bwdX] L=64 states=1 -> 1
  [Round 19] solve_ms=17.0896  HPWL_w=567323  HPWL_eq=493  report=567323
  [Updt] WNS=-6  TNS=37  maxL=15  picked=1
[OC-Shortest/pow2] m=8 h=8 SEG=4 bits=32 words=1 threads=24
[DP-fwdX] L=0 states=1 -> 1
[DP-fwdX] L=16 states=141 -> 164
[DP-bwdX] L=64 states=1 -> 1
[DP-bwdX] L=48 states=141 -> 164
[DP-fwdX] L=0 states=1 -> 1
[DP-bwdX] L=32 states=1 -> 3
[DP-fwdX] L=0 states=1 -> 1
[DP-bwdX] L=16 states=1 -> 1
[DP-fwdX] L=0 states=1 -> 1
[DP-fwdX] L=0 states=1 -> 1
[DP-fwdX] L=0 states=1 -> 1
[DP-bwdX] L=16 states=1 -> 1
[DP-bwdX] L=16 states=1 -> 1
[DP-bwdX] L=16 states=1 -> 1
[DP-fwdX] L=16 states=1 -> 1
[DP-bwdX] L=32 states=1 -> 3
[DP-fwdX] L=16 states=1 -> 1
[DP-fwdX] L=16 states=1 -> 1
[DP-fwdX] L=16 states=1 -> 1
[DP-bwdX] L=32 states=1 -> 3
[DP-bwdX] L=32 states=1 -> 3
[DP-bwdX] L=32 states=1 -> 3
[DP-fwdX] L=32 states=1 -> 3
[DP-bwdX] L=64 states=1 -> 1
[DP-fwdX] L=32 states=1 -> 3
[DP-bwdX] L=48 states=1 -> 1
[DP-fwdX] L=32 states=1 -> 3
[DP-fwdX] L=32 states=1 -> 3
[DP-fwdX] L=32 states=1 -> 3
[DP-bwdX] L=48 states=1 -> 1
[DP-bwdX] L=48 states=1 -> 1
[DP-bwdX] L=48 states=1 -> 1
[DP-fwdX] L=48 states=1 -> 1
[DP-bwdX] L=64 states=1 -> 1
[DP-fwdX] L=48 states=1 -> 1
[DP-fwdX] L=48 states=1 -> 1
[DP-fwdX] L=48 states=1 -> 1
[DP-bwdX] L=64 states=1 -> 1
[DP-bwdX] L=64 states=1 -> 1
[DP-bwdX] L=64 states=1 -> 1
  [Round 20] solve_ms=18.0424  HPWL_w=572871  HPWL_eq=493  report=572871
  [Updt] WNS=-5  TNS=42  maxL=14  picked=2
[OC-Shortest/pow2] m=8 h=8 SEG=4 bits=32 words=1 threads=24
[DP-fwdX] L=0 states=1 -> 1
[DP-fwdX] L=16 states=141 -> 164
[DP-bwdX] L=64 states=1 -> 1
[DP-bwdX] L=48 states=141 -> 164
[DP-fwdX] L=0 states=1 -> 1
[DP-bwdX] L=32 states=1 -> 1
[DP-fwdX] L=0 states=1 -> 1
[DP-bwdX] L=16 states=1 -> 1
[DP-fwdX] L=0 states=1 -> 1
[DP-fwdX] L=0 states=1 -> 1
[DP-fwdX] L=0 states=1 -> 1
[DP-bwdX] L=16 states=1 -> 1
[DP-bwdX] L=16 states=1 -> 1
[DP-bwdX] L=16 states=1 -> 1
[DP-fwdX] L=16 states=1 -> 1
[DP-bwdX] L=32 states=1 -> 1
[DP-fwdX] L=16 states=1 -> 1
[DP-fwdX] L=16 states=1 -> 1
[DP-fwdX] L=16 states=1 -> 1
[DP-bwdX] L=32 states=1 -> 1
[DP-bwdX] L=32 states=1 -> 1
[DP-bwdX] L=32 states=1 -> 1
[DP-fwdX] L=32 states=1 -> 1
[DP-bwdX] L=64 states=1 -> 1
[DP-fwdX] L=32 states=1 -> 1
[DP-bwdX] L=48 states=1 -> 2
[DP-fwdX] L=32 states=1 -> 1
[DP-fwdX] L=32 states=1 -> 1
[DP-fwdX] L=32 states=1 -> 1
[DP-bwdX] L=48 states=1 -> 2
[DP-bwdX] L=48 states=1 -> 2
[DP-bwdX] L=48 states=1 -> 2
[DP-fwdX] L=48 states=1 -> 1
[DP-bwdX] L=64 states=1 -> 1
[DP-fwdX] L=48 states=1 -> 1
[DP-fwdX] L=48 states=1 -> 1
[DP-fwdX] L=48 states=1 -> 1
[DP-bwdX] L=64 states=1 -> 1
[DP-bwdX] L=64 states=1 -> 1
[DP-bwdX] L=64 states=1 -> 1
  [Round 21] solve_ms=17.6173  HPWL_w=577246  HPWL_eq=496  report=577246
  [Updt] WNS=-20  TNS=77  maxL=29  picked=1
[OC-Shortest/pow2] m=8 h=8 SEG=4 bits=32 words=1 threads=24
[DP-fwdX] L=0 states=1 -> 1
[DP-fwdX] L=16 states=141 -> 164
[DP-bwdX] L=64 states=1 -> 1
[DP-bwdX] L=48 states=141 -> 164
[DP-fwdX] L=0 states=1 -> 1
[DP-bwdX] L=32 states=1 -> 1
[DP-fwdX] L=0 states=1 -> 1
[DP-bwdX] L=16 states=1 -> 1
[DP-fwdX] L=0 states=1 -> 1
[DP-fwdX] L=0 states=1 -> 1
[DP-fwdX] L=0 states=1 -> 1
[DP-bwdX] L=16 states=1 -> 1
[DP-bwdX] L=16 states=1 -> 1
[DP-bwdX] L=16 states=1 -> 1
[DP-fwdX] L=16 states=1 -> 1
[DP-bwdX] L=32 states=1 -> 1
[DP-fwdX] L=16 states=1 -> 1
[DP-fwdX] L=16 states=1 -> 1
[DP-fwdX] L=16 states=1 -> 1
[DP-bwdX] L=32 states=1 -> 1
[DP-bwdX] L=32 states=1 -> 1
[DP-bwdX] L=32 states=1 -> 1
[DP-fwdX] L=32 states=1 -> 1
[DP-bwdX] L=64 states=1 -> 1
[DP-fwdX] L=32 states=1 -> 1
[DP-bwdX] L=48 states=1 -> 1
[DP-fwdX] L=32 states=1 -> 1
[DP-fwdX] L=32 states=1 -> 1
[DP-fwdX] L=32 states=1 -> 1
[DP-bwdX] L=48 states=1 -> 1
[DP-bwdX] L=48 states=1 -> 1
[DP-bwdX] L=48 states=1 -> 1
[DP-fwdX] L=48 states=1 -> 1
[DP-bwdX] L=64 states=1 -> 1
[DP-fwdX] L=48 states=1 -> 1
[DP-fwdX] L=48 states=1 -> 1
[DP-fwdX] L=48 states=1 -> 1
[DP-bwdX] L=64 states=1 -> 1
[DP-bwdX] L=64 states=1 -> 1
[DP-bwdX] L=64 states=1 -> 1
  [Round 22] solve_ms=17.2915  HPWL_w=585628  HPWL_eq=492  report=585628
  [Updt] WNS=-2  TNS=17  maxL=11  picked=1
[OC-Shortest/pow2] m=8 h=8 SEG=4 bits=32 words=1 threads=24
[DP-fwdX] L=0 states=1 -> 1
[DP-fwdX] L=16 states=141 -> 164
[DP-bwdX] L=64 states=1 -> 1
[DP-bwdX] L=48 states=141 -> 164
[DP-fwdX] L=0 states=1 -> 1
[DP-bwdX] L=32 states=1 -> 1
[DP-fwdX] L=0 states=1 -> 1
[DP-bwdX] L=16 states=1 -> 1
[DP-fwdX] L=0 states=1 -> 1
[DP-fwdX] L=0 states=1 -> 1
[DP-fwdX] L=0 states=1 -> 1
[DP-bwdX] L=16 states=1 -> 1
[DP-bwdX] L=16 states=1 -> 1
[DP-bwdX] L=16 states=1 -> 1
[DP-fwdX] L=16 states=1 -> 1
[DP-bwdX] L=32 states=1 -> 1
[DP-fwdX] L=16 states=1 -> 1
[DP-fwdX] L=16 states=1 -> 1
[DP-fwdX] L=16 states=1 -> 1
[DP-bwdX] L=32 states=1 -> 1
[DP-bwdX] L=32 states=1 -> 1
[DP-bwdX] L=32 states=1 -> 1
[DP-fwdX] L=32 states=1 -> 1
[DP-bwdX] L=64 states=1 -> 1
[DP-fwdX] L=32 states=1 -> 1
[DP-bwdX] L=48 states=1 -> 1
[DP-fwdX] L=32 states=1 -> 1
[DP-fwdX] L=32 states=1 -> 1
[DP-fwdX] L=32 states=1 -> 1
[DP-bwdX] L=48 states=1 -> 1
[DP-bwdX] L=48 states=1 -> 1
[DP-bwdX] L=48 states=1 -> 1
[DP-fwdX] L=48 states=1 -> 1
[DP-bwdX] L=64 states=1 -> 1
[DP-fwdX] L=48 states=1 -> 1
[DP-fwdX] L=48 states=1 -> 1
[DP-fwdX] L=48 states=1 -> 1
[DP-bwdX] L=64 states=1 -> 1
[DP-bwdX] L=64 states=1 -> 1
[DP-bwdX] L=64 states=1 -> 1
  [Round 23] solve_ms=17.3791  HPWL_w=593146  HPWL_eq=492  report=593146
  [Updt] WNS=-2  TNS=17  maxL=11  picked=1
[OC-Shortest/pow2] m=8 h=8 SEG=4 bits=32 words=1 threads=24
[DP-fwdX] L=0 states=1 -> 1
[DP-fwdX] L=16 states=141 -> 164
[DP-bwdX] L=64 states=1 -> 1
[DP-bwdX] L=48 states=141 -> 164
[DP-fwdX] L=0 states=1 -> 1
[DP-bwdX] L=32 states=1 -> 1
[DP-fwdX] L=0 states=1 -> 1
[DP-bwdX] L=16 states=1 -> 1
[DP-fwdX] L=0 states=1 -> 1
[DP-fwdX] L=0 states=1 -> 1
[DP-fwdX] L=0 states=1 -> 1
[DP-bwdX] L=16 states=1 -> 1
[DP-bwdX] L=16 states=1 -> 1
[DP-bwdX] L=16 states=1 -> 1
[DP-fwdX] L=16 states=1 -> 1
[DP-bwdX] L=32 states=1 -> 1
[DP-fwdX] L=16 states=1 -> 1
[DP-fwdX] L=16 states=1 -> 1
[DP-fwdX] L=16 states=1 -> 1
[DP-bwdX] L=32 states=1 -> 1
[DP-bwdX] L=32 states=1 -> 1
[DP-bwdX] L=32 states=1 -> 1
[DP-fwdX] L=32 states=1 -> 1
[DP-bwdX] L=64 states=1 -> 1
[DP-fwdX] L=32 states=1 -> 1
[DP-bwdX] L=48 states=1 -> 1
[DP-fwdX] L=32 states=1 -> 1
[DP-fwdX] L=32 states=1 -> 1
[DP-fwdX] L=32 states=1 -> 1
[DP-bwdX] L=48 states=1 -> 1
[DP-bwdX] L=48 states=1 -> 1
[DP-bwdX] L=48 states=1 -> 1
[DP-fwdX] L=48 states=1 -> 1
[DP-bwdX] L=64 states=1 -> 1
[DP-fwdX] L=48 states=1 -> 1
[DP-fwdX] L=48 states=1 -> 1
[DP-fwdX] L=48 states=1 -> 1
[DP-bwdX] L=64 states=1 -> 1
[DP-bwdX] L=64 states=1 -> 1
[DP-bwdX] L=64 states=1 -> 1
  [Round 24] solve_ms=17.3674  HPWL_w=595306  HPWL_eq=496  report=595306
  [Updt] WNS=-6  TNS=39  maxL=15  picked=2
[OC-Shortest/pow2] m=8 h=8 SEG=4 bits=32 words=1 threads=24
[DP-fwdX] L=0 states=1 -> 1
[DP-fwdX] L=16 states=141 -> 164
[DP-bwdX] L=64 states=1 -> 1
[DP-bwdX] L=48 states=141 -> 164
[DP-fwdX] L=0 states=1 -> 1
[DP-bwdX] L=32 states=1 -> 3
[DP-fwdX] L=0 states=1 -> 1
[DP-bwdX] L=16 states=1 -> 1
[DP-fwdX] L=0 states=1 -> 1
[DP-fwdX] L=0 states=1 -> 1
[DP-fwdX] L=0 states=1 -> 1
[DP-bwdX] L=16 states=1 -> 1
[DP-bwdX] L=16 states=1 -> 1
[DP-bwdX] L=16 states=1 -> 1
[DP-fwdX] L=16 states=1 -> 1
[DP-bwdX] L=32 states=1 -> 3
[DP-fwdX] L=16 states=1 -> 1
[DP-fwdX] L=16 states=1 -> 1
[DP-fwdX] L=16 states=1 -> 1
[DP-bwdX] L=32 states=1 -> 3
[DP-bwdX] L=32 states=1 -> 3
[DP-bwdX] L=32 states=1 -> 3
[DP-fwdX] L=32 states=1 -> 3
[DP-bwdX] L=64 states=1 -> 1
[DP-fwdX] L=32 states=1 -> 3
[DP-bwdX] L=48 states=1 -> 3
[DP-fwdX] L=32 states=1 -> 3
[DP-fwdX] L=32 states=1 -> 3
[DP-fwdX] L=32 states=1 -> 3
[DP-bwdX] L=48 states=1 -> 3
[DP-bwdX] L=48 states=1 -> 3
[DP-bwdX] L=48 states=1 -> 3
[DP-fwdX] L=48 states=1 -> 2
[DP-bwdX] L=64 states=1 -> 1
[DP-fwdX] L=48 states=1 -> 2
[DP-fwdX] L=48 states=1 -> 2
[DP-fwdX] L=48 states=1 -> 2
[DP-bwdX] L=64 states=1 -> 1
[DP-bwdX] L=64 states=1 -> 1
[DP-bwdX] L=64 states=1 -> 1
  [Round 25] solve_ms=72.0057  HPWL_w=599106  HPWL_eq=515  report=599106
  [Updt] WNS=-14  TNS=77  maxL=23  picked=2
[OC-Shortest/pow2] m=8 h=8 SEG=4 bits=32 words=1 threads=24
[DP-fwdX] L=0 states=1 -> 1
[DP-fwdX] L=16 states=141 -> 164
[DP-bwdX] L=64 states=1 -> 1
[DP-bwdX] L=48 states=141 -> 164
[DP-fwdX] L=0 states=1 -> 1
[DP-bwdX] L=32 states=1 -> 1
[DP-fwdX] L=0 states=1 -> 1
[DP-bwdX] L=16 states=1 -> 1
[DP-fwdX] L=0 states=1 -> 1
[DP-fwdX] L=0 states=1 -> 1
[DP-fwdX] L=0 states=1 -> 1
[DP-bwdX] L=16 states=1 -> 1
[DP-bwdX] L=16 states=1 -> 1
[DP-bwdX] L=16 states=1 -> 1
[DP-fwdX] L=16 states=1 -> 1
[DP-bwdX] L=32 states=1 -> 1
[DP-fwdX] L=16 states=1 -> 1
[DP-fwdX] L=16 states=1 -> 1
[DP-fwdX] L=16 states=1 -> 1
[DP-bwdX] L=32 states=1 -> 1
[DP-bwdX] L=32 states=1 -> 1
[DP-bwdX] L=32 states=1 -> 1
[DP-fwdX] L=32 states=1 -> 1
[DP-bwdX] L=64 states=1 -> 1
[DP-fwdX] L=32 states=1 -> 1
[DP-bwdX] L=48 states=1 -> 3
[DP-fwdX] L=32 states=1 -> 1
[DP-fwdX] L=32 states=1 -> 1
[DP-fwdX] L=32 states=1 -> 1
[DP-bwdX] L=48 states=1 -> 3
[DP-bwdX] L=48 states=1 -> 3
[DP-bwdX] L=48 states=1 -> 3
[DP-fwdX] L=48 states=1 -> 2
[DP-bwdX] L=64 states=1 -> 1
[DP-fwdX] L=48 states=1 -> 2
[DP-fwdX] L=48 states=1 -> 2
[DP-fwdX] L=48 states=1 -> 2
[DP-bwdX] L=64 states=1 -> 1
[DP-bwdX] L=64 states=1 -> 1
[DP-bwdX] L=64 states=1 -> 1
  [Round 26] solve_ms=19.5995  HPWL_w=603793  HPWL_eq=490  report=603793
  [Updt] WNS=-11  TNS=38  maxL=20  picked=1
[OC-Shortest/pow2] m=8 h=8 SEG=4 bits=32 words=1 threads=24
[DP-fwdX] L=0 states=1 -> 1
[DP-fwdX] L=16 states=141 -> 164
[DP-bwdX] L=64 states=1 -> 1
[DP-bwdX] L=48 states=141 -> 164
[DP-fwdX] L=0 states=1 -> 1
[DP-bwdX] L=32 states=1 -> 1
[DP-fwdX] L=0 states=1 -> 1
[DP-bwdX] L=16 states=1 -> 1
[DP-fwdX] L=0 states=1 -> 1
[DP-fwdX] L=0 states=1 -> 1
[DP-fwdX] L=0 states=1 -> 1
[DP-bwdX] L=16 states=1 -> 1
[DP-bwdX] L=16 states=1 -> 1
[DP-bwdX] L=16 states=1 -> 1
[DP-fwdX] L=16 states=1 -> 1
[DP-bwdX] L=32 states=1 -> 1
[DP-fwdX] L=16 states=1 -> 1
[DP-fwdX] L=16 states=1 -> 1
[DP-fwdX] L=16 states=1 -> 1
[DP-bwdX] L=32 states=1 -> 1
[DP-bwdX] L=32 states=1 -> 1
[DP-bwdX] L=32 states=1 -> 1
[DP-fwdX] L=32 states=1 -> 1
[DP-bwdX] L=64 states=1 -> 1
[DP-fwdX] L=32 states=1 -> 1
[DP-bwdX] L=48 states=1 -> 3
[DP-fwdX] L=32 states=1 -> 1
[DP-fwdX] L=32 states=1 -> 1
[DP-fwdX] L=32 states=1 -> 1
[DP-bwdX] L=48 states=1 -> 3
[DP-bwdX] L=48 states=1 -> 3
[DP-bwdX] L=48 states=1 -> 3
[DP-fwdX] L=48 states=1 -> 2
[DP-bwdX] L=64 states=1 -> 1
[DP-fwdX] L=48 states=1 -> 2
[DP-fwdX] L=48 states=1 -> 2
[DP-fwdX] L=48 states=1 -> 2
[DP-bwdX] L=64 states=1 -> 1
[DP-bwdX] L=64 states=1 -> 1
[DP-bwdX] L=64 states=1 -> 1
  [Round 27] solve_ms=19.9582  HPWL_w=612029  HPWL_eq=504  report=612029
  [Updt] WNS=-12  TNS=91  maxL=21  picked=2
[OC-Shortest/pow2] m=8 h=8 SEG=4 bits=32 words=1 threads=24
[DP-fwdX] L=0 states=1 -> 1
[DP-fwdX] L=16 states=141 -> 164
[DP-bwdX] L=64 states=1 -> 1
[DP-bwdX] L=48 states=141 -> 164
[DP-fwdX] L=0 states=1 -> 1
[DP-bwdX] L=32 states=1 -> 1
[DP-fwdX] L=0 states=1 -> 1
[DP-bwdX] L=16 states=1 -> 1
[DP-fwdX] L=0 states=1 -> 1
[DP-fwdX] L=0 states=1 -> 1
[DP-fwdX] L=0 states=1 -> 1
[DP-bwdX] L=16 states=1 -> 1
[DP-bwdX] L=16 states=1 -> 1
[DP-bwdX] L=16 states=1 -> 1
[DP-fwdX] L=16 states=1 -> 1
[DP-bwdX] L=32 states=1 -> 1
[DP-fwdX] L=16 states=1 -> 1
[DP-fwdX] L=16 states=1 -> 1
[DP-fwdX] L=16 states=1 -> 1
[DP-bwdX] L=32 states=1 -> 1
[DP-bwdX] L=32 states=1 -> 1
[DP-bwdX] L=32 states=1 -> 1
[DP-fwdX] L=32 states=1 -> 1
[DP-bwdX] L=64 states=1 -> 1
[DP-fwdX] L=32 states=1 -> 1
[DP-bwdX] L=48 states=1 -> 4
[DP-fwdX] L=32 states=1 -> 1
[DP-fwdX] L=32 states=1 -> 1
[DP-fwdX] L=32 states=1 -> 1
[DP-bwdX] L=48 states=1 -> 4
[DP-bwdX] L=48 states=1 -> 4
[DP-bwdX] L=48 states=1 -> 4
[DP-fwdX] L=48 states=1 -> 3
[DP-bwdX] L=64 states=1 -> 1
[DP-fwdX] L=48 states=1 -> 3
[DP-fwdX] L=48 states=1 -> 3
[DP-fwdX] L=48 states=1 -> 3
[DP-bwdX] L=64 states=1 -> 1
[DP-bwdX] L=64 states=1 -> 1
[DP-bwdX] L=64 states=1 -> 1
  [Round 28] solve_ms=19.7493  HPWL_w=621893  HPWL_eq=502  report=621893
  [Updt] WNS=-17  TNS=58  maxL=26  picked=1
[OC-Shortest/pow2] m=8 h=8 SEG=4 bits=32 words=1 threads=24
[DP-fwdX] L=0 states=1 -> 1
[DP-fwdX] L=16 states=141 -> 164
[DP-bwdX] L=64 states=1 -> 1
[DP-bwdX] L=48 states=141 -> 164
[DP-fwdX] L=0 states=1 -> 1
[DP-bwdX] L=32 states=1 -> 5
[DP-fwdX] L=0 states=1 -> 1
[DP-bwdX] L=16 states=1 -> 1
[DP-fwdX] L=0 states=1 -> 1
[DP-fwdX] L=0 states=1 -> 1
[DP-fwdX] L=0 states=1 -> 1
[DP-bwdX] L=16 states=1 -> 1
[DP-bwdX] L=16 states=1 -> 1
[DP-bwdX] L=16 states=1 -> 1
[DP-fwdX] L=16 states=1 -> 1
[DP-bwdX] L=32 states=1 -> 5
[DP-fwdX] L=16 states=1 -> 1
[DP-fwdX] L=16 states=1 -> 1
[DP-fwdX] L=16 states=1 -> 1
[DP-bwdX] L=32 states=1 -> 5
[DP-bwdX] L=32 states=1 -> 5
[DP-bwdX] L=32 states=1 -> 5
[DP-fwdX] L=32 states=1 -> 4
[DP-bwdX] L=64 states=1 -> 1
[DP-fwdX] L=32 states=1 -> 4
[DP-bwdX] L=48 states=1 -> 3
[DP-fwdX] L=32 states=1 -> 4
[DP-fwdX] L=32 states=1 -> 4
[DP-fwdX] L=32 states=1 -> 4
[DP-bwdX] L=48 states=1 -> 3
[DP-bwdX] L=48 states=1 -> 3
[DP-bwdX] L=48 states=1 -> 3
[DP-fwdX] L=48 states=1 -> 2
[DP-bwdX] L=64 states=1 -> 1
[DP-fwdX] L=48 states=1 -> 2
[DP-fwdX] L=48 states=1 -> 2
[DP-fwdX] L=48 states=1 -> 2
[DP-bwdX] L=64 states=1 -> 1
[DP-bwdX] L=64 states=1 -> 1
[DP-bwdX] L=64 states=1 -> 1
  [Round 29] solve_ms=25.2922  HPWL_w=630303  HPWL_eq=545  report=630303
  [Updt] WNS=-21  TNS=132  maxL=30  picked=2
[OC-Shortest/pow2] m=8 h=8 SEG=4 bits=32 words=1 threads=24
[DP-fwdX] L=0 states=1 -> 1
[DP-fwdX] L=16 states=141 -> 164
[DP-bwdX] L=64 states=1 -> 1
[DP-bwdX] L=48 states=141 -> 164
[DP-fwdX] L=0 states=1 -> 1
[DP-bwdX] L=32 states=1 -> 3
[DP-fwdX] L=0 states=1 -> 1
[DP-bwdX] L=16 states=1 -> 1
[DP-fwdX] L=0 states=1 -> 1
[DP-fwdX] L=0 states=1 -> 1
[DP-fwdX] L=0 states=1 -> 1
[DP-bwdX] L=16 states=1 -> 1
[DP-bwdX] L=16 states=1 -> 1
[DP-bwdX] L=16 states=1 -> 1
[DP-fwdX] L=16 states=1 -> 1
[DP-bwdX] L=32 states=1 -> 3
[DP-fwdX] L=16 states=1 -> 1
[DP-fwdX] L=16 states=1 -> 1
[DP-fwdX] L=16 states=1 -> 1
[DP-bwdX] L=32 states=1 -> 3
[DP-bwdX] L=32 states=1 -> 3
[DP-bwdX] L=32 states=1 -> 3
[DP-fwdX] L=32 states=1 -> 3
[DP-bwdX] L=64 states=1 -> 1
[DP-fwdX] L=32 states=1 -> 3
[DP-bwdX] L=48 states=1 -> 3
[DP-fwdX] L=32 states=1 -> 3
[DP-fwdX] L=32 states=1 -> 3
[DP-fwdX] L=32 states=1 -> 3
[DP-bwdX] L=48 states=1 -> 3
[DP-bwdX] L=48 states=1 -> 3
[DP-bwdX] L=48 states=1 -> 3
[DP-fwdX] L=48 states=1 -> 2
[DP-bwdX] L=64 states=1 -> 1
[DP-fwdX] L=48 states=1 -> 2
[DP-fwdX] L=48 states=1 -> 2
[DP-fwdX] L=48 states=1 -> 2
[DP-bwdX] L=64 states=1 -> 1
[DP-bwdX] L=64 states=1 -> 1
[DP-bwdX] L=64 states=1 -> 1
  [Round 30] solve_ms=21.1105  HPWL_w=634021  HPWL_eq=526  report=634021
  [Updt] WNS=-27  TNS=93  maxL=36  picked=1
[OC-Shortest/pow2] m=8 h=8 SEG=4 bits=32 words=1 threads=24
[DP-fwdX] L=0 states=1 -> 1
[DP-fwdX] L=16 states=141 -> 164
[DP-bwdX] L=64 states=1 -> 1
[DP-bwdX] L=48 states=141 -> 164
[DP-fwdX] L=0 states=1 -> 1
[DP-bwdX] L=32 states=1 -> 1
[DP-fwdX] L=0 states=1 -> 1
[DP-bwdX] L=16 states=1 -> 1
[DP-fwdX] L=0 states=1 -> 1
[DP-fwdX] L=0 states=1 -> 1
[DP-fwdX] L=0 states=1 -> 1
[DP-bwdX] L=16 states=1 -> 1
[DP-bwdX] L=16 states=1 -> 1
[DP-bwdX] L=16 states=1 -> 1
[DP-fwdX] L=16 states=1 -> 1
[DP-bwdX] L=32 states=1 -> 1
[DP-fwdX] L=16 states=1 -> 1
[DP-fwdX] L=16 states=1 -> 1
[DP-fwdX] L=16 states=1 -> 1
[DP-bwdX] L=32 states=1 -> 1
[DP-bwdX] L=32 states=1 -> 1
[DP-bwdX] L=32 states=1 -> 1
[DP-fwdX] L=32 states=1 -> 1
[DP-bwdX] L=64 states=1 -> 1
[DP-fwdX] L=32 states=1 -> 1
[DP-bwdX] L=48 states=1 -> 3
[DP-fwdX] L=32 states=1 -> 1
[DP-fwdX] L=32 states=1 -> 1
[DP-fwdX] L=32 states=1 -> 1
[DP-bwdX] L=48 states=1 -> 3
[DP-bwdX] L=48 states=1 -> 3
[DP-bwdX] L=48 states=1 -> 3
[DP-fwdX] L=48 states=1 -> 3
[DP-bwdX] L=64 states=1 -> 1
[DP-fwdX] L=48 states=1 -> 3
[DP-fwdX] L=48 states=1 -> 3
[DP-fwdX] L=48 states=1 -> 3
[DP-bwdX] L=64 states=1 -> 1
[DP-bwdX] L=64 states=1 -> 1
[DP-bwdX] L=64 states=1 -> 1
  [Round 31] solve_ms=19.5757  HPWL_w=644339  HPWL_eq=520  report=644339
  [Updt] WNS=-5  TNS=30  maxL=14  picked=1
[OC-Shortest/pow2] m=8 h=8 SEG=4 bits=32 words=1 threads=24
[DP-fwdX] L=0 states=1 -> 1
[DP-fwdX] L=16 states=141 -> 164
[DP-bwdX] L=64 states=1 -> 1
[DP-bwdX] L=48 states=141 -> 164
[DP-fwdX] L=0 states=1 -> 1
[DP-bwdX] L=32 states=1 -> 1
[DP-fwdX] L=0 states=1 -> 1
[DP-bwdX] L=16 states=1 -> 1
[DP-fwdX] L=0 states=1 -> 1
[DP-fwdX] L=0 states=1 -> 1
[DP-fwdX] L=0 states=1 -> 1
[DP-bwdX] L=16 states=1 -> 1
[DP-bwdX] L=16 states=1 -> 1
[DP-bwdX] L=16 states=1 -> 1
[DP-fwdX] L=16 states=1 -> 1
[DP-bwdX] L=32 states=1 -> 1
[DP-fwdX] L=16 states=1 -> 1
[DP-fwdX] L=16 states=1 -> 1
[DP-fwdX] L=16 states=1 -> 1
[DP-bwdX] L=32 states=1 -> 1
[DP-bwdX] L=32 states=1 -> 1
[DP-bwdX] L=32 states=1 -> 1
[DP-fwdX] L=32 states=1 -> 1
[DP-bwdX] L=64 states=1 -> 1
[DP-fwdX] L=32 states=1 -> 1
[DP-bwdX] L=48 states=1 -> 3
[DP-fwdX] L=32 states=1 -> 1
[DP-fwdX] L=32 states=1 -> 1
[DP-fwdX] L=32 states=1 -> 1
[DP-bwdX] L=48 states=1 -> 3
[DP-bwdX] L=48 states=1 -> 3
[DP-bwdX] L=48 states=1 -> 3
[DP-fwdX] L=48 states=1 -> 3
[DP-bwdX] L=64 states=1 -> 1
[DP-fwdX] L=48 states=1 -> 3
[DP-fwdX] L=48 states=1 -> 3
[DP-fwdX] L=48 states=1 -> 3
[DP-bwdX] L=64 states=1 -> 1
[DP-bwdX] L=64 states=1 -> 1
[DP-bwdX] L=64 states=1 -> 1
  [Round 32] solve_ms=19.7094  HPWL_w=652338  HPWL_eq=520  report=652338
  [Updt] WNS=-5  TNS=30  maxL=14  picked=1
[OC-Shortest/pow2] m=8 h=8 SEG=4 bits=32 words=1 threads=24
[DP-fwdX] L=0 states=1 -> 1
[DP-fwdX] L=16 states=141 -> 164
[DP-bwdX] L=64 states=1 -> 1
[DP-bwdX] L=48 states=141 -> 164
[DP-fwdX] L=0 states=1 -> 1
[DP-bwdX] L=32 states=1 -> 1
[DP-fwdX] L=0 states=1 -> 1
[DP-bwdX] L=16 states=1 -> 3
[DP-fwdX] L=0 states=1 -> 1
[DP-fwdX] L=0 states=1 -> 1
[DP-fwdX] L=0 states=1 -> 1
[DP-bwdX] L=16 states=1 -> 3
[DP-bwdX] L=16 states=1 -> 3
[DP-bwdX] L=16 states=1 -> 3
[DP-fwdX] L=16 states=1 -> 3
[DP-bwdX] L=32 states=1 -> 1
[DP-fwdX] L=16 states=1 -> 3
[DP-fwdX] L=16 states=1 -> 3
[DP-fwdX] L=16 states=1 -> 3
[DP-bwdX] L=32 states=1 -> 1
[DP-bwdX] L=32 states=1 -> 1
[DP-bwdX] L=32 states=1 -> 1
[DP-fwdX] L=32 states=1 -> 1
[DP-bwdX] L=64 states=1 -> 1
[DP-fwdX] L=32 states=1 -> 1
[DP-bwdX] L=48 states=1 -> 3
[DP-fwdX] L=32 states=1 -> 1
[DP-fwdX] L=32 states=1 -> 1
[DP-fwdX] L=32 states=1 -> 1
[DP-bwdX] L=48 states=1 -> 3
[DP-bwdX] L=48 states=1 -> 3
[DP-bwdX] L=48 states=1 -> 3
[DP-fwdX] L=48 states=1 -> 3
[DP-bwdX] L=64 states=1 -> 1
[DP-fwdX] L=48 states=1 -> 3
[DP-fwdX] L=48 states=1 -> 3
[DP-fwdX] L=48 states=1 -> 3
[DP-bwdX] L=64 states=1 -> 1
[DP-bwdX] L=64 states=1 -> 1
[DP-bwdX] L=64 states=1 -> 1
  [Round 33] solve_ms=19.43  HPWL_w=661377  HPWL_eq=521  report=661377
  [Updt] WNS=-6  TNS=31  maxL=15  picked=1
[OC-Shortest/pow2] m=8 h=8 SEG=4 bits=32 words=1 threads=24
[DP-fwdX] L=0 states=1 -> 1
[DP-fwdX] L=16 states=141 -> 164
[DP-bwdX] L=64 states=1 -> 1
[DP-bwdX] L=48 states=141 -> 164
[DP-fwdX] L=0 states=1 -> 1
[DP-bwdX] L=32 states=1 -> 4
[DP-fwdX] L=0 states=1 -> 1
[DP-bwdX] L=16 states=1 -> 2
[DP-fwdX] L=0 states=1 -> 1
[DP-fwdX] L=0 states=1 -> 1
[DP-fwdX] L=0 states=1 -> 1
[DP-bwdX] L=16 states=1 -> 2
[DP-bwdX] L=16 states=1 -> 2
[DP-bwdX] L=16 states=1 -> 2
[DP-fwdX] L=16 states=1 -> 3
[DP-bwdX] L=32 states=1 -> 4
[DP-fwdX] L=16 states=1 -> 3
[DP-fwdX] L=16 states=1 -> 3
[DP-fwdX] L=16 states=1 -> 3
[DP-bwdX] L=32 states=1 -> 4
[DP-bwdX] L=32 states=1 -> 4
[DP-bwdX] L=32 states=1 -> 4
[DP-fwdX] L=32 states=1 -> 5
[DP-bwdX] L=64 states=1 -> 1
[DP-fwdX] L=32 states=1 -> 5
[DP-bwdX] L=48 states=1 -> 3
[DP-fwdX] L=32 states=1 -> 5
[DP-fwdX] L=32 states=1 -> 5
[DP-fwdX] L=32 states=1 -> 5
[DP-bwdX] L=48 states=1 -> 3
[DP-bwdX] L=48 states=1 -> 3
[DP-bwdX] L=48 states=1 -> 3
[DP-fwdX] L=48 states=1 -> 3
[DP-bwdX] L=64 states=1 -> 1
[DP-fwdX] L=48 states=1 -> 3
[DP-fwdX] L=48 states=1 -> 3
[DP-fwdX] L=48 states=1 -> 3
[DP-bwdX] L=64 states=1 -> 1
[DP-bwdX] L=64 states=1 -> 1
[DP-bwdX] L=64 states=1 -> 1
  [Round 34] solve_ms=22.519  HPWL_w=663764  HPWL_eq=563  report=663764
  [Updt] WNS=-26  TNS=135  maxL=35  picked=2
[OC-Shortest/pow2] m=8 h=8 SEG=4 bits=32 words=1 threads=24
[DP-fwdX] L=0 states=1 -> 1
[DP-fwdX] L=16 states=141 -> 164
[DP-bwdX] L=64 states=1 -> 1
[DP-bwdX] L=48 states=141 -> 164
[DP-fwdX] L=0 states=1 -> 1
[DP-bwdX] L=32 states=1 -> 1
[DP-fwdX] L=0 states=1 -> 1
[DP-bwdX] L=16 states=1 -> 1
[DP-fwdX] L=0 states=1 -> 1
[DP-fwdX] L=0 states=1 -> 1
[DP-fwdX] L=0 states=1 -> 1
[DP-bwdX] L=16 states=1 -> 1
[DP-bwdX] L=16 states=1 -> 1
[DP-bwdX] L=16 states=1 -> 1
[DP-fwdX] L=16 states=1 -> 1
[DP-bwdX] L=32 states=1 -> 1
[DP-fwdX] L=16 states=1 -> 1
[DP-fwdX] L=16 states=1 -> 1
[DP-fwdX] L=16 states=1 -> 1
[DP-bwdX] L=32 states=1 -> 1
[DP-bwdX] L=32 states=1 -> 1
[DP-bwdX] L=32 states=1 -> 1
[DP-fwdX] L=32 states=1 -> 1
[DP-bwdX] L=64 states=1 -> 1
[DP-fwdX] L=32 states=1 -> 1
[DP-bwdX] L=48 states=1 -> 3
[DP-fwdX] L=32 states=1 -> 1
[DP-fwdX] L=32 states=1 -> 1
[DP-fwdX] L=32 states=1 -> 1
[DP-bwdX] L=48 states=1 -> 3
[DP-bwdX] L=48 states=1 -> 3
[DP-bwdX] L=48 states=1 -> 3
[DP-fwdX] L=48 states=1 -> 3
[DP-bwdX] L=64 states=1 -> 1
[DP-fwdX] L=48 states=1 -> 3
[DP-fwdX] L=48 states=1 -> 3
[DP-fwdX] L=48 states=1 -> 3
[DP-bwdX] L=64 states=1 -> 1
[DP-bwdX] L=64 states=1 -> 1
[DP-bwdX] L=64 states=1 -> 1
  [Round 35] solve_ms=18.9292  HPWL_w=670516  HPWL_eq=504  report=670516
  [Updt] WNS=-5  TNS=27  maxL=14  picked=1
[OC-Shortest/pow2] m=8 h=8 SEG=4 bits=32 words=1 threads=24
[DP-fwdX] L=0 states=1 -> 1
[DP-fwdX] L=16 states=141 -> 164
[DP-bwdX] L=64 states=1 -> 1
[DP-bwdX] L=48 states=141 -> 164
[DP-fwdX] L=0 states=1 -> 1
[DP-bwdX] L=32 states=1 -> 1
[DP-fwdX] L=0 states=1 -> 1
[DP-bwdX] L=16 states=1 -> 1
[DP-fwdX] L=0 states=1 -> 1
[DP-fwdX] L=0 states=1 -> 1
[DP-fwdX] L=0 states=1 -> 1
[DP-bwdX] L=16 states=1 -> 1
[DP-bwdX] L=16 states=1 -> 1
[DP-bwdX] L=16 states=1 -> 1
[DP-fwdX] L=16 states=1 -> 1
[DP-bwdX] L=32 states=1 -> 1
[DP-fwdX] L=16 states=1 -> 1
[DP-fwdX] L=16 states=1 -> 1
[DP-fwdX] L=16 states=1 -> 1
[DP-bwdX] L=32 states=1 -> 1
[DP-bwdX] L=32 states=1 -> 1
[DP-bwdX] L=32 states=1 -> 1
[DP-fwdX] L=32 states=1 -> 1
[DP-bwdX] L=64 states=1 -> 1
[DP-fwdX] L=32 states=1 -> 1
[DP-bwdX] L=48 states=1 -> 1
[DP-fwdX] L=32 states=1 -> 1
[DP-fwdX] L=32 states=1 -> 1
[DP-fwdX] L=32 states=1 -> 1
[DP-bwdX] L=48 states=1 -> 1
[DP-bwdX] L=48 states=1 -> 1
[DP-bwdX] L=48 states=1 -> 1
[DP-fwdX] L=48 states=1 -> 1
[DP-bwdX] L=64 states=1 -> 1
[DP-fwdX] L=48 states=1 -> 1
[DP-fwdX] L=48 states=1 -> 1
[DP-fwdX] L=48 states=1 -> 1
[DP-bwdX] L=64 states=1 -> 1
[DP-bwdX] L=64 states=1 -> 1
[DP-bwdX] L=64 states=1 -> 1
  [Round 36] solve_ms=18.688  HPWL_w=675829  HPWL_eq=483  report=675829
  [Updt] WNS=-6  TNS=31  maxL=15  picked=1
[OC-Shortest/pow2] m=8 h=8 SEG=4 bits=32 words=1 threads=24
[DP-fwdX] L=0 states=1 -> 1
[DP-fwdX] L=16 states=141 -> 164
[DP-bwdX] L=64 states=1 -> 1
[DP-bwdX] L=48 states=141 -> 164
[DP-fwdX] L=0 states=1 -> 1
[DP-bwdX] L=32 states=1 -> 3
[DP-fwdX] L=0 states=1 -> 1
[DP-bwdX] L=16 states=1 -> 2
[DP-fwdX] L=0 states=1 -> 1
[DP-fwdX] L=0 states=1 -> 1
[DP-fwdX] L=0 states=1 -> 1
[DP-bwdX] L=16 states=1 -> 2
[DP-bwdX] L=16 states=1 -> 2
[DP-bwdX] L=16 states=1 -> 2
[DP-fwdX] L=16 states=1 -> 3
[DP-bwdX] L=32 states=1 -> 3
[DP-fwdX] L=16 states=1 -> 3
[DP-fwdX] L=16 states=1 -> 3
[DP-fwdX] L=16 states=1 -> 3
[DP-bwdX] L=32 states=1 -> 3
[DP-bwdX] L=32 states=1 -> 3
[DP-bwdX] L=32 states=1 -> 3
[DP-fwdX] L=32 states=1 -> 3
[DP-bwdX] L=64 states=1 -> 1
[DP-fwdX] L=32 states=1 -> 3
[DP-bwdX] L=48 states=1 -> 3
[DP-fwdX] L=32 states=1 -> 3
[DP-fwdX] L=32 states=1 -> 3
[DP-fwdX] L=32 states=1 -> 3
[DP-bwdX] L=48 states=1 -> 3
[DP-bwdX] L=48 states=1 -> 3
[DP-bwdX] L=48 states=1 -> 3
[DP-fwdX] L=48 states=1 -> 3
[DP-bwdX] L=64 states=1 -> 1
[DP-fwdX] L=48 states=1 -> 3
[DP-fwdX] L=48 states=1 -> 3
[DP-fwdX] L=48 states=1 -> 3
[DP-bwdX] L=64 states=1 -> 1
[DP-bwdX] L=64 states=1 -> 1
[DP-bwdX] L=64 states=1 -> 1
  [Round 37] solve_ms=20.8594  HPWL_w=681554  HPWL_eq=533  report=681554
  [Updt] WNS=-27  TNS=120  maxL=36  picked=2
[OC-Shortest/pow2] m=8 h=8 SEG=4 bits=32 words=1 threads=24
[DP-fwdX] L=0 states=1 -> 1
[DP-fwdX] L=16 states=141 -> 164
[DP-bwdX] L=64 states=1 -> 1
[DP-bwdX] L=48 states=141 -> 164
[DP-fwdX] L=0 states=1 -> 1
[DP-bwdX] L=32 states=1 -> 1
[DP-fwdX] L=0 states=1 -> 1
[DP-bwdX] L=16 states=1 -> 1
[DP-fwdX] L=0 states=1 -> 1
[DP-fwdX] L=0 states=1 -> 1
[DP-fwdX] L=0 states=1 -> 1
[DP-bwdX] L=16 states=1 -> 1
[DP-bwdX] L=16 states=1 -> 1
[DP-bwdX] L=16 states=1 -> 1
[DP-fwdX] L=16 states=1 -> 1
[DP-bwdX] L=32 states=1 -> 1
[DP-fwdX] L=16 states=1 -> 1
[DP-fwdX] L=16 states=1 -> 1
[DP-fwdX] L=16 states=1 -> 1
[DP-bwdX] L=32 states=1 -> 1
[DP-bwdX] L=32 states=1 -> 1
[DP-bwdX] L=32 states=1 -> 1
[DP-fwdX] L=32 states=1 -> 1
[DP-bwdX] L=64 states=1 -> 1
[DP-fwdX] L=32 states=1 -> 1
[DP-bwdX] L=48 states=1 -> 3
[DP-fwdX] L=32 states=1 -> 1
[DP-fwdX] L=32 states=1 -> 1
[DP-fwdX] L=32 states=1 -> 1
[DP-bwdX] L=48 states=1 -> 3
[DP-bwdX] L=48 states=1 -> 3
[DP-bwdX] L=48 states=1 -> 3
[DP-fwdX] L=48 states=1 -> 3
[DP-bwdX] L=64 states=1 -> 1
[DP-fwdX] L=48 states=1 -> 3
[DP-fwdX] L=48 states=1 -> 3
[DP-fwdX] L=48 states=1 -> 3
[DP-bwdX] L=64 states=1 -> 1
[DP-bwdX] L=64 states=1 -> 1
[DP-bwdX] L=64 states=1 -> 1
  [Round 38] solve_ms=19.0788  HPWL_w=689718  HPWL_eq=500  report=689718
  [Updt] WNS=-13  TNS=29  maxL=22  picked=1
[OC-Shortest/pow2] m=8 h=8 SEG=4 bits=32 words=1 threads=24
[DP-fwdX] L=0 states=1 -> 1
[DP-fwdX] L=16 states=141 -> 164
[DP-bwdX] L=64 states=1 -> 1
[DP-bwdX] L=48 states=141 -> 164
[DP-fwdX] L=0 states=1 -> 1
[DP-bwdX] L=32 states=1 -> 1
[DP-fwdX] L=0 states=1 -> 1
[DP-bwdX] L=16 states=1 -> 2
[DP-fwdX] L=0 states=1 -> 1
[DP-fwdX] L=0 states=1 -> 1
[DP-fwdX] L=0 states=1 -> 1
[DP-bwdX] L=16 states=1 -> 2
[DP-bwdX] L=16 states=1 -> 2
[DP-bwdX] L=16 states=1 -> 2
[DP-fwdX] L=16 states=1 -> 3
[DP-bwdX] L=32 states=1 -> 1
[DP-fwdX] L=16 states=1 -> 3
[DP-fwdX] L=16 states=1 -> 3
[DP-fwdX] L=16 states=1 -> 3
[DP-bwdX] L=32 states=1 -> 1
[DP-bwdX] L=32 states=1 -> 1
[DP-bwdX] L=32 states=1 -> 1
[DP-fwdX] L=32 states=1 -> 1
[DP-bwdX] L=64 states=1 -> 1
[DP-fwdX] L=32 states=1 -> 1
[DP-bwdX] L=48 states=1 -> 3
[DP-fwdX] L=32 states=1 -> 1
[DP-fwdX] L=32 states=1 -> 1
[DP-fwdX] L=32 states=1 -> 1
[DP-bwdX] L=48 states=1 -> 3
[DP-bwdX] L=48 states=1 -> 3
[DP-bwdX] L=48 states=1 -> 3
[DP-fwdX] L=48 states=1 -> 3
[DP-bwdX] L=64 states=1 -> 1
[DP-fwdX] L=48 states=1 -> 3
[DP-fwdX] L=48 states=1 -> 3
[DP-fwdX] L=48 states=1 -> 3
[DP-bwdX] L=64 states=1 -> 1
[DP-bwdX] L=64 states=1 -> 1
[DP-bwdX] L=64 states=1 -> 1
  [Round 39] solve_ms=19.8366  HPWL_w=704082  HPWL_eq=499  report=704082
  [Updt] WNS=-13  TNS=74  maxL=22  picked=2
[OC-Shortest/pow2] m=8 h=8 SEG=4 bits=32 words=1 threads=24
[DP-fwdX] L=0 states=1 -> 1
[DP-fwdX] L=16 states=141 -> 164
[DP-bwdX] L=64 states=1 -> 1
[DP-bwdX] L=48 states=141 -> 164
[DP-fwdX] L=0 states=1 -> 1
[DP-bwdX] L=32 states=1 -> 1
[DP-fwdX] L=0 states=1 -> 1
[DP-bwdX] L=16 states=1 -> 1
[DP-fwdX] L=0 states=1 -> 1
[DP-fwdX] L=0 states=1 -> 1
[DP-fwdX] L=0 states=1 -> 1
[DP-bwdX] L=16 states=1 -> 1
[DP-bwdX] L=16 states=1 -> 1
[DP-bwdX] L=16 states=1 -> 1
[DP-fwdX] L=16 states=1 -> 1
[DP-bwdX] L=32 states=1 -> 1
[DP-fwdX] L=16 states=1 -> 1
[DP-fwdX] L=16 states=1 -> 1
[DP-fwdX] L=16 states=1 -> 1
[DP-bwdX] L=32 states=1 -> 1
[DP-bwdX] L=32 states=1 -> 1
[DP-bwdX] L=32 states=1 -> 1
[DP-fwdX] L=32 states=1 -> 1
[DP-bwdX] L=64 states=1 -> 1
[DP-fwdX] L=32 states=1 -> 1
[DP-bwdX] L=48 states=1 -> 4
[DP-fwdX] L=32 states=1 -> 1
[DP-fwdX] L=32 states=1 -> 1
[DP-fwdX] L=32 states=1 -> 1
[DP-bwdX] L=48 states=1 -> 4
[DP-bwdX] L=48 states=1 -> 4
[DP-bwdX] L=48 states=1 -> 4
[DP-fwdX] L=48 states=1 -> 3
[DP-bwdX] L=64 states=1 -> 1
[DP-fwdX] L=48 states=1 -> 3
[DP-fwdX] L=48 states=1 -> 3
[DP-fwdX] L=48 states=1 -> 3
[DP-bwdX] L=64 states=1 -> 1
[DP-bwdX] L=64 states=1 -> 1
[DP-bwdX] L=64 states=1 -> 1
  [Round 40] solve_ms=18.9591  HPWL_w=707423  HPWL_eq=506  report=707423
  [Updt] WNS=-20  TNS=57  maxL=29  picked=1
[OC-Shortest/pow2] m=8 h=8 SEG=4 bits=32 words=1 threads=24
[DP-fwdX] L=0 states=1 -> 1
[DP-fwdX] L=16 states=141 -> 164
[DP-bwdX] L=64 states=1 -> 1
[DP-bwdX] L=48 states=141 -> 164
[DP-fwdX] L=0 states=1 -> 1
[DP-bwdX] L=32 states=1 -> 1
[DP-fwdX] L=0 states=1 -> 1
[DP-bwdX] L=16 states=1 -> 1
[DP-fwdX] L=0 states=1 -> 1
[DP-fwdX] L=0 states=1 -> 1
[DP-fwdX] L=0 states=1 -> 1
[DP-bwdX] L=16 states=1 -> 1
[DP-bwdX] L=16 states=1 -> 1
[DP-bwdX] L=16 states=1 -> 1
[DP-fwdX] L=16 states=1 -> 2
[DP-bwdX] L=32 states=1 -> 1
[DP-fwdX] L=16 states=1 -> 2
[DP-fwdX] L=16 states=1 -> 2
[DP-fwdX] L=16 states=1 -> 2
[DP-bwdX] L=32 states=1 -> 1
[DP-bwdX] L=32 states=1 -> 1
[DP-bwdX] L=32 states=1 -> 1
[DP-fwdX] L=32 states=1 -> 1
[DP-bwdX] L=64 states=1 -> 1
[DP-fwdX] L=32 states=1 -> 1
[DP-bwdX] L=48 states=1 -> 3
[DP-fwdX] L=32 states=1 -> 1
[DP-fwdX] L=32 states=1 -> 1
[DP-fwdX] L=32 states=1 -> 1
[DP-bwdX] L=48 states=1 -> 3
[DP-bwdX] L=48 states=1 -> 3
[DP-bwdX] L=48 states=1 -> 3
[DP-fwdX] L=48 states=1 -> 3
[DP-bwdX] L=64 states=1 -> 1
[DP-fwdX] L=48 states=1 -> 3
[DP-fwdX] L=48 states=1 -> 3
[DP-fwdX] L=48 states=1 -> 3
[DP-bwdX] L=64 states=1 -> 1
[DP-bwdX] L=64 states=1 -> 1
[DP-bwdX] L=64 states=1 -> 1
  [Round 41] solve_ms=67.5997  HPWL_w=718805  HPWL_eq=522  report=718805
  [Updt] WNS=-20  TNS=106  maxL=29  picked=2
[OC-Shortest/pow2] m=8 h=8 SEG=4 bits=32 words=1 threads=24
[DP-fwdX] L=0 states=1 -> 1
[DP-fwdX] L=16 states=141 -> 164
[DP-bwdX] L=64 states=1 -> 1
[DP-bwdX] L=48 states=141 -> 164
[DP-fwdX] L=0 states=1 -> 1
[DP-bwdX] L=32 states=1 -> 2
[DP-fwdX] L=0 states=1 -> 1
[DP-bwdX] L=16 states=1 -> 1
[DP-fwdX] L=0 states=1 -> 1
[DP-fwdX] L=0 states=1 -> 1
[DP-fwdX] L=0 states=1 -> 1
[DP-bwdX] L=16 states=1 -> 1
[DP-bwdX] L=16 states=1 -> 1
[DP-bwdX] L=16 states=1 -> 1
[DP-fwdX] L=16 states=1 -> 1
[DP-bwdX] L=32 states=1 -> 2
[DP-fwdX] L=16 states=1 -> 1
[DP-fwdX] L=16 states=1 -> 1
[DP-fwdX] L=16 states=1 -> 1
[DP-bwdX] L=32 states=1 -> 2
[DP-bwdX] L=32 states=1 -> 2
[DP-bwdX] L=32 states=1 -> 2
[DP-fwdX] L=32 states=1 -> 2
[DP-bwdX] L=64 states=1 -> 1
[DP-fwdX] L=32 states=1 -> 2
[DP-bwdX] L=48 states=1 -> 3
[DP-fwdX] L=32 states=1 -> 2
[DP-fwdX] L=32 states=1 -> 2
[DP-fwdX] L=32 states=1 -> 2
[DP-bwdX] L=48 states=1 -> 3
[DP-bwdX] L=48 states=1 -> 3
[DP-bwdX] L=48 states=1 -> 3
[DP-fwdX] L=48 states=1 -> 2
[DP-bwdX] L=64 states=1 -> 1
[DP-fwdX] L=48 states=1 -> 2
[DP-fwdX] L=48 states=1 -> 2
[DP-fwdX] L=48 states=1 -> 2
[DP-bwdX] L=64 states=1 -> 1
[DP-bwdX] L=64 states=1 -> 1
[DP-bwdX] L=64 states=1 -> 1
  [Round 42] solve_ms=20.1318  HPWL_w=724822  HPWL_eq=526  report=724822
  [Updt] WNS=-27  TNS=95  maxL=36  picked=1
[OC-Shortest/pow2] m=8 h=8 SEG=4 bits=32 words=1 threads=24
[DP-fwdX] L=0 states=1 -> 1
[DP-fwdX] L=16 states=141 -> 164
[DP-bwdX] L=64 states=1 -> 1
[DP-bwdX] L=48 states=141 -> 164
[DP-fwdX] L=0 states=1 -> 1
[DP-bwdX] L=32 states=1 -> 3
[DP-fwdX] L=0 states=1 -> 1
[DP-bwdX] L=16 states=1 -> 1
[DP-fwdX] L=0 states=1 -> 1
[DP-fwdX] L=0 states=1 -> 1
[DP-fwdX] L=0 states=1 -> 1
[DP-bwdX] L=16 states=1 -> 1
[DP-bwdX] L=16 states=1 -> 1
[DP-bwdX] L=16 states=1 -> 1
[DP-fwdX] L=16 states=1 -> 1
[DP-bwdX] L=32 states=1 -> 3
[DP-fwdX] L=16 states=1 -> 1
[DP-fwdX] L=16 states=1 -> 1
[DP-fwdX] L=16 states=1 -> 1
[DP-bwdX] L=32 states=1 -> 3
[DP-bwdX] L=32 states=1 -> 3
[DP-bwdX] L=32 states=1 -> 3
[DP-fwdX] L=32 states=1 -> 3
[DP-bwdX] L=64 states=1 -> 1
[DP-fwdX] L=32 states=1 -> 3
[DP-bwdX] L=48 states=1 -> 1
[DP-fwdX] L=32 states=1 -> 3
[DP-fwdX] L=32 states=1 -> 3
[DP-fwdX] L=32 states=1 -> 3
[DP-bwdX] L=48 states=1 -> 1
[DP-bwdX] L=48 states=1 -> 1
[DP-bwdX] L=48 states=1 -> 1
[DP-fwdX] L=48 states=1 -> 1
[DP-bwdX] L=64 states=1 -> 1
[DP-fwdX] L=48 states=1 -> 1
[DP-fwdX] L=48 states=1 -> 1
[DP-fwdX] L=48 states=1 -> 1
[DP-bwdX] L=64 states=1 -> 1
[DP-bwdX] L=64 states=1 -> 1
[DP-bwdX] L=64 states=1 -> 1
  [Round 43] solve_ms=83.154  HPWL_w=741902  HPWL_eq=513  report=741902
  [Updt] WNS=-5  TNS=25  maxL=14  picked=1
[OC-Shortest/pow2] m=8 h=8 SEG=4 bits=32 words=1 threads=24
[DP-fwdX] L=0 states=1 -> 1
[DP-fwdX] L=16 states=141 -> 164
[DP-bwdX] L=64 states=1 -> 1
[DP-bwdX] L=48 states=141 -> 164
[DP-fwdX] L=0 states=1 -> 1
[DP-bwdX] L=32 states=1 -> 3
[DP-fwdX] L=0 states=1 -> 1
[DP-bwdX] L=16 states=1 -> 1
[DP-fwdX] L=0 states=1 -> 1
[DP-fwdX] L=0 states=1 -> 1
[DP-fwdX] L=0 states=1 -> 1
[DP-bwdX] L=16 states=1 -> 1
[DP-bwdX] L=16 states=1 -> 1
[DP-bwdX] L=16 states=1 -> 1
[DP-fwdX] L=16 states=1 -> 1
[DP-bwdX] L=32 states=1 -> 3
[DP-fwdX] L=16 states=1 -> 1
[DP-fwdX] L=16 states=1 -> 1
[DP-fwdX] L=16 states=1 -> 1
[DP-bwdX] L=32 states=1 -> 3
[DP-bwdX] L=32 states=1 -> 3
[DP-bwdX] L=32 states=1 -> 3
[DP-fwdX] L=32 states=1 -> 3
[DP-bwdX] L=64 states=1 -> 1
[DP-fwdX] L=32 states=1 -> 3
[DP-bwdX] L=48 states=1 -> 1
[DP-fwdX] L=32 states=1 -> 3
[DP-fwdX] L=32 states=1 -> 3
[DP-fwdX] L=32 states=1 -> 3
[DP-bwdX] L=48 states=1 -> 1
[DP-bwdX] L=48 states=1 -> 1
[DP-bwdX] L=48 states=1 -> 1
[DP-fwdX] L=48 states=1 -> 1
[DP-bwdX] L=64 states=1 -> 1
[DP-fwdX] L=48 states=1 -> 1
[DP-fwdX] L=48 states=1 -> 1
[DP-fwdX] L=48 states=1 -> 1
[DP-bwdX] L=64 states=1 -> 1
[DP-bwdX] L=64 states=1 -> 1
[DP-bwdX] L=64 states=1 -> 1
  [Round 44] solve_ms=18.8646  HPWL_w=750376  HPWL_eq=530  report=750376
  [Updt] WNS=-12  TNS=52  maxL=21  picked=1
[OC-Shortest/pow2] m=8 h=8 SEG=4 bits=32 words=1 threads=24
[DP-fwdX] L=0 states=1 -> 1
[DP-fwdX] L=16 states=141 -> 164
[DP-bwdX] L=64 states=1 -> 1
[DP-bwdX] L=48 states=141 -> 164
[DP-fwdX] L=0 states=1 -> 1
[DP-bwdX] L=32 states=1 -> 4
[DP-fwdX] L=0 states=1 -> 1
[DP-bwdX] L=16 states=1 -> 3
[DP-fwdX] L=0 states=1 -> 1
[DP-fwdX] L=0 states=1 -> 1
[DP-fwdX] L=0 states=1 -> 1
[DP-bwdX] L=16 states=1 -> 3
[DP-bwdX] L=16 states=1 -> 3
[DP-bwdX] L=16 states=1 -> 3
[DP-fwdX] L=16 states=1 -> 3
[DP-bwdX] L=32 states=1 -> 4
[DP-fwdX] L=16 states=1 -> 3
[DP-fwdX] L=16 states=1 -> 3
[DP-fwdX] L=16 states=1 -> 3
[DP-bwdX] L=32 states=1 -> 4
[DP-bwdX] L=32 states=1 -> 4
[DP-bwdX] L=32 states=1 -> 4
[DP-fwdX] L=32 states=1 -> 4
[DP-bwdX] L=64 states=1 -> 1
[DP-fwdX] L=32 states=1 -> 4
[DP-bwdX] L=48 states=1 -> 1
[DP-fwdX] L=32 states=1 -> 4
[DP-fwdX] L=32 states=1 -> 4
[DP-fwdX] L=32 states=1 -> 4
[DP-bwdX] L=48 states=1 -> 1
[DP-bwdX] L=48 states=1 -> 1
[DP-bwdX] L=48 states=1 -> 1
[DP-fwdX] L=48 states=1 -> 1
[DP-bwdX] L=64 states=1 -> 1
[DP-fwdX] L=48 states=1 -> 1
[DP-fwdX] L=48 states=1 -> 1
[DP-fwdX] L=48 states=1 -> 1
[DP-bwdX] L=64 states=1 -> 1
[DP-bwdX] L=64 states=1 -> 1
[DP-bwdX] L=64 states=1 -> 1
  [Round 45] solve_ms=20.4972  HPWL_w=756809  HPWL_eq=553  report=756809
  [Updt] WNS=-19  TNS=76  maxL=28  picked=1
[OC-Shortest/pow2] m=8 h=8 SEG=4 bits=32 words=1 threads=24
[DP-fwdX] L=0 states=1 -> 1
[DP-fwdX] L=16 states=141 -> 164
[DP-bwdX] L=64 states=1 -> 1
[DP-bwdX] L=48 states=141 -> 164
[DP-fwdX] L=0 states=1 -> 1
[DP-bwdX] L=32 states=1 -> 5
[DP-fwdX] L=0 states=1 -> 1
[DP-bwdX] L=16 states=1 -> 2
[DP-fwdX] L=0 states=1 -> 1
[DP-fwdX] L=0 states=1 -> 1
[DP-fwdX] L=0 states=1 -> 1
[DP-bwdX] L=16 states=1 -> 2
[DP-bwdX] L=16 states=1 -> 2
[DP-bwdX] L=16 states=1 -> 2
[DP-fwdX] L=16 states=1 -> 3
[DP-bwdX] L=32 states=1 -> 5
[DP-fwdX] L=16 states=1 -> 3
[DP-fwdX] L=16 states=1 -> 3
[DP-fwdX] L=16 states=1 -> 3
[DP-bwdX] L=32 states=1 -> 5
[DP-bwdX] L=32 states=1 -> 5
[DP-bwdX] L=32 states=1 -> 5
[DP-fwdX] L=32 states=1 -> 6
[DP-bwdX] L=64 states=1 -> 1
[DP-fwdX] L=32 states=1 -> 6
[DP-bwdX] L=48 states=1 -> 3
[DP-fwdX] L=32 states=1 -> 6
[DP-fwdX] L=32 states=1 -> 6
[DP-fwdX] L=32 states=1 -> 6
[DP-bwdX] L=48 states=1 -> 3
[DP-bwdX] L=48 states=1 -> 3
[DP-bwdX] L=48 states=1 -> 3
[DP-fwdX] L=48 states=1 -> 3
[DP-bwdX] L=64 states=1 -> 1
[DP-fwdX] L=48 states=1 -> 3
[DP-fwdX] L=48 states=1 -> 3
[DP-fwdX] L=48 states=1 -> 3
[DP-bwdX] L=64 states=1 -> 1
[DP-bwdX] L=64 states=1 -> 1
[DP-bwdX] L=64 states=1 -> 1
  [Round 46] solve_ms=21.6033  HPWL_w=759417  HPWL_eq=600  report=759417
  [Updt] WNS=-41  TNS=176  maxL=50  picked=2
[OC-Shortest/pow2] m=8 h=8 SEG=4 bits=32 words=1 threads=24
[DP-fwdX] L=0 states=1 -> 1
[DP-fwdX] L=16 states=141 -> 164
[DP-bwdX] L=64 states=1 -> 1
[DP-bwdX] L=48 states=141 -> 164
[DP-fwdX] L=0 states=1 -> 1
[DP-bwdX] L=32 states=1 -> 5
[DP-fwdX] L=0 states=1 -> 1
[DP-bwdX] L=16 states=1 -> 2
[DP-fwdX] L=0 states=1 -> 1
[DP-fwdX] L=0 states=1 -> 1
[DP-fwdX] L=0 states=1 -> 1
[DP-bwdX] L=16 states=1 -> 2
[DP-bwdX] L=16 states=1 -> 2
[DP-bwdX] L=16 states=1 -> 2
[DP-fwdX] L=16 states=1 -> 3
[DP-bwdX] L=32 states=1 -> 5
[DP-fwdX] L=16 states=1 -> 3
[DP-fwdX] L=16 states=1 -> 3
[DP-fwdX] L=16 states=1 -> 3
[DP-bwdX] L=32 states=1 -> 5
[DP-bwdX] L=32 states=1 -> 5
[DP-bwdX] L=32 states=1 -> 5
[DP-fwdX] L=32 states=1 -> 5
[DP-bwdX] L=64 states=1 -> 1
[DP-fwdX] L=32 states=1 -> 5
[DP-bwdX] L=48 states=1 -> 3
[DP-fwdX] L=32 states=1 -> 5
[DP-fwdX] L=32 states=1 -> 5
[DP-fwdX] L=32 states=1 -> 5
[DP-bwdX] L=48 states=1 -> 3
[DP-bwdX] L=48 states=1 -> 3
[DP-bwdX] L=48 states=1 -> 3
[DP-fwdX] L=48 states=1 -> 3
[DP-bwdX] L=64 states=1 -> 1
[DP-fwdX] L=48 states=1 -> 3
[DP-fwdX] L=48 states=1 -> 3
[DP-fwdX] L=48 states=1 -> 3
[DP-bwdX] L=64 states=1 -> 1
[DP-bwdX] L=64 states=1 -> 1
[DP-bwdX] L=64 states=1 -> 1
  [Round 47] solve_ms=20.8573  HPWL_w=777175  HPWL_eq=560  report=777175
  [Updt] WNS=-26  TNS=136  maxL=35  picked=2
[OC-Shortest/pow2] m=8 h=8 SEG=4 bits=32 words=1 threads=24
[DP-fwdX] L=0 states=1 -> 1
[DP-fwdX] L=16 states=141 -> 164
[DP-bwdX] L=64 states=1 -> 1
[DP-bwdX] L=48 states=141 -> 164
[DP-fwdX] L=0 states=1 -> 1
[DP-bwdX] L=32 states=1 -> 1
[DP-fwdX] L=0 states=1 -> 1
[DP-bwdX] L=16 states=1 -> 3
[DP-fwdX] L=0 states=1 -> 1
[DP-fwdX] L=0 states=1 -> 1
[DP-fwdX] L=0 states=1 -> 1
[DP-bwdX] L=16 states=1 -> 3
[DP-bwdX] L=16 states=1 -> 3
[DP-bwdX] L=16 states=1 -> 3
[DP-fwdX] L=16 states=1 -> 3
[DP-bwdX] L=32 states=1 -> 1
[DP-fwdX] L=16 states=1 -> 3
[DP-fwdX] L=16 states=1 -> 3
[DP-fwdX] L=16 states=1 -> 3
[DP-bwdX] L=32 states=1 -> 1
[DP-bwdX] L=32 states=1 -> 1
[DP-bwdX] L=32 states=1 -> 1
[DP-fwdX] L=32 states=1 -> 1
[DP-bwdX] L=64 states=1 -> 1
[DP-fwdX] L=32 states=1 -> 1
[DP-bwdX] L=48 states=1 -> 1
[DP-fwdX] L=32 states=1 -> 1
[DP-fwdX] L=32 states=1 -> 1
[DP-fwdX] L=32 states=1 -> 1
[DP-bwdX] L=48 states=1 -> 1
[DP-bwdX] L=48 states=1 -> 1
[DP-bwdX] L=48 states=1 -> 1
[DP-fwdX] L=48 states=1 -> 1
[DP-bwdX] L=64 states=1 -> 1
[DP-fwdX] L=48 states=1 -> 1
[DP-fwdX] L=48 states=1 -> 1
[DP-fwdX] L=48 states=1 -> 1
[DP-bwdX] L=64 states=1 -> 1
[DP-bwdX] L=64 states=1 -> 1
[DP-bwdX] L=64 states=1 -> 1
  [Round 48] solve_ms=17.4813  HPWL_w=792599  HPWL_eq=529  report=792599
  [Updt] WNS=-13  TNS=36  maxL=22  picked=1
[OC-Shortest/pow2] m=8 h=8 SEG=4 bits=32 words=1 threads=24
[DP-fwdX] L=0 states=1 -> 1
[DP-fwdX] L=16 states=141 -> 164
[DP-bwdX] L=64 states=1 -> 1
[DP-bwdX] L=48 states=141 -> 164
[DP-fwdX] L=0 states=1 -> 1
[DP-bwdX] L=32 states=1 -> 1
[DP-fwdX] L=0 states=1 -> 1
[DP-bwdX] L=16 states=1 -> 1
[DP-fwdX] L=0 states=1 -> 1
[DP-fwdX] L=0 states=1 -> 1
[DP-fwdX] L=0 states=1 -> 1
[DP-bwdX] L=16 states=1 -> 1
[DP-bwdX] L=16 states=1 -> 1
[DP-bwdX] L=16 states=1 -> 1
[DP-fwdX] L=16 states=1 -> 1
[DP-bwdX] L=32 states=1 -> 1
[DP-fwdX] L=16 states=1 -> 1
[DP-fwdX] L=16 states=1 -> 1
[DP-fwdX] L=16 states=1 -> 1
[DP-bwdX] L=32 states=1 -> 1
[DP-bwdX] L=32 states=1 -> 1
[DP-bwdX] L=32 states=1 -> 1
[DP-fwdX] L=32 states=1 -> 1
[DP-bwdX] L=64 states=1 -> 1
[DP-fwdX] L=32 states=1 -> 1
[DP-bwdX] L=48 states=1 -> 1
[DP-fwdX] L=32 states=1 -> 1
[DP-fwdX] L=32 states=1 -> 1
[DP-fwdX] L=32 states=1 -> 1
[DP-bwdX] L=48 states=1 -> 1
[DP-bwdX] L=48 states=1 -> 1
[DP-bwdX] L=48 states=1 -> 1
[DP-fwdX] L=48 states=1 -> 1
[DP-bwdX] L=64 states=1 -> 1
[DP-fwdX] L=48 states=1 -> 1
[DP-fwdX] L=48 states=1 -> 1
[DP-fwdX] L=48 states=1 -> 1
[DP-bwdX] L=64 states=1 -> 1
[DP-bwdX] L=64 states=1 -> 1
[DP-bwdX] L=64 states=1 -> 1
  [Round 49] solve_ms=17.2615  HPWL_w=801647  HPWL_eq=514  report=801647
  [Updt] WNS=-6  TNS=18  maxL=15  picked=1
[OC-Shortest/pow2] m=8 h=8 SEG=4 bits=32 words=1 threads=24
[DP-fwdX] L=0 states=1 -> 1
[DP-fwdX] L=16 states=141 -> 164
[DP-bwdX] L=64 states=1 -> 1
[DP-bwdX] L=48 states=141 -> 164
[DP-fwdX] L=0 states=1 -> 1
[DP-bwdX] L=32 states=1 -> 1
[DP-fwdX] L=0 states=1 -> 1
[DP-bwdX] L=16 states=1 -> 2
[DP-fwdX] L=0 states=1 -> 1
[DP-fwdX] L=0 states=1 -> 1
[DP-fwdX] L=0 states=1 -> 1
[DP-bwdX] L=16 states=1 -> 2
[DP-bwdX] L=16 states=1 -> 2
[DP-bwdX] L=16 states=1 -> 2
[DP-fwdX] L=16 states=1 -> 3
[DP-bwdX] L=32 states=1 -> 1
[DP-fwdX] L=16 states=1 -> 3
[DP-fwdX] L=16 states=1 -> 3
[DP-fwdX] L=16 states=1 -> 3
[DP-bwdX] L=32 states=1 -> 1
[DP-bwdX] L=32 states=1 -> 1
[DP-bwdX] L=32 states=1 -> 1
[DP-fwdX] L=32 states=1 -> 1
[DP-bwdX] L=64 states=1 -> 1
[DP-fwdX] L=32 states=1 -> 1
[DP-bwdX] L=48 states=1 -> 1
[DP-fwdX] L=32 states=1 -> 1
[DP-fwdX] L=32 states=1 -> 1
[DP-fwdX] L=32 states=1 -> 1
[DP-bwdX] L=48 states=1 -> 1
[DP-bwdX] L=48 states=1 -> 1
[DP-bwdX] L=48 states=1 -> 1
[DP-fwdX] L=48 states=1 -> 1
[DP-bwdX] L=64 states=1 -> 1
[DP-fwdX] L=48 states=1 -> 1
[DP-fwdX] L=48 states=1 -> 1
[DP-fwdX] L=48 states=1 -> 1
[DP-bwdX] L=64 states=1 -> 1
[DP-bwdX] L=64 states=1 -> 1
[DP-bwdX] L=64 states=1 -> 1
  [Round 50] solve_ms=17.7262  HPWL_w=810117  HPWL_eq=524  report=810117
  [Updt] WNS=-8  TNS=39  maxL=17  picked=1
[OC-Shortest/pow2] m=8 h=8 SEG=4 bits=32 words=1 threads=24
[DP-fwdX] L=0 states=1 -> 1
[DP-fwdX] L=16 states=141 -> 164
[DP-bwdX] L=64 states=1 -> 1
[DP-bwdX] L=48 states=141 -> 164
[DP-fwdX] L=0 states=1 -> 1
[DP-bwdX] L=32 states=1 -> 1
[DP-fwdX] L=0 states=1 -> 1
[DP-bwdX] L=16 states=1 -> 2
[DP-fwdX] L=0 states=1 -> 1
[DP-fwdX] L=0 states=1 -> 1
[DP-fwdX] L=0 states=1 -> 1
[DP-bwdX] L=16 states=1 -> 2
[DP-bwdX] L=16 states=1 -> 2
[DP-bwdX] L=16 states=1 -> 2
[DP-fwdX] L=16 states=1 -> 3
[DP-bwdX] L=32 states=1 -> 1
[DP-fwdX] L=16 states=1 -> 3
[DP-fwdX] L=16 states=1 -> 3
[DP-fwdX] L=16 states=1 -> 3
[DP-bwdX] L=32 states=1 -> 1
[DP-bwdX] L=32 states=1 -> 1
[DP-bwdX] L=32 states=1 -> 1
[DP-fwdX] L=32 states=1 -> 1
[DP-bwdX] L=64 states=1 -> 1
[DP-fwdX] L=32 states=1 -> 1
[DP-bwdX] L=48 states=1 -> 1
[DP-fwdX] L=32 states=1 -> 1
[DP-fwdX] L=32 states=1 -> 1
[DP-fwdX] L=32 states=1 -> 1
[DP-bwdX] L=48 states=1 -> 1
[DP-bwdX] L=48 states=1 -> 1
[DP-bwdX] L=48 states=1 -> 1
[DP-fwdX] L=48 states=1 -> 1
[DP-bwdX] L=64 states=1 -> 1
[DP-fwdX] L=48 states=1 -> 1
[DP-fwdX] L=48 states=1 -> 1
[DP-fwdX] L=48 states=1 -> 1
[DP-bwdX] L=64 states=1 -> 1
[DP-bwdX] L=64 states=1 -> 1
[DP-bwdX] L=64 states=1 -> 1
  [Round 51] solve_ms=17.6568  HPWL_w=820730  HPWL_eq=508  report=820730
  [Updt] WNS=-8  TNS=53  maxL=17  picked=1
[OC-Shortest/pow2] m=8 h=8 SEG=4 bits=32 words=1 threads=24
[DP-fwdX] L=0 states=1 -> 1
[DP-fwdX] L=16 states=141 -> 164
[DP-bwdX] L=64 states=1 -> 1
[DP-bwdX] L=48 states=141 -> 164
[DP-fwdX] L=0 states=1 -> 1
[DP-bwdX] L=32 states=1 -> 1
[DP-fwdX] L=0 states=1 -> 1
[DP-bwdX] L=16 states=1 -> 2
[DP-fwdX] L=0 states=1 -> 1
[DP-fwdX] L=0 states=1 -> 1
[DP-fwdX] L=0 states=1 -> 1
[DP-bwdX] L=16 states=1 -> 2
[DP-bwdX] L=16 states=1 -> 2
[DP-bwdX] L=16 states=1 -> 2
[DP-fwdX] L=16 states=1 -> 3
[DP-bwdX] L=32 states=1 -> 1
[DP-fwdX] L=16 states=1 -> 3
[DP-fwdX] L=16 states=1 -> 3
[DP-fwdX] L=16 states=1 -> 3
[DP-bwdX] L=32 states=1 -> 1
[DP-bwdX] L=32 states=1 -> 1
[DP-bwdX] L=32 states=1 -> 1
[DP-fwdX] L=32 states=1 -> 1
[DP-bwdX] L=64 states=1 -> 1
[DP-fwdX] L=32 states=1 -> 1
[DP-bwdX] L=48 states=1 -> 1
[DP-fwdX] L=32 states=1 -> 1
[DP-fwdX] L=32 states=1 -> 1
[DP-fwdX] L=32 states=1 -> 1
[DP-bwdX] L=48 states=1 -> 1
[DP-bwdX] L=48 states=1 -> 1
[DP-bwdX] L=48 states=1 -> 1
[DP-fwdX] L=48 states=1 -> 1
[DP-bwdX] L=64 states=1 -> 1
[DP-fwdX] L=48 states=1 -> 1
[DP-fwdX] L=48 states=1 -> 1
[DP-fwdX] L=48 states=1 -> 1
[DP-bwdX] L=64 states=1 -> 1
[DP-bwdX] L=64 states=1 -> 1
[DP-bwdX] L=64 states=1 -> 1
  [Round 52] solve_ms=17.4834  HPWL_w=830196  HPWL_eq=498  report=830196
  [Updt] WNS=-5  TNS=28  maxL=14  picked=1
[OC-Shortest/pow2] m=8 h=8 SEG=4 bits=32 words=1 threads=24
[DP-fwdX] L=0 states=1 -> 1
[DP-fwdX] L=16 states=141 -> 164
[DP-bwdX] L=64 states=1 -> 1
[DP-bwdX] L=48 states=141 -> 164
[DP-fwdX] L=0 states=1 -> 1
[DP-bwdX] L=32 states=1 -> 3
[DP-fwdX] L=0 states=1 -> 1
[DP-bwdX] L=16 states=1 -> 1
[DP-fwdX] L=0 states=1 -> 1
[DP-fwdX] L=0 states=1 -> 1
[DP-fwdX] L=0 states=1 -> 1
[DP-bwdX] L=16 states=1 -> 1
[DP-bwdX] L=16 states=1 -> 1
[DP-bwdX] L=16 states=1 -> 1
[DP-fwdX] L=16 states=1 -> 1
[DP-bwdX] L=32 states=1 -> 3
[DP-fwdX] L=16 states=1 -> 1
[DP-fwdX] L=16 states=1 -> 1
[DP-fwdX] L=16 states=1 -> 1
[DP-bwdX] L=32 states=1 -> 3
[DP-bwdX] L=32 states=1 -> 3
[DP-bwdX] L=32 states=1 -> 3
[DP-fwdX] L=32 states=1 -> 3
[DP-bwdX] L=64 states=1 -> 1
[DP-fwdX] L=32 states=1 -> 3
[DP-bwdX] L=48 states=1 -> 3
[DP-fwdX] L=32 states=1 -> 3
[DP-fwdX] L=32 states=1 -> 3
[DP-fwdX] L=32 states=1 -> 3
[DP-bwdX] L=48 states=1 -> 3
[DP-bwdX] L=48 states=1 -> 3
[DP-bwdX] L=48 states=1 -> 3
[DP-fwdX] L=48 states=1 -> 2
[DP-bwdX] L=64 states=1 -> 1
[DP-fwdX] L=48 states=1 -> 2
[DP-fwdX] L=48 states=1 -> 2
[DP-fwdX] L=48 states=1 -> 2
[DP-bwdX] L=64 states=1 -> 1
[DP-bwdX] L=64 states=1 -> 1
[DP-bwdX] L=64 states=1 -> 1
  [Round 53] solve_ms=21.8633  HPWL_w=837139  HPWL_eq=501  report=837139
  [Updt] WNS=-13  TNS=50  maxL=22  picked=1
[OC-Shortest/pow2] m=8 h=8 SEG=4 bits=32 words=1 threads=24
[DP-fwdX] L=0 states=1 -> 1
[DP-fwdX] L=16 states=141 -> 164
[DP-bwdX] L=64 states=1 -> 1
[DP-bwdX] L=48 states=141 -> 164
[DP-fwdX] L=0 states=1 -> 1
[DP-bwdX] L=32 states=1 -> 1
[DP-fwdX] L=0 states=1 -> 1
[DP-bwdX] L=16 states=1 -> 2
[DP-fwdX] L=0 states=1 -> 1
[DP-fwdX] L=0 states=1 -> 1
[DP-fwdX] L=0 states=1 -> 1
[DP-bwdX] L=16 states=1 -> 2
[DP-bwdX] L=16 states=1 -> 2
[DP-bwdX] L=16 states=1 -> 2
[DP-fwdX] L=16 states=1 -> 3
[DP-bwdX] L=32 states=1 -> 1
[DP-fwdX] L=16 states=1 -> 3
[DP-fwdX] L=16 states=1 -> 3
[DP-fwdX] L=16 states=1 -> 3
[DP-bwdX] L=32 states=1 -> 1
[DP-bwdX] L=32 states=1 -> 1
[DP-bwdX] L=32 states=1 -> 1
[DP-fwdX] L=32 states=1 -> 1
[DP-bwdX] L=64 states=1 -> 1
[DP-fwdX] L=32 states=1 -> 1
[DP-bwdX] L=48 states=1 -> 1
[DP-fwdX] L=32 states=1 -> 1
[DP-fwdX] L=32 states=1 -> 1
[DP-fwdX] L=32 states=1 -> 1
[DP-bwdX] L=48 states=1 -> 1
[DP-bwdX] L=48 states=1 -> 1
[DP-bwdX] L=48 states=1 -> 1
[DP-fwdX] L=48 states=1 -> 1
[DP-bwdX] L=64 states=1 -> 1
[DP-fwdX] L=48 states=1 -> 1
[DP-fwdX] L=48 states=1 -> 1
[DP-fwdX] L=48 states=1 -> 1
[DP-bwdX] L=64 states=1 -> 1
[DP-bwdX] L=64 states=1 -> 1
[DP-bwdX] L=64 states=1 -> 1
  [Round 54] solve_ms=17.6239  HPWL_w=843854  HPWL_eq=511  report=843854
  [Updt] WNS=-12  TNS=43  maxL=21  picked=1
[OC-Shortest/pow2] m=8 h=8 SEG=4 bits=32 words=1 threads=24
[DP-fwdX] L=0 states=1 -> 1
[DP-fwdX] L=16 states=141 -> 164
[DP-bwdX] L=64 states=1 -> 1
[DP-bwdX] L=48 states=141 -> 164
[DP-fwdX] L=0 states=1 -> 1
[DP-bwdX] L=32 states=1 -> 3
[DP-fwdX] L=0 states=1 -> 1
[DP-bwdX] L=16 states=1 -> 1
[DP-fwdX] L=0 states=1 -> 1
[DP-fwdX] L=0 states=1 -> 1
[DP-fwdX] L=0 states=1 -> 1
[DP-bwdX] L=16 states=1 -> 1
[DP-bwdX] L=16 states=1 -> 1
[DP-bwdX] L=16 states=1 -> 1
[DP-fwdX] L=16 states=1 -> 1
[DP-bwdX] L=32 states=1 -> 3
[DP-fwdX] L=16 states=1 -> 1
[DP-fwdX] L=16 states=1 -> 1
[DP-fwdX] L=16 states=1 -> 1
[DP-bwdX] L=32 states=1 -> 3
[DP-bwdX] L=32 states=1 -> 3
[DP-bwdX] L=32 states=1 -> 3
[DP-fwdX] L=32 states=1 -> 3
[DP-bwdX] L=64 states=1 -> 1
[DP-fwdX] L=32 states=1 -> 3
[DP-bwdX] L=48 states=1 -> 4
[DP-fwdX] L=32 states=1 -> 3
[DP-fwdX] L=32 states=1 -> 3
[DP-fwdX] L=32 states=1 -> 3
[DP-bwdX] L=48 states=1 -> 4
[DP-bwdX] L=48 states=1 -> 4
[DP-bwdX] L=48 states=1 -> 4
[DP-fwdX] L=48 states=1 -> 3
[DP-bwdX] L=64 states=1 -> 1
[DP-fwdX] L=48 states=1 -> 3
[DP-fwdX] L=48 states=1 -> 3
[DP-fwdX] L=48 states=1 -> 3
[DP-bwdX] L=64 states=1 -> 1
[DP-bwdX] L=64 states=1 -> 1
[DP-bwdX] L=64 states=1 -> 1
  [Round 55] solve_ms=18.6761  HPWL_w=848796  HPWL_eq=513  report=848796
  [Updt] WNS=-19  TNS=63  maxL=28  picked=1
[OC-Shortest/pow2] m=8 h=8 SEG=4 bits=32 words=1 threads=24
[DP-fwdX] L=0 states=1 -> 1
[DP-fwdX] L=16 states=141 -> 164
[DP-bwdX] L=64 states=1 -> 1
[DP-bwdX] L=48 states=141 -> 164
[DP-fwdX] L=0 states=1 -> 1
[DP-bwdX] L=32 states=1 -> 3
[DP-fwdX] L=0 states=1 -> 1
[DP-bwdX] L=16 states=1 -> 3
[DP-fwdX] L=0 states=1 -> 1
[DP-fwdX] L=0 states=1 -> 1
[DP-fwdX] L=0 states=1 -> 1
[DP-bwdX] L=16 states=1 -> 3
[DP-bwdX] L=16 states=1 -> 3
[DP-bwdX] L=16 states=1 -> 3
[DP-fwdX] L=16 states=1 -> 4
[DP-bwdX] L=32 states=1 -> 3
[DP-fwdX] L=16 states=1 -> 4
[DP-fwdX] L=16 states=1 -> 4
[DP-fwdX] L=16 states=1 -> 4
[DP-bwdX] L=32 states=1 -> 3
[DP-bwdX] L=32 states=1 -> 3
[DP-bwdX] L=32 states=1 -> 3
[DP-fwdX] L=32 states=1 -> 3
[DP-bwdX] L=64 states=1 -> 1
[DP-fwdX] L=32 states=1 -> 3
[DP-bwdX] L=48 states=1 -> 1
[DP-fwdX] L=32 states=1 -> 3
[DP-fwdX] L=32 states=1 -> 3
[DP-fwdX] L=32 states=1 -> 3
[DP-bwdX] L=48 states=1 -> 1
[DP-bwdX] L=48 states=1 -> 1
[DP-bwdX] L=48 states=1 -> 1
[DP-fwdX] L=48 states=1 -> 1
[DP-bwdX] L=64 states=1 -> 1
[DP-fwdX] L=48 states=1 -> 1
[DP-fwdX] L=48 states=1 -> 1
[DP-fwdX] L=48 states=1 -> 1
[DP-bwdX] L=64 states=1 -> 1
[DP-bwdX] L=64 states=1 -> 1
[DP-bwdX] L=64 states=1 -> 1
  [Round 56] solve_ms=19.5554  HPWL_w=851446  HPWL_eq=537  report=851446
  [Updt] WNS=-27  TNS=100  maxL=36  picked=1
[OC-Shortest/pow2] m=8 h=8 SEG=4 bits=32 words=1 threads=24
[DP-fwdX] L=0 states=1 -> 1
[DP-fwdX] L=16 states=141 -> 164
[DP-bwdX] L=64 states=1 -> 1
[DP-bwdX] L=48 states=141 -> 164
[DP-fwdX] L=0 states=1 -> 1
[DP-bwdX] L=32 states=1 -> 4
[DP-fwdX] L=0 states=1 -> 1
[DP-bwdX] L=16 states=1 -> 3
[DP-fwdX] L=0 states=1 -> 1
[DP-fwdX] L=0 states=1 -> 1
[DP-fwdX] L=0 states=1 -> 1
[DP-bwdX] L=16 states=1 -> 3
[DP-bwdX] L=16 states=1 -> 3
[DP-bwdX] L=16 states=1 -> 3
[DP-fwdX] L=16 states=1 -> 4
[DP-bwdX] L=32 states=1 -> 4
[DP-fwdX] L=16 states=1 -> 4
[DP-fwdX] L=16 states=1 -> 4
[DP-fwdX] L=16 states=1 -> 4
[DP-bwdX] L=32 states=1 -> 4
[DP-bwdX] L=32 states=1 -> 4
[DP-bwdX] L=32 states=1 -> 4
[DP-fwdX] L=32 states=1 -> 5
[DP-bwdX] L=64 states=1 -> 1
[DP-fwdX] L=32 states=1 -> 5
[DP-bwdX] L=48 states=1 -> 1
[DP-fwdX] L=32 states=1 -> 5
[DP-fwdX] L=32 states=1 -> 5
[DP-fwdX] L=32 states=1 -> 5
[DP-bwdX] L=48 states=1 -> 1
[DP-bwdX] L=48 states=1 -> 1
[DP-bwdX] L=48 states=1 -> 1
[DP-fwdX] L=48 states=1 -> 1
[DP-bwdX] L=64 states=1 -> 1
[DP-fwdX] L=48 states=1 -> 1
[DP-fwdX] L=48 states=1 -> 1
[DP-fwdX] L=48 states=1 -> 1
[DP-bwdX] L=64 states=1 -> 1
[DP-bwdX] L=64 states=1 -> 1
[DP-bwdX] L=64 states=1 -> 1
  [Round 57] solve_ms=20.8082  HPWL_w=872648  HPWL_eq=569  report=872648
  [Updt] WNS=-34  TNS=129  maxL=43  picked=1
[OC-Shortest/pow2] m=8 h=8 SEG=4 bits=32 words=1 threads=24
[DP-fwdX] L=0 states=1 -> 1
[DP-fwdX] L=16 states=141 -> 164
[DP-bwdX] L=64 states=1 -> 1
[DP-bwdX] L=48 states=141 -> 164
[DP-fwdX] L=0 states=1 -> 1
[DP-bwdX] L=32 states=1 -> 3
[DP-fwdX] L=0 states=1 -> 1
[DP-bwdX] L=16 states=1 -> 1
[DP-fwdX] L=0 states=1 -> 1
[DP-fwdX] L=0 states=1 -> 1
[DP-fwdX] L=0 states=1 -> 1
[DP-bwdX] L=16 states=1 -> 1
[DP-bwdX] L=16 states=1 -> 1
[DP-bwdX] L=16 states=1 -> 1
[DP-fwdX] L=16 states=1 -> 1
[DP-bwdX] L=32 states=1 -> 3
[DP-fwdX] L=16 states=1 -> 1
[DP-fwdX] L=16 states=1 -> 1
[DP-fwdX] L=16 states=1 -> 1
[DP-bwdX] L=32 states=1 -> 3
[DP-bwdX] L=32 states=1 -> 3
[DP-bwdX] L=32 states=1 -> 3
[DP-fwdX] L=32 states=1 -> 3
[DP-bwdX] L=64 states=1 -> 1
[DP-fwdX] L=32 states=1 -> 3
[DP-bwdX] L=48 states=1 -> 3
[DP-fwdX] L=32 states=1 -> 3
[DP-fwdX] L=32 states=1 -> 3
[DP-fwdX] L=32 states=1 -> 3
[DP-bwdX] L=48 states=1 -> 3
[DP-bwdX] L=48 states=1 -> 3
[DP-bwdX] L=48 states=1 -> 3
[DP-fwdX] L=48 states=1 -> 2
[DP-bwdX] L=64 states=1 -> 1
[DP-fwdX] L=48 states=1 -> 2
[DP-fwdX] L=48 states=1 -> 2
[DP-fwdX] L=48 states=1 -> 2
[DP-bwdX] L=64 states=1 -> 1
[DP-bwdX] L=64 states=1 -> 1
[DP-bwdX] L=64 states=1 -> 1
  [Round 58] solve_ms=19.1064  HPWL_w=875088  HPWL_eq=531  report=875088
  [Updt] WNS=-27  TNS=95  maxL=36  picked=1
[OC-Shortest/pow2] m=8 h=8 SEG=4 bits=32 words=1 threads=24
[DP-fwdX] L=0 states=1 -> 1
[DP-fwdX] L=16 states=141 -> 164
[DP-bwdX] L=64 states=1 -> 1
[DP-bwdX] L=48 states=141 -> 164
[DP-fwdX] L=0 states=1 -> 1
[DP-bwdX] L=32 states=1 -> 4
[DP-fwdX] L=0 states=1 -> 1
[DP-bwdX] L=16 states=1 -> 2
[DP-fwdX] L=0 states=1 -> 1
[DP-fwdX] L=0 states=1 -> 1
[DP-fwdX] L=0 states=1 -> 1
[DP-bwdX] L=16 states=1 -> 2
[DP-bwdX] L=16 states=1 -> 2
[DP-bwdX] L=16 states=1 -> 2
[DP-fwdX] L=16 states=1 -> 3
[DP-bwdX] L=32 states=1 -> 4
[DP-fwdX] L=16 states=1 -> 3
[DP-fwdX] L=16 states=1 -> 3
[DP-fwdX] L=16 states=1 -> 3
[DP-bwdX] L=32 states=1 -> 4
[DP-bwdX] L=32 states=1 -> 4
[DP-bwdX] L=32 states=1 -> 4
[DP-fwdX] L=32 states=1 -> 5
[DP-bwdX] L=64 states=1 -> 1
[DP-fwdX] L=32 states=1 -> 5
[DP-bwdX] L=48 states=1 -> 3
[DP-fwdX] L=32 states=1 -> 5
[DP-fwdX] L=32 states=1 -> 5
[DP-fwdX] L=32 states=1 -> 5
[DP-bwdX] L=48 states=1 -> 3
[DP-bwdX] L=48 states=1 -> 3
[DP-bwdX] L=48 states=1 -> 3
[DP-fwdX] L=48 states=1 -> 3
[DP-bwdX] L=64 states=1 -> 1
[DP-fwdX] L=48 states=1 -> 3
[DP-fwdX] L=48 states=1 -> 3
[DP-fwdX] L=48 states=1 -> 3
[DP-bwdX] L=64 states=1 -> 1
[DP-bwdX] L=64 states=1 -> 1
[DP-bwdX] L=64 states=1 -> 1
  [Round 59] solve_ms=20.956  HPWL_w=878061  HPWL_eq=610  report=878061
  [Updt] WNS=-41  TNS=171  maxL=50  picked=1
[OC-Shortest/pow2] m=8 h=8 SEG=4 bits=32 words=1 threads=24
[DP-fwdX] L=0 states=1 -> 1
[DP-fwdX] L=16 states=141 -> 164
[DP-bwdX] L=64 states=1 -> 1
[DP-bwdX] L=48 states=141 -> 164
[DP-fwdX] L=0 states=1 -> 1
[DP-bwdX] L=32 states=1 -> 4
[DP-fwdX] L=0 states=1 -> 1
[DP-bwdX] L=16 states=1 -> 2
[DP-fwdX] L=0 states=1 -> 1
[DP-fwdX] L=0 states=1 -> 1
[DP-fwdX] L=0 states=1 -> 1
[DP-bwdX] L=16 states=1 -> 2
[DP-bwdX] L=16 states=1 -> 2
[DP-bwdX] L=16 states=1 -> 2
[DP-fwdX] L=16 states=1 -> 3
[DP-bwdX] L=32 states=1 -> 4
[DP-fwdX] L=16 states=1 -> 3
[DP-fwdX] L=16 states=1 -> 3
[DP-fwdX] L=16 states=1 -> 3
[DP-bwdX] L=32 states=1 -> 4
[DP-bwdX] L=32 states=1 -> 4
[DP-bwdX] L=32 states=1 -> 4
[DP-fwdX] L=32 states=1 -> 5
[DP-bwdX] L=64 states=1 -> 1
[DP-fwdX] L=32 states=1 -> 5
[DP-bwdX] L=48 states=1 -> 3
[DP-fwdX] L=32 states=1 -> 5
[DP-fwdX] L=32 states=1 -> 5
[DP-fwdX] L=32 states=1 -> 5
[DP-bwdX] L=48 states=1 -> 3
[DP-bwdX] L=48 states=1 -> 3
[DP-bwdX] L=48 states=1 -> 3
[DP-fwdX] L=48 states=1 -> 3
[DP-bwdX] L=64 states=1 -> 1
[DP-fwdX] L=48 states=1 -> 3
[DP-fwdX] L=48 states=1 -> 3
[DP-fwdX] L=48 states=1 -> 3
[DP-bwdX] L=64 states=1 -> 1
[DP-bwdX] L=64 states=1 -> 1
[DP-bwdX] L=64 states=1 -> 1
  [Round 60] solve_ms=20.8814  HPWL_w=900222  HPWL_eq=610  report=900222
  [Updt] WNS=-41  TNS=171  maxL=50  picked=1
[OC-Shortest/pow2] m=8 h=8 SEG=4 bits=32 words=1 threads=24
[DP-fwdX] L=0 states=1 -> 1
[DP-fwdX] L=16 states=141 -> 164
[DP-bwdX] L=64 states=1 -> 1
[DP-bwdX] L=48 states=141 -> 164
[DP-fwdX] L=0 states=1 -> 1
[DP-bwdX] L=32 states=1 -> 3
[DP-fwdX] L=0 states=1 -> 1
[DP-bwdX] L=16 states=1 -> 1
[DP-fwdX] L=0 states=1 -> 1
[DP-fwdX] L=0 states=1 -> 1
[DP-fwdX] L=0 states=1 -> 1
[DP-bwdX] L=16 states=1 -> 1
[DP-bwdX] L=16 states=1 -> 1
[DP-bwdX] L=16 states=1 -> 1
[DP-fwdX] L=16 states=1 -> 1
[DP-bwdX] L=32 states=1 -> 3
[DP-fwdX] L=16 states=1 -> 1
[DP-fwdX] L=16 states=1 -> 1
[DP-fwdX] L=16 states=1 -> 1
[DP-bwdX] L=32 states=1 -> 3
[DP-bwdX] L=32 states=1 -> 3
[DP-bwdX] L=32 states=1 -> 3
[DP-fwdX] L=32 states=1 -> 3
[DP-bwdX] L=64 states=1 -> 1
[DP-fwdX] L=32 states=1 -> 3
[DP-bwdX] L=48 states=1 -> 3
[DP-fwdX] L=32 states=1 -> 3
[DP-fwdX] L=32 states=1 -> 3
[DP-fwdX] L=32 states=1 -> 3
[DP-bwdX] L=48 states=1 -> 3
[DP-bwdX] L=48 states=1 -> 3
[DP-bwdX] L=48 states=1 -> 3
[DP-fwdX] L=48 states=1 -> 2
[DP-bwdX] L=64 states=1 -> 1
[DP-fwdX] L=48 states=1 -> 2
[DP-fwdX] L=48 states=1 -> 2
[DP-fwdX] L=48 states=1 -> 2
[DP-bwdX] L=64 states=1 -> 1
[DP-bwdX] L=64 states=1 -> 1
[DP-bwdX] L=64 states=1 -> 1
  [Round 61] solve_ms=18.2432  HPWL_w=918007  HPWL_eq=524  report=918007
  [Updt] WNS=-13  TNS=69  maxL=22  picked=2
[OC-Shortest/pow2] m=8 h=8 SEG=4 bits=32 words=1 threads=24
[DP-fwdX] L=0 states=1 -> 1
[DP-fwdX] L=16 states=141 -> 164
[DP-bwdX] L=64 states=1 -> 1
[DP-bwdX] L=48 states=141 -> 164
[DP-fwdX] L=0 states=1 -> 1
[DP-bwdX] L=32 states=1 -> 1
[DP-fwdX] L=0 states=1 -> 1
[DP-bwdX] L=16 states=1 -> 3
[DP-fwdX] L=0 states=1 -> 1
[DP-fwdX] L=0 states=1 -> 1
[DP-fwdX] L=0 states=1 -> 1
[DP-bwdX] L=16 states=1 -> 3
[DP-bwdX] L=16 states=1 -> 3
[DP-bwdX] L=16 states=1 -> 3
[DP-fwdX] L=16 states=1 -> 3
[DP-bwdX] L=32 states=1 -> 1
[DP-fwdX] L=16 states=1 -> 3
[DP-fwdX] L=16 states=1 -> 3
[DP-fwdX] L=16 states=1 -> 3
[DP-bwdX] L=32 states=1 -> 1
[DP-bwdX] L=32 states=1 -> 1
[DP-bwdX] L=32 states=1 -> 1
[DP-fwdX] L=32 states=1 -> 1
[DP-bwdX] L=64 states=1 -> 1
[DP-fwdX] L=32 states=1 -> 1
[DP-bwdX] L=48 states=1 -> 3
[DP-fwdX] L=32 states=1 -> 1
[DP-fwdX] L=32 states=1 -> 1
[DP-fwdX] L=32 states=1 -> 1
[DP-bwdX] L=48 states=1 -> 3
[DP-bwdX] L=48 states=1 -> 3
[DP-bwdX] L=48 states=1 -> 3
[DP-fwdX] L=48 states=1 -> 2
[DP-bwdX] L=64 states=1 -> 1
[DP-fwdX] L=48 states=1 -> 2
[DP-fwdX] L=48 states=1 -> 2
[DP-fwdX] L=48 states=1 -> 2
[DP-bwdX] L=64 states=1 -> 1
[DP-bwdX] L=64 states=1 -> 1
[DP-bwdX] L=64 states=1 -> 1
  [Round 62] solve_ms=17.5813  HPWL_w=933302  HPWL_eq=514  report=933302
  [Updt] WNS=-6  TNS=18  maxL=15  picked=1
[OC-Shortest/pow2] m=8 h=8 SEG=4 bits=32 words=1 threads=24
[DP-fwdX] L=0 states=1 -> 1
[DP-fwdX] L=16 states=141 -> 164
[DP-bwdX] L=64 states=1 -> 1
[DP-bwdX] L=48 states=141 -> 164
[DP-fwdX] L=0 states=1 -> 1
[DP-bwdX] L=32 states=1 -> 1
[DP-fwdX] L=0 states=1 -> 1
[DP-bwdX] L=16 states=1 -> 3
[DP-fwdX] L=0 states=1 -> 1
[DP-fwdX] L=0 states=1 -> 1
[DP-fwdX] L=0 states=1 -> 1
[DP-bwdX] L=16 states=1 -> 3
[DP-bwdX] L=16 states=1 -> 3
[DP-bwdX] L=16 states=1 -> 3
[DP-fwdX] L=16 states=1 -> 3
[DP-bwdX] L=32 states=1 -> 1
[DP-fwdX] L=16 states=1 -> 3
[DP-fwdX] L=16 states=1 -> 3
[DP-fwdX] L=16 states=1 -> 3
[DP-bwdX] L=32 states=1 -> 1
[DP-bwdX] L=32 states=1 -> 1
[DP-bwdX] L=32 states=1 -> 1
[DP-fwdX] L=32 states=1 -> 1
[DP-bwdX] L=64 states=1 -> 1
[DP-fwdX] L=32 states=1 -> 1
[DP-bwdX] L=48 states=1 -> 1
[DP-fwdX] L=32 states=1 -> 1
[DP-fwdX] L=32 states=1 -> 1
[DP-fwdX] L=32 states=1 -> 1
[DP-bwdX] L=48 states=1 -> 1
[DP-bwdX] L=48 states=1 -> 1
[DP-bwdX] L=48 states=1 -> 1
[DP-fwdX] L=48 states=1 -> 1
[DP-bwdX] L=64 states=1 -> 1
[DP-fwdX] L=48 states=1 -> 1
[DP-fwdX] L=48 states=1 -> 1
[DP-fwdX] L=48 states=1 -> 1
[DP-bwdX] L=64 states=1 -> 1
[DP-bwdX] L=64 states=1 -> 1
[DP-bwdX] L=64 states=1 -> 1
  [Round 63] solve_ms=17.2771  HPWL_w=943786  HPWL_eq=500  report=943786
  [Updt] WNS=-1  TNS=11  maxL=10  picked=1
[OC-Shortest/pow2] m=8 h=8 SEG=4 bits=32 words=1 threads=24
[DP-fwdX] L=0 states=1 -> 1
[DP-fwdX] L=16 states=141 -> 164
[DP-bwdX] L=64 states=1 -> 1
[DP-bwdX] L=48 states=141 -> 164
[DP-fwdX] L=0 states=1 -> 1
[DP-bwdX] L=32 states=1 -> 1
[DP-fwdX] L=0 states=1 -> 1
[DP-bwdX] L=16 states=1 -> 3
[DP-fwdX] L=0 states=1 -> 1
[DP-fwdX] L=0 states=1 -> 1
[DP-fwdX] L=0 states=1 -> 1
[DP-bwdX] L=16 states=1 -> 3
[DP-bwdX] L=16 states=1 -> 3
[DP-bwdX] L=16 states=1 -> 3
[DP-fwdX] L=16 states=1 -> 3
[DP-bwdX] L=32 states=1 -> 1
[DP-fwdX] L=16 states=1 -> 3
[DP-fwdX] L=16 states=1 -> 3
[DP-fwdX] L=16 states=1 -> 3
[DP-bwdX] L=32 states=1 -> 1
[DP-bwdX] L=32 states=1 -> 1
[DP-bwdX] L=32 states=1 -> 1
[DP-fwdX] L=32 states=1 -> 1
[DP-bwdX] L=64 states=1 -> 1
[DP-fwdX] L=32 states=1 -> 1
[DP-bwdX] L=48 states=1 -> 1
[DP-fwdX] L=32 states=1 -> 1
[DP-fwdX] L=32 states=1 -> 1
[DP-fwdX] L=32 states=1 -> 1
[DP-bwdX] L=48 states=1 -> 1
[DP-bwdX] L=48 states=1 -> 1
[DP-bwdX] L=48 states=1 -> 1
[DP-fwdX] L=48 states=1 -> 1
[DP-bwdX] L=64 states=1 -> 1
[DP-fwdX] L=48 states=1 -> 1
[DP-fwdX] L=48 states=1 -> 1
[DP-fwdX] L=48 states=1 -> 1
[DP-bwdX] L=64 states=1 -> 1
[DP-bwdX] L=64 states=1 -> 1
[DP-bwdX] L=64 states=1 -> 1
  [Round 64] solve_ms=21.2467  HPWL_w=950748  HPWL_eq=508  report=950748
  [Updt] WNS=-6  TNS=12  maxL=15  picked=1
[OC-Shortest/pow2] m=8 h=8 SEG=4 bits=32 words=1 threads=24
[DP-fwdX] L=0 states=1 -> 1
[DP-fwdX] L=16 states=141 -> 164
[DP-bwdX] L=64 states=1 -> 1
[DP-bwdX] L=48 states=141 -> 164
[DP-fwdX] L=0 states=1 -> 1
[DP-bwdX] L=32 states=1 -> 1
[DP-fwdX] L=0 states=1 -> 1
[DP-bwdX] L=16 states=1 -> 2
[DP-fwdX] L=0 states=1 -> 1
[DP-fwdX] L=0 states=1 -> 1
[DP-fwdX] L=0 states=1 -> 1
[DP-bwdX] L=16 states=1 -> 2
[DP-bwdX] L=16 states=1 -> 2
[DP-bwdX] L=16 states=1 -> 2
[DP-fwdX] L=16 states=1 -> 3
[DP-bwdX] L=32 states=1 -> 1
[DP-fwdX] L=16 states=1 -> 3
[DP-fwdX] L=16 states=1 -> 3
[DP-fwdX] L=16 states=1 -> 3
[DP-bwdX] L=32 states=1 -> 1
[DP-bwdX] L=32 states=1 -> 1
[DP-bwdX] L=32 states=1 -> 1
[DP-fwdX] L=32 states=1 -> 1
[DP-bwdX] L=64 states=1 -> 1
[DP-fwdX] L=32 states=1 -> 1
[DP-bwdX] L=48 states=1 -> 1
[DP-fwdX] L=32 states=1 -> 1
[DP-fwdX] L=32 states=1 -> 1
[DP-fwdX] L=32 states=1 -> 1
[DP-bwdX] L=48 states=1 -> 1
[DP-bwdX] L=48 states=1 -> 1
[DP-bwdX] L=48 states=1 -> 1
[DP-fwdX] L=48 states=1 -> 1
[DP-bwdX] L=64 states=1 -> 1
[DP-fwdX] L=48 states=1 -> 1
[DP-fwdX] L=48 states=1 -> 1
[DP-fwdX] L=48 states=1 -> 1
[DP-bwdX] L=64 states=1 -> 1
[DP-bwdX] L=64 states=1 -> 1
[DP-bwdX] L=64 states=1 -> 1
  [Round 65] solve_ms=17.282  HPWL_w=961372  HPWL_eq=497  report=961372
  [Updt] WNS=-4  TNS=19  maxL=13  picked=1
[OC-Shortest/pow2] m=8 h=8 SEG=4 bits=32 words=1 threads=24
[DP-fwdX] L=0 states=1 -> 1
[DP-fwdX] L=16 states=141 -> 164
[DP-bwdX] L=64 states=1 -> 1
[DP-bwdX] L=48 states=141 -> 164
[DP-fwdX] L=0 states=1 -> 1
[DP-bwdX] L=32 states=1 -> 1
[DP-fwdX] L=0 states=1 -> 1
[DP-bwdX] L=16 states=1 -> 1
[DP-fwdX] L=0 states=1 -> 1
[DP-fwdX] L=0 states=1 -> 1
[DP-fwdX] L=0 states=1 -> 1
[DP-bwdX] L=16 states=1 -> 1
[DP-bwdX] L=16 states=1 -> 1
[DP-bwdX] L=16 states=1 -> 1
[DP-fwdX] L=16 states=1 -> 1
[DP-bwdX] L=32 states=1 -> 1
[DP-fwdX] L=16 states=1 -> 1
[DP-fwdX] L=16 states=1 -> 1
[DP-fwdX] L=16 states=1 -> 1
[DP-bwdX] L=32 states=1 -> 1
[DP-bwdX] L=32 states=1 -> 1
[DP-bwdX] L=32 states=1 -> 1
[DP-fwdX] L=32 states=1 -> 1
[DP-bwdX] L=64 states=1 -> 1
[DP-fwdX] L=32 states=1 -> 1
[DP-bwdX] L=48 states=1 -> 2
[DP-fwdX] L=32 states=1 -> 1
[DP-fwdX] L=32 states=1 -> 1
[DP-fwdX] L=32 states=1 -> 1
[DP-bwdX] L=48 states=1 -> 2
[DP-bwdX] L=48 states=1 -> 2
[DP-bwdX] L=48 states=1 -> 2
[DP-fwdX] L=48 states=1 -> 1
[DP-bwdX] L=64 states=1 -> 1
[DP-fwdX] L=48 states=1 -> 1
[DP-fwdX] L=48 states=1 -> 1
[DP-fwdX] L=48 states=1 -> 1
[DP-bwdX] L=64 states=1 -> 1
[DP-bwdX] L=64 states=1 -> 1
[DP-bwdX] L=64 states=1 -> 1
  [Round 66] solve_ms=17.6546  HPWL_w=972417  HPWL_eq=509  report=972417
  [Updt] WNS=-17  TNS=72  maxL=26  picked=1
[OC-Shortest/pow2] m=8 h=8 SEG=4 bits=32 words=1 threads=24
[DP-fwdX] L=0 states=1 -> 1
[DP-fwdX] L=16 states=141 -> 164
[DP-bwdX] L=64 states=1 -> 1
[DP-bwdX] L=48 states=141 -> 164
[DP-fwdX] L=0 states=1 -> 1
[DP-bwdX] L=32 states=1 -> 4
[DP-fwdX] L=0 states=1 -> 1
[DP-bwdX] L=16 states=1 -> 1
[DP-fwdX] L=0 states=1 -> 1
[DP-fwdX] L=0 states=1 -> 1
[DP-fwdX] L=0 states=1 -> 1
[DP-bwdX] L=16 states=1 -> 1
[DP-bwdX] L=16 states=1 -> 1
[DP-bwdX] L=16 states=1 -> 1
[DP-fwdX] L=16 states=1 -> 1
[DP-bwdX] L=32 states=1 -> 4
[DP-fwdX] L=16 states=1 -> 1
[DP-fwdX] L=16 states=1 -> 1
[DP-fwdX] L=16 states=1 -> 1
[DP-bwdX] L=32 states=1 -> 4
[DP-bwdX] L=32 states=1 -> 4
[DP-bwdX] L=32 states=1 -> 4
[DP-fwdX] L=32 states=1 -> 4
[DP-bwdX] L=64 states=1 -> 1
[DP-fwdX] L=32 states=1 -> 4
[DP-bwdX] L=48 states=1 -> 3
[DP-fwdX] L=32 states=1 -> 4
[DP-fwdX] L=32 states=1 -> 4
[DP-fwdX] L=32 states=1 -> 4
[DP-bwdX] L=48 states=1 -> 3
[DP-bwdX] L=48 states=1 -> 3
[DP-bwdX] L=48 states=1 -> 3
[DP-fwdX] L=48 states=1 -> 2
[DP-bwdX] L=64 states=1 -> 1
[DP-fwdX] L=48 states=1 -> 2
[DP-fwdX] L=48 states=1 -> 2
[DP-fwdX] L=48 states=1 -> 2
[DP-bwdX] L=64 states=1 -> 1
[DP-bwdX] L=64 states=1 -> 1
[DP-bwdX] L=64 states=1 -> 1
  [Round 67] solve_ms=20.0964  HPWL_w=979565  HPWL_eq=555  report=979565
  [Updt] WNS=-34  TNS=130  maxL=43  picked=1
[OC-Shortest/pow2] m=8 h=8 SEG=4 bits=32 words=1 threads=24
[DP-fwdX] L=0 states=1 -> 1
[DP-fwdX] L=16 states=141 -> 164
[DP-bwdX] L=64 states=1 -> 1
[DP-bwdX] L=48 states=141 -> 164
[DP-fwdX] L=0 states=1 -> 1
[DP-bwdX] L=32 states=1 -> 1
[DP-fwdX] L=0 states=1 -> 1
[DP-bwdX] L=16 states=1 -> 2
[DP-fwdX] L=0 states=1 -> 1
[DP-fwdX] L=0 states=1 -> 1
[DP-fwdX] L=0 states=1 -> 1
[DP-bwdX] L=16 states=1 -> 2
[DP-bwdX] L=16 states=1 -> 2
[DP-bwdX] L=16 states=1 -> 2
[DP-fwdX] L=16 states=1 -> 3
[DP-bwdX] L=32 states=1 -> 1
[DP-fwdX] L=16 states=1 -> 3
[DP-fwdX] L=16 states=1 -> 3
[DP-fwdX] L=16 states=1 -> 3
[DP-bwdX] L=32 states=1 -> 1
[DP-bwdX] L=32 states=1 -> 1
[DP-bwdX] L=32 states=1 -> 1
[DP-fwdX] L=32 states=1 -> 1
[DP-bwdX] L=64 states=1 -> 1
[DP-fwdX] L=32 states=1 -> 1
[DP-bwdX] L=48 states=1 -> 1
[DP-fwdX] L=32 states=1 -> 1
[DP-fwdX] L=32 states=1 -> 1
[DP-fwdX] L=32 states=1 -> 1
[DP-bwdX] L=48 states=1 -> 1
[DP-bwdX] L=48 states=1 -> 1
[DP-bwdX] L=48 states=1 -> 1
[DP-fwdX] L=48 states=1 -> 1
[DP-bwdX] L=64 states=1 -> 1
[DP-fwdX] L=48 states=1 -> 1
[DP-fwdX] L=48 states=1 -> 1
[DP-fwdX] L=48 states=1 -> 1
[DP-bwdX] L=64 states=1 -> 1
[DP-bwdX] L=64 states=1 -> 1
[DP-bwdX] L=64 states=1 -> 1
  [Round 68] solve_ms=32.4711  HPWL_w=988080  HPWL_eq=513  report=988080
  [Updt] WNS=-5  TNS=11  maxL=14  picked=1
[OC-Shortest/pow2] m=8 h=8 SEG=4 bits=32 words=1 threads=24
[DP-fwdX] L=0 states=1 -> 1
[DP-fwdX] L=16 states=141 -> 164
[DP-bwdX] L=64 states=1 -> 1
[DP-bwdX] L=48 states=141 -> 164
[DP-fwdX] L=0 states=1 -> 1
[DP-bwdX] L=32 states=1 -> 1
[DP-fwdX] L=0 states=1 -> 1
[DP-bwdX] L=16 states=1 -> 2
[DP-fwdX] L=0 states=1 -> 1
[DP-fwdX] L=0 states=1 -> 1
[DP-fwdX] L=0 states=1 -> 1
[DP-bwdX] L=16 states=1 -> 2
[DP-bwdX] L=16 states=1 -> 2
[DP-bwdX] L=16 states=1 -> 2
[DP-fwdX] L=16 states=1 -> 3
[DP-bwdX] L=32 states=1 -> 1
[DP-fwdX] L=16 states=1 -> 3
[DP-fwdX] L=16 states=1 -> 3
[DP-fwdX] L=16 states=1 -> 3
[DP-bwdX] L=32 states=1 -> 1
[DP-bwdX] L=32 states=1 -> 1
[DP-bwdX] L=32 states=1 -> 1
[DP-fwdX] L=32 states=1 -> 1
[DP-bwdX] L=64 states=1 -> 1
[DP-fwdX] L=32 states=1 -> 1
[DP-bwdX] L=48 states=1 -> 1
[DP-fwdX] L=32 states=1 -> 1
[DP-fwdX] L=32 states=1 -> 1
[DP-fwdX] L=32 states=1 -> 1
[DP-bwdX] L=48 states=1 -> 1
[DP-bwdX] L=48 states=1 -> 1
[DP-bwdX] L=48 states=1 -> 1
[DP-fwdX] L=48 states=1 -> 1
[DP-bwdX] L=64 states=1 -> 1
[DP-fwdX] L=48 states=1 -> 1
[DP-fwdX] L=48 states=1 -> 1
[DP-fwdX] L=48 states=1 -> 1
[DP-bwdX] L=64 states=1 -> 1
[DP-bwdX] L=64 states=1 -> 1
[DP-bwdX] L=64 states=1 -> 1
  [Round 69] solve_ms=18.0022  HPWL_w=1000283  HPWL_eq=497  report=1000283
  [Updt] WNS=-5  TNS=30  maxL=14  picked=1
[OC-Shortest/pow2] m=8 h=8 SEG=4 bits=32 words=1 threads=24
[DP-fwdX] L=0 states=1 -> 1
[DP-fwdX] L=16 states=141 -> 164
[DP-bwdX] L=64 states=1 -> 1
[DP-bwdX] L=48 states=141 -> 164
[DP-fwdX] L=0 states=1 -> 1
[DP-bwdX] L=32 states=1 -> 1
[DP-fwdX] L=0 states=1 -> 1
[DP-bwdX] L=16 states=1 -> 3
[DP-fwdX] L=0 states=1 -> 1
[DP-fwdX] L=0 states=1 -> 1
[DP-fwdX] L=0 states=1 -> 1
[DP-bwdX] L=16 states=1 -> 3
[DP-bwdX] L=16 states=1 -> 3
[DP-bwdX] L=16 states=1 -> 3
[DP-fwdX] L=16 states=1 -> 4
[DP-bwdX] L=32 states=1 -> 1
[DP-fwdX] L=16 states=1 -> 4
[DP-fwdX] L=16 states=1 -> 4
[DP-fwdX] L=16 states=1 -> 4
[DP-bwdX] L=32 states=1 -> 1
[DP-bwdX] L=32 states=1 -> 1
[DP-bwdX] L=32 states=1 -> 1
[DP-fwdX] L=32 states=1 -> 1
[DP-bwdX] L=64 states=1 -> 1
[DP-fwdX] L=32 states=1 -> 1
[DP-bwdX] L=48 states=1 -> 1
[DP-fwdX] L=32 states=1 -> 1
[DP-fwdX] L=32 states=1 -> 1
[DP-fwdX] L=32 states=1 -> 1
[DP-bwdX] L=48 states=1 -> 1
[DP-bwdX] L=48 states=1 -> 1
[DP-bwdX] L=48 states=1 -> 1
[DP-fwdX] L=48 states=1 -> 1
[DP-bwdX] L=64 states=1 -> 1
[DP-fwdX] L=48 states=1 -> 1
[DP-fwdX] L=48 states=1 -> 1
[DP-fwdX] L=48 states=1 -> 1
[DP-bwdX] L=64 states=1 -> 1
[DP-bwdX] L=64 states=1 -> 1
[DP-bwdX] L=64 states=1 -> 1
  [Round 70] solve_ms=17.8965  HPWL_w=1008878  HPWL_eq=499  report=1008878
  [Updt] WNS=-18  TNS=62  maxL=27  picked=1
[OC-Shortest/pow2] m=8 h=8 SEG=4 bits=32 words=1 threads=24
[DP-fwdX] L=0 states=1 -> 1
[DP-fwdX] L=16 states=141 -> 164
[DP-bwdX] L=64 states=1 -> 1
[DP-bwdX] L=48 states=141 -> 164
[DP-fwdX] L=0 states=1 -> 1
[DP-bwdX] L=32 states=1 -> 4
[DP-fwdX] L=0 states=1 -> 1
[DP-bwdX] L=16 states=1 -> 2
[DP-fwdX] L=0 states=1 -> 1
[DP-fwdX] L=0 states=1 -> 1
[DP-fwdX] L=0 states=1 -> 1
[DP-bwdX] L=16 states=1 -> 2
[DP-bwdX] L=16 states=1 -> 2
[DP-bwdX] L=16 states=1 -> 2
[DP-fwdX] L=16 states=1 -> 3
[DP-bwdX] L=32 states=1 -> 4
[DP-fwdX] L=16 states=1 -> 3
[DP-fwdX] L=16 states=1 -> 3
[DP-fwdX] L=16 states=1 -> 3
[DP-bwdX] L=32 states=1 -> 4
[DP-bwdX] L=32 states=1 -> 4
[DP-bwdX] L=32 states=1 -> 4
[DP-fwdX] L=32 states=1 -> 4
[DP-bwdX] L=64 states=1 -> 1
[DP-fwdX] L=32 states=1 -> 4
[DP-bwdX] L=48 states=1 -> 1
[DP-fwdX] L=32 states=1 -> 4
[DP-fwdX] L=32 states=1 -> 4
[DP-fwdX] L=32 states=1 -> 4
[DP-bwdX] L=48 states=1 -> 1
[DP-bwdX] L=48 states=1 -> 1
[DP-bwdX] L=48 states=1 -> 1
[DP-fwdX] L=48 states=1 -> 1
[DP-bwdX] L=64 states=1 -> 1
[DP-fwdX] L=48 states=1 -> 1
[DP-fwdX] L=48 states=1 -> 1
[DP-fwdX] L=48 states=1 -> 1
[DP-bwdX] L=64 states=1 -> 1
[DP-bwdX] L=64 states=1 -> 1
[DP-bwdX] L=64 states=1 -> 1
  [Round 71] solve_ms=19.1959  HPWL_w=1019898  HPWL_eq=522  report=1019898
  [Updt] WNS=-27  TNS=97  maxL=36  picked=1
[OC-Shortest/pow2] m=8 h=8 SEG=4 bits=32 words=1 threads=24
[DP-fwdX] L=0 states=1 -> 1
[DP-fwdX] L=16 states=141 -> 164
[DP-bwdX] L=64 states=1 -> 1
[DP-bwdX] L=48 states=141 -> 164
[DP-fwdX] L=0 states=1 -> 1
[DP-bwdX] L=32 states=1 -> 6
[DP-fwdX] L=0 states=1 -> 1
[DP-bwdX] L=16 states=1 -> 2
[DP-fwdX] L=0 states=1 -> 1
[DP-fwdX] L=0 states=1 -> 1
[DP-fwdX] L=0 states=1 -> 1
[DP-bwdX] L=16 states=1 -> 2
[DP-bwdX] L=16 states=1 -> 2
[DP-bwdX] L=16 states=1 -> 2
[DP-fwdX] L=16 states=1 -> 3
[DP-bwdX] L=32 states=1 -> 6
[DP-fwdX] L=16 states=1 -> 3
[DP-fwdX] L=16 states=1 -> 3
[DP-fwdX] L=16 states=1 -> 3
[DP-bwdX] L=32 states=1 -> 6
[DP-bwdX] L=32 states=1 -> 6
[DP-bwdX] L=32 states=1 -> 6
[DP-fwdX] L=32 states=1 -> 6
[DP-bwdX] L=64 states=1 -> 1
[DP-fwdX] L=32 states=1 -> 6
[DP-bwdX] L=48 states=1 -> 1
[DP-fwdX] L=32 states=1 -> 6
[DP-fwdX] L=32 states=1 -> 6
[DP-fwdX] L=32 states=1 -> 6
[DP-bwdX] L=48 states=1 -> 1
[DP-bwdX] L=48 states=1 -> 1
[DP-bwdX] L=48 states=1 -> 1
[DP-fwdX] L=48 states=1 -> 1
[DP-bwdX] L=64 states=1 -> 1
[DP-fwdX] L=48 states=1 -> 1
[DP-fwdX] L=48 states=1 -> 1
[DP-fwdX] L=48 states=1 -> 1
[DP-bwdX] L=64 states=1 -> 1
[DP-bwdX] L=64 states=1 -> 1
[DP-bwdX] L=64 states=1 -> 1
  [Round 72] solve_ms=21.1546  HPWL_w=1037560  HPWL_eq=554  report=1037560
  [Updt] WNS=-34  TNS=128  maxL=43  picked=1
[OC-Shortest/pow2] m=8 h=8 SEG=4 bits=32 words=1 threads=24
[DP-fwdX] L=0 states=1 -> 1
[DP-fwdX] L=16 states=141 -> 164
[DP-bwdX] L=64 states=1 -> 1
[DP-bwdX] L=48 states=141 -> 164
[DP-fwdX] L=0 states=1 -> 1
[DP-bwdX] L=32 states=1 -> 3
[DP-fwdX] L=0 states=1 -> 1
[DP-bwdX] L=16 states=1 -> 3
[DP-fwdX] L=0 states=1 -> 1
[DP-fwdX] L=0 states=1 -> 1
[DP-fwdX] L=0 states=1 -> 1
[DP-bwdX] L=16 states=1 -> 3
[DP-bwdX] L=16 states=1 -> 3
[DP-bwdX] L=16 states=1 -> 3
[DP-fwdX] L=16 states=1 -> 3
[DP-bwdX] L=32 states=1 -> 3
[DP-fwdX] L=16 states=1 -> 3
[DP-fwdX] L=16 states=1 -> 3
[DP-fwdX] L=16 states=1 -> 3
[DP-bwdX] L=32 states=1 -> 3
[DP-bwdX] L=32 states=1 -> 3
[DP-bwdX] L=32 states=1 -> 3
[DP-fwdX] L=32 states=1 -> 3
[DP-bwdX] L=64 states=1 -> 1
[DP-fwdX] L=32 states=1 -> 3
[DP-bwdX] L=48 states=1 -> 1
[DP-fwdX] L=32 states=1 -> 3
[DP-fwdX] L=32 states=1 -> 3
[DP-fwdX] L=32 states=1 -> 3
[DP-bwdX] L=48 states=1 -> 1
[DP-bwdX] L=48 states=1 -> 1
[DP-bwdX] L=48 states=1 -> 1
[DP-fwdX] L=48 states=1 -> 1
[DP-bwdX] L=64 states=1 -> 1
[DP-fwdX] L=48 states=1 -> 1
[DP-fwdX] L=48 states=1 -> 1
[DP-fwdX] L=48 states=1 -> 1
[DP-bwdX] L=64 states=1 -> 1
[DP-bwdX] L=64 states=1 -> 1
[DP-bwdX] L=64 states=1 -> 1
  [Round 73] solve_ms=18.7708  HPWL_w=1061971  HPWL_eq=509  report=1061971
  [Updt] WNS=-6  TNS=41  maxL=15  picked=2
[OC-Shortest/pow2] m=8 h=8 SEG=4 bits=32 words=1 threads=24
[DP-fwdX] L=0 states=1 -> 1
[DP-fwdX] L=16 states=141 -> 164
[DP-bwdX] L=64 states=1 -> 1
[DP-bwdX] L=48 states=141 -> 164
[DP-fwdX] L=0 states=1 -> 1
[DP-bwdX] L=32 states=1 -> 3
[DP-fwdX] L=0 states=1 -> 1
[DP-bwdX] L=16 states=1 -> 3
[DP-fwdX] L=0 states=1 -> 1
[DP-fwdX] L=0 states=1 -> 1
[DP-fwdX] L=0 states=1 -> 1
[DP-bwdX] L=16 states=1 -> 3
[DP-bwdX] L=16 states=1 -> 3
[DP-bwdX] L=16 states=1 -> 3
[DP-fwdX] L=16 states=1 -> 3
[DP-bwdX] L=32 states=1 -> 3
[DP-fwdX] L=16 states=1 -> 3
[DP-fwdX] L=16 states=1 -> 3
[DP-fwdX] L=16 states=1 -> 3
[DP-bwdX] L=32 states=1 -> 3
[DP-bwdX] L=32 states=1 -> 3
[DP-bwdX] L=32 states=1 -> 3
[DP-fwdX] L=32 states=1 -> 3
[DP-bwdX] L=64 states=1 -> 1
[DP-fwdX] L=32 states=1 -> 3
[DP-bwdX] L=48 states=1 -> 3
[DP-fwdX] L=32 states=1 -> 3
[DP-fwdX] L=32 states=1 -> 3
[DP-fwdX] L=32 states=1 -> 3
[DP-bwdX] L=48 states=1 -> 3
[DP-bwdX] L=48 states=1 -> 3
[DP-bwdX] L=48 states=1 -> 3
[DP-fwdX] L=48 states=1 -> 2
[DP-bwdX] L=64 states=1 -> 1
[DP-fwdX] L=48 states=1 -> 2
[DP-fwdX] L=48 states=1 -> 2
[DP-fwdX] L=48 states=1 -> 2
[DP-bwdX] L=64 states=1 -> 1
[DP-bwdX] L=64 states=1 -> 1
[DP-bwdX] L=64 states=1 -> 1
  [Round 74] solve_ms=73.2509  HPWL_w=1079571  HPWL_eq=516  report=1079571
  [Updt] WNS=-9  TNS=62  maxL=18  picked=1
[OC-Shortest/pow2] m=8 h=8 SEG=4 bits=32 words=1 threads=24
[DP-fwdX] L=0 states=1 -> 1
[DP-fwdX] L=16 states=141 -> 164
[DP-bwdX] L=64 states=1 -> 1
[DP-bwdX] L=48 states=141 -> 164
[DP-fwdX] L=0 states=1 -> 1
[DP-bwdX] L=32 states=1 -> 3
[DP-fwdX] L=0 states=1 -> 1
[DP-bwdX] L=16 states=1 -> 3
[DP-fwdX] L=0 states=1 -> 1
[DP-fwdX] L=0 states=1 -> 1
[DP-fwdX] L=0 states=1 -> 1
[DP-bwdX] L=16 states=1 -> 3
[DP-bwdX] L=16 states=1 -> 3
[DP-bwdX] L=16 states=1 -> 3
[DP-fwdX] L=16 states=1 -> 3
[DP-bwdX] L=32 states=1 -> 3
[DP-fwdX] L=16 states=1 -> 3
[DP-fwdX] L=16 states=1 -> 3
[DP-fwdX] L=16 states=1 -> 3
[DP-bwdX] L=32 states=1 -> 3
[DP-bwdX] L=32 states=1 -> 3
[DP-bwdX] L=32 states=1 -> 3
[DP-fwdX] L=32 states=1 -> 3
[DP-bwdX] L=64 states=1 -> 1
[DP-fwdX] L=32 states=1 -> 3
[DP-bwdX] L=48 states=1 -> 3
[DP-fwdX] L=32 states=1 -> 3
[DP-fwdX] L=32 states=1 -> 3
[DP-fwdX] L=32 states=1 -> 3
[DP-bwdX] L=48 states=1 -> 3
[DP-bwdX] L=48 states=1 -> 3
[DP-bwdX] L=48 states=1 -> 3
[DP-fwdX] L=48 states=1 -> 2
[DP-bwdX] L=64 states=1 -> 1
[DP-fwdX] L=48 states=1 -> 2
[DP-fwdX] L=48 states=1 -> 2
[DP-fwdX] L=48 states=1 -> 2
[DP-bwdX] L=64 states=1 -> 1
[DP-bwdX] L=64 states=1 -> 1
[DP-bwdX] L=64 states=1 -> 1
  [Round 75] solve_ms=18.9949  HPWL_w=1093322  HPWL_eq=516  report=1093322
  [Updt] WNS=-8  TNS=60  maxL=17  picked=1
[OC-Shortest/pow2] m=8 h=8 SEG=4 bits=32 words=1 threads=24
[DP-fwdX] L=0 states=1 -> 1
[DP-fwdX] L=16 states=141 -> 164
[DP-bwdX] L=64 states=1 -> 1
[DP-bwdX] L=48 states=141 -> 164
[DP-fwdX] L=0 states=1 -> 1
[DP-bwdX] L=32 states=1 -> 5
[DP-fwdX] L=0 states=1 -> 1
[DP-bwdX] L=16 states=1 -> 3
[DP-fwdX] L=0 states=1 -> 1
[DP-fwdX] L=0 states=1 -> 1
[DP-fwdX] L=0 states=1 -> 1
[DP-bwdX] L=16 states=1 -> 3
[DP-bwdX] L=16 states=1 -> 3
[DP-bwdX] L=16 states=1 -> 3
[DP-fwdX] L=16 states=1 -> 3
[DP-bwdX] L=32 states=1 -> 5
[DP-fwdX] L=16 states=1 -> 3
[DP-fwdX] L=16 states=1 -> 3
[DP-fwdX] L=16 states=1 -> 3
[DP-bwdX] L=32 states=1 -> 5
[DP-bwdX] L=32 states=1 -> 5
[DP-bwdX] L=32 states=1 -> 5
[DP-fwdX] L=32 states=1 -> 5
[DP-bwdX] L=64 states=1 -> 1
[DP-fwdX] L=32 states=1 -> 5
[DP-bwdX] L=48 states=1 -> 4
[DP-fwdX] L=32 states=1 -> 5
[DP-fwdX] L=32 states=1 -> 5
[DP-fwdX] L=32 states=1 -> 5
[DP-bwdX] L=48 states=1 -> 4
[DP-bwdX] L=48 states=1 -> 4
[DP-bwdX] L=48 states=1 -> 4
[DP-fwdX] L=48 states=1 -> 3
[DP-bwdX] L=64 states=1 -> 1
[DP-fwdX] L=48 states=1 -> 3
[DP-fwdX] L=48 states=1 -> 3
[DP-fwdX] L=48 states=1 -> 3
[DP-bwdX] L=64 states=1 -> 1
[DP-bwdX] L=64 states=1 -> 1
[DP-bwdX] L=64 states=1 -> 1
  [Round 76] solve_ms=21.2076  HPWL_w=1096719  HPWL_eq=595  report=1096719
  [Updt] WNS=-41  TNS=169  maxL=50  picked=1
[OC-Shortest/pow2] m=8 h=8 SEG=4 bits=32 words=1 threads=24
[DP-fwdX] L=0 states=1 -> 1
[DP-fwdX] L=16 states=141 -> 164
[DP-bwdX] L=64 states=1 -> 1
[DP-bwdX] L=48 states=141 -> 164
[DP-fwdX] L=0 states=1 -> 1
[DP-bwdX] L=32 states=1 -> 5
[DP-fwdX] L=0 states=1 -> 1
[DP-bwdX] L=16 states=1 -> 2
[DP-fwdX] L=0 states=1 -> 1
[DP-fwdX] L=0 states=1 -> 1
[DP-fwdX] L=0 states=1 -> 1
[DP-bwdX] L=16 states=1 -> 2
[DP-bwdX] L=16 states=1 -> 2
[DP-bwdX] L=16 states=1 -> 2
[DP-fwdX] L=16 states=1 -> 3
[DP-bwdX] L=32 states=1 -> 5
[DP-fwdX] L=16 states=1 -> 3
[DP-fwdX] L=16 states=1 -> 3
[DP-fwdX] L=16 states=1 -> 3
[DP-bwdX] L=32 states=1 -> 5
[DP-bwdX] L=32 states=1 -> 5
[DP-bwdX] L=32 states=1 -> 5
[DP-fwdX] L=32 states=1 -> 6
[DP-bwdX] L=64 states=1 -> 1
[DP-fwdX] L=32 states=1 -> 6
[DP-bwdX] L=48 states=1 -> 3
[DP-fwdX] L=32 states=1 -> 6
[DP-fwdX] L=32 states=1 -> 6
[DP-fwdX] L=32 states=1 -> 6
[DP-bwdX] L=48 states=1 -> 3
[DP-bwdX] L=48 states=1 -> 3
[DP-bwdX] L=48 states=1 -> 3
[DP-fwdX] L=48 states=1 -> 3
[DP-bwdX] L=64 states=1 -> 1
[DP-fwdX] L=48 states=1 -> 3
[DP-fwdX] L=48 states=1 -> 3
[DP-fwdX] L=48 states=1 -> 3
[DP-bwdX] L=64 states=1 -> 1
[DP-bwdX] L=64 states=1 -> 1
[DP-bwdX] L=64 states=1 -> 1
  [Round 77] solve_ms=21.1478  HPWL_w=1100658  HPWL_eq=595  report=1100658
  [Updt] WNS=-41  TNS=170  maxL=50  picked=1
[OC-Shortest/pow2] m=8 h=8 SEG=4 bits=32 words=1 threads=24
[DP-fwdX] L=0 states=1 -> 1
[DP-fwdX] L=16 states=141 -> 164
[DP-bwdX] L=64 states=1 -> 1
[DP-bwdX] L=48 states=141 -> 164
[DP-fwdX] L=0 states=1 -> 1
[DP-bwdX] L=32 states=1 -> 3
[DP-fwdX] L=0 states=1 -> 1
[DP-bwdX] L=16 states=1 -> 1
[DP-fwdX] L=0 states=1 -> 1
[DP-fwdX] L=0 states=1 -> 1
[DP-fwdX] L=0 states=1 -> 1
[DP-bwdX] L=16 states=1 -> 1
[DP-bwdX] L=16 states=1 -> 1
[DP-bwdX] L=16 states=1 -> 1
[DP-fwdX] L=16 states=1 -> 1
[DP-bwdX] L=32 states=1 -> 3
[DP-fwdX] L=16 states=1 -> 1
[DP-fwdX] L=16 states=1 -> 1
[DP-fwdX] L=16 states=1 -> 1
[DP-bwdX] L=32 states=1 -> 3
[DP-bwdX] L=32 states=1 -> 3
[DP-bwdX] L=32 states=1 -> 3
[DP-fwdX] L=32 states=1 -> 3
[DP-bwdX] L=64 states=1 -> 1
[DP-fwdX] L=32 states=1 -> 3
[DP-bwdX] L=48 states=1 -> 3
[DP-fwdX] L=32 states=1 -> 3
[DP-fwdX] L=32 states=1 -> 3
[DP-fwdX] L=32 states=1 -> 3
[DP-bwdX] L=48 states=1 -> 3
[DP-bwdX] L=48 states=1 -> 3
[DP-bwdX] L=48 states=1 -> 3
[DP-fwdX] L=48 states=1 -> 2
[DP-bwdX] L=64 states=1 -> 1
[DP-fwdX] L=48 states=1 -> 2
[DP-fwdX] L=48 states=1 -> 2
[DP-fwdX] L=48 states=1 -> 2
[DP-bwdX] L=64 states=1 -> 1
[DP-bwdX] L=64 states=1 -> 1
[DP-bwdX] L=64 states=1 -> 1
  [Round 78] solve_ms=19.2476  HPWL_w=1150227  HPWL_eq=519  report=1150227
  [Updt] WNS=-24  TNS=105  maxL=33  picked=1
[OC-Shortest/pow2] m=8 h=8 SEG=4 bits=32 words=1 threads=24
[DP-fwdX] L=0 states=1 -> 1
[DP-fwdX] L=16 states=141 -> 164
[DP-bwdX] L=64 states=1 -> 1
[DP-bwdX] L=48 states=141 -> 164
[DP-fwdX] L=0 states=1 -> 1
[DP-bwdX] L=32 states=1 -> 1
[DP-fwdX] L=0 states=1 -> 1
[DP-bwdX] L=16 states=1 -> 1
[DP-fwdX] L=0 states=1 -> 1
[DP-fwdX] L=0 states=1 -> 1
[DP-fwdX] L=0 states=1 -> 1
[DP-bwdX] L=16 states=1 -> 1
[DP-bwdX] L=16 states=1 -> 1
[DP-bwdX] L=16 states=1 -> 1
[DP-fwdX] L=16 states=1 -> 1
[DP-bwdX] L=32 states=1 -> 1
[DP-fwdX] L=16 states=1 -> 1
[DP-fwdX] L=16 states=1 -> 1
[DP-fwdX] L=16 states=1 -> 1
[DP-bwdX] L=32 states=1 -> 1
[DP-bwdX] L=32 states=1 -> 1
[DP-bwdX] L=32 states=1 -> 1
[DP-fwdX] L=32 states=1 -> 1
[DP-bwdX] L=64 states=1 -> 1
[DP-fwdX] L=32 states=1 -> 1
[DP-bwdX] L=48 states=1 -> 3
[DP-fwdX] L=32 states=1 -> 1
[DP-fwdX] L=32 states=1 -> 1
[DP-fwdX] L=32 states=1 -> 1
[DP-bwdX] L=48 states=1 -> 3
[DP-bwdX] L=48 states=1 -> 3
[DP-bwdX] L=48 states=1 -> 3
[DP-fwdX] L=48 states=1 -> 2
[DP-bwdX] L=64 states=1 -> 1
[DP-fwdX] L=48 states=1 -> 2
[DP-fwdX] L=48 states=1 -> 2
[DP-fwdX] L=48 states=1 -> 2
[DP-bwdX] L=64 states=1 -> 1
[DP-bwdX] L=64 states=1 -> 1
[DP-bwdX] L=64 states=1 -> 1
  [Round 79] solve_ms=17.7692  HPWL_w=1169301  HPWL_eq=487  report=1169301
  [Updt] WNS=-13  TNS=50  maxL=22  picked=1
[OC-Shortest/pow2] m=8 h=8 SEG=4 bits=32 words=1 threads=24
[DP-fwdX] L=0 states=1 -> 1
[DP-fwdX] L=16 states=141 -> 164
[DP-bwdX] L=64 states=1 -> 1
[DP-bwdX] L=48 states=141 -> 164
[DP-fwdX] L=0 states=1 -> 1
[DP-bwdX] L=32 states=1 -> 1
[DP-fwdX] L=0 states=1 -> 1
[DP-bwdX] L=16 states=1 -> 1
[DP-fwdX] L=0 states=1 -> 1
[DP-fwdX] L=0 states=1 -> 1
[DP-fwdX] L=0 states=1 -> 1
[DP-bwdX] L=16 states=1 -> 1
[DP-bwdX] L=16 states=1 -> 1
[DP-bwdX] L=16 states=1 -> 1
[DP-fwdX] L=16 states=1 -> 1
[DP-bwdX] L=32 states=1 -> 1
[DP-fwdX] L=16 states=1 -> 1
[DP-fwdX] L=16 states=1 -> 1
[DP-fwdX] L=16 states=1 -> 1
[DP-bwdX] L=32 states=1 -> 1
[DP-bwdX] L=32 states=1 -> 1
[DP-bwdX] L=32 states=1 -> 1
[DP-fwdX] L=32 states=1 -> 1
[DP-bwdX] L=64 states=1 -> 1
[DP-fwdX] L=32 states=1 -> 1
[DP-bwdX] L=48 states=1 -> 4
[DP-fwdX] L=32 states=1 -> 1
[DP-fwdX] L=32 states=1 -> 1
[DP-fwdX] L=32 states=1 -> 1
[DP-bwdX] L=48 states=1 -> 4
[DP-bwdX] L=48 states=1 -> 4
[DP-bwdX] L=48 states=1 -> 4
[DP-fwdX] L=48 states=1 -> 3
[DP-bwdX] L=64 states=1 -> 1
[DP-fwdX] L=48 states=1 -> 3
[DP-fwdX] L=48 states=1 -> 3
[DP-fwdX] L=48 states=1 -> 3
[DP-bwdX] L=64 states=1 -> 1
[DP-bwdX] L=64 states=1 -> 1
[DP-bwdX] L=64 states=1 -> 1
  [Round 80] solve_ms=18.2494  HPWL_w=1178165  HPWL_eq=503  report=1178165
  [Updt] WNS=-20  TNS=65  maxL=29  picked=1
[OC-Shortest/pow2] m=8 h=8 SEG=4 bits=32 words=1 threads=24
[DP-fwdX] L=0 states=1 -> 1
[DP-fwdX] L=16 states=141 -> 164
[DP-bwdX] L=64 states=1 -> 1
[DP-bwdX] L=48 states=141 -> 164
[DP-fwdX] L=0 states=1 -> 1
[DP-bwdX] L=32 states=1 -> 1
[DP-fwdX] L=0 states=1 -> 1
[DP-bwdX] L=16 states=1 -> 1
[DP-fwdX] L=0 states=1 -> 1
[DP-fwdX] L=0 states=1 -> 1
[DP-fwdX] L=0 states=1 -> 1
[DP-bwdX] L=16 states=1 -> 1
[DP-bwdX] L=16 states=1 -> 1
[DP-bwdX] L=16 states=1 -> 1
[DP-fwdX] L=16 states=1 -> 1
[DP-bwdX] L=32 states=1 -> 1
[DP-fwdX] L=16 states=1 -> 1
[DP-fwdX] L=16 states=1 -> 1
[DP-fwdX] L=16 states=1 -> 1
[DP-bwdX] L=32 states=1 -> 1
[DP-bwdX] L=32 states=1 -> 1
[DP-bwdX] L=32 states=1 -> 1
[DP-fwdX] L=32 states=1 -> 1
[DP-bwdX] L=64 states=1 -> 1
[DP-fwdX] L=32 states=1 -> 1
[DP-bwdX] L=48 states=1 -> 1
[DP-fwdX] L=32 states=1 -> 1
[DP-fwdX] L=32 states=1 -> 1
[DP-fwdX] L=32 states=1 -> 1
[DP-bwdX] L=48 states=1 -> 1
[DP-bwdX] L=48 states=1 -> 1
[DP-bwdX] L=48 states=1 -> 1
[DP-fwdX] L=48 states=1 -> 1
[DP-bwdX] L=64 states=1 -> 1
[DP-fwdX] L=48 states=1 -> 1
[DP-fwdX] L=48 states=1 -> 1
[DP-fwdX] L=48 states=1 -> 1
[DP-bwdX] L=64 states=1 -> 1
[DP-bwdX] L=64 states=1 -> 1
[DP-bwdX] L=64 states=1 -> 1
  [Round 81] solve_ms=17.7264  HPWL_w=1192394  HPWL_eq=492  report=1192394
  [Updt] WNS=-6  TNS=49  maxL=15  picked=2
[OC-Shortest/pow2] m=8 h=8 SEG=4 bits=32 words=1 threads=24
[DP-fwdX] L=0 states=1 -> 1
[DP-fwdX] L=16 states=141 -> 164
[DP-bwdX] L=64 states=1 -> 1
[DP-bwdX] L=48 states=141 -> 164
[DP-fwdX] L=0 states=1 -> 1
[DP-bwdX] L=32 states=1 -> 3
[DP-fwdX] L=0 states=1 -> 1
[DP-bwdX] L=16 states=1 -> 1
[DP-fwdX] L=0 states=1 -> 1
[DP-fwdX] L=0 states=1 -> 1
[DP-fwdX] L=0 states=1 -> 1
[DP-bwdX] L=16 states=1 -> 1
[DP-bwdX] L=16 states=1 -> 1
[DP-bwdX] L=16 states=1 -> 1
[DP-fwdX] L=16 states=1 -> 1
[DP-bwdX] L=32 states=1 -> 3
[DP-fwdX] L=16 states=1 -> 1
[DP-fwdX] L=16 states=1 -> 1
[DP-fwdX] L=16 states=1 -> 1
[DP-bwdX] L=32 states=1 -> 3
[DP-bwdX] L=32 states=1 -> 3
[DP-bwdX] L=32 states=1 -> 3
[DP-fwdX] L=32 states=1 -> 3
[DP-bwdX] L=64 states=1 -> 1
[DP-fwdX] L=32 states=1 -> 3
[DP-bwdX] L=48 states=1 -> 5
[DP-fwdX] L=32 states=1 -> 3
[DP-fwdX] L=32 states=1 -> 3
[DP-fwdX] L=32 states=1 -> 3
[DP-bwdX] L=48 states=1 -> 5
[DP-bwdX] L=48 states=1 -> 5
[DP-bwdX] L=48 states=1 -> 5
[DP-fwdX] L=48 states=1 -> 4
[DP-bwdX] L=64 states=1 -> 1
[DP-fwdX] L=48 states=1 -> 4
[DP-fwdX] L=48 states=1 -> 4
[DP-fwdX] L=48 states=1 -> 4
[DP-bwdX] L=64 states=1 -> 1
[DP-bwdX] L=64 states=1 -> 1
[DP-bwdX] L=64 states=1 -> 1
  [Round 82] solve_ms=18.7466  HPWL_w=1202219  HPWL_eq=528  report=1202219
  [Updt] WNS=-27  TNS=89  maxL=36  picked=1
[OC-Shortest/pow2] m=8 h=8 SEG=4 bits=32 words=1 threads=24
[DP-fwdX] L=0 states=1 -> 1
[DP-fwdX] L=16 states=141 -> 164
[DP-bwdX] L=64 states=1 -> 1
[DP-bwdX] L=48 states=141 -> 164
[DP-fwdX] L=0 states=1 -> 1
[DP-bwdX] L=32 states=1 -> 1
[DP-fwdX] L=0 states=1 -> 1
[DP-bwdX] L=16 states=1 -> 1
[DP-fwdX] L=0 states=1 -> 1
[DP-fwdX] L=0 states=1 -> 1
[DP-fwdX] L=0 states=1 -> 1
[DP-bwdX] L=16 states=1 -> 1
[DP-bwdX] L=16 states=1 -> 1
[DP-bwdX] L=16 states=1 -> 1
[DP-fwdX] L=16 states=1 -> 1
[DP-bwdX] L=32 states=1 -> 1
[DP-fwdX] L=16 states=1 -> 1
[DP-fwdX] L=16 states=1 -> 1
[DP-fwdX] L=16 states=1 -> 1
[DP-bwdX] L=32 states=1 -> 1
[DP-bwdX] L=32 states=1 -> 1
[DP-bwdX] L=32 states=1 -> 1
[DP-fwdX] L=32 states=1 -> 1
[DP-bwdX] L=64 states=1 -> 1
[DP-fwdX] L=32 states=1 -> 1
[DP-bwdX] L=48 states=1 -> 1
[DP-fwdX] L=32 states=1 -> 1
[DP-fwdX] L=32 states=1 -> 1
[DP-fwdX] L=32 states=1 -> 1
[DP-bwdX] L=48 states=1 -> 1
[DP-bwdX] L=48 states=1 -> 1
[DP-bwdX] L=48 states=1 -> 1
[DP-fwdX] L=48 states=1 -> 1
[DP-bwdX] L=64 states=1 -> 1
[DP-fwdX] L=48 states=1 -> 1
[DP-fwdX] L=48 states=1 -> 1
[DP-fwdX] L=48 states=1 -> 1
[DP-bwdX] L=64 states=1 -> 1
[DP-bwdX] L=64 states=1 -> 1
[DP-bwdX] L=64 states=1 -> 1
  [Round 83] solve_ms=17.457  HPWL_w=1234783  HPWL_eq=505  report=1234783
  [Updt] WNS=-6  TNS=28  maxL=15  picked=1
[OC-Shortest/pow2] m=8 h=8 SEG=4 bits=32 words=1 threads=24
[DP-fwdX] L=0 states=1 -> 1
[DP-fwdX] L=16 states=141 -> 164
[DP-bwdX] L=64 states=1 -> 1
[DP-bwdX] L=48 states=141 -> 164
[DP-fwdX] L=0 states=1 -> 1
[DP-bwdX] L=32 states=1 -> 1
[DP-fwdX] L=0 states=1 -> 1
[DP-bwdX] L=16 states=1 -> 3
[DP-fwdX] L=0 states=1 -> 1
[DP-fwdX] L=0 states=1 -> 1
[DP-fwdX] L=0 states=1 -> 1
[DP-bwdX] L=16 states=1 -> 3
[DP-bwdX] L=16 states=1 -> 3
[DP-bwdX] L=16 states=1 -> 3
[DP-fwdX] L=16 states=1 -> 4
[DP-bwdX] L=32 states=1 -> 1
[DP-fwdX] L=16 states=1 -> 4
[DP-fwdX] L=16 states=1 -> 4
[DP-fwdX] L=16 states=1 -> 4
[DP-bwdX] L=32 states=1 -> 1
[DP-bwdX] L=32 states=1 -> 1
[DP-bwdX] L=32 states=1 -> 1
[DP-fwdX] L=32 states=1 -> 1
[DP-bwdX] L=64 states=1 -> 1
[DP-fwdX] L=32 states=1 -> 1
[DP-bwdX] L=48 states=1 -> 1
[DP-fwdX] L=32 states=1 -> 1
[DP-fwdX] L=32 states=1 -> 1
[DP-fwdX] L=32 states=1 -> 1
[DP-bwdX] L=48 states=1 -> 1
[DP-bwdX] L=48 states=1 -> 1
[DP-bwdX] L=48 states=1 -> 1
[DP-fwdX] L=48 states=1 -> 1
[DP-bwdX] L=64 states=1 -> 1
[DP-fwdX] L=48 states=1 -> 1
[DP-fwdX] L=48 states=1 -> 1
[DP-fwdX] L=48 states=1 -> 1
[DP-bwdX] L=64 states=1 -> 1
[DP-bwdX] L=64 states=1 -> 1
[DP-bwdX] L=64 states=1 -> 1
  [Round 84] solve_ms=17.8807  HPWL_w=1256493  HPWL_eq=505  report=1256493
  [Updt] WNS=-20  TNS=73  maxL=29  picked=1
[OC-Shortest/pow2] m=8 h=8 SEG=4 bits=32 words=1 threads=24
[DP-fwdX] L=0 states=1 -> 1
[DP-fwdX] L=16 states=141 -> 164
[DP-bwdX] L=64 states=1 -> 1
[DP-bwdX] L=48 states=141 -> 164
[DP-fwdX] L=0 states=1 -> 1
[DP-bwdX] L=32 states=1 -> 3
[DP-fwdX] L=0 states=1 -> 1
[DP-bwdX] L=16 states=1 -> 2
[DP-fwdX] L=0 states=1 -> 1
[DP-fwdX] L=0 states=1 -> 1
[DP-fwdX] L=0 states=1 -> 1
[DP-bwdX] L=16 states=1 -> 2
[DP-bwdX] L=16 states=1 -> 2
[DP-bwdX] L=16 states=1 -> 2
[DP-fwdX] L=16 states=1 -> 3
[DP-bwdX] L=32 states=1 -> 3
[DP-fwdX] L=16 states=1 -> 3
[DP-fwdX] L=16 states=1 -> 3
[DP-fwdX] L=16 states=1 -> 3
[DP-bwdX] L=32 states=1 -> 3
[DP-bwdX] L=32 states=1 -> 3
[DP-bwdX] L=32 states=1 -> 3
[DP-fwdX] L=32 states=1 -> 3
[DP-bwdX] L=64 states=1 -> 1
[DP-fwdX] L=32 states=1 -> 3
[DP-bwdX] L=48 states=1 -> 1
[DP-fwdX] L=32 states=1 -> 3
[DP-fwdX] L=32 states=1 -> 3
[DP-fwdX] L=32 states=1 -> 3
[DP-bwdX] L=48 states=1 -> 1
[DP-bwdX] L=48 states=1 -> 1
[DP-bwdX] L=48 states=1 -> 1
[DP-fwdX] L=48 states=1 -> 1
[DP-bwdX] L=64 states=1 -> 1
[DP-fwdX] L=48 states=1 -> 1
[DP-fwdX] L=48 states=1 -> 1
[DP-fwdX] L=48 states=1 -> 1
[DP-bwdX] L=64 states=1 -> 1
[DP-bwdX] L=64 states=1 -> 1
[DP-bwdX] L=64 states=1 -> 1
  [Round 85] solve_ms=19.2359  HPWL_w=1265466  HPWL_eq=527  report=1265466
  [Updt] WNS=-27  TNS=93  maxL=36  picked=1
[OC-Shortest/pow2] m=8 h=8 SEG=4 bits=32 words=1 threads=24
[DP-fwdX] L=0 states=1 -> 1
[DP-fwdX] L=16 states=141 -> 164
[DP-bwdX] L=64 states=1 -> 1
[DP-bwdX] L=48 states=141 -> 164
[DP-fwdX] L=0 states=1 -> 1
[DP-bwdX] L=32 states=1 -> 2
[DP-fwdX] L=0 states=1 -> 1
[DP-bwdX] L=16 states=1 -> 2
[DP-fwdX] L=0 states=1 -> 1
[DP-fwdX] L=0 states=1 -> 1
[DP-fwdX] L=0 states=1 -> 1
[DP-bwdX] L=16 states=1 -> 2
[DP-bwdX] L=16 states=1 -> 2
[DP-bwdX] L=16 states=1 -> 2
[DP-fwdX] L=16 states=1 -> 3
[DP-bwdX] L=32 states=1 -> 2
[DP-fwdX] L=16 states=1 -> 3
[DP-fwdX] L=16 states=1 -> 3
[DP-fwdX] L=16 states=1 -> 3
[DP-bwdX] L=32 states=1 -> 2
[DP-bwdX] L=32 states=1 -> 2
[DP-bwdX] L=32 states=1 -> 2
[DP-fwdX] L=32 states=1 -> 3
[DP-bwdX] L=64 states=1 -> 1
[DP-fwdX] L=32 states=1 -> 3
[DP-bwdX] L=48 states=1 -> 1
[DP-fwdX] L=32 states=1 -> 3
[DP-fwdX] L=32 states=1 -> 3
[DP-fwdX] L=32 states=1 -> 3
[DP-bwdX] L=48 states=1 -> 1
[DP-bwdX] L=48 states=1 -> 1
[DP-bwdX] L=48 states=1 -> 1
[DP-fwdX] L=48 states=1 -> 1
[DP-bwdX] L=64 states=1 -> 1
[DP-fwdX] L=48 states=1 -> 1
[DP-fwdX] L=48 states=1 -> 1
[DP-fwdX] L=48 states=1 -> 1
[DP-bwdX] L=64 states=1 -> 1
[DP-bwdX] L=64 states=1 -> 1
[DP-bwdX] L=64 states=1 -> 1
  [Round 86] solve_ms=18.9237  HPWL_w=1291521  HPWL_eq=530  report=1291521
  [Updt] WNS=-16  TNS=107  maxL=25  picked=2
[OC-Shortest/pow2] m=8 h=8 SEG=4 bits=32 words=1 threads=24
[DP-fwdX] L=0 states=1 -> 1
[DP-fwdX] L=16 states=141 -> 164
[DP-bwdX] L=64 states=1 -> 1
[DP-bwdX] L=48 states=141 -> 164
[DP-fwdX] L=0 states=1 -> 1
[DP-bwdX] L=32 states=1 -> 1
[DP-fwdX] L=0 states=1 -> 1
[DP-bwdX] L=16 states=1 -> 1
[DP-fwdX] L=0 states=1 -> 1
[DP-fwdX] L=0 states=1 -> 1
[DP-fwdX] L=0 states=1 -> 1
[DP-bwdX] L=16 states=1 -> 1
[DP-bwdX] L=16 states=1 -> 1
[DP-bwdX] L=16 states=1 -> 1
[DP-fwdX] L=16 states=1 -> 1
[DP-bwdX] L=32 states=1 -> 1
[DP-fwdX] L=16 states=1 -> 1
[DP-fwdX] L=16 states=1 -> 1
[DP-fwdX] L=16 states=1 -> 1
[DP-bwdX] L=32 states=1 -> 1
[DP-bwdX] L=32 states=1 -> 1
[DP-bwdX] L=32 states=1 -> 1
[DP-fwdX] L=32 states=1 -> 1
[DP-bwdX] L=64 states=1 -> 1
[DP-fwdX] L=32 states=1 -> 1
[DP-bwdX] L=48 states=1 -> 1
[DP-fwdX] L=32 states=1 -> 1
[DP-fwdX] L=32 states=1 -> 1
[DP-fwdX] L=32 states=1 -> 1
[DP-bwdX] L=48 states=1 -> 1
[DP-bwdX] L=48 states=1 -> 1
[DP-bwdX] L=48 states=1 -> 1
[DP-fwdX] L=48 states=1 -> 1
[DP-bwdX] L=64 states=1 -> 1
[DP-fwdX] L=48 states=1 -> 1
[DP-fwdX] L=48 states=1 -> 1
[DP-fwdX] L=48 states=1 -> 1
[DP-bwdX] L=64 states=1 -> 1
[DP-bwdX] L=64 states=1 -> 1
[DP-bwdX] L=64 states=1 -> 1
  [Round 87] solve_ms=17.4513  HPWL_w=1309570  HPWL_eq=495  report=1309570
  [Updt] WNS=-4  TNS=29  maxL=13  picked=2
[OC-Shortest/pow2] m=8 h=8 SEG=4 bits=32 words=1 threads=24
[DP-fwdX] L=0 states=1 -> 1
[DP-fwdX] L=16 states=141 -> 164
[DP-bwdX] L=64 states=1 -> 1
[DP-bwdX] L=48 states=141 -> 164
[DP-fwdX] L=0 states=1 -> 1
[DP-bwdX] L=32 states=1 -> 1
[DP-fwdX] L=0 states=1 -> 1
[DP-bwdX] L=16 states=1 -> 1
[DP-fwdX] L=0 states=1 -> 1
[DP-fwdX] L=0 states=1 -> 1
[DP-fwdX] L=0 states=1 -> 1
[DP-bwdX] L=16 states=1 -> 1
[DP-bwdX] L=16 states=1 -> 1
[DP-bwdX] L=16 states=1 -> 1
[DP-fwdX] L=16 states=1 -> 1
[DP-bwdX] L=32 states=1 -> 1
[DP-fwdX] L=16 states=1 -> 1
[DP-fwdX] L=16 states=1 -> 1
[DP-fwdX] L=16 states=1 -> 1
[DP-bwdX] L=32 states=1 -> 1
[DP-bwdX] L=32 states=1 -> 1
[DP-bwdX] L=32 states=1 -> 1
[DP-fwdX] L=32 states=1 -> 1
[DP-bwdX] L=64 states=1 -> 1
[DP-fwdX] L=32 states=1 -> 1
[DP-bwdX] L=48 states=1 -> 1
[DP-fwdX] L=32 states=1 -> 1
[DP-fwdX] L=32 states=1 -> 1
[DP-fwdX] L=32 states=1 -> 1
[DP-bwdX] L=48 states=1 -> 1
[DP-bwdX] L=48 states=1 -> 1
[DP-bwdX] L=48 states=1 -> 1
[DP-fwdX] L=48 states=1 -> 1
[DP-bwdX] L=64 states=1 -> 1
[DP-fwdX] L=48 states=1 -> 1
[DP-fwdX] L=48 states=1 -> 1
[DP-fwdX] L=48 states=1 -> 1
[DP-bwdX] L=64 states=1 -> 1
[DP-bwdX] L=64 states=1 -> 1
[DP-bwdX] L=64 states=1 -> 1
  [Round 88] solve_ms=17.3034  HPWL_w=1339900  HPWL_eq=509  report=1339900
  [Updt] WNS=-2  TNS=7  maxL=11  picked=1
[OC-Shortest/pow2] m=8 h=8 SEG=4 bits=32 words=1 threads=24
[DP-fwdX] L=0 states=1 -> 1
[DP-fwdX] L=16 states=141 -> 164
[DP-bwdX] L=64 states=1 -> 1
[DP-bwdX] L=48 states=141 -> 164
[DP-fwdX] L=0 states=1 -> 1
[DP-bwdX] L=32 states=1 -> 1
[DP-fwdX] L=0 states=1 -> 1
[DP-bwdX] L=16 states=1 -> 3
[DP-fwdX] L=0 states=1 -> 1
[DP-fwdX] L=0 states=1 -> 1
[DP-fwdX] L=0 states=1 -> 1
[DP-bwdX] L=16 states=1 -> 3
[DP-bwdX] L=16 states=1 -> 3
[DP-bwdX] L=16 states=1 -> 3
[DP-fwdX] L=16 states=1 -> 3
[DP-bwdX] L=32 states=1 -> 1
[DP-fwdX] L=16 states=1 -> 3
[DP-fwdX] L=16 states=1 -> 3
[DP-fwdX] L=16 states=1 -> 3
[DP-bwdX] L=32 states=1 -> 1
[DP-bwdX] L=32 states=1 -> 1
[DP-bwdX] L=32 states=1 -> 1
[DP-fwdX] L=32 states=1 -> 1
[DP-bwdX] L=64 states=1 -> 1
[DP-fwdX] L=32 states=1 -> 1
[DP-bwdX] L=48 states=1 -> 1
[DP-fwdX] L=32 states=1 -> 1
[DP-fwdX] L=32 states=1 -> 1
[DP-fwdX] L=32 states=1 -> 1
[DP-bwdX] L=48 states=1 -> 1
[DP-bwdX] L=48 states=1 -> 1
[DP-bwdX] L=48 states=1 -> 1
[DP-fwdX] L=48 states=1 -> 1
[DP-bwdX] L=64 states=1 -> 1
[DP-fwdX] L=48 states=1 -> 1
[DP-fwdX] L=48 states=1 -> 1
[DP-fwdX] L=48 states=1 -> 1
[DP-bwdX] L=64 states=1 -> 1
[DP-bwdX] L=64 states=1 -> 1
[DP-bwdX] L=64 states=1 -> 1
  [Round 89] solve_ms=17.4471  HPWL_w=1379578  HPWL_eq=511  report=1379578
  [Updt] WNS=-5  TNS=5  maxL=14  picked=1
[OC-Shortest/pow2] m=8 h=8 SEG=4 bits=32 words=1 threads=24
[DP-fwdX] L=0 states=1 -> 1
[DP-fwdX] L=16 states=141 -> 164
[DP-bwdX] L=64 states=1 -> 1
[DP-bwdX] L=48 states=141 -> 164
[DP-fwdX] L=0 states=1 -> 1
[DP-bwdX] L=32 states=1 -> 1
[DP-fwdX] L=0 states=1 -> 1
[DP-bwdX] L=16 states=1 -> 2
[DP-fwdX] L=0 states=1 -> 1
[DP-fwdX] L=0 states=1 -> 1
[DP-fwdX] L=0 states=1 -> 1
[DP-bwdX] L=16 states=1 -> 2
[DP-bwdX] L=16 states=1 -> 2
[DP-bwdX] L=16 states=1 -> 2
[DP-fwdX] L=16 states=1 -> 3
[DP-bwdX] L=32 states=1 -> 1
[DP-fwdX] L=16 states=1 -> 3
[DP-fwdX] L=16 states=1 -> 3
[DP-fwdX] L=16 states=1 -> 3
[DP-bwdX] L=32 states=1 -> 1
[DP-bwdX] L=32 states=1 -> 1
[DP-bwdX] L=32 states=1 -> 1
[DP-fwdX] L=32 states=1 -> 1
[DP-bwdX] L=64 states=1 -> 1
[DP-fwdX] L=32 states=1 -> 1
[DP-bwdX] L=48 states=1 -> 1
[DP-fwdX] L=32 states=1 -> 1
[DP-fwdX] L=32 states=1 -> 1
[DP-fwdX] L=32 states=1 -> 1
[DP-bwdX] L=48 states=1 -> 1
[DP-bwdX] L=48 states=1 -> 1
[DP-bwdX] L=48 states=1 -> 1
[DP-fwdX] L=48 states=1 -> 1
[DP-bwdX] L=64 states=1 -> 1
[DP-fwdX] L=48 states=1 -> 1
[DP-fwdX] L=48 states=1 -> 1
[DP-fwdX] L=48 states=1 -> 1
[DP-bwdX] L=64 states=1 -> 1
[DP-bwdX] L=64 states=1 -> 1
[DP-bwdX] L=64 states=1 -> 1
  [Round 90] solve_ms=17.5966  HPWL_w=1405042  HPWL_eq=500  report=1405042
  [Updt] WNS=-2  TNS=13  maxL=11  picked=1
[OC-Shortest/pow2] m=8 h=8 SEG=4 bits=32 words=1 threads=24
[DP-fwdX] L=0 states=1 -> 1
[DP-fwdX] L=16 states=141 -> 164
[DP-bwdX] L=64 states=1 -> 1
[DP-bwdX] L=48 states=141 -> 164
[DP-fwdX] L=0 states=1 -> 1
[DP-bwdX] L=32 states=1 -> 1
[DP-fwdX] L=0 states=1 -> 1
[DP-bwdX] L=16 states=1 -> 2
[DP-fwdX] L=0 states=1 -> 1
[DP-fwdX] L=0 states=1 -> 1
[DP-fwdX] L=0 states=1 -> 1
[DP-bwdX] L=16 states=1 -> 2
[DP-bwdX] L=16 states=1 -> 2
[DP-bwdX] L=16 states=1 -> 2
[DP-fwdX] L=16 states=1 -> 3
[DP-bwdX] L=32 states=1 -> 1
[DP-fwdX] L=16 states=1 -> 3
[DP-fwdX] L=16 states=1 -> 3
[DP-fwdX] L=16 states=1 -> 3
[DP-bwdX] L=32 states=1 -> 1
[DP-bwdX] L=32 states=1 -> 1
[DP-bwdX] L=32 states=1 -> 1
[DP-fwdX] L=32 states=1 -> 1
[DP-bwdX] L=64 states=1 -> 1
[DP-fwdX] L=32 states=1 -> 1
[DP-bwdX] L=48 states=1 -> 3
[DP-fwdX] L=32 states=1 -> 1
[DP-fwdX] L=32 states=1 -> 1
[DP-fwdX] L=32 states=1 -> 1
[DP-bwdX] L=48 states=1 -> 3
[DP-bwdX] L=48 states=1 -> 3
[DP-bwdX] L=48 states=1 -> 3
[DP-fwdX] L=48 states=1 -> 3
[DP-bwdX] L=64 states=1 -> 1
[DP-fwdX] L=48 states=1 -> 3
[DP-fwdX] L=48 states=1 -> 3
[DP-fwdX] L=48 states=1 -> 3
[DP-bwdX] L=64 states=1 -> 1
[DP-bwdX] L=64 states=1 -> 1
[DP-bwdX] L=64 states=1 -> 1
  [Round 91] solve_ms=18.2502  HPWL_w=1412848  HPWL_eq=530  report=1412848
  [Updt] WNS=-6  TNS=35  maxL=15  picked=2
[OC-Shortest/pow2] m=8 h=8 SEG=4 bits=32 words=1 threads=24
[DP-fwdX] L=0 states=1 -> 1
[DP-fwdX] L=16 states=141 -> 164
[DP-bwdX] L=64 states=1 -> 1
[DP-bwdX] L=48 states=141 -> 164
[DP-fwdX] L=0 states=1 -> 1
[DP-bwdX] L=32 states=1 -> 1
[DP-fwdX] L=0 states=1 -> 1
[DP-bwdX] L=16 states=1 -> 2
[DP-fwdX] L=0 states=1 -> 1
[DP-fwdX] L=0 states=1 -> 1
[DP-fwdX] L=0 states=1 -> 1
[DP-bwdX] L=16 states=1 -> 2
[DP-bwdX] L=16 states=1 -> 2
[DP-bwdX] L=16 states=1 -> 2
[DP-fwdX] L=16 states=1 -> 3
[DP-bwdX] L=32 states=1 -> 1
[DP-fwdX] L=16 states=1 -> 3
[DP-fwdX] L=16 states=1 -> 3
[DP-fwdX] L=16 states=1 -> 3
[DP-bwdX] L=32 states=1 -> 1
[DP-bwdX] L=32 states=1 -> 1
[DP-bwdX] L=32 states=1 -> 1
[DP-fwdX] L=32 states=1 -> 1
[DP-bwdX] L=64 states=1 -> 1
[DP-fwdX] L=32 states=1 -> 1
[DP-bwdX] L=48 states=1 -> 3
[DP-fwdX] L=32 states=1 -> 1
[DP-fwdX] L=32 states=1 -> 1
[DP-fwdX] L=32 states=1 -> 1
[DP-bwdX] L=48 states=1 -> 3
[DP-bwdX] L=48 states=1 -> 3
[DP-bwdX] L=48 states=1 -> 3
[DP-fwdX] L=48 states=1 -> 2
[DP-bwdX] L=64 states=1 -> 1
[DP-fwdX] L=48 states=1 -> 2
[DP-fwdX] L=48 states=1 -> 2
[DP-fwdX] L=48 states=1 -> 2
[DP-bwdX] L=64 states=1 -> 1
[DP-bwdX] L=64 states=1 -> 1
[DP-bwdX] L=64 states=1 -> 1
  [Round 92] solve_ms=18.5358  HPWL_w=1445161  HPWL_eq=515  report=1445161
  [Updt] WNS=-13  TNS=54  maxL=22  picked=2
[OC-Shortest/pow2] m=8 h=8 SEG=4 bits=32 words=1 threads=24
[DP-fwdX] L=0 states=1 -> 1
[DP-fwdX] L=16 states=141 -> 164
[DP-bwdX] L=64 states=1 -> 1
[DP-bwdX] L=48 states=141 -> 164
[DP-fwdX] L=0 states=1 -> 1
[DP-bwdX] L=32 states=1 -> 5
[DP-fwdX] L=0 states=1 -> 1
[DP-bwdX] L=16 states=1 -> 2
[DP-fwdX] L=0 states=1 -> 1
[DP-fwdX] L=0 states=1 -> 1
[DP-fwdX] L=0 states=1 -> 1
[DP-bwdX] L=16 states=1 -> 2
[DP-bwdX] L=16 states=1 -> 2
[DP-bwdX] L=16 states=1 -> 2
[DP-fwdX] L=16 states=1 -> 3
[DP-bwdX] L=32 states=1 -> 5
[DP-fwdX] L=16 states=1 -> 3
[DP-fwdX] L=16 states=1 -> 3
[DP-fwdX] L=16 states=1 -> 3
[DP-bwdX] L=32 states=1 -> 5
[DP-bwdX] L=32 states=1 -> 5
[DP-bwdX] L=32 states=1 -> 5
[DP-fwdX] L=32 states=1 -> 6
[DP-bwdX] L=64 states=1 -> 1
[DP-fwdX] L=32 states=1 -> 6
[DP-bwdX] L=48 states=1 -> 1
[DP-fwdX] L=32 states=1 -> 6
[DP-fwdX] L=32 states=1 -> 6
[DP-fwdX] L=32 states=1 -> 6
[DP-bwdX] L=48 states=1 -> 1
[DP-bwdX] L=48 states=1 -> 1
[DP-bwdX] L=48 states=1 -> 1
[DP-fwdX] L=48 states=1 -> 1
[DP-bwdX] L=64 states=1 -> 1
[DP-fwdX] L=48 states=1 -> 1
[DP-fwdX] L=48 states=1 -> 1
[DP-fwdX] L=48 states=1 -> 1
[DP-bwdX] L=64 states=1 -> 1
[DP-bwdX] L=64 states=1 -> 1
[DP-bwdX] L=64 states=1 -> 1
  [Round 93] solve_ms=20.5241  HPWL_w=1461183  HPWL_eq=554  report=1461183
  [Updt] WNS=-34  TNS=129  maxL=43  picked=1
[OC-Shortest/pow2] m=8 h=8 SEG=4 bits=32 words=1 threads=24
[DP-fwdX] L=0 states=1 -> 1
[DP-fwdX] L=16 states=141 -> 164
[DP-bwdX] L=64 states=1 -> 1
[DP-bwdX] L=48 states=141 -> 164
[DP-fwdX] L=0 states=1 -> 1
[DP-bwdX] L=32 states=1 -> 1
[DP-fwdX] L=0 states=1 -> 1
[DP-bwdX] L=16 states=1 -> 3
[DP-fwdX] L=0 states=1 -> 1
[DP-fwdX] L=0 states=1 -> 1
[DP-fwdX] L=0 states=1 -> 1
[DP-bwdX] L=16 states=1 -> 3
[DP-bwdX] L=16 states=1 -> 3
[DP-bwdX] L=16 states=1 -> 3
[DP-fwdX] L=16 states=1 -> 3
[DP-bwdX] L=32 states=1 -> 1
[DP-fwdX] L=16 states=1 -> 3
[DP-fwdX] L=16 states=1 -> 3
[DP-fwdX] L=16 states=1 -> 3
[DP-bwdX] L=32 states=1 -> 1
[DP-bwdX] L=32 states=1 -> 1
[DP-bwdX] L=32 states=1 -> 1
[DP-fwdX] L=32 states=1 -> 1
[DP-bwdX] L=64 states=1 -> 1
[DP-fwdX] L=32 states=1 -> 1
[DP-bwdX] L=48 states=1 -> 4
[DP-fwdX] L=32 states=1 -> 1
[DP-fwdX] L=32 states=1 -> 1
[DP-fwdX] L=32 states=1 -> 1
[DP-bwdX] L=48 states=1 -> 4
[DP-bwdX] L=48 states=1 -> 4
[DP-bwdX] L=48 states=1 -> 4
[DP-fwdX] L=48 states=1 -> 3
[DP-bwdX] L=64 states=1 -> 1
[DP-fwdX] L=48 states=1 -> 3
[DP-fwdX] L=48 states=1 -> 3
[DP-fwdX] L=48 states=1 -> 3
[DP-bwdX] L=64 states=1 -> 1
[DP-bwdX] L=64 states=1 -> 1
[DP-bwdX] L=64 states=1 -> 1
  [Round 94] solve_ms=18.1485  HPWL_w=1480916  HPWL_eq=535  report=1480916
  [Updt] WNS=-13  TNS=85  maxL=22  picked=1
[OC-Shortest/pow2] m=8 h=8 SEG=4 bits=32 words=1 threads=24
[DP-fwdX] L=0 states=1 -> 1
[DP-fwdX] L=16 states=141 -> 164
[DP-bwdX] L=64 states=1 -> 1
[DP-bwdX] L=48 states=141 -> 164
[DP-fwdX] L=0 states=1 -> 1
[DP-bwdX] L=32 states=1 -> 4
[DP-fwdX] L=0 states=1 -> 1
[DP-bwdX] L=16 states=1 -> 2
[DP-fwdX] L=0 states=1 -> 1
[DP-fwdX] L=0 states=1 -> 1
[DP-fwdX] L=0 states=1 -> 1
[DP-bwdX] L=16 states=1 -> 2
[DP-bwdX] L=16 states=1 -> 2
[DP-bwdX] L=16 states=1 -> 2
[DP-fwdX] L=16 states=1 -> 3
[DP-bwdX] L=32 states=1 -> 4
[DP-fwdX] L=16 states=1 -> 3
[DP-fwdX] L=16 states=1 -> 3
[DP-fwdX] L=16 states=1 -> 3
[DP-bwdX] L=32 states=1 -> 4
[DP-bwdX] L=32 states=1 -> 4
[DP-bwdX] L=32 states=1 -> 4
[DP-fwdX] L=32 states=1 -> 4
[DP-bwdX] L=64 states=1 -> 1
[DP-fwdX] L=32 states=1 -> 4
[DP-bwdX] L=48 states=1 -> 3
[DP-fwdX] L=32 states=1 -> 4
[DP-fwdX] L=32 states=1 -> 4
[DP-fwdX] L=32 states=1 -> 4
[DP-bwdX] L=48 states=1 -> 3
[DP-bwdX] L=48 states=1 -> 3
[DP-bwdX] L=48 states=1 -> 3
[DP-fwdX] L=48 states=1 -> 3
[DP-bwdX] L=64 states=1 -> 1
[DP-fwdX] L=48 states=1 -> 3
[DP-fwdX] L=48 states=1 -> 3
[DP-fwdX] L=48 states=1 -> 3
[DP-bwdX] L=64 states=1 -> 1
[DP-bwdX] L=64 states=1 -> 1
[DP-bwdX] L=64 states=1 -> 1
  [Round 95] solve_ms=19.7858  HPWL_w=1488854  HPWL_eq=528  report=1488854
  [Updt] WNS=-23  TNS=104  maxL=32  picked=1
[OC-Shortest/pow2] m=8 h=8 SEG=4 bits=32 words=1 threads=24
[DP-fwdX] L=0 states=1 -> 1
[DP-fwdX] L=16 states=141 -> 164
[DP-bwdX] L=64 states=1 -> 1
[DP-bwdX] L=48 states=141 -> 164
[DP-fwdX] L=0 states=1 -> 1
[DP-bwdX] L=32 states=1 -> 1
[DP-fwdX] L=0 states=1 -> 1
[DP-bwdX] L=16 states=1 -> 3
[DP-fwdX] L=0 states=1 -> 1
[DP-fwdX] L=0 states=1 -> 1
[DP-fwdX] L=0 states=1 -> 1
[DP-bwdX] L=16 states=1 -> 3
[DP-bwdX] L=16 states=1 -> 3
[DP-bwdX] L=16 states=1 -> 3
[DP-fwdX] L=16 states=1 -> 4
[DP-bwdX] L=32 states=1 -> 1
[DP-fwdX] L=16 states=1 -> 4
[DP-fwdX] L=16 states=1 -> 4
[DP-fwdX] L=16 states=1 -> 4
[DP-bwdX] L=32 states=1 -> 1
[DP-bwdX] L=32 states=1 -> 1
[DP-bwdX] L=32 states=1 -> 1
[DP-fwdX] L=32 states=1 -> 1
[DP-bwdX] L=64 states=1 -> 1
[DP-fwdX] L=32 states=1 -> 1
[DP-bwdX] L=48 states=1 -> 3
[DP-fwdX] L=32 states=1 -> 1
[DP-fwdX] L=32 states=1 -> 1
[DP-fwdX] L=32 states=1 -> 1
[DP-bwdX] L=48 states=1 -> 3
[DP-bwdX] L=48 states=1 -> 3
[DP-bwdX] L=48 states=1 -> 3
[DP-fwdX] L=48 states=1 -> 3
[DP-bwdX] L=64 states=1 -> 1
[DP-fwdX] L=48 states=1 -> 3
[DP-fwdX] L=48 states=1 -> 3
[DP-fwdX] L=48 states=1 -> 3
[DP-bwdX] L=64 states=1 -> 1
[DP-bwdX] L=64 states=1 -> 1
[DP-bwdX] L=64 states=1 -> 1
  [Round 96] solve_ms=18.1604  HPWL_w=1499733  HPWL_eq=506  report=1499733
  [Updt] WNS=-14  TNS=62  maxL=23  picked=1
[OC-Shortest/pow2] m=8 h=8 SEG=4 bits=32 words=1 threads=24
[DP-fwdX] L=0 states=1 -> 1
[DP-fwdX] L=16 states=141 -> 164
[DP-bwdX] L=64 states=1 -> 1
[DP-bwdX] L=48 states=141 -> 164
[DP-fwdX] L=0 states=1 -> 1
[DP-bwdX] L=32 states=1 -> 1
[DP-fwdX] L=0 states=1 -> 1
[DP-bwdX] L=16 states=1 -> 3
[DP-fwdX] L=0 states=1 -> 1
[DP-fwdX] L=0 states=1 -> 1
[DP-fwdX] L=0 states=1 -> 1
[DP-bwdX] L=16 states=1 -> 3
[DP-bwdX] L=16 states=1 -> 3
[DP-bwdX] L=16 states=1 -> 3
[DP-fwdX] L=16 states=1 -> 3
[DP-bwdX] L=32 states=1 -> 1
[DP-fwdX] L=16 states=1 -> 3
[DP-fwdX] L=16 states=1 -> 3
[DP-fwdX] L=16 states=1 -> 3
[DP-bwdX] L=32 states=1 -> 1
[DP-bwdX] L=32 states=1 -> 1
[DP-bwdX] L=32 states=1 -> 1
[DP-fwdX] L=32 states=1 -> 1
[DP-bwdX] L=64 states=1 -> 1
[DP-fwdX] L=32 states=1 -> 1
[DP-bwdX] L=48 states=1 -> 4
[DP-fwdX] L=32 states=1 -> 1
[DP-fwdX] L=32 states=1 -> 1
[DP-fwdX] L=32 states=1 -> 1
[DP-bwdX] L=48 states=1 -> 4
[DP-bwdX] L=48 states=1 -> 4
[DP-bwdX] L=48 states=1 -> 4
[DP-fwdX] L=48 states=1 -> 3
[DP-bwdX] L=64 states=1 -> 1
[DP-fwdX] L=48 states=1 -> 3
[DP-fwdX] L=48 states=1 -> 3
[DP-fwdX] L=48 states=1 -> 3
[DP-bwdX] L=64 states=1 -> 1
[DP-bwdX] L=64 states=1 -> 1
[DP-bwdX] L=64 states=1 -> 1
  [Round 97] solve_ms=18.4493  HPWL_w=1510277  HPWL_eq=525  report=1510277
  [Updt] WNS=-15  TNS=84  maxL=24  picked=2
[OC-Shortest/pow2] m=8 h=8 SEG=4 bits=32 words=1 threads=24
[DP-fwdX] L=0 states=1 -> 1
[DP-fwdX] L=16 states=141 -> 164
[DP-bwdX] L=64 states=1 -> 1
[DP-bwdX] L=48 states=141 -> 164
[DP-fwdX] L=0 states=1 -> 1
[DP-bwdX] L=32 states=1 -> 1
[DP-fwdX] L=0 states=1 -> 1
[DP-bwdX] L=16 states=1 -> 2
[DP-fwdX] L=0 states=1 -> 1
[DP-fwdX] L=0 states=1 -> 1
[DP-fwdX] L=0 states=1 -> 1
[DP-bwdX] L=16 states=1 -> 2
[DP-bwdX] L=16 states=1 -> 2
[DP-bwdX] L=16 states=1 -> 2
[DP-fwdX] L=16 states=1 -> 3
[DP-bwdX] L=32 states=1 -> 1
[DP-fwdX] L=16 states=1 -> 3
[DP-fwdX] L=16 states=1 -> 3
[DP-fwdX] L=16 states=1 -> 3
[DP-bwdX] L=32 states=1 -> 1
[DP-bwdX] L=32 states=1 -> 1
[DP-bwdX] L=32 states=1 -> 1
[DP-fwdX] L=32 states=1 -> 1
[DP-bwdX] L=64 states=1 -> 1
[DP-fwdX] L=32 states=1 -> 1
[DP-bwdX] L=48 states=1 -> 3
[DP-fwdX] L=32 states=1 -> 1
[DP-fwdX] L=32 states=1 -> 1
[DP-fwdX] L=32 states=1 -> 1
[DP-bwdX] L=48 states=1 -> 3
[DP-bwdX] L=48 states=1 -> 3
[DP-bwdX] L=48 states=1 -> 3
[DP-fwdX] L=48 states=1 -> 3
[DP-bwdX] L=64 states=1 -> 1
[DP-fwdX] L=48 states=1 -> 3
[DP-fwdX] L=48 states=1 -> 3
[DP-fwdX] L=48 states=1 -> 3
[DP-bwdX] L=64 states=1 -> 1
[DP-bwdX] L=64 states=1 -> 1
[DP-bwdX] L=64 states=1 -> 1
  [Round 98] solve_ms=18.1079  HPWL_w=1527510  HPWL_eq=504  report=1527510
  [Updt] WNS=-6  TNS=29  maxL=15  picked=1
[OC-Shortest/pow2] m=8 h=8 SEG=4 bits=32 words=1 threads=24
[DP-fwdX] L=0 states=1 -> 1
[DP-fwdX] L=16 states=141 -> 164
[DP-bwdX] L=64 states=1 -> 1
[DP-bwdX] L=48 states=141 -> 164
[DP-fwdX] L=0 states=1 -> 1
[DP-bwdX] L=32 states=1 -> 1
[DP-fwdX] L=0 states=1 -> 1
[DP-bwdX] L=16 states=1 -> 2
[DP-fwdX] L=0 states=1 -> 1
[DP-fwdX] L=0 states=1 -> 1
[DP-fwdX] L=0 states=1 -> 1
[DP-bwdX] L=16 states=1 -> 2
[DP-bwdX] L=16 states=1 -> 2
[DP-bwdX] L=16 states=1 -> 2
[DP-fwdX] L=16 states=1 -> 3
[DP-bwdX] L=32 states=1 -> 1
[DP-fwdX] L=16 states=1 -> 3
[DP-fwdX] L=16 states=1 -> 3
[DP-fwdX] L=16 states=1 -> 3
[DP-bwdX] L=32 states=1 -> 1
[DP-bwdX] L=32 states=1 -> 1
[DP-bwdX] L=32 states=1 -> 1
[DP-fwdX] L=32 states=1 -> 1
[DP-bwdX] L=64 states=1 -> 1
[DP-fwdX] L=32 states=1 -> 1
[DP-bwdX] L=48 states=1 -> 3
[DP-fwdX] L=32 states=1 -> 1
[DP-fwdX] L=32 states=1 -> 1
[DP-fwdX] L=32 states=1 -> 1
[DP-bwdX] L=48 states=1 -> 3
[DP-bwdX] L=48 states=1 -> 3
[DP-bwdX] L=48 states=1 -> 3
[DP-fwdX] L=48 states=1 -> 2
[DP-bwdX] L=64 states=1 -> 1
[DP-fwdX] L=48 states=1 -> 2
[DP-fwdX] L=48 states=1 -> 2
[DP-fwdX] L=48 states=1 -> 2
[DP-bwdX] L=64 states=1 -> 1
[DP-bwdX] L=64 states=1 -> 1
[DP-bwdX] L=64 states=1 -> 1
  [Round 99] solve_ms=17.8352  HPWL_w=1549598  HPWL_eq=506  report=1549598
  [Updt] WNS=-6  TNS=36  maxL=15  picked=1
[OC-Shortest/pow2] m=8 h=8 SEG=4 bits=32 words=1 threads=24
[DP-fwdX] L=0 states=1 -> 1
[DP-fwdX] L=16 states=141 -> 164
[DP-bwdX] L=64 states=1 -> 1
[DP-bwdX] L=48 states=141 -> 164
[DP-fwdX] L=0 states=1 -> 1
[DP-bwdX] L=32 states=1 -> 1
[DP-fwdX] L=0 states=1 -> 1
[DP-bwdX] L=16 states=1 -> 2
[DP-fwdX] L=0 states=1 -> 1
[DP-fwdX] L=0 states=1 -> 1
[DP-fwdX] L=0 states=1 -> 1
[DP-bwdX] L=16 states=1 -> 2
[DP-bwdX] L=16 states=1 -> 2
[DP-bwdX] L=16 states=1 -> 2
[DP-fwdX] L=16 states=1 -> 3
[DP-bwdX] L=32 states=1 -> 1
[DP-fwdX] L=16 states=1 -> 3
[DP-fwdX] L=16 states=1 -> 3
[DP-fwdX] L=16 states=1 -> 3
[DP-bwdX] L=32 states=1 -> 1
[DP-bwdX] L=32 states=1 -> 1
[DP-bwdX] L=32 states=1 -> 1
[DP-fwdX] L=32 states=1 -> 1
[DP-bwdX] L=64 states=1 -> 1
[DP-fwdX] L=32 states=1 -> 1
[DP-bwdX] L=48 states=1 -> 4
[DP-fwdX] L=32 states=1 -> 1
[DP-fwdX] L=32 states=1 -> 1
[DP-fwdX] L=32 states=1 -> 1
[DP-bwdX] L=48 states=1 -> 4
[DP-bwdX] L=48 states=1 -> 4
[DP-bwdX] L=48 states=1 -> 4
[DP-fwdX] L=48 states=1 -> 3
[DP-bwdX] L=64 states=1 -> 1
[DP-fwdX] L=48 states=1 -> 3
[DP-fwdX] L=48 states=1 -> 3
[DP-fwdX] L=48 states=1 -> 3
[DP-bwdX] L=64 states=1 -> 1
[DP-bwdX] L=64 states=1 -> 1
[DP-bwdX] L=64 states=1 -> 1
  [Round 100] solve_ms=18.3613  HPWL_w=1600688  HPWL_eq=495  report=1600688
  [Updt] WNS=-18  TNS=83  maxL=27  picked=1
[OC-Shortest/pow2] m=8 h=8 SEG=4 bits=32 words=1 threads=24
[DP-fwdX] L=0 states=1 -> 1
[DP-fwdX] L=16 states=141 -> 164
[DP-bwdX] L=64 states=1 -> 1
[DP-bwdX] L=48 states=141 -> 164
[DP-fwdX] L=0 states=1 -> 1
[DP-bwdX] L=32 states=1 -> 3
[DP-fwdX] L=0 states=1 -> 1
[DP-bwdX] L=16 states=1 -> 2
[DP-fwdX] L=0 states=1 -> 1
[DP-fwdX] L=0 states=1 -> 1
[DP-fwdX] L=0 states=1 -> 1
[DP-bwdX] L=16 states=1 -> 2
[DP-bwdX] L=16 states=1 -> 2
[DP-bwdX] L=16 states=1 -> 2
[DP-fwdX] L=16 states=1 -> 3
[DP-bwdX] L=32 states=1 -> 3
[DP-fwdX] L=16 states=1 -> 3
[DP-fwdX] L=16 states=1 -> 3
[DP-fwdX] L=16 states=1 -> 3
[DP-bwdX] L=32 states=1 -> 3
[DP-bwdX] L=32 states=1 -> 3
[DP-bwdX] L=32 states=1 -> 3
[DP-fwdX] L=32 states=1 -> 3
[DP-bwdX] L=64 states=1 -> 1
[DP-fwdX] L=32 states=1 -> 3
[DP-bwdX] L=48 states=1 -> 3
[DP-fwdX] L=32 states=1 -> 3
[DP-fwdX] L=32 states=1 -> 3
[DP-fwdX] L=32 states=1 -> 3
[DP-bwdX] L=48 states=1 -> 3
[DP-bwdX] L=48 states=1 -> 3
[DP-bwdX] L=48 states=1 -> 3
[DP-fwdX] L=48 states=1 -> 2
[DP-bwdX] L=64 states=1 -> 1
[DP-fwdX] L=48 states=1 -> 2
[DP-fwdX] L=48 states=1 -> 2
[DP-fwdX] L=48 states=1 -> 2
[DP-bwdX] L=64 states=1 -> 1
[DP-bwdX] L=64 states=1 -> 1
[DP-bwdX] L=64 states=1 -> 1
  [Round 101] solve_ms=18.5765  HPWL_w=1623577  HPWL_eq=492  report=1623577
  [Updt] WNS=-12  TNS=77  maxL=21  picked=1
[OC-Shortest/pow2] m=8 h=8 SEG=4 bits=32 words=1 threads=24
[DP-fwdX] L=0 states=1 -> 1
[DP-fwdX] L=16 states=141 -> 164
[DP-bwdX] L=64 states=1 -> 1
[DP-bwdX] L=48 states=141 -> 164
[DP-fwdX] L=0 states=1 -> 1
[DP-bwdX] L=32 states=1 -> 3
[DP-fwdX] L=0 states=1 -> 1
[DP-bwdX] L=16 states=1 -> 2
[DP-fwdX] L=0 states=1 -> 1
[DP-fwdX] L=0 states=1 -> 1
[DP-fwdX] L=0 states=1 -> 1
[DP-bwdX] L=16 states=1 -> 2
[DP-bwdX] L=16 states=1 -> 2
[DP-bwdX] L=16 states=1 -> 2
[DP-fwdX] L=16 states=1 -> 3
[DP-bwdX] L=32 states=1 -> 3
[DP-fwdX] L=16 states=1 -> 3
[DP-fwdX] L=16 states=1 -> 3
[DP-fwdX] L=16 states=1 -> 3
[DP-bwdX] L=32 states=1 -> 3
[DP-bwdX] L=32 states=1 -> 3
[DP-bwdX] L=32 states=1 -> 3
[DP-fwdX] L=32 states=1 -> 3
[DP-bwdX] L=64 states=1 -> 1
[DP-fwdX] L=32 states=1 -> 3
[DP-bwdX] L=48 states=1 -> 5
[DP-fwdX] L=32 states=1 -> 3
[DP-fwdX] L=32 states=1 -> 3
[DP-fwdX] L=32 states=1 -> 3
[DP-bwdX] L=48 states=1 -> 5
[DP-bwdX] L=48 states=1 -> 5
[DP-bwdX] L=48 states=1 -> 5
[DP-fwdX] L=48 states=1 -> 4
[DP-bwdX] L=64 states=1 -> 1
[DP-fwdX] L=48 states=1 -> 4
[DP-fwdX] L=48 states=1 -> 4
[DP-fwdX] L=48 states=1 -> 4
[DP-bwdX] L=64 states=1 -> 1
[DP-bwdX] L=64 states=1 -> 1
[DP-bwdX] L=64 states=1 -> 1
  [Round 102] solve_ms=18.9803  HPWL_w=1637023  HPWL_eq=522  report=1637023
  [Updt] WNS=-27  TNS=110  maxL=36  picked=1
[OC-Shortest/pow2] m=8 h=8 SEG=4 bits=32 words=1 threads=24
[DP-fwdX] L=0 states=1 -> 1
[DP-fwdX] L=16 states=141 -> 164
[DP-bwdX] L=64 states=1 -> 1
[DP-bwdX] L=48 states=141 -> 164
[DP-fwdX] L=0 states=1 -> 1
[DP-bwdX] L=32 states=1 -> 3
[DP-fwdX] L=0 states=1 -> 1
[DP-bwdX] L=16 states=1 -> 2
[DP-fwdX] L=0 states=1 -> 1
[DP-fwdX] L=0 states=1 -> 1
[DP-fwdX] L=0 states=1 -> 1
[DP-bwdX] L=16 states=1 -> 2
[DP-bwdX] L=16 states=1 -> 2
[DP-bwdX] L=16 states=1 -> 2
[DP-fwdX] L=16 states=1 -> 3
[DP-bwdX] L=32 states=1 -> 3
[DP-fwdX] L=16 states=1 -> 3
[DP-fwdX] L=16 states=1 -> 3
[DP-fwdX] L=16 states=1 -> 3
[DP-bwdX] L=32 states=1 -> 3
[DP-bwdX] L=32 states=1 -> 3
[DP-bwdX] L=32 states=1 -> 3
[DP-fwdX] L=32 states=1 -> 3
[DP-bwdX] L=64 states=1 -> 1
[DP-fwdX] L=32 states=1 -> 3
[DP-bwdX] L=48 states=1 -> 1
[DP-fwdX] L=32 states=1 -> 3
[DP-fwdX] L=32 states=1 -> 3
[DP-fwdX] L=32 states=1 -> 3
[DP-bwdX] L=48 states=1 -> 1
[DP-bwdX] L=48 states=1 -> 1
[DP-bwdX] L=48 states=1 -> 1
[DP-fwdX] L=48 states=1 -> 1
[DP-bwdX] L=64 states=1 -> 1
[DP-fwdX] L=48 states=1 -> 1
[DP-fwdX] L=48 states=1 -> 1
[DP-fwdX] L=48 states=1 -> 1
[DP-bwdX] L=64 states=1 -> 1
[DP-bwdX] L=64 states=1 -> 1
[DP-bwdX] L=64 states=1 -> 1
  [Round 103] solve_ms=19.5815  HPWL_w=1665142  HPWL_eq=488  report=1665142
  [Updt] WNS=-13  TNS=91  maxL=22  picked=2
[OC-Shortest/pow2] m=8 h=8 SEG=4 bits=32 words=1 threads=24
[DP-fwdX] L=0 states=1 -> 1
[DP-fwdX] L=16 states=141 -> 164
[DP-bwdX] L=64 states=1 -> 1
[DP-bwdX] L=48 states=141 -> 164
[DP-fwdX] L=0 states=1 -> 1
[DP-bwdX] L=32 states=1 -> 3
[DP-fwdX] L=0 states=1 -> 1
[DP-bwdX] L=16 states=1 -> 2
[DP-fwdX] L=0 states=1 -> 1
[DP-fwdX] L=0 states=1 -> 1
[DP-fwdX] L=0 states=1 -> 1
[DP-bwdX] L=16 states=1 -> 2
[DP-bwdX] L=16 states=1 -> 2
[DP-bwdX] L=16 states=1 -> 2
[DP-fwdX] L=16 states=1 -> 3
[DP-bwdX] L=32 states=1 -> 3
[DP-fwdX] L=16 states=1 -> 3
[DP-fwdX] L=16 states=1 -> 3
[DP-fwdX] L=16 states=1 -> 3
[DP-bwdX] L=32 states=1 -> 3
[DP-bwdX] L=32 states=1 -> 3
[DP-bwdX] L=32 states=1 -> 3
[DP-fwdX] L=32 states=1 -> 3
[DP-bwdX] L=64 states=1 -> 1
[DP-fwdX] L=32 states=1 -> 3
[DP-bwdX] L=48 states=1 -> 1
[DP-fwdX] L=32 states=1 -> 3
[DP-fwdX] L=32 states=1 -> 3
[DP-fwdX] L=32 states=1 -> 3
[DP-bwdX] L=48 states=1 -> 1
[DP-bwdX] L=48 states=1 -> 1
[DP-bwdX] L=48 states=1 -> 1
[DP-fwdX] L=48 states=1 -> 1
[DP-bwdX] L=64 states=1 -> 1
[DP-fwdX] L=48 states=1 -> 1
[DP-fwdX] L=48 states=1 -> 1
[DP-fwdX] L=48 states=1 -> 1
[DP-bwdX] L=64 states=1 -> 1
[DP-bwdX] L=64 states=1 -> 1
[DP-bwdX] L=64 states=1 -> 1
  [Round 104] solve_ms=19.4908  HPWL_w=1723402  HPWL_eq=516  report=1723402
  [Updt] WNS=-27  TNS=115  maxL=36  picked=1
[OC-Shortest/pow2] m=8 h=8 SEG=4 bits=32 words=1 threads=24
[DP-fwdX] L=0 states=1 -> 1
[DP-fwdX] L=16 states=141 -> 164
[DP-bwdX] L=64 states=1 -> 1
[DP-bwdX] L=48 states=141 -> 164
[DP-fwdX] L=0 states=1 -> 1
[DP-bwdX] L=32 states=1 -> 2
[DP-fwdX] L=0 states=1 -> 1
[DP-bwdX] L=16 states=1 -> 2
[DP-fwdX] L=0 states=1 -> 1
[DP-fwdX] L=0 states=1 -> 1
[DP-fwdX] L=0 states=1 -> 1
[DP-bwdX] L=16 states=1 -> 2
[DP-bwdX] L=16 states=1 -> 2
[DP-bwdX] L=16 states=1 -> 2
[DP-fwdX] L=16 states=1 -> 3
[DP-bwdX] L=32 states=1 -> 2
[DP-fwdX] L=16 states=1 -> 3
[DP-fwdX] L=16 states=1 -> 3
[DP-fwdX] L=16 states=1 -> 3
[DP-bwdX] L=32 states=1 -> 2
[DP-bwdX] L=32 states=1 -> 2
[DP-bwdX] L=32 states=1 -> 2
[DP-fwdX] L=32 states=1 -> 3
[DP-bwdX] L=64 states=1 -> 1
[DP-fwdX] L=32 states=1 -> 3
[DP-bwdX] L=48 states=1 -> 3
[DP-fwdX] L=32 states=1 -> 3
[DP-fwdX] L=32 states=1 -> 3
[DP-fwdX] L=32 states=1 -> 3
[DP-bwdX] L=48 states=1 -> 3
[DP-bwdX] L=48 states=1 -> 3
[DP-bwdX] L=48 states=1 -> 3
[DP-fwdX] L=48 states=1 -> 2
[DP-bwdX] L=64 states=1 -> 1
[DP-fwdX] L=48 states=1 -> 2
[DP-fwdX] L=48 states=1 -> 2
[DP-fwdX] L=48 states=1 -> 2
[DP-bwdX] L=64 states=1 -> 1
[DP-bwdX] L=64 states=1 -> 1
[DP-bwdX] L=64 states=1 -> 1
  [Round 105] solve_ms=22.3477  HPWL_w=1742276  HPWL_eq=537  report=1742276
  [Updt] WNS=-17  TNS=136  maxL=26  picked=1
[OC-Shortest/pow2] m=8 h=8 SEG=4 bits=32 words=1 threads=24
[DP-fwdX] L=0 states=1 -> 1
[DP-fwdX] L=16 states=141 -> 164
[DP-bwdX] L=64 states=1 -> 1
[DP-bwdX] L=48 states=141 -> 164
[DP-fwdX] L=0 states=1 -> 1
[DP-bwdX] L=32 states=1 -> 2
[DP-fwdX] L=0 states=1 -> 1
[DP-bwdX] L=16 states=1 -> 2
[DP-fwdX] L=0 states=1 -> 1
[DP-fwdX] L=0 states=1 -> 1
[DP-fwdX] L=0 states=1 -> 1
[DP-bwdX] L=16 states=1 -> 2
[DP-bwdX] L=16 states=1 -> 2
[DP-bwdX] L=16 states=1 -> 2
[DP-fwdX] L=16 states=1 -> 3
[DP-bwdX] L=32 states=1 -> 2
[DP-fwdX] L=16 states=1 -> 3
[DP-fwdX] L=16 states=1 -> 3
[DP-fwdX] L=16 states=1 -> 3
[DP-bwdX] L=32 states=1 -> 2
[DP-bwdX] L=32 states=1 -> 2
[DP-bwdX] L=32 states=1 -> 2
[DP-fwdX] L=32 states=1 -> 3
[DP-bwdX] L=64 states=1 -> 1
[DP-fwdX] L=32 states=1 -> 3
[DP-bwdX] L=48 states=1 -> 3
[DP-fwdX] L=32 states=1 -> 3
[DP-fwdX] L=32 states=1 -> 3
[DP-fwdX] L=32 states=1 -> 3
[DP-bwdX] L=48 states=1 -> 3
[DP-bwdX] L=48 states=1 -> 3
[DP-bwdX] L=48 states=1 -> 3
[DP-fwdX] L=48 states=1 -> 2
[DP-bwdX] L=64 states=1 -> 1
[DP-fwdX] L=48 states=1 -> 2
[DP-fwdX] L=48 states=1 -> 2
[DP-fwdX] L=48 states=1 -> 2
[DP-bwdX] L=64 states=1 -> 1
[DP-bwdX] L=64 states=1 -> 1
[DP-bwdX] L=64 states=1 -> 1
  [Round 106] solve_ms=19.1561  HPWL_w=1758964  HPWL_eq=538  report=1758964
  [Updt] WNS=-17  TNS=136  maxL=26  picked=1
[OC-Shortest/pow2] m=8 h=8 SEG=4 bits=32 words=1 threads=24
[DP-fwdX] L=0 states=1 -> 1
[DP-fwdX] L=16 states=141 -> 164
[DP-bwdX] L=64 states=1 -> 1
[DP-bwdX] L=48 states=141 -> 164
[DP-fwdX] L=0 states=1 -> 1
[DP-bwdX] L=32 states=1 -> 4
[DP-fwdX] L=0 states=1 -> 1
[DP-bwdX] L=16 states=1 -> 2
[DP-fwdX] L=0 states=1 -> 1
[DP-fwdX] L=0 states=1 -> 1
[DP-fwdX] L=0 states=1 -> 1
[DP-bwdX] L=16 states=1 -> 2
[DP-bwdX] L=16 states=1 -> 2
[DP-bwdX] L=16 states=1 -> 2
[DP-fwdX] L=16 states=1 -> 3
[DP-bwdX] L=32 states=1 -> 4
[DP-fwdX] L=16 states=1 -> 3
[DP-fwdX] L=16 states=1 -> 3
[DP-fwdX] L=16 states=1 -> 3
[DP-bwdX] L=32 states=1 -> 4
[DP-bwdX] L=32 states=1 -> 4
[DP-bwdX] L=32 states=1 -> 4
[DP-fwdX] L=32 states=1 -> 4
[DP-bwdX] L=64 states=1 -> 1
[DP-fwdX] L=32 states=1 -> 4
[DP-bwdX] L=48 states=1 -> 1
[DP-fwdX] L=32 states=1 -> 4
[DP-fwdX] L=32 states=1 -> 4
[DP-fwdX] L=32 states=1 -> 4
[DP-bwdX] L=48 states=1 -> 1
[DP-bwdX] L=48 states=1 -> 1
[DP-bwdX] L=48 states=1 -> 1
[DP-fwdX] L=48 states=1 -> 1
[DP-bwdX] L=64 states=1 -> 1
[DP-fwdX] L=48 states=1 -> 1
[DP-fwdX] L=48 states=1 -> 1
[DP-fwdX] L=48 states=1 -> 1
[DP-bwdX] L=64 states=1 -> 1
[DP-bwdX] L=64 states=1 -> 1
[DP-bwdX] L=64 states=1 -> 1
  [Round 107] solve_ms=19.2369  HPWL_w=1772308  HPWL_eq=552  report=1772308
  [Updt] WNS=-34  TNS=140  maxL=43  picked=1
[OC-Shortest/pow2] m=8 h=8 SEG=4 bits=32 words=1 threads=24
[DP-fwdX] L=0 states=1 -> 1
[DP-fwdX] L=16 states=141 -> 164
[DP-bwdX] L=64 states=1 -> 1
[DP-bwdX] L=48 states=141 -> 164
[DP-fwdX] L=0 states=1 -> 1
[DP-bwdX] L=32 states=1 -> 3
[DP-fwdX] L=0 states=1 -> 1
[DP-bwdX] L=16 states=1 -> 2
[DP-fwdX] L=0 states=1 -> 1
[DP-fwdX] L=0 states=1 -> 1
[DP-fwdX] L=0 states=1 -> 1
[DP-bwdX] L=16 states=1 -> 2
[DP-bwdX] L=16 states=1 -> 2
[DP-bwdX] L=16 states=1 -> 2
[DP-fwdX] L=16 states=1 -> 3
[DP-bwdX] L=32 states=1 -> 3
[DP-fwdX] L=16 states=1 -> 3
[DP-fwdX] L=16 states=1 -> 3
[DP-fwdX] L=16 states=1 -> 3
[DP-bwdX] L=32 states=1 -> 3
[DP-bwdX] L=32 states=1 -> 3
[DP-bwdX] L=32 states=1 -> 3
[DP-fwdX] L=32 states=1 -> 3
[DP-bwdX] L=64 states=1 -> 1
[DP-fwdX] L=32 states=1 -> 3
[DP-bwdX] L=48 states=1 -> 1
[DP-fwdX] L=32 states=1 -> 3
[DP-fwdX] L=32 states=1 -> 3
[DP-fwdX] L=32 states=1 -> 3
[DP-bwdX] L=48 states=1 -> 1
[DP-bwdX] L=48 states=1 -> 1
[DP-bwdX] L=48 states=1 -> 1
[DP-fwdX] L=48 states=1 -> 1
[DP-bwdX] L=64 states=1 -> 1
[DP-fwdX] L=48 states=1 -> 1
[DP-fwdX] L=48 states=1 -> 1
[DP-fwdX] L=48 states=1 -> 1
[DP-bwdX] L=64 states=1 -> 1
[DP-bwdX] L=64 states=1 -> 1
[DP-bwdX] L=64 states=1 -> 1
  [Round 108] solve_ms=18.9005  HPWL_w=1836794  HPWL_eq=522  report=1836794
  [Updt] WNS=-10  TNS=72  maxL=19  picked=2
[OC-Shortest/pow2] m=8 h=8 SEG=4 bits=32 words=1 threads=24
[DP-fwdX] L=0 states=1 -> 1
[DP-fwdX] L=16 states=141 -> 164
[DP-bwdX] L=64 states=1 -> 1
[DP-bwdX] L=48 states=141 -> 164
[DP-fwdX] L=0 states=1 -> 1
[DP-bwdX] L=32 states=1 -> 1
[DP-fwdX] L=0 states=1 -> 1
[DP-bwdX] L=16 states=1 -> 1
[DP-fwdX] L=0 states=1 -> 1
[DP-fwdX] L=0 states=1 -> 1
[DP-fwdX] L=0 states=1 -> 1
[DP-bwdX] L=16 states=1 -> 1
[DP-bwdX] L=16 states=1 -> 1
[DP-bwdX] L=16 states=1 -> 1
[DP-fwdX] L=16 states=1 -> 1
[DP-bwdX] L=32 states=1 -> 1
[DP-fwdX] L=16 states=1 -> 1
[DP-fwdX] L=16 states=1 -> 1
[DP-fwdX] L=16 states=1 -> 1
[DP-bwdX] L=32 states=1 -> 1
[DP-bwdX] L=32 states=1 -> 1
[DP-bwdX] L=32 states=1 -> 1
[DP-fwdX] L=32 states=1 -> 1
[DP-bwdX] L=64 states=1 -> 1
[DP-fwdX] L=32 states=1 -> 1
[DP-bwdX] L=48 states=1 -> 3
[DP-fwdX] L=32 states=1 -> 1
[DP-fwdX] L=32 states=1 -> 1
[DP-fwdX] L=32 states=1 -> 1
[DP-bwdX] L=48 states=1 -> 3
[DP-bwdX] L=48 states=1 -> 3
[DP-bwdX] L=48 states=1 -> 3
[DP-fwdX] L=48 states=1 -> 2
[DP-bwdX] L=64 states=1 -> 1
[DP-fwdX] L=48 states=1 -> 2
[DP-fwdX] L=48 states=1 -> 2
[DP-fwdX] L=48 states=1 -> 2
[DP-bwdX] L=64 states=1 -> 1
[DP-bwdX] L=64 states=1 -> 1
[DP-bwdX] L=64 states=1 -> 1
  [Round 109] solve_ms=17.5406  HPWL_w=1870574  HPWL_eq=486  report=1870574
  [Updt] WNS=-11  TNS=46  maxL=20  picked=1
[OC-Shortest/pow2] m=8 h=8 SEG=4 bits=32 words=1 threads=24
[DP-fwdX] L=0 states=1 -> 1
[DP-fwdX] L=16 states=141 -> 164
[DP-bwdX] L=64 states=1 -> 1
[DP-bwdX] L=48 states=141 -> 164
[DP-fwdX] L=0 states=1 -> 1
[DP-bwdX] L=32 states=1 -> 1
[DP-fwdX] L=0 states=1 -> 1
[DP-bwdX] L=16 states=1 -> 1
[DP-fwdX] L=0 states=1 -> 1
[DP-fwdX] L=0 states=1 -> 1
[DP-fwdX] L=0 states=1 -> 1
[DP-bwdX] L=16 states=1 -> 1
[DP-bwdX] L=16 states=1 -> 1
[DP-bwdX] L=16 states=1 -> 1
[DP-fwdX] L=16 states=1 -> 1
[DP-bwdX] L=32 states=1 -> 1
[DP-fwdX] L=16 states=1 -> 1
[DP-fwdX] L=16 states=1 -> 1
[DP-fwdX] L=16 states=1 -> 1
[DP-bwdX] L=32 states=1 -> 1
[DP-bwdX] L=32 states=1 -> 1
[DP-bwdX] L=32 states=1 -> 1
[DP-fwdX] L=32 states=1 -> 1
[DP-bwdX] L=64 states=1 -> 1
[DP-fwdX] L=32 states=1 -> 1
[DP-bwdX] L=48 states=1 -> 1
[DP-fwdX] L=32 states=1 -> 1
[DP-fwdX] L=32 states=1 -> 1
[DP-fwdX] L=32 states=1 -> 1
[DP-bwdX] L=48 states=1 -> 1
[DP-bwdX] L=48 states=1 -> 1
[DP-bwdX] L=48 states=1 -> 1
[DP-fwdX] L=48 states=1 -> 1
[DP-bwdX] L=64 states=1 -> 1
[DP-fwdX] L=48 states=1 -> 1
[DP-fwdX] L=48 states=1 -> 1
[DP-fwdX] L=48 states=1 -> 1
[DP-bwdX] L=64 states=1 -> 1
[DP-bwdX] L=64 states=1 -> 1
[DP-bwdX] L=64 states=1 -> 1
  [Round 110] solve_ms=16.9196  HPWL_w=1916130  HPWL_eq=491  report=1916130
  [Updt] WNS=-6  TNS=20  maxL=15  picked=1
[OC-Shortest/pow2] m=8 h=8 SEG=4 bits=32 words=1 threads=24
[DP-fwdX] L=0 states=1 -> 1
[DP-fwdX] L=16 states=141 -> 164
[DP-bwdX] L=64 states=1 -> 1
[DP-bwdX] L=48 states=141 -> 164
[DP-fwdX] L=0 states=1 -> 1
[DP-bwdX] L=32 states=1 -> 1
[DP-fwdX] L=0 states=1 -> 1
[DP-bwdX] L=16 states=1 -> 1
[DP-fwdX] L=0 states=1 -> 1
[DP-fwdX] L=0 states=1 -> 1
[DP-fwdX] L=0 states=1 -> 1
[DP-bwdX] L=16 states=1 -> 1
[DP-bwdX] L=16 states=1 -> 1
[DP-bwdX] L=16 states=1 -> 1
[DP-fwdX] L=16 states=1 -> 1
[DP-bwdX] L=32 states=1 -> 1
[DP-fwdX] L=16 states=1 -> 1
[DP-fwdX] L=16 states=1 -> 1
[DP-fwdX] L=16 states=1 -> 1
[DP-bwdX] L=32 states=1 -> 1
[DP-bwdX] L=32 states=1 -> 1
[DP-bwdX] L=32 states=1 -> 1
[DP-fwdX] L=32 states=1 -> 1
[DP-bwdX] L=64 states=1 -> 1
[DP-fwdX] L=32 states=1 -> 1
[DP-bwdX] L=48 states=1 -> 1
[DP-fwdX] L=32 states=1 -> 1
[DP-fwdX] L=32 states=1 -> 1
[DP-fwdX] L=32 states=1 -> 1
[DP-bwdX] L=48 states=1 -> 1
[DP-bwdX] L=48 states=1 -> 1
[DP-bwdX] L=48 states=1 -> 1
[DP-fwdX] L=48 states=1 -> 1
[DP-bwdX] L=64 states=1 -> 1
[DP-fwdX] L=48 states=1 -> 1
[DP-fwdX] L=48 states=1 -> 1
[DP-fwdX] L=48 states=1 -> 1
[DP-bwdX] L=64 states=1 -> 1
[DP-bwdX] L=64 states=1 -> 1
[DP-bwdX] L=64 states=1 -> 1
  [Round 111] solve_ms=17.016  HPWL_w=1953792  HPWL_eq=504  report=1953792
  [Updt] WNS=1  TNS=0  maxL=8  picked=0
  [TD] reach target: all edges <= T.
[SingleCol-TD] wrote placement to: placement8_Col_1_T_9.txt

real	0m2.344s
user	0m54.758s
sys	0m0.229s
