[MultiCol] m=16 h=16 K=2 T=19 rounds=150 policy=soft snake=1 work_dir=.
[MultiCol] exec: build/oc_policy_singlecol 16 8 150 --T=19 --policy=soft --freeze=1 --cap=64 --scale=1000 --dV=1 --pow2=1 --progress=1 --alpha=0.5 --eta=0.5 --gamma=0.45 --beta=4.5 --homotopy=1 --sigma=0.88 --shrink=0.9
[Policy] m_full=16 h_full=8 rounds=150 T_target=19 policy=soft+freeze cap=64 scale=1000 freeze=1 homotopy=1 sigma=0.88 shrink=0.9  [fast_ctr: DP on 8x8]
[OC-Shortest/pow2] m=8 h=8 SEG=4 bits=32 words=1 threads=24
[DP-fwdX] L=0 states=1 -> 1
[DP-fwdX] L=16 states=141 -> 164
[DP-bwdX] L=64 states=1 -> 1
[DP-bwdX] L=48 states=141 -> 164
[DP-fwdX] L=0 states=1 -> 1
[DP-bwdX] L=32 states=1 -> 1
[DP-fwdX] L=0 states=1 -> 1
[DP-bwdX] L=16 states=1 -> 2
[DP-fwdX] L=0 states=1 -> 1
[DP-fwdX] L=0 states=1 -> 1
[DP-fwdX] L=0 states=1 -> 1
[DP-bwdX] L=16 states=1 -> 2
[DP-bwdX] L=16 states=1 -> 2
[DP-bwdX] L=16 states=1 -> 2
[DP-fwdX] L=16 states=1 -> 3
[DP-bwdX] L=32 states=1 -> 1
[DP-fwdX] L=16 states=1 -> 3
[DP-fwdX] L=16 states=1 -> 3
[DP-fwdX] L=16 states=1 -> 3
[DP-bwdX] L=32 states=1 -> 1
[DP-bwdX] L=32 states=1 -> 1
[DP-bwdX] L=32 states=1 -> 1
[DP-fwdX] L=32 states=1 -> 1
[DP-bwdX] L=64 states=1 -> 1
[DP-fwdX] L=32 states=1 -> 1
[DP-bwdX] L=48 states=1 -> 3
[DP-fwdX] L=32 states=1 -> 1
[DP-fwdX] L=32 states=1 -> 1
[DP-fwdX] L=32 states=1 -> 1
[DP-bwdX] L=48 states=1 -> 3
[DP-bwdX] L=48 states=1 -> 3
[DP-bwdX] L=48 states=1 -> 3
[DP-fwdX] L=48 states=1 -> 2
[DP-bwdX] L=64 states=1 -> 1
[DP-fwdX] L=48 states=1 -> 2
[DP-fwdX] L=48 states=1 -> 2
[DP-fwdX] L=48 states=1 -> 2
[DP-bwdX] L=64 states=1 -> 1
[DP-bwdX] L=64 states=1 -> 1
[DP-bwdX] L=64 states=1 -> 1
[Init-Homotopy] round1 maxL(dp)=20  set T_prime0=19 (T_target=19)
[RowSwapCTR] expand small 8x8 -> full 16x8  top_rows=4  bot_rows=4  ctr_rows=8  n_full=128
  [Round 1] T_prime=19  T_target=19  HPWL_w=472000  HPWL_eq=472  maxL=23  WNS(T')=-4  WNS*(T)=-4  picked=2  solve_ms=23.7647
[OC-Shortest/pow2] m=8 h=8 SEG=4 bits=32 words=1 threads=24
[DP-fwdX] L=0 states=1 -> 1
[DP-fwdX] L=16 states=141 -> 164
[DP-bwdX] L=64 states=1 -> 1
[DP-bwdX] L=48 states=141 -> 164
[DP-fwdX] L=0 states=1 -> 1
[DP-bwdX] L=32 states=1 -> 1
[DP-fwdX] L=0 states=1 -> 1
[DP-bwdX] L=16 states=1 -> 2
[DP-fwdX] L=0 states=1 -> 1
[DP-fwdX] L=0 states=1 -> 1
[DP-fwdX] L=0 states=1 -> 1
[DP-bwdX] L=16 states=1 -> 2
[DP-bwdX] L=16 states=1 -> 2
[DP-bwdX] L=16 states=1 -> 2
[DP-fwdX] L=16 states=1 -> 3
[DP-bwdX] L=32 states=1 -> 1
[DP-fwdX] L=16 states=1 -> 3
[DP-fwdX] L=16 states=1 -> 3
[DP-fwdX] L=16 states=1 -> 3
[DP-bwdX] L=32 states=1 -> 1
[DP-bwdX] L=32 states=1 -> 1
[DP-bwdX] L=32 states=1 -> 1
[DP-fwdX] L=32 states=1 -> 1
[DP-bwdX] L=64 states=1 -> 1
[DP-fwdX] L=32 states=1 -> 1
[DP-bwdX] L=48 states=1 -> 3
[DP-fwdX] L=32 states=1 -> 1
[DP-fwdX] L=32 states=1 -> 1
[DP-fwdX] L=32 states=1 -> 1
[DP-bwdX] L=48 states=1 -> 3
[DP-bwdX] L=48 states=1 -> 3
[DP-bwdX] L=48 states=1 -> 3
[DP-fwdX] L=48 states=1 -> 2
[DP-bwdX] L=64 states=1 -> 1
[DP-fwdX] L=48 states=1 -> 2
[DP-fwdX] L=48 states=1 -> 2
[DP-fwdX] L=48 states=1 -> 2
[DP-bwdX] L=64 states=1 -> 1
[DP-bwdX] L=64 states=1 -> 1
[DP-bwdX] L=64 states=1 -> 1
[RowSwapCTR] expand small 8x8 -> full 16x8  top_rows=4  bot_rows=4  ctr_rows=8  n_full=128
  [Round 2] T_prime=19  T_target=19  HPWL_w=472144  HPWL_eq=472  maxL=20  WNS(T')=-1  WNS*(T)=-1  picked=4  solve_ms=31.5703
[OC-Shortest/pow2] m=8 h=8 SEG=4 bits=32 words=1 threads=24
[DP-fwdX] L=0 states=1 -> 1
[DP-fwdX] L=16 states=141 -> 164
[DP-bwdX] L=64 states=1 -> 1
[DP-bwdX] L=48 states=141 -> 164
[DP-fwdX] L=0 states=1 -> 1
[DP-bwdX] L=32 states=1 -> 1
[DP-fwdX] L=0 states=1 -> 1
[DP-bwdX] L=16 states=1 -> 2
[DP-fwdX] L=0 states=1 -> 1
[DP-fwdX] L=0 states=1 -> 1
[DP-fwdX] L=0 states=1 -> 1
[DP-bwdX] L=16 states=1 -> 2
[DP-bwdX] L=16 states=1 -> 2
[DP-bwdX] L=16 states=1 -> 2
[DP-fwdX] L=16 states=1 -> 3
[DP-bwdX] L=32 states=1 -> 1
[DP-fwdX] L=16 states=1 -> 3
[DP-fwdX] L=16 states=1 -> 3
[DP-fwdX] L=16 states=1 -> 3
[DP-bwdX] L=32 states=1 -> 1
[DP-bwdX] L=32 states=1 -> 1
[DP-bwdX] L=32 states=1 -> 1
[DP-fwdX] L=32 states=1 -> 1
[DP-bwdX] L=64 states=1 -> 1
[DP-fwdX] L=32 states=1 -> 1
[DP-bwdX] L=48 states=1 -> 3
[DP-fwdX] L=32 states=1 -> 1
[DP-fwdX] L=32 states=1 -> 1
[DP-fwdX] L=32 states=1 -> 1
[DP-bwdX] L=48 states=1 -> 3
[DP-bwdX] L=48 states=1 -> 3
[DP-bwdX] L=48 states=1 -> 3
[DP-fwdX] L=48 states=1 -> 2
[DP-bwdX] L=64 states=1 -> 1
[DP-fwdX] L=48 states=1 -> 2
[DP-fwdX] L=48 states=1 -> 2
[DP-fwdX] L=48 states=1 -> 2
[DP-bwdX] L=64 states=1 -> 1
[DP-bwdX] L=64 states=1 -> 1
[DP-bwdX] L=64 states=1 -> 1
[RowSwapCTR] expand small 8x8 -> full 16x8  top_rows=4  bot_rows=4  ctr_rows=8  n_full=128
  [Round 3] T_prime=19  T_target=19  HPWL_w=473248  HPWL_eq=472  maxL=23  WNS(T')=-4  WNS*(T)=-4  picked=4  solve_ms=18.5578
[OC-Shortest/pow2] m=8 h=8 SEG=4 bits=32 words=1 threads=24
[DP-fwdX] L=0 states=1 -> 1
[DP-fwdX] L=16 states=141 -> 164
[DP-bwdX] L=64 states=1 -> 1
[DP-bwdX] L=48 states=141 -> 164
[DP-fwdX] L=0 states=1 -> 1
[DP-bwdX] L=32 states=1 -> 1
[DP-fwdX] L=0 states=1 -> 1
[DP-bwdX] L=16 states=1 -> 2
[DP-fwdX] L=0 states=1 -> 1
[DP-fwdX] L=0 states=1 -> 1
[DP-fwdX] L=0 states=1 -> 1
[DP-bwdX] L=16 states=1 -> 2
[DP-bwdX] L=16 states=1 -> 2
[DP-bwdX] L=16 states=1 -> 2
[DP-fwdX] L=16 states=1 -> 3
[DP-bwdX] L=32 states=1 -> 1
[DP-fwdX] L=16 states=1 -> 3
[DP-fwdX] L=16 states=1 -> 3
[DP-fwdX] L=16 states=1 -> 3
[DP-bwdX] L=32 states=1 -> 1
[DP-bwdX] L=32 states=1 -> 1
[DP-bwdX] L=32 states=1 -> 1
[DP-fwdX] L=32 states=1 -> 1
[DP-bwdX] L=64 states=1 -> 1
[DP-fwdX] L=32 states=1 -> 1
[DP-bwdX] L=48 states=1 -> 3
[DP-fwdX] L=32 states=1 -> 1
[DP-fwdX] L=32 states=1 -> 1
[DP-fwdX] L=32 states=1 -> 1
[DP-bwdX] L=48 states=1 -> 3
[DP-bwdX] L=48 states=1 -> 3
[DP-bwdX] L=48 states=1 -> 3
[DP-fwdX] L=48 states=1 -> 2
[DP-bwdX] L=64 states=1 -> 1
[DP-fwdX] L=48 states=1 -> 2
[DP-fwdX] L=48 states=1 -> 2
[DP-fwdX] L=48 states=1 -> 2
[DP-bwdX] L=64 states=1 -> 1
[DP-bwdX] L=64 states=1 -> 1
[DP-bwdX] L=64 states=1 -> 1
[RowSwapCTR] expand small 8x8 -> full 16x8  top_rows=4  bot_rows=4  ctr_rows=8  n_full=128
  [Round 4] T_prime=19  T_target=19  HPWL_w=474394  HPWL_eq=472  maxL=20  WNS(T')=-1  WNS*(T)=-1  picked=4  solve_ms=18.2857
[OC-Shortest/pow2] m=8 h=8 SEG=4 bits=32 words=1 threads=24
[DP-fwdX] L=0 states=1 -> 1
[DP-fwdX] L=16 states=141 -> 164
[DP-bwdX] L=64 states=1 -> 1
[DP-bwdX] L=48 states=141 -> 164
[DP-fwdX] L=0 states=1 -> 1
[DP-bwdX] L=32 states=1 -> 1
[DP-fwdX] L=0 states=1 -> 1
[DP-bwdX] L=16 states=1 -> 2
[DP-fwdX] L=0 states=1 -> 1
[DP-fwdX] L=0 states=1 -> 1
[DP-fwdX] L=0 states=1 -> 1
[DP-bwdX] L=16 states=1 -> 2
[DP-bwdX] L=16 states=1 -> 2
[DP-bwdX] L=16 states=1 -> 2
[DP-fwdX] L=16 states=1 -> 3
[DP-bwdX] L=32 states=1 -> 1
[DP-fwdX] L=16 states=1 -> 3
[DP-fwdX] L=16 states=1 -> 3
[DP-fwdX] L=16 states=1 -> 3
[DP-bwdX] L=32 states=1 -> 1
[DP-bwdX] L=32 states=1 -> 1
[DP-bwdX] L=32 states=1 -> 1
[DP-fwdX] L=32 states=1 -> 1
[DP-bwdX] L=64 states=1 -> 1
[DP-fwdX] L=32 states=1 -> 1
[DP-bwdX] L=48 states=1 -> 3
[DP-fwdX] L=32 states=1 -> 1
[DP-fwdX] L=32 states=1 -> 1
[DP-fwdX] L=32 states=1 -> 1
[DP-bwdX] L=48 states=1 -> 3
[DP-bwdX] L=48 states=1 -> 3
[DP-bwdX] L=48 states=1 -> 3
[DP-fwdX] L=48 states=1 -> 2
[DP-bwdX] L=64 states=1 -> 1
[DP-fwdX] L=48 states=1 -> 2
[DP-fwdX] L=48 states=1 -> 2
[DP-fwdX] L=48 states=1 -> 2
[DP-bwdX] L=64 states=1 -> 1
[DP-bwdX] L=64 states=1 -> 1
[DP-bwdX] L=64 states=1 -> 1
[RowSwapCTR] expand small 8x8 -> full 16x8  top_rows=4  bot_rows=4  ctr_rows=8  n_full=128
  [Round 5] T_prime=19  T_target=19  HPWL_w=475820  HPWL_eq=472  maxL=23  WNS(T')=-4  WNS*(T)=-4  picked=4  solve_ms=18.244
[OC-Shortest/pow2] m=8 h=8 SEG=4 bits=32 words=1 threads=24
[DP-fwdX] L=0 states=1 -> 1
[DP-fwdX] L=16 states=141 -> 164
[DP-bwdX] L=64 states=1 -> 1
[DP-bwdX] L=48 states=141 -> 164
[DP-fwdX] L=0 states=1 -> 1
[DP-bwdX] L=32 states=1 -> 1
[DP-fwdX] L=0 states=1 -> 1
[DP-bwdX] L=16 states=1 -> 2
[DP-fwdX] L=0 states=1 -> 1
[DP-fwdX] L=0 states=1 -> 1
[DP-fwdX] L=0 states=1 -> 1
[DP-bwdX] L=16 states=1 -> 2
[DP-bwdX] L=16 states=1 -> 2
[DP-bwdX] L=16 states=1 -> 2
[DP-fwdX] L=16 states=1 -> 3
[DP-bwdX] L=32 states=1 -> 1
[DP-fwdX] L=16 states=1 -> 3
[DP-fwdX] L=16 states=1 -> 3
[DP-fwdX] L=16 states=1 -> 3
[DP-bwdX] L=32 states=1 -> 1
[DP-bwdX] L=32 states=1 -> 1
[DP-bwdX] L=32 states=1 -> 1
[DP-fwdX] L=32 states=1 -> 1
[DP-bwdX] L=64 states=1 -> 1
[DP-fwdX] L=32 states=1 -> 1
[DP-bwdX] L=48 states=1 -> 3
[DP-fwdX] L=32 states=1 -> 1
[DP-fwdX] L=32 states=1 -> 1
[DP-fwdX] L=32 states=1 -> 1
[DP-bwdX] L=48 states=1 -> 3
[DP-bwdX] L=48 states=1 -> 3
[DP-bwdX] L=48 states=1 -> 3
[DP-fwdX] L=48 states=1 -> 2
[DP-bwdX] L=64 states=1 -> 1
[DP-fwdX] L=48 states=1 -> 2
[DP-fwdX] L=48 states=1 -> 2
[DP-fwdX] L=48 states=1 -> 2
[DP-bwdX] L=64 states=1 -> 1
[DP-bwdX] L=64 states=1 -> 1
[DP-bwdX] L=64 states=1 -> 1
[RowSwapCTR] expand small 8x8 -> full 16x8  top_rows=4  bot_rows=4  ctr_rows=8  n_full=128
  [Round 6] T_prime=19  T_target=19  HPWL_w=477264  HPWL_eq=472  maxL=20  WNS(T')=-1  WNS*(T)=-1  picked=4  solve_ms=18.2821
[OC-Shortest/pow2] m=8 h=8 SEG=4 bits=32 words=1 threads=24
[DP-fwdX] L=0 states=1 -> 1
[DP-fwdX] L=16 states=141 -> 164
[DP-bwdX] L=64 states=1 -> 1
[DP-bwdX] L=48 states=141 -> 164
[DP-fwdX] L=0 states=1 -> 1
[DP-bwdX] L=32 states=1 -> 1
[DP-fwdX] L=0 states=1 -> 1
[DP-bwdX] L=16 states=1 -> 1
[DP-fwdX] L=0 states=1 -> 1
[DP-fwdX] L=0 states=1 -> 1
[DP-fwdX] L=0 states=1 -> 1
[DP-bwdX] L=16 states=1 -> 1
[DP-bwdX] L=16 states=1 -> 1
[DP-bwdX] L=16 states=1 -> 1
[DP-fwdX] L=16 states=1 -> 1
[DP-bwdX] L=32 states=1 -> 1
[DP-fwdX] L=16 states=1 -> 1
[DP-fwdX] L=16 states=1 -> 1
[DP-fwdX] L=16 states=1 -> 1
[DP-bwdX] L=32 states=1 -> 1
[DP-bwdX] L=32 states=1 -> 1
[DP-bwdX] L=32 states=1 -> 1
[DP-fwdX] L=32 states=1 -> 1
[DP-bwdX] L=64 states=1 -> 1
[DP-fwdX] L=32 states=1 -> 1
[DP-bwdX] L=48 states=1 -> 3
[DP-fwdX] L=32 states=1 -> 1
[DP-fwdX] L=32 states=1 -> 1
[DP-fwdX] L=32 states=1 -> 1
[DP-bwdX] L=48 states=1 -> 3
[DP-bwdX] L=48 states=1 -> 3
[DP-bwdX] L=48 states=1 -> 3
[DP-fwdX] L=48 states=1 -> 2
[DP-bwdX] L=64 states=1 -> 1
[DP-fwdX] L=48 states=1 -> 2
[DP-fwdX] L=48 states=1 -> 2
[DP-fwdX] L=48 states=1 -> 2
[DP-bwdX] L=64 states=1 -> 1
[DP-bwdX] L=64 states=1 -> 1
[DP-bwdX] L=64 states=1 -> 1
[RowSwapCTR] expand small 8x8 -> full 16x8  top_rows=4  bot_rows=4  ctr_rows=8  n_full=128
  [Round 7] T_prime=19  T_target=19  HPWL_w=478514  HPWL_eq=474  maxL=26  WNS(T')=-7  WNS*(T)=-7  picked=2  solve_ms=17.9605
[OC-Shortest/pow2] m=8 h=8 SEG=4 bits=32 words=1 threads=24
[DP-fwdX] L=0 states=1 -> 1
[DP-fwdX] L=16 states=141 -> 164
[DP-bwdX] L=64 states=1 -> 1
[DP-bwdX] L=48 states=141 -> 164
[DP-fwdX] L=0 states=1 -> 1
[DP-bwdX] L=32 states=1 -> 1
[DP-fwdX] L=0 states=1 -> 1
[DP-bwdX] L=16 states=1 -> 1
[DP-fwdX] L=0 states=1 -> 1
[DP-fwdX] L=0 states=1 -> 1
[DP-fwdX] L=0 states=1 -> 1
[DP-bwdX] L=16 states=1 -> 1
[DP-bwdX] L=16 states=1 -> 1
[DP-bwdX] L=16 states=1 -> 1
[DP-fwdX] L=16 states=1 -> 1
[DP-bwdX] L=32 states=1 -> 1
[DP-fwdX] L=16 states=1 -> 1
[DP-fwdX] L=16 states=1 -> 1
[DP-fwdX] L=16 states=1 -> 1
[DP-bwdX] L=32 states=1 -> 1
[DP-bwdX] L=32 states=1 -> 1
[DP-bwdX] L=32 states=1 -> 1
[DP-fwdX] L=32 states=1 -> 1
[DP-bwdX] L=64 states=1 -> 1
[DP-fwdX] L=32 states=1 -> 1
[DP-bwdX] L=48 states=1 -> 1
[DP-fwdX] L=32 states=1 -> 1
[DP-fwdX] L=32 states=1 -> 1
[DP-fwdX] L=32 states=1 -> 1
[DP-bwdX] L=48 states=1 -> 1
[DP-bwdX] L=48 states=1 -> 1
[DP-bwdX] L=48 states=1 -> 1
[DP-fwdX] L=48 states=1 -> 1
[DP-bwdX] L=64 states=1 -> 1
[DP-fwdX] L=48 states=1 -> 1
[DP-fwdX] L=48 states=1 -> 1
[DP-fwdX] L=48 states=1 -> 1
[DP-bwdX] L=64 states=1 -> 1
[DP-bwdX] L=64 states=1 -> 1
[DP-bwdX] L=64 states=1 -> 1
[RowSwapCTR] expand small 8x8 -> full 16x8  top_rows=4  bot_rows=4  ctr_rows=8  n_full=128
  [Round 8] T_prime=19  T_target=19  HPWL_w=479560  HPWL_eq=476  maxL=26  WNS(T')=-7  WNS*(T)=-7  picked=0  solve_ms=17.4047
[OC-Shortest/pow2] m=8 h=8 SEG=4 bits=32 words=1 threads=24
[DP-fwdX] L=0 states=1 -> 1
[DP-fwdX] L=16 states=141 -> 164
[DP-bwdX] L=64 states=1 -> 1
[DP-bwdX] L=48 states=141 -> 164
[DP-fwdX] L=0 states=1 -> 1
[DP-bwdX] L=32 states=1 -> 1
[DP-fwdX] L=0 states=1 -> 1
[DP-bwdX] L=16 states=1 -> 1
[DP-fwdX] L=0 states=1 -> 1
[DP-fwdX] L=0 states=1 -> 1
[DP-fwdX] L=0 states=1 -> 1
[DP-bwdX] L=16 states=1 -> 1
[DP-bwdX] L=16 states=1 -> 1
[DP-bwdX] L=16 states=1 -> 1
[DP-fwdX] L=16 states=1 -> 1
[DP-bwdX] L=32 states=1 -> 1
[DP-fwdX] L=16 states=1 -> 1
[DP-fwdX] L=16 states=1 -> 1
[DP-fwdX] L=16 states=1 -> 1
[DP-bwdX] L=32 states=1 -> 1
[DP-bwdX] L=32 states=1 -> 1
[DP-bwdX] L=32 states=1 -> 1
[DP-fwdX] L=32 states=1 -> 1
[DP-bwdX] L=64 states=1 -> 1
[DP-fwdX] L=32 states=1 -> 1
[DP-bwdX] L=48 states=1 -> 1
[DP-fwdX] L=32 states=1 -> 1
[DP-fwdX] L=32 states=1 -> 1
[DP-fwdX] L=32 states=1 -> 1
[DP-bwdX] L=48 states=1 -> 1
[DP-bwdX] L=48 states=1 -> 1
[DP-bwdX] L=48 states=1 -> 1
[DP-fwdX] L=48 states=1 -> 1
[DP-bwdX] L=64 states=1 -> 1
[DP-fwdX] L=48 states=1 -> 1
[DP-fwdX] L=48 states=1 -> 1
[DP-fwdX] L=48 states=1 -> 1
[DP-bwdX] L=64 states=1 -> 1
[DP-bwdX] L=64 states=1 -> 1
[DP-bwdX] L=64 states=1 -> 1
[RowSwapCTR] expand small 8x8 -> full 16x8  top_rows=4  bot_rows=4  ctr_rows=8  n_full=128
  [Round 9] T_prime=19  T_target=19  HPWL_w=479560  HPWL_eq=476  maxL=26  WNS(T')=-7  WNS*(T)=-7  picked=0  solve_ms=17.5752
[OC-Shortest/pow2] m=8 h=8 SEG=4 bits=32 words=1 threads=24
[DP-fwdX] L=0 states=1 -> 1
[DP-fwdX] L=16 states=141 -> 164
[DP-bwdX] L=64 states=1 -> 1
[DP-bwdX] L=48 states=141 -> 164
[DP-fwdX] L=0 states=1 -> 1
[DP-bwdX] L=32 states=1 -> 1
[DP-fwdX] L=0 states=1 -> 1
[DP-bwdX] L=16 states=1 -> 1
[DP-fwdX] L=0 states=1 -> 1
[DP-fwdX] L=0 states=1 -> 1
[DP-fwdX] L=0 states=1 -> 1
[DP-bwdX] L=16 states=1 -> 1
[DP-bwdX] L=16 states=1 -> 1
[DP-bwdX] L=16 states=1 -> 1
[DP-fwdX] L=16 states=1 -> 1
[DP-bwdX] L=32 states=1 -> 1
[DP-fwdX] L=16 states=1 -> 1
[DP-fwdX] L=16 states=1 -> 1
[DP-fwdX] L=16 states=1 -> 1
[DP-bwdX] L=32 states=1 -> 1
[DP-bwdX] L=32 states=1 -> 1
[DP-bwdX] L=32 states=1 -> 1
[DP-fwdX] L=32 states=1 -> 1
[DP-bwdX] L=64 states=1 -> 1
[DP-fwdX] L=32 states=1 -> 1
[DP-bwdX] L=48 states=1 -> 1
[DP-fwdX] L=32 states=1 -> 1
[DP-fwdX] L=32 states=1 -> 1
[DP-fwdX] L=32 states=1 -> 1
[DP-bwdX] L=48 states=1 -> 1
[DP-bwdX] L=48 states=1 -> 1
[DP-bwdX] L=48 states=1 -> 1
[DP-fwdX] L=48 states=1 -> 1
[DP-bwdX] L=64 states=1 -> 1
[DP-fwdX] L=48 states=1 -> 1
[DP-fwdX] L=48 states=1 -> 1
[DP-fwdX] L=48 states=1 -> 1
[DP-bwdX] L=64 states=1 -> 1
[DP-bwdX] L=64 states=1 -> 1
[DP-bwdX] L=64 states=1 -> 1
[RowSwapCTR] expand small 8x8 -> full 16x8  top_rows=4  bot_rows=4  ctr_rows=8  n_full=128
  [Round 10] T_prime=19  T_target=19  HPWL_w=479560  HPWL_eq=476  maxL=26  WNS(T')=-7  WNS*(T)=-7  picked=0  solve_ms=17.3193
[OC-Shortest/pow2] m=8 h=8 SEG=4 bits=32 words=1 threads=24
[DP-fwdX] L=0 states=1 -> 1
[DP-fwdX] L=16 states=141 -> 164
[DP-bwdX] L=64 states=1 -> 1
[DP-bwdX] L=48 states=141 -> 164
[DP-fwdX] L=0 states=1 -> 1
[DP-bwdX] L=32 states=1 -> 1
[DP-fwdX] L=0 states=1 -> 1
[DP-bwdX] L=16 states=1 -> 1
[DP-fwdX] L=0 states=1 -> 1
[DP-fwdX] L=0 states=1 -> 1
[DP-fwdX] L=0 states=1 -> 1
[DP-bwdX] L=16 states=1 -> 1
[DP-bwdX] L=16 states=1 -> 1
[DP-bwdX] L=16 states=1 -> 1
[DP-fwdX] L=16 states=1 -> 1
[DP-bwdX] L=32 states=1 -> 1
[DP-fwdX] L=16 states=1 -> 1
[DP-fwdX] L=16 states=1 -> 1
[DP-fwdX] L=16 states=1 -> 1
[DP-bwdX] L=32 states=1 -> 1
[DP-bwdX] L=32 states=1 -> 1
[DP-bwdX] L=32 states=1 -> 1
[DP-fwdX] L=32 states=1 -> 1
[DP-bwdX] L=64 states=1 -> 1
[DP-fwdX] L=32 states=1 -> 1
[DP-bwdX] L=48 states=1 -> 1
[DP-fwdX] L=32 states=1 -> 1
[DP-fwdX] L=32 states=1 -> 1
[DP-fwdX] L=32 states=1 -> 1
[DP-bwdX] L=48 states=1 -> 1
[DP-bwdX] L=48 states=1 -> 1
[DP-bwdX] L=48 states=1 -> 1
[DP-fwdX] L=48 states=1 -> 1
[DP-bwdX] L=64 states=1 -> 1
[DP-fwdX] L=48 states=1 -> 1
[DP-fwdX] L=48 states=1 -> 1
[DP-fwdX] L=48 states=1 -> 1
[DP-bwdX] L=64 states=1 -> 1
[DP-bwdX] L=64 states=1 -> 1
[DP-bwdX] L=64 states=1 -> 1
[RowSwapCTR] expand small 8x8 -> full 16x8  top_rows=4  bot_rows=4  ctr_rows=8  n_full=128
  [Round 11] T_prime=19  T_target=19  HPWL_w=479560  HPWL_eq=476  maxL=26  WNS(T')=-7  WNS*(T)=-7  picked=0  solve_ms=17.5698
[OC-Shortest/pow2] m=8 h=8 SEG=4 bits=32 words=1 threads=24
[DP-fwdX] L=0 states=1 -> 1
[DP-fwdX] L=16 states=141 -> 164
[DP-bwdX] L=64 states=1 -> 1
[DP-bwdX] L=48 states=141 -> 164
[DP-fwdX] L=0 states=1 -> 1
[DP-bwdX] L=32 states=1 -> 1
[DP-fwdX] L=0 states=1 -> 1
[DP-bwdX] L=16 states=1 -> 1
[DP-fwdX] L=0 states=1 -> 1
[DP-fwdX] L=0 states=1 -> 1
[DP-fwdX] L=0 states=1 -> 1
[DP-bwdX] L=16 states=1 -> 1
[DP-bwdX] L=16 states=1 -> 1
[DP-bwdX] L=16 states=1 -> 1
[DP-fwdX] L=16 states=1 -> 1
[DP-bwdX] L=32 states=1 -> 1
[DP-fwdX] L=16 states=1 -> 1
[DP-fwdX] L=16 states=1 -> 1
[DP-fwdX] L=16 states=1 -> 1
[DP-bwdX] L=32 states=1 -> 1
[DP-bwdX] L=32 states=1 -> 1
[DP-bwdX] L=32 states=1 -> 1
[DP-fwdX] L=32 states=1 -> 1
[DP-bwdX] L=64 states=1 -> 1
[DP-fwdX] L=32 states=1 -> 1
[DP-bwdX] L=48 states=1 -> 1
[DP-fwdX] L=32 states=1 -> 1
[DP-fwdX] L=32 states=1 -> 1
[DP-fwdX] L=32 states=1 -> 1
[DP-bwdX] L=48 states=1 -> 1
[DP-bwdX] L=48 states=1 -> 1
[DP-bwdX] L=48 states=1 -> 1
[DP-fwdX] L=48 states=1 -> 1
[DP-bwdX] L=64 states=1 -> 1
[DP-fwdX] L=48 states=1 -> 1
[DP-fwdX] L=48 states=1 -> 1
[DP-fwdX] L=48 states=1 -> 1
[DP-bwdX] L=64 states=1 -> 1
[DP-bwdX] L=64 states=1 -> 1
[DP-bwdX] L=64 states=1 -> 1
[RowSwapCTR] expand small 8x8 -> full 16x8  top_rows=4  bot_rows=4  ctr_rows=8  n_full=128
  [Round 12] T_prime=19  T_target=19  HPWL_w=479560  HPWL_eq=476  maxL=26  WNS(T')=-7  WNS*(T)=-7  picked=0  solve_ms=17.3135
[OC-Shortest/pow2] m=8 h=8 SEG=4 bits=32 words=1 threads=24
[DP-fwdX] L=0 states=1 -> 1
[DP-fwdX] L=16 states=141 -> 164
[DP-bwdX] L=64 states=1 -> 1
[DP-bwdX] L=48 states=141 -> 164
[DP-fwdX] L=0 states=1 -> 1
[DP-bwdX] L=32 states=1 -> 1
[DP-fwdX] L=0 states=1 -> 1
[DP-bwdX] L=16 states=1 -> 1
[DP-fwdX] L=0 states=1 -> 1
[DP-fwdX] L=0 states=1 -> 1
[DP-fwdX] L=0 states=1 -> 1
[DP-bwdX] L=16 states=1 -> 1
[DP-bwdX] L=16 states=1 -> 1
[DP-bwdX] L=16 states=1 -> 1
[DP-fwdX] L=16 states=1 -> 1
[DP-bwdX] L=32 states=1 -> 1
[DP-fwdX] L=16 states=1 -> 1
[DP-fwdX] L=16 states=1 -> 1
[DP-fwdX] L=16 states=1 -> 1
[DP-bwdX] L=32 states=1 -> 1
[DP-bwdX] L=32 states=1 -> 1
[DP-bwdX] L=32 states=1 -> 1
[DP-fwdX] L=32 states=1 -> 1
[DP-bwdX] L=64 states=1 -> 1
[DP-fwdX] L=32 states=1 -> 1
[DP-bwdX] L=48 states=1 -> 1
[DP-fwdX] L=32 states=1 -> 1
[DP-fwdX] L=32 states=1 -> 1
[DP-fwdX] L=32 states=1 -> 1
[DP-bwdX] L=48 states=1 -> 1
[DP-bwdX] L=48 states=1 -> 1
[DP-bwdX] L=48 states=1 -> 1
[DP-fwdX] L=48 states=1 -> 1
[DP-bwdX] L=64 states=1 -> 1
[DP-fwdX] L=48 states=1 -> 1
[DP-fwdX] L=48 states=1 -> 1
[DP-fwdX] L=48 states=1 -> 1
[DP-bwdX] L=64 states=1 -> 1
[DP-bwdX] L=64 states=1 -> 1
[DP-bwdX] L=64 states=1 -> 1
[RowSwapCTR] expand small 8x8 -> full 16x8  top_rows=4  bot_rows=4  ctr_rows=8  n_full=128
  [Round 13] T_prime=19  T_target=19  HPWL_w=479560  HPWL_eq=476  maxL=26  WNS(T')=-7  WNS*(T)=-7  picked=0  solve_ms=17.1037
[OC-Shortest/pow2] m=8 h=8 SEG=4 bits=32 words=1 threads=24
[DP-fwdX] L=0 states=1 -> 1
[DP-fwdX] L=16 states=141 -> 164
[DP-bwdX] L=64 states=1 -> 1
[DP-bwdX] L=48 states=141 -> 164
[DP-fwdX] L=0 states=1 -> 1
[DP-bwdX] L=32 states=1 -> 1
[DP-fwdX] L=0 states=1 -> 1
[DP-bwdX] L=16 states=1 -> 1
[DP-fwdX] L=0 states=1 -> 1
[DP-fwdX] L=0 states=1 -> 1
[DP-fwdX] L=0 states=1 -> 1
[DP-bwdX] L=16 states=1 -> 1
[DP-bwdX] L=16 states=1 -> 1
[DP-bwdX] L=16 states=1 -> 1
[DP-fwdX] L=16 states=1 -> 1
[DP-bwdX] L=32 states=1 -> 1
[DP-fwdX] L=16 states=1 -> 1
[DP-fwdX] L=16 states=1 -> 1
[DP-fwdX] L=16 states=1 -> 1
[DP-bwdX] L=32 states=1 -> 1
[DP-bwdX] L=32 states=1 -> 1
[DP-bwdX] L=32 states=1 -> 1
[DP-fwdX] L=32 states=1 -> 1
[DP-bwdX] L=64 states=1 -> 1
[DP-fwdX] L=32 states=1 -> 1
[DP-bwdX] L=48 states=1 -> 1
[DP-fwdX] L=32 states=1 -> 1
[DP-fwdX] L=32 states=1 -> 1
[DP-fwdX] L=32 states=1 -> 1
[DP-bwdX] L=48 states=1 -> 1
[DP-bwdX] L=48 states=1 -> 1
[DP-bwdX] L=48 states=1 -> 1
[DP-fwdX] L=48 states=1 -> 1
[DP-bwdX] L=64 states=1 -> 1
[DP-fwdX] L=48 states=1 -> 1
[DP-fwdX] L=48 states=1 -> 1
[DP-fwdX] L=48 states=1 -> 1
[DP-bwdX] L=64 states=1 -> 1
[DP-bwdX] L=64 states=1 -> 1
[DP-bwdX] L=64 states=1 -> 1
[RowSwapCTR] expand small 8x8 -> full 16x8  top_rows=4  bot_rows=4  ctr_rows=8  n_full=128
  [Round 14] T_prime=19  T_target=19  HPWL_w=479560  HPWL_eq=476  maxL=26  WNS(T')=-7  WNS*(T)=-7  picked=0  solve_ms=17.0645
[OC-Shortest/pow2] m=8 h=8 SEG=4 bits=32 words=1 threads=24
[DP-fwdX] L=0 states=1 -> 1
[DP-fwdX] L=16 states=141 -> 164
[DP-bwdX] L=64 states=1 -> 1
[DP-bwdX] L=48 states=141 -> 164
[DP-fwdX] L=0 states=1 -> 1
[DP-bwdX] L=32 states=1 -> 1
[DP-fwdX] L=0 states=1 -> 1
[DP-bwdX] L=16 states=1 -> 1
[DP-fwdX] L=0 states=1 -> 1
[DP-fwdX] L=0 states=1 -> 1
[DP-fwdX] L=0 states=1 -> 1
[DP-bwdX] L=16 states=1 -> 1
[DP-bwdX] L=16 states=1 -> 1
[DP-bwdX] L=16 states=1 -> 1
[DP-fwdX] L=16 states=1 -> 1
[DP-bwdX] L=32 states=1 -> 1
[DP-fwdX] L=16 states=1 -> 1
[DP-fwdX] L=16 states=1 -> 1
[DP-fwdX] L=16 states=1 -> 1
[DP-bwdX] L=32 states=1 -> 1
[DP-bwdX] L=32 states=1 -> 1
[DP-bwdX] L=32 states=1 -> 1
[DP-fwdX] L=32 states=1 -> 1
[DP-bwdX] L=64 states=1 -> 1
[DP-fwdX] L=32 states=1 -> 1
[DP-bwdX] L=48 states=1 -> 1
[DP-fwdX] L=32 states=1 -> 1
[DP-fwdX] L=32 states=1 -> 1
[DP-fwdX] L=32 states=1 -> 1
[DP-bwdX] L=48 states=1 -> 1
[DP-bwdX] L=48 states=1 -> 1
[DP-bwdX] L=48 states=1 -> 1
[DP-fwdX] L=48 states=1 -> 1
[DP-bwdX] L=64 states=1 -> 1
[DP-fwdX] L=48 states=1 -> 1
[DP-fwdX] L=48 states=1 -> 1
[DP-fwdX] L=48 states=1 -> 1
[DP-bwdX] L=64 states=1 -> 1
[DP-bwdX] L=64 states=1 -> 1
[DP-bwdX] L=64 states=1 -> 1
[RowSwapCTR] expand small 8x8 -> full 16x8  top_rows=4  bot_rows=4  ctr_rows=8  n_full=128
  [Round 15] T_prime=19  T_target=19  HPWL_w=479560  HPWL_eq=476  maxL=26  WNS(T')=-7  WNS*(T)=-7  picked=0  solve_ms=17.2557
[OC-Shortest/pow2] m=8 h=8 SEG=4 bits=32 words=1 threads=24
[DP-fwdX] L=0 states=1 -> 1
[DP-fwdX] L=16 states=141 -> 164
[DP-bwdX] L=64 states=1 -> 1
[DP-bwdX] L=48 states=141 -> 164
[DP-fwdX] L=0 states=1 -> 1
[DP-bwdX] L=32 states=1 -> 1
[DP-fwdX] L=0 states=1 -> 1
[DP-bwdX] L=16 states=1 -> 1
[DP-fwdX] L=0 states=1 -> 1
[DP-fwdX] L=0 states=1 -> 1
[DP-fwdX] L=0 states=1 -> 1
[DP-bwdX] L=16 states=1 -> 1
[DP-bwdX] L=16 states=1 -> 1
[DP-bwdX] L=16 states=1 -> 1
[DP-fwdX] L=16 states=1 -> 1
[DP-bwdX] L=32 states=1 -> 1
[DP-fwdX] L=16 states=1 -> 1
[DP-fwdX] L=16 states=1 -> 1
[DP-fwdX] L=16 states=1 -> 1
[DP-bwdX] L=32 states=1 -> 1
[DP-bwdX] L=32 states=1 -> 1
[DP-bwdX] L=32 states=1 -> 1
[DP-fwdX] L=32 states=1 -> 1
[DP-bwdX] L=64 states=1 -> 1
[DP-fwdX] L=32 states=1 -> 1
[DP-bwdX] L=48 states=1 -> 1
[DP-fwdX] L=32 states=1 -> 1
[DP-fwdX] L=32 states=1 -> 1
[DP-fwdX] L=32 states=1 -> 1
[DP-bwdX] L=48 states=1 -> 1
[DP-bwdX] L=48 states=1 -> 1
[DP-bwdX] L=48 states=1 -> 1
[DP-fwdX] L=48 states=1 -> 1
[DP-bwdX] L=64 states=1 -> 1
[DP-fwdX] L=48 states=1 -> 1
[DP-fwdX] L=48 states=1 -> 1
[DP-fwdX] L=48 states=1 -> 1
[DP-bwdX] L=64 states=1 -> 1
[DP-bwdX] L=64 states=1 -> 1
[DP-bwdX] L=64 states=1 -> 1
[RowSwapCTR] expand small 8x8 -> full 16x8  top_rows=4  bot_rows=4  ctr_rows=8  n_full=128
  [Round 16] T_prime=19  T_target=19  HPWL_w=479560  HPWL_eq=476  maxL=26  WNS(T')=-7  WNS*(T)=-7  picked=0  solve_ms=17.2018
[OC-Shortest/pow2] m=8 h=8 SEG=4 bits=32 words=1 threads=24
[DP-fwdX] L=0 states=1 -> 1
[DP-fwdX] L=16 states=141 -> 164
[DP-bwdX] L=64 states=1 -> 1
[DP-bwdX] L=48 states=141 -> 164
[DP-fwdX] L=0 states=1 -> 1
[DP-bwdX] L=32 states=1 -> 1
[DP-fwdX] L=0 states=1 -> 1
[DP-bwdX] L=16 states=1 -> 1
[DP-fwdX] L=0 states=1 -> 1
[DP-fwdX] L=0 states=1 -> 1
[DP-fwdX] L=0 states=1 -> 1
[DP-bwdX] L=16 states=1 -> 1
[DP-bwdX] L=16 states=1 -> 1
[DP-bwdX] L=16 states=1 -> 1
[DP-fwdX] L=16 states=1 -> 1
[DP-bwdX] L=32 states=1 -> 1
[DP-fwdX] L=16 states=1 -> 1
[DP-fwdX] L=16 states=1 -> 1
[DP-fwdX] L=16 states=1 -> 1
[DP-bwdX] L=32 states=1 -> 1
[DP-bwdX] L=32 states=1 -> 1
[DP-bwdX] L=32 states=1 -> 1
[DP-fwdX] L=32 states=1 -> 1
[DP-bwdX] L=64 states=1 -> 1
[DP-fwdX] L=32 states=1 -> 1
[DP-bwdX] L=48 states=1 -> 1
[DP-fwdX] L=32 states=1 -> 1
[DP-fwdX] L=32 states=1 -> 1
[DP-fwdX] L=32 states=1 -> 1
[DP-bwdX] L=48 states=1 -> 1
[DP-bwdX] L=48 states=1 -> 1
[DP-bwdX] L=48 states=1 -> 1
[DP-fwdX] L=48 states=1 -> 1
[DP-bwdX] L=64 states=1 -> 1
[DP-fwdX] L=48 states=1 -> 1
[DP-fwdX] L=48 states=1 -> 1
[DP-fwdX] L=48 states=1 -> 1
[DP-bwdX] L=64 states=1 -> 1
[DP-bwdX] L=64 states=1 -> 1
[DP-bwdX] L=64 states=1 -> 1
[RowSwapCTR] expand small 8x8 -> full 16x8  top_rows=4  bot_rows=4  ctr_rows=8  n_full=128
  [Round 17] T_prime=19  T_target=19  HPWL_w=479560  HPWL_eq=476  maxL=26  WNS(T')=-7  WNS*(T)=-7  picked=0  solve_ms=17.536
[OC-Shortest/pow2] m=8 h=8 SEG=4 bits=32 words=1 threads=24
[DP-fwdX] L=0 states=1 -> 1
[DP-fwdX] L=16 states=141 -> 164
[DP-bwdX] L=64 states=1 -> 1
[DP-bwdX] L=48 states=141 -> 164
[DP-fwdX] L=0 states=1 -> 1
[DP-bwdX] L=32 states=1 -> 1
[DP-fwdX] L=0 states=1 -> 1
[DP-bwdX] L=16 states=1 -> 1
[DP-fwdX] L=0 states=1 -> 1
[DP-fwdX] L=0 states=1 -> 1
[DP-fwdX] L=0 states=1 -> 1
[DP-bwdX] L=16 states=1 -> 1
[DP-bwdX] L=16 states=1 -> 1
[DP-bwdX] L=16 states=1 -> 1
[DP-fwdX] L=16 states=1 -> 1
[DP-bwdX] L=32 states=1 -> 1
[DP-fwdX] L=16 states=1 -> 1
[DP-fwdX] L=16 states=1 -> 1
[DP-fwdX] L=16 states=1 -> 1
[DP-bwdX] L=32 states=1 -> 1
[DP-bwdX] L=32 states=1 -> 1
[DP-bwdX] L=32 states=1 -> 1
[DP-fwdX] L=32 states=1 -> 1
[DP-bwdX] L=64 states=1 -> 1
[DP-fwdX] L=32 states=1 -> 1
[DP-bwdX] L=48 states=1 -> 1
[DP-fwdX] L=32 states=1 -> 1
[DP-fwdX] L=32 states=1 -> 1
[DP-fwdX] L=32 states=1 -> 1
[DP-bwdX] L=48 states=1 -> 1
[DP-bwdX] L=48 states=1 -> 1
[DP-bwdX] L=48 states=1 -> 1
[DP-fwdX] L=48 states=1 -> 1
[DP-bwdX] L=64 states=1 -> 1
[DP-fwdX] L=48 states=1 -> 1
[DP-fwdX] L=48 states=1 -> 1
[DP-fwdX] L=48 states=1 -> 1
[DP-bwdX] L=64 states=1 -> 1
[DP-bwdX] L=64 states=1 -> 1
[DP-bwdX] L=64 states=1 -> 1
[RowSwapCTR] expand small 8x8 -> full 16x8  top_rows=4  bot_rows=4  ctr_rows=8  n_full=128
  [Round 18] T_prime=19  T_target=19  HPWL_w=479560  HPWL_eq=476  maxL=26  WNS(T')=-7  WNS*(T)=-7  picked=0  solve_ms=17.2895
[OC-Shortest/pow2] m=8 h=8 SEG=4 bits=32 words=1 threads=24
[DP-fwdX] L=0 states=1 -> 1
[DP-fwdX] L=16 states=141 -> 164
[DP-bwdX] L=64 states=1 -> 1
[DP-bwdX] L=48 states=141 -> 164
[DP-fwdX] L=0 states=1 -> 1
[DP-bwdX] L=32 states=1 -> 1
[DP-fwdX] L=0 states=1 -> 1
[DP-bwdX] L=16 states=1 -> 1
[DP-fwdX] L=0 states=1 -> 1
[DP-fwdX] L=0 states=1 -> 1
[DP-fwdX] L=0 states=1 -> 1
[DP-bwdX] L=16 states=1 -> 1
[DP-bwdX] L=16 states=1 -> 1
[DP-bwdX] L=16 states=1 -> 1
[DP-fwdX] L=16 states=1 -> 1
[DP-bwdX] L=32 states=1 -> 1
[DP-fwdX] L=16 states=1 -> 1
[DP-fwdX] L=16 states=1 -> 1
[DP-fwdX] L=16 states=1 -> 1
[DP-bwdX] L=32 states=1 -> 1
[DP-bwdX] L=32 states=1 -> 1
[DP-bwdX] L=32 states=1 -> 1
[DP-fwdX] L=32 states=1 -> 1
[DP-bwdX] L=64 states=1 -> 1
[DP-fwdX] L=32 states=1 -> 1
[DP-bwdX] L=48 states=1 -> 1
[DP-fwdX] L=32 states=1 -> 1
[DP-fwdX] L=32 states=1 -> 1
[DP-fwdX] L=32 states=1 -> 1
[DP-bwdX] L=48 states=1 -> 1
[DP-bwdX] L=48 states=1 -> 1
[DP-bwdX] L=48 states=1 -> 1
[DP-fwdX] L=48 states=1 -> 1
[DP-bwdX] L=64 states=1 -> 1
[DP-fwdX] L=48 states=1 -> 1
[DP-fwdX] L=48 states=1 -> 1
[DP-fwdX] L=48 states=1 -> 1
[DP-bwdX] L=64 states=1 -> 1
[DP-bwdX] L=64 states=1 -> 1
[DP-bwdX] L=64 states=1 -> 1
[RowSwapCTR] expand small 8x8 -> full 16x8  top_rows=4  bot_rows=4  ctr_rows=8  n_full=128
  [Round 19] T_prime=19  T_target=19  HPWL_w=479560  HPWL_eq=476  maxL=26  WNS(T')=-7  WNS*(T)=-7  picked=0  solve_ms=17.387
[OC-Shortest/pow2] m=8 h=8 SEG=4 bits=32 words=1 threads=24
[DP-fwdX] L=0 states=1 -> 1
[DP-fwdX] L=16 states=141 -> 164
[DP-bwdX] L=64 states=1 -> 1
[DP-bwdX] L=48 states=141 -> 164
[DP-fwdX] L=0 states=1 -> 1
[DP-bwdX] L=32 states=1 -> 1
[DP-fwdX] L=0 states=1 -> 1
[DP-bwdX] L=16 states=1 -> 1
[DP-fwdX] L=0 states=1 -> 1
[DP-fwdX] L=0 states=1 -> 1
[DP-fwdX] L=0 states=1 -> 1
[DP-bwdX] L=16 states=1 -> 1
[DP-bwdX] L=16 states=1 -> 1
[DP-bwdX] L=16 states=1 -> 1
[DP-fwdX] L=16 states=1 -> 1
[DP-bwdX] L=32 states=1 -> 1
[DP-fwdX] L=16 states=1 -> 1
[DP-fwdX] L=16 states=1 -> 1
[DP-fwdX] L=16 states=1 -> 1
[DP-bwdX] L=32 states=1 -> 1
[DP-bwdX] L=32 states=1 -> 1
[DP-bwdX] L=32 states=1 -> 1
[DP-fwdX] L=32 states=1 -> 1
[DP-bwdX] L=64 states=1 -> 1
[DP-fwdX] L=32 states=1 -> 1
[DP-bwdX] L=48 states=1 -> 1
[DP-fwdX] L=32 states=1 -> 1
[DP-fwdX] L=32 states=1 -> 1
[DP-fwdX] L=32 states=1 -> 1
[DP-bwdX] L=48 states=1 -> 1
[DP-bwdX] L=48 states=1 -> 1
[DP-bwdX] L=48 states=1 -> 1
[DP-fwdX] L=48 states=1 -> 1
[DP-bwdX] L=64 states=1 -> 1
[DP-fwdX] L=48 states=1 -> 1
[DP-fwdX] L=48 states=1 -> 1
[DP-fwdX] L=48 states=1 -> 1
[DP-bwdX] L=64 states=1 -> 1
[DP-bwdX] L=64 states=1 -> 1
[DP-bwdX] L=64 states=1 -> 1
[RowSwapCTR] expand small 8x8 -> full 16x8  top_rows=4  bot_rows=4  ctr_rows=8  n_full=128
  [Round 20] T_prime=19  T_target=19  HPWL_w=479560  HPWL_eq=476  maxL=26  WNS(T')=-7  WNS*(T)=-7  picked=0  solve_ms=17.2413
[OC-Shortest/pow2] m=8 h=8 SEG=4 bits=32 words=1 threads=24
[DP-fwdX] L=0 states=1 -> 1
[DP-fwdX] L=16 states=141 -> 164
[DP-bwdX] L=64 states=1 -> 1
[DP-bwdX] L=48 states=141 -> 164
[DP-fwdX] L=0 states=1 -> 1
[DP-bwdX] L=32 states=1 -> 1
[DP-fwdX] L=0 states=1 -> 1
[DP-bwdX] L=16 states=1 -> 1
[DP-fwdX] L=0 states=1 -> 1
[DP-fwdX] L=0 states=1 -> 1
[DP-fwdX] L=0 states=1 -> 1
[DP-bwdX] L=16 states=1 -> 1
[DP-bwdX] L=16 states=1 -> 1
[DP-bwdX] L=16 states=1 -> 1
[DP-fwdX] L=16 states=1 -> 1
[DP-bwdX] L=32 states=1 -> 1
[DP-fwdX] L=16 states=1 -> 1
[DP-fwdX] L=16 states=1 -> 1
[DP-fwdX] L=16 states=1 -> 1
[DP-bwdX] L=32 states=1 -> 1
[DP-bwdX] L=32 states=1 -> 1
[DP-bwdX] L=32 states=1 -> 1
[DP-fwdX] L=32 states=1 -> 1
[DP-bwdX] L=64 states=1 -> 1
[DP-fwdX] L=32 states=1 -> 1
[DP-bwdX] L=48 states=1 -> 1
[DP-fwdX] L=32 states=1 -> 1
[DP-fwdX] L=32 states=1 -> 1
[DP-fwdX] L=32 states=1 -> 1
[DP-bwdX] L=48 states=1 -> 1
[DP-bwdX] L=48 states=1 -> 1
[DP-bwdX] L=48 states=1 -> 1
[DP-fwdX] L=48 states=1 -> 1
[DP-bwdX] L=64 states=1 -> 1
[DP-fwdX] L=48 states=1 -> 1
[DP-fwdX] L=48 states=1 -> 1
[DP-fwdX] L=48 states=1 -> 1
[DP-bwdX] L=64 states=1 -> 1
[DP-bwdX] L=64 states=1 -> 1
[DP-bwdX] L=64 states=1 -> 1
[RowSwapCTR] expand small 8x8 -> full 16x8  top_rows=4  bot_rows=4  ctr_rows=8  n_full=128
  [Round 21] T_prime=19  T_target=19  HPWL_w=479560  HPWL_eq=476  maxL=26  WNS(T')=-7  WNS*(T)=-7  picked=0  solve_ms=16.7111
[OC-Shortest/pow2] m=8 h=8 SEG=4 bits=32 words=1 threads=24
[DP-fwdX] L=0 states=1 -> 1
[DP-fwdX] L=16 states=141 -> 164
[DP-bwdX] L=64 states=1 -> 1
[DP-bwdX] L=48 states=141 -> 164
[DP-fwdX] L=0 states=1 -> 1
[DP-bwdX] L=32 states=1 -> 1
[DP-fwdX] L=0 states=1 -> 1
[DP-bwdX] L=16 states=1 -> 1
[DP-fwdX] L=0 states=1 -> 1
[DP-fwdX] L=0 states=1 -> 1
[DP-fwdX] L=0 states=1 -> 1
[DP-bwdX] L=16 states=1 -> 1
[DP-bwdX] L=16 states=1 -> 1
[DP-bwdX] L=16 states=1 -> 1
[DP-fwdX] L=16 states=1 -> 1
[DP-bwdX] L=32 states=1 -> 1
[DP-fwdX] L=16 states=1 -> 1
[DP-fwdX] L=16 states=1 -> 1
[DP-fwdX] L=16 states=1 -> 1
[DP-bwdX] L=32 states=1 -> 1
[DP-bwdX] L=32 states=1 -> 1
[DP-bwdX] L=32 states=1 -> 1
[DP-fwdX] L=32 states=1 -> 1
[DP-bwdX] L=64 states=1 -> 1
[DP-fwdX] L=32 states=1 -> 1
[DP-bwdX] L=48 states=1 -> 1
[DP-fwdX] L=32 states=1 -> 1
[DP-fwdX] L=32 states=1 -> 1
[DP-fwdX] L=32 states=1 -> 1
[DP-bwdX] L=48 states=1 -> 1
[DP-bwdX] L=48 states=1 -> 1
[DP-bwdX] L=48 states=1 -> 1
[DP-fwdX] L=48 states=1 -> 1
[DP-bwdX] L=64 states=1 -> 1
[DP-fwdX] L=48 states=1 -> 1
[DP-fwdX] L=48 states=1 -> 1
[DP-fwdX] L=48 states=1 -> 1
[DP-bwdX] L=64 states=1 -> 1
[DP-bwdX] L=64 states=1 -> 1
[DP-bwdX] L=64 states=1 -> 1
[RowSwapCTR] expand small 8x8 -> full 16x8  top_rows=4  bot_rows=4  ctr_rows=8  n_full=128
  [Round 22] T_prime=19  T_target=19  HPWL_w=479560  HPWL_eq=476  maxL=26  WNS(T')=-7  WNS*(T)=-7  picked=0  solve_ms=16.7997
[OC-Shortest/pow2] m=8 h=8 SEG=4 bits=32 words=1 threads=24
[DP-fwdX] L=0 states=1 -> 1
[DP-fwdX] L=16 states=141 -> 164
[DP-bwdX] L=64 states=1 -> 1
[DP-bwdX] L=48 states=141 -> 164
[DP-fwdX] L=0 states=1 -> 1
[DP-bwdX] L=32 states=1 -> 1
[DP-fwdX] L=0 states=1 -> 1
[DP-bwdX] L=16 states=1 -> 1
[DP-fwdX] L=0 states=1 -> 1
[DP-fwdX] L=0 states=1 -> 1
[DP-fwdX] L=0 states=1 -> 1
[DP-bwdX] L=16 states=1 -> 1
[DP-bwdX] L=16 states=1 -> 1
[DP-bwdX] L=16 states=1 -> 1
[DP-fwdX] L=16 states=1 -> 1
[DP-bwdX] L=32 states=1 -> 1
[DP-fwdX] L=16 states=1 -> 1
[DP-fwdX] L=16 states=1 -> 1
[DP-fwdX] L=16 states=1 -> 1
[DP-bwdX] L=32 states=1 -> 1
[DP-bwdX] L=32 states=1 -> 1
[DP-bwdX] L=32 states=1 -> 1
[DP-fwdX] L=32 states=1 -> 1
[DP-bwdX] L=64 states=1 -> 1
[DP-fwdX] L=32 states=1 -> 1
[DP-bwdX] L=48 states=1 -> 1
[DP-fwdX] L=32 states=1 -> 1
[DP-fwdX] L=32 states=1 -> 1
[DP-fwdX] L=32 states=1 -> 1
[DP-bwdX] L=48 states=1 -> 1
[DP-bwdX] L=48 states=1 -> 1
[DP-bwdX] L=48 states=1 -> 1
[DP-fwdX] L=48 states=1 -> 1
[DP-bwdX] L=64 states=1 -> 1
[DP-fwdX] L=48 states=1 -> 1
[DP-fwdX] L=48 states=1 -> 1
[DP-fwdX] L=48 states=1 -> 1
[DP-bwdX] L=64 states=1 -> 1
[DP-bwdX] L=64 states=1 -> 1
[DP-bwdX] L=64 states=1 -> 1
[RowSwapCTR] expand small 8x8 -> full 16x8  top_rows=4  bot_rows=4  ctr_rows=8  n_full=128
  [Round 23] T_prime=19  T_target=19  HPWL_w=479560  HPWL_eq=476  maxL=26  WNS(T')=-7  WNS*(T)=-7  picked=0  solve_ms=16.8042
[OC-Shortest/pow2] m=8 h=8 SEG=4 bits=32 words=1 threads=24
[DP-fwdX] L=0 states=1 -> 1
[DP-fwdX] L=16 states=141 -> 164
[DP-bwdX] L=64 states=1 -> 1
[DP-bwdX] L=48 states=141 -> 164
[DP-fwdX] L=0 states=1 -> 1
[DP-bwdX] L=32 states=1 -> 1
[DP-fwdX] L=0 states=1 -> 1
[DP-bwdX] L=16 states=1 -> 1
[DP-fwdX] L=0 states=1 -> 1
[DP-fwdX] L=0 states=1 -> 1
[DP-fwdX] L=0 states=1 -> 1
[DP-bwdX] L=16 states=1 -> 1
[DP-bwdX] L=16 states=1 -> 1
[DP-bwdX] L=16 states=1 -> 1
[DP-fwdX] L=16 states=1 -> 1
[DP-bwdX] L=32 states=1 -> 1
[DP-fwdX] L=16 states=1 -> 1
[DP-fwdX] L=16 states=1 -> 1
[DP-fwdX] L=16 states=1 -> 1
[DP-bwdX] L=32 states=1 -> 1
[DP-bwdX] L=32 states=1 -> 1
[DP-bwdX] L=32 states=1 -> 1
[DP-fwdX] L=32 states=1 -> 1
[DP-bwdX] L=64 states=1 -> 1
[DP-fwdX] L=32 states=1 -> 1
[DP-bwdX] L=48 states=1 -> 1
[DP-fwdX] L=32 states=1 -> 1
[DP-fwdX] L=32 states=1 -> 1
[DP-fwdX] L=32 states=1 -> 1
[DP-bwdX] L=48 states=1 -> 1
[DP-bwdX] L=48 states=1 -> 1
[DP-bwdX] L=48 states=1 -> 1
[DP-fwdX] L=48 states=1 -> 1
[DP-bwdX] L=64 states=1 -> 1
[DP-fwdX] L=48 states=1 -> 1
[DP-fwdX] L=48 states=1 -> 1
[DP-fwdX] L=48 states=1 -> 1
[DP-bwdX] L=64 states=1 -> 1
[DP-bwdX] L=64 states=1 -> 1
[DP-bwdX] L=64 states=1 -> 1
[RowSwapCTR] expand small 8x8 -> full 16x8  top_rows=4  bot_rows=4  ctr_rows=8  n_full=128
  [Round 24] T_prime=19  T_target=19  HPWL_w=479560  HPWL_eq=476  maxL=26  WNS(T')=-7  WNS*(T)=-7  picked=0  solve_ms=16.7087
[OC-Shortest/pow2] m=8 h=8 SEG=4 bits=32 words=1 threads=24
[DP-fwdX] L=0 states=1 -> 1
[DP-fwdX] L=16 states=141 -> 164
[DP-bwdX] L=64 states=1 -> 1
[DP-bwdX] L=48 states=141 -> 164
[DP-fwdX] L=0 states=1 -> 1
[DP-bwdX] L=32 states=1 -> 1
[DP-fwdX] L=0 states=1 -> 1
[DP-bwdX] L=16 states=1 -> 1
[DP-fwdX] L=0 states=1 -> 1
[DP-fwdX] L=0 states=1 -> 1
[DP-fwdX] L=0 states=1 -> 1
[DP-bwdX] L=16 states=1 -> 1
[DP-bwdX] L=16 states=1 -> 1
[DP-bwdX] L=16 states=1 -> 1
[DP-fwdX] L=16 states=1 -> 1
[DP-bwdX] L=32 states=1 -> 1
[DP-fwdX] L=16 states=1 -> 1
[DP-fwdX] L=16 states=1 -> 1
[DP-fwdX] L=16 states=1 -> 1
[DP-bwdX] L=32 states=1 -> 1
[DP-bwdX] L=32 states=1 -> 1
[DP-bwdX] L=32 states=1 -> 1
[DP-fwdX] L=32 states=1 -> 1
[DP-bwdX] L=64 states=1 -> 1
[DP-fwdX] L=32 states=1 -> 1
[DP-bwdX] L=48 states=1 -> 1
[DP-fwdX] L=32 states=1 -> 1
[DP-fwdX] L=32 states=1 -> 1
[DP-fwdX] L=32 states=1 -> 1
[DP-bwdX] L=48 states=1 -> 1
[DP-bwdX] L=48 states=1 -> 1
[DP-bwdX] L=48 states=1 -> 1
[DP-fwdX] L=48 states=1 -> 1
[DP-bwdX] L=64 states=1 -> 1
[DP-fwdX] L=48 states=1 -> 1
[DP-fwdX] L=48 states=1 -> 1
[DP-fwdX] L=48 states=1 -> 1
[DP-bwdX] L=64 states=1 -> 1
[DP-bwdX] L=64 states=1 -> 1
[DP-bwdX] L=64 states=1 -> 1
[RowSwapCTR] expand small 8x8 -> full 16x8  top_rows=4  bot_rows=4  ctr_rows=8  n_full=128
  [Round 25] T_prime=19  T_target=19  HPWL_w=479560  HPWL_eq=476  maxL=26  WNS(T')=-7  WNS*(T)=-7  picked=0  solve_ms=16.6973
[OC-Shortest/pow2] m=8 h=8 SEG=4 bits=32 words=1 threads=24
[DP-fwdX] L=0 states=1 -> 1
[DP-fwdX] L=16 states=141 -> 164
[DP-bwdX] L=64 states=1 -> 1
[DP-bwdX] L=48 states=141 -> 164
[DP-fwdX] L=0 states=1 -> 1
[DP-bwdX] L=32 states=1 -> 1
[DP-fwdX] L=0 states=1 -> 1
[DP-bwdX] L=16 states=1 -> 1
[DP-fwdX] L=0 states=1 -> 1
[DP-fwdX] L=0 states=1 -> 1
[DP-fwdX] L=0 states=1 -> 1
[DP-bwdX] L=16 states=1 -> 1
[DP-bwdX] L=16 states=1 -> 1
[DP-bwdX] L=16 states=1 -> 1
[DP-fwdX] L=16 states=1 -> 1
[DP-bwdX] L=32 states=1 -> 1
[DP-fwdX] L=16 states=1 -> 1
[DP-fwdX] L=16 states=1 -> 1
[DP-fwdX] L=16 states=1 -> 1
[DP-bwdX] L=32 states=1 -> 1
[DP-bwdX] L=32 states=1 -> 1
[DP-bwdX] L=32 states=1 -> 1
[DP-fwdX] L=32 states=1 -> 1
[DP-bwdX] L=64 states=1 -> 1
[DP-fwdX] L=32 states=1 -> 1
[DP-bwdX] L=48 states=1 -> 1
[DP-fwdX] L=32 states=1 -> 1
[DP-fwdX] L=32 states=1 -> 1
[DP-fwdX] L=32 states=1 -> 1
[DP-bwdX] L=48 states=1 -> 1
[DP-bwdX] L=48 states=1 -> 1
[DP-bwdX] L=48 states=1 -> 1
[DP-fwdX] L=48 states=1 -> 1
[DP-bwdX] L=64 states=1 -> 1
[DP-fwdX] L=48 states=1 -> 1
[DP-fwdX] L=48 states=1 -> 1
[DP-fwdX] L=48 states=1 -> 1
[DP-bwdX] L=64 states=1 -> 1
[DP-bwdX] L=64 states=1 -> 1
[DP-bwdX] L=64 states=1 -> 1
[RowSwapCTR] expand small 8x8 -> full 16x8  top_rows=4  bot_rows=4  ctr_rows=8  n_full=128
  [Round 26] T_prime=19  T_target=19  HPWL_w=479560  HPWL_eq=476  maxL=26  WNS(T')=-7  WNS*(T)=-7  picked=0  solve_ms=17.1788
[OC-Shortest/pow2] m=8 h=8 SEG=4 bits=32 words=1 threads=24
[DP-fwdX] L=0 states=1 -> 1
[DP-fwdX] L=16 states=141 -> 164
[DP-bwdX] L=64 states=1 -> 1
[DP-bwdX] L=48 states=141 -> 164
[DP-fwdX] L=0 states=1 -> 1
[DP-bwdX] L=32 states=1 -> 1
[DP-fwdX] L=0 states=1 -> 1
[DP-bwdX] L=16 states=1 -> 1
[DP-fwdX] L=0 states=1 -> 1
[DP-fwdX] L=0 states=1 -> 1
[DP-fwdX] L=0 states=1 -> 1
[DP-bwdX] L=16 states=1 -> 1
[DP-bwdX] L=16 states=1 -> 1
[DP-bwdX] L=16 states=1 -> 1
[DP-fwdX] L=16 states=1 -> 1
[DP-bwdX] L=32 states=1 -> 1
[DP-fwdX] L=16 states=1 -> 1
[DP-fwdX] L=16 states=1 -> 1
[DP-fwdX] L=16 states=1 -> 1
[DP-bwdX] L=32 states=1 -> 1
[DP-bwdX] L=32 states=1 -> 1
[DP-bwdX] L=32 states=1 -> 1
[DP-fwdX] L=32 states=1 -> 1
[DP-bwdX] L=64 states=1 -> 1
[DP-fwdX] L=32 states=1 -> 1
[DP-bwdX] L=48 states=1 -> 1
[DP-fwdX] L=32 states=1 -> 1
[DP-fwdX] L=32 states=1 -> 1
[DP-fwdX] L=32 states=1 -> 1
[DP-bwdX] L=48 states=1 -> 1
[DP-bwdX] L=48 states=1 -> 1
[DP-bwdX] L=48 states=1 -> 1
[DP-fwdX] L=48 states=1 -> 1
[DP-bwdX] L=64 states=1 -> 1
[DP-fwdX] L=48 states=1 -> 1
[DP-fwdX] L=48 states=1 -> 1
[DP-fwdX] L=48 states=1 -> 1
[DP-bwdX] L=64 states=1 -> 1
[DP-bwdX] L=64 states=1 -> 1
[DP-bwdX] L=64 states=1 -> 1
[RowSwapCTR] expand small 8x8 -> full 16x8  top_rows=4  bot_rows=4  ctr_rows=8  n_full=128
  [Round 27] T_prime=19  T_target=19  HPWL_w=479560  HPWL_eq=476  maxL=26  WNS(T')=-7  WNS*(T)=-7  picked=0  solve_ms=16.7238
[OC-Shortest/pow2] m=8 h=8 SEG=4 bits=32 words=1 threads=24
[DP-fwdX] L=0 states=1 -> 1
[DP-fwdX] L=16 states=141 -> 164
[DP-bwdX] L=64 states=1 -> 1
[DP-bwdX] L=48 states=141 -> 164
[DP-fwdX] L=0 states=1 -> 1
[DP-bwdX] L=32 states=1 -> 1
[DP-fwdX] L=0 states=1 -> 1
[DP-bwdX] L=16 states=1 -> 1
[DP-fwdX] L=0 states=1 -> 1
[DP-fwdX] L=0 states=1 -> 1
[DP-fwdX] L=0 states=1 -> 1
[DP-bwdX] L=16 states=1 -> 1
[DP-bwdX] L=16 states=1 -> 1
[DP-bwdX] L=16 states=1 -> 1
[DP-fwdX] L=16 states=1 -> 1
[DP-bwdX] L=32 states=1 -> 1
[DP-fwdX] L=16 states=1 -> 1
[DP-fwdX] L=16 states=1 -> 1
[DP-fwdX] L=16 states=1 -> 1
[DP-bwdX] L=32 states=1 -> 1
[DP-bwdX] L=32 states=1 -> 1
[DP-bwdX] L=32 states=1 -> 1
[DP-fwdX] L=32 states=1 -> 1
[DP-bwdX] L=64 states=1 -> 1
[DP-fwdX] L=32 states=1 -> 1
[DP-bwdX] L=48 states=1 -> 1
[DP-fwdX] L=32 states=1 -> 1
[DP-fwdX] L=32 states=1 -> 1
[DP-fwdX] L=32 states=1 -> 1
[DP-bwdX] L=48 states=1 -> 1
[DP-bwdX] L=48 states=1 -> 1
[DP-bwdX] L=48 states=1 -> 1
[DP-fwdX] L=48 states=1 -> 1
[DP-bwdX] L=64 states=1 -> 1
[DP-fwdX] L=48 states=1 -> 1
[DP-fwdX] L=48 states=1 -> 1
[DP-fwdX] L=48 states=1 -> 1
[DP-bwdX] L=64 states=1 -> 1
[DP-bwdX] L=64 states=1 -> 1
[DP-bwdX] L=64 states=1 -> 1
[RowSwapCTR] expand small 8x8 -> full 16x8  top_rows=4  bot_rows=4  ctr_rows=8  n_full=128
  [Round 28] T_prime=19  T_target=19  HPWL_w=479560  HPWL_eq=476  maxL=26  WNS(T')=-7  WNS*(T)=-7  picked=0  solve_ms=16.5297
[OC-Shortest/pow2] m=8 h=8 SEG=4 bits=32 words=1 threads=24
[DP-fwdX] L=0 states=1 -> 1
[DP-fwdX] L=16 states=141 -> 164
[DP-bwdX] L=64 states=1 -> 1
[DP-bwdX] L=48 states=141 -> 164
[DP-fwdX] L=0 states=1 -> 1
[DP-bwdX] L=32 states=1 -> 1
[DP-fwdX] L=0 states=1 -> 1
[DP-bwdX] L=16 states=1 -> 1
[DP-fwdX] L=0 states=1 -> 1
[DP-fwdX] L=0 states=1 -> 1
[DP-fwdX] L=0 states=1 -> 1
[DP-bwdX] L=16 states=1 -> 1
[DP-bwdX] L=16 states=1 -> 1
[DP-bwdX] L=16 states=1 -> 1
[DP-fwdX] L=16 states=1 -> 1
[DP-bwdX] L=32 states=1 -> 1
[DP-fwdX] L=16 states=1 -> 1
[DP-fwdX] L=16 states=1 -> 1
[DP-fwdX] L=16 states=1 -> 1
[DP-bwdX] L=32 states=1 -> 1
[DP-bwdX] L=32 states=1 -> 1
[DP-bwdX] L=32 states=1 -> 1
[DP-fwdX] L=32 states=1 -> 1
[DP-bwdX] L=64 states=1 -> 1
[DP-fwdX] L=32 states=1 -> 1
[DP-bwdX] L=48 states=1 -> 1
[DP-fwdX] L=32 states=1 -> 1
[DP-fwdX] L=32 states=1 -> 1
[DP-fwdX] L=32 states=1 -> 1
[DP-bwdX] L=48 states=1 -> 1
[DP-bwdX] L=48 states=1 -> 1
[DP-bwdX] L=48 states=1 -> 1
[DP-fwdX] L=48 states=1 -> 1
[DP-bwdX] L=64 states=1 -> 1
[DP-fwdX] L=48 states=1 -> 1
[DP-fwdX] L=48 states=1 -> 1
[DP-fwdX] L=48 states=1 -> 1
[DP-bwdX] L=64 states=1 -> 1
[DP-bwdX] L=64 states=1 -> 1
[DP-bwdX] L=64 states=1 -> 1
[RowSwapCTR] expand small 8x8 -> full 16x8  top_rows=4  bot_rows=4  ctr_rows=8  n_full=128
  [Round 29] T_prime=19  T_target=19  HPWL_w=479560  HPWL_eq=476  maxL=26  WNS(T')=-7  WNS*(T)=-7  picked=0  solve_ms=16.5606
[OC-Shortest/pow2] m=8 h=8 SEG=4 bits=32 words=1 threads=24
[DP-fwdX] L=0 states=1 -> 1
[DP-fwdX] L=16 states=141 -> 164
[DP-bwdX] L=64 states=1 -> 1
[DP-bwdX] L=48 states=141 -> 164
[DP-fwdX] L=0 states=1 -> 1
[DP-bwdX] L=32 states=1 -> 1
[DP-fwdX] L=0 states=1 -> 1
[DP-bwdX] L=16 states=1 -> 1
[DP-fwdX] L=0 states=1 -> 1
[DP-fwdX] L=0 states=1 -> 1
[DP-fwdX] L=0 states=1 -> 1
[DP-bwdX] L=16 states=1 -> 1
[DP-bwdX] L=16 states=1 -> 1
[DP-bwdX] L=16 states=1 -> 1
[DP-fwdX] L=16 states=1 -> 1
[DP-bwdX] L=32 states=1 -> 1
[DP-fwdX] L=16 states=1 -> 1
[DP-fwdX] L=16 states=1 -> 1
[DP-fwdX] L=16 states=1 -> 1
[DP-bwdX] L=32 states=1 -> 1
[DP-bwdX] L=32 states=1 -> 1
[DP-bwdX] L=32 states=1 -> 1
[DP-fwdX] L=32 states=1 -> 1
[DP-bwdX] L=64 states=1 -> 1
[DP-fwdX] L=32 states=1 -> 1
[DP-bwdX] L=48 states=1 -> 1
[DP-fwdX] L=32 states=1 -> 1
[DP-fwdX] L=32 states=1 -> 1
[DP-fwdX] L=32 states=1 -> 1
[DP-bwdX] L=48 states=1 -> 1
[DP-bwdX] L=48 states=1 -> 1
[DP-bwdX] L=48 states=1 -> 1
[DP-fwdX] L=48 states=1 -> 1
[DP-bwdX] L=64 states=1 -> 1
[DP-fwdX] L=48 states=1 -> 1
[DP-fwdX] L=48 states=1 -> 1
[DP-fwdX] L=48 states=1 -> 1
[DP-bwdX] L=64 states=1 -> 1
[DP-bwdX] L=64 states=1 -> 1
[DP-bwdX] L=64 states=1 -> 1
[RowSwapCTR] expand small 8x8 -> full 16x8  top_rows=4  bot_rows=4  ctr_rows=8  n_full=128
  [Round 30] T_prime=19  T_target=19  HPWL_w=479560  HPWL_eq=476  maxL=26  WNS(T')=-7  WNS*(T)=-7  picked=0  solve_ms=16.7561
[OC-Shortest/pow2] m=8 h=8 SEG=4 bits=32 words=1 threads=24
[DP-fwdX] L=0 states=1 -> 1
[DP-fwdX] L=16 states=141 -> 164
[DP-bwdX] L=64 states=1 -> 1
[DP-bwdX] L=48 states=141 -> 164
[DP-fwdX] L=0 states=1 -> 1
[DP-bwdX] L=32 states=1 -> 1
[DP-fwdX] L=0 states=1 -> 1
[DP-bwdX] L=16 states=1 -> 1
[DP-fwdX] L=0 states=1 -> 1
[DP-fwdX] L=0 states=1 -> 1
[DP-fwdX] L=0 states=1 -> 1
[DP-bwdX] L=16 states=1 -> 1
[DP-bwdX] L=16 states=1 -> 1
[DP-bwdX] L=16 states=1 -> 1
[DP-fwdX] L=16 states=1 -> 1
[DP-bwdX] L=32 states=1 -> 1
[DP-fwdX] L=16 states=1 -> 1
[DP-fwdX] L=16 states=1 -> 1
[DP-fwdX] L=16 states=1 -> 1
[DP-bwdX] L=32 states=1 -> 1
[DP-bwdX] L=32 states=1 -> 1
[DP-bwdX] L=32 states=1 -> 1
[DP-fwdX] L=32 states=1 -> 1
[DP-bwdX] L=64 states=1 -> 1
[DP-fwdX] L=32 states=1 -> 1
[DP-bwdX] L=48 states=1 -> 1
[DP-fwdX] L=32 states=1 -> 1
[DP-fwdX] L=32 states=1 -> 1
[DP-fwdX] L=32 states=1 -> 1
[DP-bwdX] L=48 states=1 -> 1
[DP-bwdX] L=48 states=1 -> 1
[DP-bwdX] L=48 states=1 -> 1
[DP-fwdX] L=48 states=1 -> 1
[DP-bwdX] L=64 states=1 -> 1
[DP-fwdX] L=48 states=1 -> 1
[DP-fwdX] L=48 states=1 -> 1
[DP-fwdX] L=48 states=1 -> 1
[DP-bwdX] L=64 states=1 -> 1
[DP-bwdX] L=64 states=1 -> 1
[DP-bwdX] L=64 states=1 -> 1
[RowSwapCTR] expand small 8x8 -> full 16x8  top_rows=4  bot_rows=4  ctr_rows=8  n_full=128
  [Round 31] T_prime=19  T_target=19  HPWL_w=479560  HPWL_eq=476  maxL=26  WNS(T')=-7  WNS*(T)=-7  picked=0  solve_ms=16.7099
[OC-Shortest/pow2] m=8 h=8 SEG=4 bits=32 words=1 threads=24
[DP-fwdX] L=0 states=1 -> 1
[DP-fwdX] L=16 states=141 -> 164
[DP-bwdX] L=64 states=1 -> 1
[DP-bwdX] L=48 states=141 -> 164
[DP-fwdX] L=0 states=1 -> 1
[DP-bwdX] L=32 states=1 -> 1
[DP-fwdX] L=0 states=1 -> 1
[DP-bwdX] L=16 states=1 -> 1
[DP-fwdX] L=0 states=1 -> 1
[DP-fwdX] L=0 states=1 -> 1
[DP-fwdX] L=0 states=1 -> 1
[DP-bwdX] L=16 states=1 -> 1
[DP-bwdX] L=16 states=1 -> 1
[DP-bwdX] L=16 states=1 -> 1
[DP-fwdX] L=16 states=1 -> 1
[DP-bwdX] L=32 states=1 -> 1
[DP-fwdX] L=16 states=1 -> 1
[DP-fwdX] L=16 states=1 -> 1
[DP-fwdX] L=16 states=1 -> 1
[DP-bwdX] L=32 states=1 -> 1
[DP-bwdX] L=32 states=1 -> 1
[DP-bwdX] L=32 states=1 -> 1
[DP-fwdX] L=32 states=1 -> 1
[DP-bwdX] L=64 states=1 -> 1
[DP-fwdX] L=32 states=1 -> 1
[DP-bwdX] L=48 states=1 -> 1
[DP-fwdX] L=32 states=1 -> 1
[DP-fwdX] L=32 states=1 -> 1
[DP-fwdX] L=32 states=1 -> 1
[DP-bwdX] L=48 states=1 -> 1
[DP-bwdX] L=48 states=1 -> 1
[DP-bwdX] L=48 states=1 -> 1
[DP-fwdX] L=48 states=1 -> 1
[DP-bwdX] L=64 states=1 -> 1
[DP-fwdX] L=48 states=1 -> 1
[DP-fwdX] L=48 states=1 -> 1
[DP-fwdX] L=48 states=1 -> 1
[DP-bwdX] L=64 states=1 -> 1
[DP-bwdX] L=64 states=1 -> 1
[DP-bwdX] L=64 states=1 -> 1
[RowSwapCTR] expand small 8x8 -> full 16x8  top_rows=4  bot_rows=4  ctr_rows=8  n_full=128
  [Round 32] T_prime=19  T_target=19  HPWL_w=479560  HPWL_eq=476  maxL=26  WNS(T')=-7  WNS*(T)=-7  picked=0  solve_ms=16.7798
[OC-Shortest/pow2] m=8 h=8 SEG=4 bits=32 words=1 threads=24
[DP-fwdX] L=0 states=1 -> 1
[DP-fwdX] L=16 states=141 -> 164
[DP-bwdX] L=64 states=1 -> 1
[DP-bwdX] L=48 states=141 -> 164
[DP-fwdX] L=0 states=1 -> 1
[DP-bwdX] L=32 states=1 -> 1
[DP-fwdX] L=0 states=1 -> 1
[DP-bwdX] L=16 states=1 -> 1
[DP-fwdX] L=0 states=1 -> 1
[DP-fwdX] L=0 states=1 -> 1
[DP-fwdX] L=0 states=1 -> 1
[DP-bwdX] L=16 states=1 -> 1
[DP-bwdX] L=16 states=1 -> 1
[DP-bwdX] L=16 states=1 -> 1
[DP-fwdX] L=16 states=1 -> 1
[DP-bwdX] L=32 states=1 -> 1
[DP-fwdX] L=16 states=1 -> 1
[DP-fwdX] L=16 states=1 -> 1
[DP-fwdX] L=16 states=1 -> 1
[DP-bwdX] L=32 states=1 -> 1
[DP-bwdX] L=32 states=1 -> 1
[DP-bwdX] L=32 states=1 -> 1
[DP-fwdX] L=32 states=1 -> 1
[DP-bwdX] L=64 states=1 -> 1
[DP-fwdX] L=32 states=1 -> 1
[DP-bwdX] L=48 states=1 -> 1
[DP-fwdX] L=32 states=1 -> 1
[DP-fwdX] L=32 states=1 -> 1
[DP-fwdX] L=32 states=1 -> 1
[DP-bwdX] L=48 states=1 -> 1
[DP-bwdX] L=48 states=1 -> 1
[DP-bwdX] L=48 states=1 -> 1
[DP-fwdX] L=48 states=1 -> 1
[DP-bwdX] L=64 states=1 -> 1
[DP-fwdX] L=48 states=1 -> 1
[DP-fwdX] L=48 states=1 -> 1
[DP-fwdX] L=48 states=1 -> 1
[DP-bwdX] L=64 states=1 -> 1
[DP-bwdX] L=64 states=1 -> 1
[DP-bwdX] L=64 states=1 -> 1
[RowSwapCTR] expand small 8x8 -> full 16x8  top_rows=4  bot_rows=4  ctr_rows=8  n_full=128
  [Round 33] T_prime=19  T_target=19  HPWL_w=479560  HPWL_eq=476  maxL=26  WNS(T')=-7  WNS*(T)=-7  picked=0  solve_ms=16.7169
[OC-Shortest/pow2] m=8 h=8 SEG=4 bits=32 words=1 threads=24
[DP-fwdX] L=0 states=1 -> 1
[DP-fwdX] L=16 states=141 -> 164
[DP-bwdX] L=64 states=1 -> 1
[DP-bwdX] L=48 states=141 -> 164
[DP-fwdX] L=0 states=1 -> 1
[DP-bwdX] L=32 states=1 -> 1
[DP-fwdX] L=0 states=1 -> 1
[DP-bwdX] L=16 states=1 -> 1
[DP-fwdX] L=0 states=1 -> 1
[DP-fwdX] L=0 states=1 -> 1
[DP-fwdX] L=0 states=1 -> 1
[DP-bwdX] L=16 states=1 -> 1
[DP-bwdX] L=16 states=1 -> 1
[DP-bwdX] L=16 states=1 -> 1
[DP-fwdX] L=16 states=1 -> 1
[DP-bwdX] L=32 states=1 -> 1
[DP-fwdX] L=16 states=1 -> 1
[DP-fwdX] L=16 states=1 -> 1
[DP-fwdX] L=16 states=1 -> 1
[DP-bwdX] L=32 states=1 -> 1
[DP-bwdX] L=32 states=1 -> 1
[DP-bwdX] L=32 states=1 -> 1
[DP-fwdX] L=32 states=1 -> 1
[DP-bwdX] L=64 states=1 -> 1
[DP-fwdX] L=32 states=1 -> 1
[DP-bwdX] L=48 states=1 -> 1
[DP-fwdX] L=32 states=1 -> 1
[DP-fwdX] L=32 states=1 -> 1
[DP-fwdX] L=32 states=1 -> 1
[DP-bwdX] L=48 states=1 -> 1
[DP-bwdX] L=48 states=1 -> 1
[DP-bwdX] L=48 states=1 -> 1
[DP-fwdX] L=48 states=1 -> 1
[DP-bwdX] L=64 states=1 -> 1
[DP-fwdX] L=48 states=1 -> 1
[DP-fwdX] L=48 states=1 -> 1
[DP-fwdX] L=48 states=1 -> 1
[DP-bwdX] L=64 states=1 -> 1
[DP-bwdX] L=64 states=1 -> 1
[DP-bwdX] L=64 states=1 -> 1
[RowSwapCTR] expand small 8x8 -> full 16x8  top_rows=4  bot_rows=4  ctr_rows=8  n_full=128
  [Round 34] T_prime=19  T_target=19  HPWL_w=479560  HPWL_eq=476  maxL=26  WNS(T')=-7  WNS*(T)=-7  picked=0  solve_ms=17.2108
[OC-Shortest/pow2] m=8 h=8 SEG=4 bits=32 words=1 threads=24
[DP-fwdX] L=0 states=1 -> 1
[DP-fwdX] L=16 states=141 -> 164
[DP-bwdX] L=64 states=1 -> 1
[DP-bwdX] L=48 states=141 -> 164
[DP-fwdX] L=0 states=1 -> 1
[DP-bwdX] L=32 states=1 -> 1
[DP-fwdX] L=0 states=1 -> 1
[DP-bwdX] L=16 states=1 -> 1
[DP-fwdX] L=0 states=1 -> 1
[DP-fwdX] L=0 states=1 -> 1
[DP-fwdX] L=0 states=1 -> 1
[DP-bwdX] L=16 states=1 -> 1
[DP-bwdX] L=16 states=1 -> 1
[DP-bwdX] L=16 states=1 -> 1
[DP-fwdX] L=16 states=1 -> 1
[DP-bwdX] L=32 states=1 -> 1
[DP-fwdX] L=16 states=1 -> 1
[DP-fwdX] L=16 states=1 -> 1
[DP-fwdX] L=16 states=1 -> 1
[DP-bwdX] L=32 states=1 -> 1
[DP-bwdX] L=32 states=1 -> 1
[DP-bwdX] L=32 states=1 -> 1
[DP-fwdX] L=32 states=1 -> 1
[DP-bwdX] L=64 states=1 -> 1
[DP-fwdX] L=32 states=1 -> 1
[DP-bwdX] L=48 states=1 -> 1
[DP-fwdX] L=32 states=1 -> 1
[DP-fwdX] L=32 states=1 -> 1
[DP-fwdX] L=32 states=1 -> 1
[DP-bwdX] L=48 states=1 -> 1
[DP-bwdX] L=48 states=1 -> 1
[DP-bwdX] L=48 states=1 -> 1
[DP-fwdX] L=48 states=1 -> 1
[DP-bwdX] L=64 states=1 -> 1
[DP-fwdX] L=48 states=1 -> 1
[DP-fwdX] L=48 states=1 -> 1
[DP-fwdX] L=48 states=1 -> 1
[DP-bwdX] L=64 states=1 -> 1
[DP-bwdX] L=64 states=1 -> 1
[DP-bwdX] L=64 states=1 -> 1
[RowSwapCTR] expand small 8x8 -> full 16x8  top_rows=4  bot_rows=4  ctr_rows=8  n_full=128
  [Round 35] T_prime=19  T_target=19  HPWL_w=479560  HPWL_eq=476  maxL=26  WNS(T')=-7  WNS*(T)=-7  picked=0  solve_ms=16.7991
[OC-Shortest/pow2] m=8 h=8 SEG=4 bits=32 words=1 threads=24
[DP-fwdX] L=0 states=1 -> 1
[DP-fwdX] L=16 states=141 -> 164
[DP-bwdX] L=64 states=1 -> 1
[DP-bwdX] L=48 states=141 -> 164
[DP-fwdX] L=0 states=1 -> 1
[DP-bwdX] L=32 states=1 -> 1
[DP-fwdX] L=0 states=1 -> 1
[DP-bwdX] L=16 states=1 -> 1
[DP-fwdX] L=0 states=1 -> 1
[DP-fwdX] L=0 states=1 -> 1
[DP-fwdX] L=0 states=1 -> 1
[DP-bwdX] L=16 states=1 -> 1
[DP-bwdX] L=16 states=1 -> 1
[DP-bwdX] L=16 states=1 -> 1
[DP-fwdX] L=16 states=1 -> 1
[DP-bwdX] L=32 states=1 -> 1
[DP-fwdX] L=16 states=1 -> 1
[DP-fwdX] L=16 states=1 -> 1
[DP-fwdX] L=16 states=1 -> 1
[DP-bwdX] L=32 states=1 -> 1
[DP-bwdX] L=32 states=1 -> 1
[DP-bwdX] L=32 states=1 -> 1
[DP-fwdX] L=32 states=1 -> 1
[DP-bwdX] L=64 states=1 -> 1
[DP-fwdX] L=32 states=1 -> 1
[DP-bwdX] L=48 states=1 -> 1
[DP-fwdX] L=32 states=1 -> 1
[DP-fwdX] L=32 states=1 -> 1
[DP-fwdX] L=32 states=1 -> 1
[DP-bwdX] L=48 states=1 -> 1
[DP-bwdX] L=48 states=1 -> 1
[DP-bwdX] L=48 states=1 -> 1
[DP-fwdX] L=48 states=1 -> 1
[DP-bwdX] L=64 states=1 -> 1
[DP-fwdX] L=48 states=1 -> 1
[DP-fwdX] L=48 states=1 -> 1
[DP-fwdX] L=48 states=1 -> 1
[DP-bwdX] L=64 states=1 -> 1
[DP-bwdX] L=64 states=1 -> 1
[DP-bwdX] L=64 states=1 -> 1
[RowSwapCTR] expand small 8x8 -> full 16x8  top_rows=4  bot_rows=4  ctr_rows=8  n_full=128
  [Round 36] T_prime=19  T_target=19  HPWL_w=479560  HPWL_eq=476  maxL=26  WNS(T')=-7  WNS*(T)=-7  picked=0  solve_ms=16.8796
[OC-Shortest/pow2] m=8 h=8 SEG=4 bits=32 words=1 threads=24
[DP-fwdX] L=0 states=1 -> 1
[DP-fwdX] L=16 states=141 -> 164
[DP-bwdX] L=64 states=1 -> 1
[DP-bwdX] L=48 states=141 -> 164
[DP-fwdX] L=0 states=1 -> 1
[DP-bwdX] L=32 states=1 -> 1
[DP-fwdX] L=0 states=1 -> 1
[DP-bwdX] L=16 states=1 -> 1
[DP-fwdX] L=0 states=1 -> 1
[DP-fwdX] L=0 states=1 -> 1
[DP-fwdX] L=0 states=1 -> 1
[DP-bwdX] L=16 states=1 -> 1
[DP-bwdX] L=16 states=1 -> 1
[DP-bwdX] L=16 states=1 -> 1
[DP-fwdX] L=16 states=1 -> 1
[DP-bwdX] L=32 states=1 -> 1
[DP-fwdX] L=16 states=1 -> 1
[DP-fwdX] L=16 states=1 -> 1
[DP-fwdX] L=16 states=1 -> 1
[DP-bwdX] L=32 states=1 -> 1
[DP-bwdX] L=32 states=1 -> 1
[DP-bwdX] L=32 states=1 -> 1
[DP-fwdX] L=32 states=1 -> 1
[DP-bwdX] L=64 states=1 -> 1
[DP-fwdX] L=32 states=1 -> 1
[DP-bwdX] L=48 states=1 -> 1
[DP-fwdX] L=32 states=1 -> 1
[DP-fwdX] L=32 states=1 -> 1
[DP-fwdX] L=32 states=1 -> 1
[DP-bwdX] L=48 states=1 -> 1
[DP-bwdX] L=48 states=1 -> 1
[DP-bwdX] L=48 states=1 -> 1
[DP-fwdX] L=48 states=1 -> 1
[DP-bwdX] L=64 states=1 -> 1
[DP-fwdX] L=48 states=1 -> 1
[DP-fwdX] L=48 states=1 -> 1
[DP-fwdX] L=48 states=1 -> 1
[DP-bwdX] L=64 states=1 -> 1
[DP-bwdX] L=64 states=1 -> 1
[DP-bwdX] L=64 states=1 -> 1
[RowSwapCTR] expand small 8x8 -> full 16x8  top_rows=4  bot_rows=4  ctr_rows=8  n_full=128
  [Round 37] T_prime=19  T_target=19  HPWL_w=479560  HPWL_eq=476  maxL=26  WNS(T')=-7  WNS*(T)=-7  picked=0  solve_ms=16.7463
[OC-Shortest/pow2] m=8 h=8 SEG=4 bits=32 words=1 threads=24
[DP-fwdX] L=0 states=1 -> 1
[DP-fwdX] L=16 states=141 -> 164
[DP-bwdX] L=64 states=1 -> 1
[DP-bwdX] L=48 states=141 -> 164
[DP-fwdX] L=0 states=1 -> 1
[DP-bwdX] L=32 states=1 -> 1
[DP-fwdX] L=0 states=1 -> 1
[DP-bwdX] L=16 states=1 -> 1
[DP-fwdX] L=0 states=1 -> 1
[DP-fwdX] L=0 states=1 -> 1
[DP-fwdX] L=0 states=1 -> 1
[DP-bwdX] L=16 states=1 -> 1
[DP-bwdX] L=16 states=1 -> 1
[DP-bwdX] L=16 states=1 -> 1
[DP-fwdX] L=16 states=1 -> 1
[DP-bwdX] L=32 states=1 -> 1
[DP-fwdX] L=16 states=1 -> 1
[DP-fwdX] L=16 states=1 -> 1
[DP-fwdX] L=16 states=1 -> 1
[DP-bwdX] L=32 states=1 -> 1
[DP-bwdX] L=32 states=1 -> 1
[DP-bwdX] L=32 states=1 -> 1
[DP-fwdX] L=32 states=1 -> 1
[DP-bwdX] L=64 states=1 -> 1
[DP-fwdX] L=32 states=1 -> 1
[DP-bwdX] L=48 states=1 -> 1
[DP-fwdX] L=32 states=1 -> 1
[DP-fwdX] L=32 states=1 -> 1
[DP-fwdX] L=32 states=1 -> 1
[DP-bwdX] L=48 states=1 -> 1
[DP-bwdX] L=48 states=1 -> 1
[DP-bwdX] L=48 states=1 -> 1
[DP-fwdX] L=48 states=1 -> 1
[DP-bwdX] L=64 states=1 -> 1
[DP-fwdX] L=48 states=1 -> 1
[DP-fwdX] L=48 states=1 -> 1
[DP-fwdX] L=48 states=1 -> 1
[DP-bwdX] L=64 states=1 -> 1
[DP-bwdX] L=64 states=1 -> 1
[DP-bwdX] L=64 states=1 -> 1
[RowSwapCTR] expand small 8x8 -> full 16x8  top_rows=4  bot_rows=4  ctr_rows=8  n_full=128
  [Round 38] T_prime=19  T_target=19  HPWL_w=479560  HPWL_eq=476  maxL=26  WNS(T')=-7  WNS*(T)=-7  picked=0  solve_ms=16.6993
[OC-Shortest/pow2] m=8 h=8 SEG=4 bits=32 words=1 threads=24
[DP-fwdX] L=0 states=1 -> 1
[DP-fwdX] L=16 states=141 -> 164
[DP-bwdX] L=64 states=1 -> 1
[DP-bwdX] L=48 states=141 -> 164
[DP-fwdX] L=0 states=1 -> 1
[DP-bwdX] L=32 states=1 -> 1
[DP-fwdX] L=0 states=1 -> 1
[DP-bwdX] L=16 states=1 -> 1
[DP-fwdX] L=0 states=1 -> 1
[DP-fwdX] L=0 states=1 -> 1
[DP-fwdX] L=0 states=1 -> 1
[DP-bwdX] L=16 states=1 -> 1
[DP-bwdX] L=16 states=1 -> 1
[DP-bwdX] L=16 states=1 -> 1
[DP-fwdX] L=16 states=1 -> 1
[DP-bwdX] L=32 states=1 -> 1
[DP-fwdX] L=16 states=1 -> 1
[DP-fwdX] L=16 states=1 -> 1
[DP-fwdX] L=16 states=1 -> 1
[DP-bwdX] L=32 states=1 -> 1
[DP-bwdX] L=32 states=1 -> 1
[DP-bwdX] L=32 states=1 -> 1
[DP-fwdX] L=32 states=1 -> 1
[DP-bwdX] L=64 states=1 -> 1
[DP-fwdX] L=32 states=1 -> 1
[DP-bwdX] L=48 states=1 -> 1
[DP-fwdX] L=32 states=1 -> 1
[DP-fwdX] L=32 states=1 -> 1
[DP-fwdX] L=32 states=1 -> 1
[DP-bwdX] L=48 states=1 -> 1
[DP-bwdX] L=48 states=1 -> 1
[DP-bwdX] L=48 states=1 -> 1
[DP-fwdX] L=48 states=1 -> 1
[DP-bwdX] L=64 states=1 -> 1
[DP-fwdX] L=48 states=1 -> 1
[DP-fwdX] L=48 states=1 -> 1
[DP-fwdX] L=48 states=1 -> 1
[DP-bwdX] L=64 states=1 -> 1
[DP-bwdX] L=64 states=1 -> 1
[DP-bwdX] L=64 states=1 -> 1
[RowSwapCTR] expand small 8x8 -> full 16x8  top_rows=4  bot_rows=4  ctr_rows=8  n_full=128
  [Round 39] T_prime=19  T_target=19  HPWL_w=479560  HPWL_eq=476  maxL=26  WNS(T')=-7  WNS*(T)=-7  picked=0  solve_ms=16.9292
[OC-Shortest/pow2] m=8 h=8 SEG=4 bits=32 words=1 threads=24
[DP-fwdX] L=0 states=1 -> 1
[DP-fwdX] L=16 states=141 -> 164
[DP-bwdX] L=64 states=1 -> 1
[DP-bwdX] L=48 states=141 -> 164
[DP-fwdX] L=0 states=1 -> 1
[DP-bwdX] L=32 states=1 -> 1
[DP-fwdX] L=0 states=1 -> 1
[DP-bwdX] L=16 states=1 -> 1
[DP-fwdX] L=0 states=1 -> 1
[DP-fwdX] L=0 states=1 -> 1
[DP-fwdX] L=0 states=1 -> 1
[DP-bwdX] L=16 states=1 -> 1
[DP-bwdX] L=16 states=1 -> 1
[DP-bwdX] L=16 states=1 -> 1
[DP-fwdX] L=16 states=1 -> 1
[DP-bwdX] L=32 states=1 -> 1
[DP-fwdX] L=16 states=1 -> 1
[DP-fwdX] L=16 states=1 -> 1
[DP-fwdX] L=16 states=1 -> 1
[DP-bwdX] L=32 states=1 -> 1
[DP-bwdX] L=32 states=1 -> 1
[DP-bwdX] L=32 states=1 -> 1
[DP-fwdX] L=32 states=1 -> 1
[DP-bwdX] L=64 states=1 -> 1
[DP-fwdX] L=32 states=1 -> 1
[DP-bwdX] L=48 states=1 -> 1
[DP-fwdX] L=32 states=1 -> 1
[DP-fwdX] L=32 states=1 -> 1
[DP-fwdX] L=32 states=1 -> 1
[DP-bwdX] L=48 states=1 -> 1
[DP-bwdX] L=48 states=1 -> 1
[DP-bwdX] L=48 states=1 -> 1
[DP-fwdX] L=48 states=1 -> 1
[DP-bwdX] L=64 states=1 -> 1
[DP-fwdX] L=48 states=1 -> 1
[DP-fwdX] L=48 states=1 -> 1
[DP-fwdX] L=48 states=1 -> 1
[DP-bwdX] L=64 states=1 -> 1
[DP-bwdX] L=64 states=1 -> 1
[DP-bwdX] L=64 states=1 -> 1
[RowSwapCTR] expand small 8x8 -> full 16x8  top_rows=4  bot_rows=4  ctr_rows=8  n_full=128
  [Round 40] T_prime=19  T_target=19  HPWL_w=479560  HPWL_eq=476  maxL=26  WNS(T')=-7  WNS*(T)=-7  picked=0  solve_ms=62.2214
[OC-Shortest/pow2] m=8 h=8 SEG=4 bits=32 words=1 threads=24
[DP-fwdX] L=0 states=1 -> 1
[DP-fwdX] L=16 states=141 -> 164
[DP-bwdX] L=64 states=1 -> 1
[DP-bwdX] L=48 states=141 -> 164
[DP-fwdX] L=0 states=1 -> 1
[DP-bwdX] L=32 states=1 -> 1
[DP-fwdX] L=0 states=1 -> 1
[DP-bwdX] L=16 states=1 -> 1
[DP-fwdX] L=0 states=1 -> 1
[DP-fwdX] L=0 states=1 -> 1
[DP-fwdX] L=0 states=1 -> 1
[DP-bwdX] L=16 states=1 -> 1
[DP-bwdX] L=16 states=1 -> 1
[DP-bwdX] L=16 states=1 -> 1
[DP-fwdX] L=16 states=1 -> 1
[DP-bwdX] L=32 states=1 -> 1
[DP-fwdX] L=16 states=1 -> 1
[DP-fwdX] L=16 states=1 -> 1
[DP-fwdX] L=16 states=1 -> 1
[DP-bwdX] L=32 states=1 -> 1
[DP-bwdX] L=32 states=1 -> 1
[DP-bwdX] L=32 states=1 -> 1
[DP-fwdX] L=32 states=1 -> 1
[DP-bwdX] L=64 states=1 -> 1
[DP-fwdX] L=32 states=1 -> 1
[DP-bwdX] L=48 states=1 -> 1
[DP-fwdX] L=32 states=1 -> 1
[DP-fwdX] L=32 states=1 -> 1
[DP-fwdX] L=32 states=1 -> 1
[DP-bwdX] L=48 states=1 -> 1
[DP-bwdX] L=48 states=1 -> 1
[DP-bwdX] L=48 states=1 -> 1
[DP-fwdX] L=48 states=1 -> 1
[DP-bwdX] L=64 states=1 -> 1
[DP-fwdX] L=48 states=1 -> 1
[DP-fwdX] L=48 states=1 -> 1
[DP-fwdX] L=48 states=1 -> 1
[DP-bwdX] L=64 states=1 -> 1
[DP-bwdX] L=64 states=1 -> 1
[DP-bwdX] L=64 states=1 -> 1
[RowSwapCTR] expand small 8x8 -> full 16x8  top_rows=4  bot_rows=4  ctr_rows=8  n_full=128
  [Round 41] T_prime=19  T_target=19  HPWL_w=479560  HPWL_eq=476  maxL=26  WNS(T')=-7  WNS*(T)=-7  picked=0  solve_ms=81.5518
[OC-Shortest/pow2] m=8 h=8 SEG=4 bits=32 words=1 threads=24
[DP-fwdX] L=0 states=1 -> 1
[DP-fwdX] L=16 states=141 -> 164
[DP-bwdX] L=64 states=1 -> 1
[DP-bwdX] L=48 states=141 -> 164
[DP-fwdX] L=0 states=1 -> 1
[DP-bwdX] L=32 states=1 -> 1
[DP-fwdX] L=0 states=1 -> 1
[DP-bwdX] L=16 states=1 -> 1
[DP-fwdX] L=0 states=1 -> 1
[DP-fwdX] L=0 states=1 -> 1
[DP-fwdX] L=0 states=1 -> 1
[DP-bwdX] L=16 states=1 -> 1
[DP-bwdX] L=16 states=1 -> 1
[DP-bwdX] L=16 states=1 -> 1
[DP-fwdX] L=16 states=1 -> 1
[DP-bwdX] L=32 states=1 -> 1
[DP-fwdX] L=16 states=1 -> 1
[DP-fwdX] L=16 states=1 -> 1
[DP-fwdX] L=16 states=1 -> 1
[DP-bwdX] L=32 states=1 -> 1
[DP-bwdX] L=32 states=1 -> 1
[DP-bwdX] L=32 states=1 -> 1
[DP-fwdX] L=32 states=1 -> 1
[DP-bwdX] L=64 states=1 -> 1
[DP-fwdX] L=32 states=1 -> 1
[DP-bwdX] L=48 states=1 -> 1
[DP-fwdX] L=32 states=1 -> 1
[DP-fwdX] L=32 states=1 -> 1
[DP-fwdX] L=32 states=1 -> 1
[DP-bwdX] L=48 states=1 -> 1
[DP-bwdX] L=48 states=1 -> 1
[DP-bwdX] L=48 states=1 -> 1
[DP-fwdX] L=48 states=1 -> 1
[DP-bwdX] L=64 states=1 -> 1
[DP-fwdX] L=48 states=1 -> 1
[DP-fwdX] L=48 states=1 -> 1
[DP-fwdX] L=48 states=1 -> 1
[DP-bwdX] L=64 states=1 -> 1
[DP-bwdX] L=64 states=1 -> 1
[DP-bwdX] L=64 states=1 -> 1
[RowSwapCTR] expand small 8x8 -> full 16x8  top_rows=4  bot_rows=4  ctr_rows=8  n_full=128
  [Round 42] T_prime=19  T_target=19  HPWL_w=479560  HPWL_eq=476  maxL=26  WNS(T')=-7  WNS*(T)=-7  picked=0  solve_ms=17.0947
[OC-Shortest/pow2] m=8 h=8 SEG=4 bits=32 words=1 threads=24
[DP-fwdX] L=0 states=1 -> 1
[DP-fwdX] L=16 states=141 -> 164
[DP-bwdX] L=64 states=1 -> 1
[DP-bwdX] L=48 states=141 -> 164
[DP-fwdX] L=0 states=1 -> 1
[DP-bwdX] L=32 states=1 -> 1
[DP-fwdX] L=0 states=1 -> 1
[DP-bwdX] L=16 states=1 -> 1
[DP-fwdX] L=0 states=1 -> 1
[DP-fwdX] L=0 states=1 -> 1
[DP-fwdX] L=0 states=1 -> 1
[DP-bwdX] L=16 states=1 -> 1
[DP-bwdX] L=16 states=1 -> 1
[DP-bwdX] L=16 states=1 -> 1
[DP-fwdX] L=16 states=1 -> 1
[DP-bwdX] L=32 states=1 -> 1
[DP-fwdX] L=16 states=1 -> 1
[DP-fwdX] L=16 states=1 -> 1
[DP-fwdX] L=16 states=1 -> 1
[DP-bwdX] L=32 states=1 -> 1
[DP-bwdX] L=32 states=1 -> 1
[DP-bwdX] L=32 states=1 -> 1
[DP-fwdX] L=32 states=1 -> 1
[DP-bwdX] L=64 states=1 -> 1
[DP-fwdX] L=32 states=1 -> 1
[DP-bwdX] L=48 states=1 -> 1
[DP-fwdX] L=32 states=1 -> 1
[DP-fwdX] L=32 states=1 -> 1
[DP-fwdX] L=32 states=1 -> 1
[DP-bwdX] L=48 states=1 -> 1
[DP-bwdX] L=48 states=1 -> 1
[DP-bwdX] L=48 states=1 -> 1
[DP-fwdX] L=48 states=1 -> 1
[DP-bwdX] L=64 states=1 -> 1
[DP-fwdX] L=48 states=1 -> 1
[DP-fwdX] L=48 states=1 -> 1
[DP-fwdX] L=48 states=1 -> 1
[DP-bwdX] L=64 states=1 -> 1
[DP-bwdX] L=64 states=1 -> 1
[DP-bwdX] L=64 states=1 -> 1
[RowSwapCTR] expand small 8x8 -> full 16x8  top_rows=4  bot_rows=4  ctr_rows=8  n_full=128
  [Round 43] T_prime=19  T_target=19  HPWL_w=479560  HPWL_eq=476  maxL=26  WNS(T')=-7  WNS*(T)=-7  picked=0  solve_ms=17.2349
[OC-Shortest/pow2] m=8 h=8 SEG=4 bits=32 words=1 threads=24
[DP-fwdX] L=0 states=1 -> 1
[DP-fwdX] L=16 states=141 -> 164
[DP-bwdX] L=64 states=1 -> 1
[DP-bwdX] L=48 states=141 -> 164
[DP-fwdX] L=0 states=1 -> 1
[DP-bwdX] L=32 states=1 -> 1
[DP-fwdX] L=0 states=1 -> 1
[DP-bwdX] L=16 states=1 -> 1
[DP-fwdX] L=0 states=1 -> 1
[DP-fwdX] L=0 states=1 -> 1
[DP-fwdX] L=0 states=1 -> 1
[DP-bwdX] L=16 states=1 -> 1
[DP-bwdX] L=16 states=1 -> 1
[DP-bwdX] L=16 states=1 -> 1
[DP-fwdX] L=16 states=1 -> 1
[DP-bwdX] L=32 states=1 -> 1
[DP-fwdX] L=16 states=1 -> 1
[DP-fwdX] L=16 states=1 -> 1
[DP-fwdX] L=16 states=1 -> 1
[DP-bwdX] L=32 states=1 -> 1
[DP-bwdX] L=32 states=1 -> 1
[DP-bwdX] L=32 states=1 -> 1
[DP-fwdX] L=32 states=1 -> 1
[DP-bwdX] L=64 states=1 -> 1
[DP-fwdX] L=32 states=1 -> 1
[DP-bwdX] L=48 states=1 -> 1
[DP-fwdX] L=32 states=1 -> 1
[DP-fwdX] L=32 states=1 -> 1
[DP-fwdX] L=32 states=1 -> 1
[DP-bwdX] L=48 states=1 -> 1
[DP-bwdX] L=48 states=1 -> 1
[DP-bwdX] L=48 states=1 -> 1
[DP-fwdX] L=48 states=1 -> 1
[DP-bwdX] L=64 states=1 -> 1
[DP-fwdX] L=48 states=1 -> 1
[DP-fwdX] L=48 states=1 -> 1
[DP-fwdX] L=48 states=1 -> 1
[DP-bwdX] L=64 states=1 -> 1
[DP-bwdX] L=64 states=1 -> 1
[DP-bwdX] L=64 states=1 -> 1
[RowSwapCTR] expand small 8x8 -> full 16x8  top_rows=4  bot_rows=4  ctr_rows=8  n_full=128
  [Round 44] T_prime=19  T_target=19  HPWL_w=479560  HPWL_eq=476  maxL=26  WNS(T')=-7  WNS*(T)=-7  picked=0  solve_ms=17.2265
[OC-Shortest/pow2] m=8 h=8 SEG=4 bits=32 words=1 threads=24
[DP-fwdX] L=0 states=1 -> 1
[DP-fwdX] L=16 states=141 -> 164
[DP-bwdX] L=64 states=1 -> 1
[DP-bwdX] L=48 states=141 -> 164
[DP-fwdX] L=0 states=1 -> 1
[DP-bwdX] L=32 states=1 -> 1
[DP-fwdX] L=0 states=1 -> 1
[DP-bwdX] L=16 states=1 -> 1
[DP-fwdX] L=0 states=1 -> 1
[DP-fwdX] L=0 states=1 -> 1
[DP-fwdX] L=0 states=1 -> 1
[DP-bwdX] L=16 states=1 -> 1
[DP-bwdX] L=16 states=1 -> 1
[DP-bwdX] L=16 states=1 -> 1
[DP-fwdX] L=16 states=1 -> 1
[DP-bwdX] L=32 states=1 -> 1
[DP-fwdX] L=16 states=1 -> 1
[DP-fwdX] L=16 states=1 -> 1
[DP-fwdX] L=16 states=1 -> 1
[DP-bwdX] L=32 states=1 -> 1
[DP-bwdX] L=32 states=1 -> 1
[DP-bwdX] L=32 states=1 -> 1
[DP-fwdX] L=32 states=1 -> 1
[DP-bwdX] L=64 states=1 -> 1
[DP-fwdX] L=32 states=1 -> 1
[DP-bwdX] L=48 states=1 -> 1
[DP-fwdX] L=32 states=1 -> 1
[DP-fwdX] L=32 states=1 -> 1
[DP-fwdX] L=32 states=1 -> 1
[DP-bwdX] L=48 states=1 -> 1
[DP-bwdX] L=48 states=1 -> 1
[DP-bwdX] L=48 states=1 -> 1
[DP-fwdX] L=48 states=1 -> 1
[DP-bwdX] L=64 states=1 -> 1
[DP-fwdX] L=48 states=1 -> 1
[DP-fwdX] L=48 states=1 -> 1
[DP-fwdX] L=48 states=1 -> 1
[DP-bwdX] L=64 states=1 -> 1
[DP-bwdX] L=64 states=1 -> 1
[DP-bwdX] L=64 states=1 -> 1
[RowSwapCTR] expand small 8x8 -> full 16x8  top_rows=4  bot_rows=4  ctr_rows=8  n_full=128
  [Round 45] T_prime=19  T_target=19  HPWL_w=479560  HPWL_eq=476  maxL=26  WNS(T')=-7  WNS*(T)=-7  picked=0  solve_ms=17.0472
[OC-Shortest/pow2] m=8 h=8 SEG=4 bits=32 words=1 threads=24
[DP-fwdX] L=0 states=1 -> 1
[DP-fwdX] L=16 states=141 -> 164
[DP-bwdX] L=64 states=1 -> 1
[DP-bwdX] L=48 states=141 -> 164
[DP-fwdX] L=0 states=1 -> 1
[DP-bwdX] L=32 states=1 -> 1
[DP-fwdX] L=0 states=1 -> 1
[DP-bwdX] L=16 states=1 -> 1
[DP-fwdX] L=0 states=1 -> 1
[DP-fwdX] L=0 states=1 -> 1
[DP-fwdX] L=0 states=1 -> 1
[DP-bwdX] L=16 states=1 -> 1
[DP-bwdX] L=16 states=1 -> 1
[DP-bwdX] L=16 states=1 -> 1
[DP-fwdX] L=16 states=1 -> 1
[DP-bwdX] L=32 states=1 -> 1
[DP-fwdX] L=16 states=1 -> 1
[DP-fwdX] L=16 states=1 -> 1
[DP-fwdX] L=16 states=1 -> 1
[DP-bwdX] L=32 states=1 -> 1
[DP-bwdX] L=32 states=1 -> 1
[DP-bwdX] L=32 states=1 -> 1
[DP-fwdX] L=32 states=1 -> 1
[DP-bwdX] L=64 states=1 -> 1
[DP-fwdX] L=32 states=1 -> 1
[DP-bwdX] L=48 states=1 -> 1
[DP-fwdX] L=32 states=1 -> 1
[DP-fwdX] L=32 states=1 -> 1
[DP-fwdX] L=32 states=1 -> 1
[DP-bwdX] L=48 states=1 -> 1
[DP-bwdX] L=48 states=1 -> 1
[DP-bwdX] L=48 states=1 -> 1
[DP-fwdX] L=48 states=1 -> 1
[DP-bwdX] L=64 states=1 -> 1
[DP-fwdX] L=48 states=1 -> 1
[DP-fwdX] L=48 states=1 -> 1
[DP-fwdX] L=48 states=1 -> 1
[DP-bwdX] L=64 states=1 -> 1
[DP-bwdX] L=64 states=1 -> 1
[DP-bwdX] L=64 states=1 -> 1
[RowSwapCTR] expand small 8x8 -> full 16x8  top_rows=4  bot_rows=4  ctr_rows=8  n_full=128
  [Round 46] T_prime=19  T_target=19  HPWL_w=479560  HPWL_eq=476  maxL=26  WNS(T')=-7  WNS*(T)=-7  picked=0  solve_ms=17.0974
[OC-Shortest/pow2] m=8 h=8 SEG=4 bits=32 words=1 threads=24
[DP-fwdX] L=0 states=1 -> 1
[DP-fwdX] L=16 states=141 -> 164
[DP-bwdX] L=64 states=1 -> 1
[DP-bwdX] L=48 states=141 -> 164
[DP-fwdX] L=0 states=1 -> 1
[DP-bwdX] L=32 states=1 -> 1
[DP-fwdX] L=0 states=1 -> 1
[DP-bwdX] L=16 states=1 -> 1
[DP-fwdX] L=0 states=1 -> 1
[DP-fwdX] L=0 states=1 -> 1
[DP-fwdX] L=0 states=1 -> 1
[DP-bwdX] L=16 states=1 -> 1
[DP-bwdX] L=16 states=1 -> 1
[DP-bwdX] L=16 states=1 -> 1
[DP-fwdX] L=16 states=1 -> 1
[DP-bwdX] L=32 states=1 -> 1
[DP-fwdX] L=16 states=1 -> 1
[DP-fwdX] L=16 states=1 -> 1
[DP-fwdX] L=16 states=1 -> 1
[DP-bwdX] L=32 states=1 -> 1
[DP-bwdX] L=32 states=1 -> 1
[DP-bwdX] L=32 states=1 -> 1
[DP-fwdX] L=32 states=1 -> 1
[DP-bwdX] L=64 states=1 -> 1
[DP-fwdX] L=32 states=1 -> 1
[DP-bwdX] L=48 states=1 -> 1
[DP-fwdX] L=32 states=1 -> 1
[DP-fwdX] L=32 states=1 -> 1
[DP-fwdX] L=32 states=1 -> 1
[DP-bwdX] L=48 states=1 -> 1
[DP-bwdX] L=48 states=1 -> 1
[DP-bwdX] L=48 states=1 -> 1
[DP-fwdX] L=48 states=1 -> 1
[DP-bwdX] L=64 states=1 -> 1
[DP-fwdX] L=48 states=1 -> 1
[DP-fwdX] L=48 states=1 -> 1
[DP-fwdX] L=48 states=1 -> 1
[DP-bwdX] L=64 states=1 -> 1
[DP-bwdX] L=64 states=1 -> 1
[DP-bwdX] L=64 states=1 -> 1
[RowSwapCTR] expand small 8x8 -> full 16x8  top_rows=4  bot_rows=4  ctr_rows=8  n_full=128
  [Round 47] T_prime=19  T_target=19  HPWL_w=479560  HPWL_eq=476  maxL=26  WNS(T')=-7  WNS*(T)=-7  picked=0  solve_ms=17.0415
[OC-Shortest/pow2] m=8 h=8 SEG=4 bits=32 words=1 threads=24
[DP-fwdX] L=0 states=1 -> 1
[DP-fwdX] L=16 states=141 -> 164
[DP-bwdX] L=64 states=1 -> 1
[DP-bwdX] L=48 states=141 -> 164
[DP-fwdX] L=0 states=1 -> 1
[DP-bwdX] L=32 states=1 -> 1
[DP-fwdX] L=0 states=1 -> 1
[DP-bwdX] L=16 states=1 -> 1
[DP-fwdX] L=0 states=1 -> 1
[DP-fwdX] L=0 states=1 -> 1
[DP-fwdX] L=0 states=1 -> 1
[DP-bwdX] L=16 states=1 -> 1
[DP-bwdX] L=16 states=1 -> 1
[DP-bwdX] L=16 states=1 -> 1
[DP-fwdX] L=16 states=1 -> 1
[DP-bwdX] L=32 states=1 -> 1
[DP-fwdX] L=16 states=1 -> 1
[DP-fwdX] L=16 states=1 -> 1
[DP-fwdX] L=16 states=1 -> 1
[DP-bwdX] L=32 states=1 -> 1
[DP-bwdX] L=32 states=1 -> 1
[DP-bwdX] L=32 states=1 -> 1
[DP-fwdX] L=32 states=1 -> 1
[DP-bwdX] L=64 states=1 -> 1
[DP-fwdX] L=32 states=1 -> 1
[DP-bwdX] L=48 states=1 -> 1
[DP-fwdX] L=32 states=1 -> 1
[DP-fwdX] L=32 states=1 -> 1
[DP-fwdX] L=32 states=1 -> 1
[DP-bwdX] L=48 states=1 -> 1
[DP-bwdX] L=48 states=1 -> 1
[DP-bwdX] L=48 states=1 -> 1
[DP-fwdX] L=48 states=1 -> 1
[DP-bwdX] L=64 states=1 -> 1
[DP-fwdX] L=48 states=1 -> 1
[DP-fwdX] L=48 states=1 -> 1
[DP-fwdX] L=48 states=1 -> 1
[DP-bwdX] L=64 states=1 -> 1
[DP-bwdX] L=64 states=1 -> 1
[DP-bwdX] L=64 states=1 -> 1
[RowSwapCTR] expand small 8x8 -> full 16x8  top_rows=4  bot_rows=4  ctr_rows=8  n_full=128
  [Round 48] T_prime=19  T_target=19  HPWL_w=479560  HPWL_eq=476  maxL=26  WNS(T')=-7  WNS*(T)=-7  picked=0  solve_ms=17.7277
[OC-Shortest/pow2] m=8 h=8 SEG=4 bits=32 words=1 threads=24
[DP-fwdX] L=0 states=1 -> 1
[DP-fwdX] L=16 states=141 -> 164
[DP-bwdX] L=64 states=1 -> 1
[DP-bwdX] L=48 states=141 -> 164
[DP-fwdX] L=0 states=1 -> 1
[DP-bwdX] L=32 states=1 -> 1
[DP-fwdX] L=0 states=1 -> 1
[DP-bwdX] L=16 states=1 -> 1
[DP-fwdX] L=0 states=1 -> 1
[DP-fwdX] L=0 states=1 -> 1
[DP-fwdX] L=0 states=1 -> 1
[DP-bwdX] L=16 states=1 -> 1
[DP-bwdX] L=16 states=1 -> 1
[DP-bwdX] L=16 states=1 -> 1
[DP-fwdX] L=16 states=1 -> 1
[DP-bwdX] L=32 states=1 -> 1
[DP-fwdX] L=16 states=1 -> 1
[DP-fwdX] L=16 states=1 -> 1
[DP-fwdX] L=16 states=1 -> 1
[DP-bwdX] L=32 states=1 -> 1
[DP-bwdX] L=32 states=1 -> 1
[DP-bwdX] L=32 states=1 -> 1
[DP-fwdX] L=32 states=1 -> 1
[DP-bwdX] L=64 states=1 -> 1
[DP-fwdX] L=32 states=1 -> 1
[DP-bwdX] L=48 states=1 -> 1
[DP-fwdX] L=32 states=1 -> 1
[DP-fwdX] L=32 states=1 -> 1
[DP-fwdX] L=32 states=1 -> 1
[DP-bwdX] L=48 states=1 -> 1
[DP-bwdX] L=48 states=1 -> 1
[DP-bwdX] L=48 states=1 -> 1
[DP-fwdX] L=48 states=1 -> 1
[DP-bwdX] L=64 states=1 -> 1
[DP-fwdX] L=48 states=1 -> 1
[DP-fwdX] L=48 states=1 -> 1
[DP-fwdX] L=48 states=1 -> 1
[DP-bwdX] L=64 states=1 -> 1
[DP-bwdX] L=64 states=1 -> 1
[DP-bwdX] L=64 states=1 -> 1
[RowSwapCTR] expand small 8x8 -> full 16x8  top_rows=4  bot_rows=4  ctr_rows=8  n_full=128
  [Round 49] T_prime=19  T_target=19  HPWL_w=479560  HPWL_eq=476  maxL=26  WNS(T')=-7  WNS*(T)=-7  picked=0  solve_ms=17.493
[OC-Shortest/pow2] m=8 h=8 SEG=4 bits=32 words=1 threads=24
[DP-fwdX] L=0 states=1 -> 1
[DP-fwdX] L=16 states=141 -> 164
[DP-bwdX] L=64 states=1 -> 1
[DP-bwdX] L=48 states=141 -> 164
[DP-fwdX] L=0 states=1 -> 1
[DP-bwdX] L=32 states=1 -> 1
[DP-fwdX] L=0 states=1 -> 1
[DP-bwdX] L=16 states=1 -> 1
[DP-fwdX] L=0 states=1 -> 1
[DP-fwdX] L=0 states=1 -> 1
[DP-fwdX] L=0 states=1 -> 1
[DP-bwdX] L=16 states=1 -> 1
[DP-bwdX] L=16 states=1 -> 1
[DP-bwdX] L=16 states=1 -> 1
[DP-fwdX] L=16 states=1 -> 1
[DP-bwdX] L=32 states=1 -> 1
[DP-fwdX] L=16 states=1 -> 1
[DP-fwdX] L=16 states=1 -> 1
[DP-fwdX] L=16 states=1 -> 1
[DP-bwdX] L=32 states=1 -> 1
[DP-bwdX] L=32 states=1 -> 1
[DP-bwdX] L=32 states=1 -> 1
[DP-fwdX] L=32 states=1 -> 1
[DP-bwdX] L=64 states=1 -> 1
[DP-fwdX] L=32 states=1 -> 1
[DP-bwdX] L=48 states=1 -> 1
[DP-fwdX] L=32 states=1 -> 1
[DP-fwdX] L=32 states=1 -> 1
[DP-fwdX] L=32 states=1 -> 1
[DP-bwdX] L=48 states=1 -> 1
[DP-bwdX] L=48 states=1 -> 1
[DP-bwdX] L=48 states=1 -> 1
[DP-fwdX] L=48 states=1 -> 1
[DP-bwdX] L=64 states=1 -> 1
[DP-fwdX] L=48 states=1 -> 1
[DP-fwdX] L=48 states=1 -> 1
[DP-fwdX] L=48 states=1 -> 1
[DP-bwdX] L=64 states=1 -> 1
[DP-bwdX] L=64 states=1 -> 1
[DP-bwdX] L=64 states=1 -> 1
[RowSwapCTR] expand small 8x8 -> full 16x8  top_rows=4  bot_rows=4  ctr_rows=8  n_full=128
  [Round 50] T_prime=19  T_target=19  HPWL_w=479560  HPWL_eq=476  maxL=26  WNS(T')=-7  WNS*(T)=-7  picked=0  solve_ms=17.2252
[OC-Shortest/pow2] m=8 h=8 SEG=4 bits=32 words=1 threads=24
[DP-fwdX] L=0 states=1 -> 1
[DP-fwdX] L=16 states=141 -> 164
[DP-bwdX] L=64 states=1 -> 1
[DP-bwdX] L=48 states=141 -> 164
[DP-fwdX] L=0 states=1 -> 1
[DP-bwdX] L=32 states=1 -> 1
[DP-fwdX] L=0 states=1 -> 1
[DP-bwdX] L=16 states=1 -> 1
[DP-fwdX] L=0 states=1 -> 1
[DP-fwdX] L=0 states=1 -> 1
[DP-fwdX] L=0 states=1 -> 1
[DP-bwdX] L=16 states=1 -> 1
[DP-bwdX] L=16 states=1 -> 1
[DP-bwdX] L=16 states=1 -> 1
[DP-fwdX] L=16 states=1 -> 1
[DP-bwdX] L=32 states=1 -> 1
[DP-fwdX] L=16 states=1 -> 1
[DP-fwdX] L=16 states=1 -> 1
[DP-fwdX] L=16 states=1 -> 1
[DP-bwdX] L=32 states=1 -> 1
[DP-bwdX] L=32 states=1 -> 1
[DP-bwdX] L=32 states=1 -> 1
[DP-fwdX] L=32 states=1 -> 1
[DP-bwdX] L=64 states=1 -> 1
[DP-fwdX] L=32 states=1 -> 1
[DP-bwdX] L=48 states=1 -> 1
[DP-fwdX] L=32 states=1 -> 1
[DP-fwdX] L=32 states=1 -> 1
[DP-fwdX] L=32 states=1 -> 1
[DP-bwdX] L=48 states=1 -> 1
[DP-bwdX] L=48 states=1 -> 1
[DP-bwdX] L=48 states=1 -> 1
[DP-fwdX] L=48 states=1 -> 1
[DP-bwdX] L=64 states=1 -> 1
[DP-fwdX] L=48 states=1 -> 1
[DP-fwdX] L=48 states=1 -> 1
[DP-fwdX] L=48 states=1 -> 1
[DP-bwdX] L=64 states=1 -> 1
[DP-bwdX] L=64 states=1 -> 1
[DP-bwdX] L=64 states=1 -> 1
[RowSwapCTR] expand small 8x8 -> full 16x8  top_rows=4  bot_rows=4  ctr_rows=8  n_full=128
  [Round 51] T_prime=19  T_target=19  HPWL_w=479560  HPWL_eq=476  maxL=26  WNS(T')=-7  WNS*(T)=-7  picked=0  solve_ms=17.1676
[OC-Shortest/pow2] m=8 h=8 SEG=4 bits=32 words=1 threads=24
[DP-fwdX] L=0 states=1 -> 1
[DP-fwdX] L=16 states=141 -> 164
[DP-bwdX] L=64 states=1 -> 1
[DP-bwdX] L=48 states=141 -> 164
[DP-fwdX] L=0 states=1 -> 1
[DP-bwdX] L=32 states=1 -> 1
[DP-fwdX] L=0 states=1 -> 1
[DP-bwdX] L=16 states=1 -> 1
[DP-fwdX] L=0 states=1 -> 1
[DP-fwdX] L=0 states=1 -> 1
[DP-fwdX] L=0 states=1 -> 1
[DP-bwdX] L=16 states=1 -> 1
[DP-bwdX] L=16 states=1 -> 1
[DP-bwdX] L=16 states=1 -> 1
[DP-fwdX] L=16 states=1 -> 1
[DP-bwdX] L=32 states=1 -> 1
[DP-fwdX] L=16 states=1 -> 1
[DP-fwdX] L=16 states=1 -> 1
[DP-fwdX] L=16 states=1 -> 1
[DP-bwdX] L=32 states=1 -> 1
[DP-bwdX] L=32 states=1 -> 1
[DP-bwdX] L=32 states=1 -> 1
[DP-fwdX] L=32 states=1 -> 1
[DP-bwdX] L=64 states=1 -> 1
[DP-fwdX] L=32 states=1 -> 1
[DP-bwdX] L=48 states=1 -> 1
[DP-fwdX] L=32 states=1 -> 1
[DP-fwdX] L=32 states=1 -> 1
[DP-fwdX] L=32 states=1 -> 1
[DP-bwdX] L=48 states=1 -> 1
[DP-bwdX] L=48 states=1 -> 1
[DP-bwdX] L=48 states=1 -> 1
[DP-fwdX] L=48 states=1 -> 1
[DP-bwdX] L=64 states=1 -> 1
[DP-fwdX] L=48 states=1 -> 1
[DP-fwdX] L=48 states=1 -> 1
[DP-fwdX] L=48 states=1 -> 1
[DP-bwdX] L=64 states=1 -> 1
[DP-bwdX] L=64 states=1 -> 1
[DP-bwdX] L=64 states=1 -> 1
[RowSwapCTR] expand small 8x8 -> full 16x8  top_rows=4  bot_rows=4  ctr_rows=8  n_full=128
  [Round 52] T_prime=19  T_target=19  HPWL_w=479560  HPWL_eq=476  maxL=26  WNS(T')=-7  WNS*(T)=-7  picked=0  solve_ms=18.0051
[OC-Shortest/pow2] m=8 h=8 SEG=4 bits=32 words=1 threads=24
[DP-fwdX] L=0 states=1 -> 1
[DP-fwdX] L=16 states=141 -> 164
[DP-bwdX] L=64 states=1 -> 1
[DP-bwdX] L=48 states=141 -> 164
[DP-fwdX] L=0 states=1 -> 1
[DP-bwdX] L=32 states=1 -> 1
[DP-fwdX] L=0 states=1 -> 1
[DP-bwdX] L=16 states=1 -> 1
[DP-fwdX] L=0 states=1 -> 1
[DP-fwdX] L=0 states=1 -> 1
[DP-fwdX] L=0 states=1 -> 1
[DP-bwdX] L=16 states=1 -> 1
[DP-bwdX] L=16 states=1 -> 1
[DP-bwdX] L=16 states=1 -> 1
[DP-fwdX] L=16 states=1 -> 1
[DP-bwdX] L=32 states=1 -> 1
[DP-fwdX] L=16 states=1 -> 1
[DP-fwdX] L=16 states=1 -> 1
[DP-fwdX] L=16 states=1 -> 1
[DP-bwdX] L=32 states=1 -> 1
[DP-bwdX] L=32 states=1 -> 1
[DP-bwdX] L=32 states=1 -> 1
[DP-fwdX] L=32 states=1 -> 1
[DP-bwdX] L=64 states=1 -> 1
[DP-fwdX] L=32 states=1 -> 1
[DP-bwdX] L=48 states=1 -> 1
[DP-fwdX] L=32 states=1 -> 1
[DP-fwdX] L=32 states=1 -> 1
[DP-fwdX] L=32 states=1 -> 1
[DP-bwdX] L=48 states=1 -> 1
[DP-bwdX] L=48 states=1 -> 1
[DP-bwdX] L=48 states=1 -> 1
[DP-fwdX] L=48 states=1 -> 1
[DP-bwdX] L=64 states=1 -> 1
[DP-fwdX] L=48 states=1 -> 1
[DP-fwdX] L=48 states=1 -> 1
[DP-fwdX] L=48 states=1 -> 1
[DP-bwdX] L=64 states=1 -> 1
[DP-bwdX] L=64 states=1 -> 1
[DP-bwdX] L=64 states=1 -> 1
[RowSwapCTR] expand small 8x8 -> full 16x8  top_rows=4  bot_rows=4  ctr_rows=8  n_full=128
  [Round 53] T_prime=19  T_target=19  HPWL_w=479560  HPWL_eq=476  maxL=26  WNS(T')=-7  WNS*(T)=-7  picked=0  solve_ms=32.3512
[OC-Shortest/pow2] m=8 h=8 SEG=4 bits=32 words=1 threads=24
[DP-fwdX] L=0 states=1 -> 1
[DP-fwdX] L=16 states=141 -> 164
[DP-bwdX] L=64 states=1 -> 1
[DP-bwdX] L=48 states=141 -> 164
[DP-fwdX] L=0 states=1 -> 1
[DP-bwdX] L=32 states=1 -> 1
[DP-fwdX] L=0 states=1 -> 1
[DP-bwdX] L=16 states=1 -> 1
[DP-fwdX] L=0 states=1 -> 1
[DP-fwdX] L=0 states=1 -> 1
[DP-fwdX] L=0 states=1 -> 1
[DP-bwdX] L=16 states=1 -> 1
[DP-bwdX] L=16 states=1 -> 1
[DP-bwdX] L=16 states=1 -> 1
[DP-fwdX] L=16 states=1 -> 1
[DP-bwdX] L=32 states=1 -> 1
[DP-fwdX] L=16 states=1 -> 1
[DP-fwdX] L=16 states=1 -> 1
[DP-fwdX] L=16 states=1 -> 1
[DP-bwdX] L=32 states=1 -> 1
[DP-bwdX] L=32 states=1 -> 1
[DP-bwdX] L=32 states=1 -> 1
[DP-fwdX] L=32 states=1 -> 1
[DP-bwdX] L=64 states=1 -> 1
[DP-fwdX] L=32 states=1 -> 1
[DP-bwdX] L=48 states=1 -> 1
[DP-fwdX] L=32 states=1 -> 1
[DP-fwdX] L=32 states=1 -> 1
[DP-fwdX] L=32 states=1 -> 1
[DP-bwdX] L=48 states=1 -> 1
[DP-bwdX] L=48 states=1 -> 1
[DP-bwdX] L=48 states=1 -> 1
[DP-fwdX] L=48 states=1 -> 1
[DP-bwdX] L=64 states=1 -> 1
[DP-fwdX] L=48 states=1 -> 1
[DP-fwdX] L=48 states=1 -> 1
[DP-fwdX] L=48 states=1 -> 1
[DP-bwdX] L=64 states=1 -> 1
[DP-bwdX] L=64 states=1 -> 1
[DP-bwdX] L=64 states=1 -> 1
[RowSwapCTR] expand small 8x8 -> full 16x8  top_rows=4  bot_rows=4  ctr_rows=8  n_full=128
  [Round 54] T_prime=19  T_target=19  HPWL_w=479560  HPWL_eq=476  maxL=26  WNS(T')=-7  WNS*(T)=-7  picked=0  solve_ms=19.2214
[OC-Shortest/pow2] m=8 h=8 SEG=4 bits=32 words=1 threads=24
[DP-fwdX] L=0 states=1 -> 1
[DP-fwdX] L=16 states=141 -> 164
[DP-bwdX] L=64 states=1 -> 1
[DP-bwdX] L=48 states=141 -> 164
[DP-fwdX] L=0 states=1 -> 1
[DP-bwdX] L=32 states=1 -> 1
[DP-fwdX] L=0 states=1 -> 1
[DP-bwdX] L=16 states=1 -> 1
[DP-fwdX] L=0 states=1 -> 1
[DP-fwdX] L=0 states=1 -> 1
[DP-fwdX] L=0 states=1 -> 1
[DP-bwdX] L=16 states=1 -> 1
[DP-bwdX] L=16 states=1 -> 1
[DP-bwdX] L=16 states=1 -> 1
[DP-fwdX] L=16 states=1 -> 1
[DP-bwdX] L=32 states=1 -> 1
[DP-fwdX] L=16 states=1 -> 1
[DP-fwdX] L=16 states=1 -> 1
[DP-fwdX] L=16 states=1 -> 1
[DP-bwdX] L=32 states=1 -> 1
[DP-bwdX] L=32 states=1 -> 1
[DP-bwdX] L=32 states=1 -> 1
[DP-fwdX] L=32 states=1 -> 1
[DP-bwdX] L=64 states=1 -> 1
[DP-fwdX] L=32 states=1 -> 1
[DP-bwdX] L=48 states=1 -> 1
[DP-fwdX] L=32 states=1 -> 1
[DP-fwdX] L=32 states=1 -> 1
[DP-fwdX] L=32 states=1 -> 1
[DP-bwdX] L=48 states=1 -> 1
[DP-bwdX] L=48 states=1 -> 1
[DP-bwdX] L=48 states=1 -> 1
[DP-fwdX] L=48 states=1 -> 1
[DP-bwdX] L=64 states=1 -> 1
[DP-fwdX] L=48 states=1 -> 1
[DP-fwdX] L=48 states=1 -> 1
[DP-fwdX] L=48 states=1 -> 1
[DP-bwdX] L=64 states=1 -> 1
[DP-bwdX] L=64 states=1 -> 1
[DP-bwdX] L=64 states=1 -> 1
[RowSwapCTR] expand small 8x8 -> full 16x8  top_rows=4  bot_rows=4  ctr_rows=8  n_full=128
  [Round 55] T_prime=19  T_target=19  HPWL_w=479560  HPWL_eq=476  maxL=26  WNS(T')=-7  WNS*(T)=-7  picked=0  solve_ms=19.2643
[OC-Shortest/pow2] m=8 h=8 SEG=4 bits=32 words=1 threads=24
[DP-fwdX] L=0 states=1 -> 1
[DP-fwdX] L=16 states=141 -> 164
[DP-bwdX] L=64 states=1 -> 1
[DP-bwdX] L=48 states=141 -> 164
[DP-fwdX] L=0 states=1 -> 1
[DP-bwdX] L=32 states=1 -> 1
[DP-fwdX] L=0 states=1 -> 1
[DP-bwdX] L=16 states=1 -> 1
[DP-fwdX] L=0 states=1 -> 1
[DP-fwdX] L=0 states=1 -> 1
[DP-fwdX] L=0 states=1 -> 1
[DP-bwdX] L=16 states=1 -> 1
[DP-bwdX] L=16 states=1 -> 1
[DP-bwdX] L=16 states=1 -> 1
[DP-fwdX] L=16 states=1 -> 1
[DP-bwdX] L=32 states=1 -> 1
[DP-fwdX] L=16 states=1 -> 1
[DP-fwdX] L=16 states=1 -> 1
[DP-fwdX] L=16 states=1 -> 1
[DP-bwdX] L=32 states=1 -> 1
[DP-bwdX] L=32 states=1 -> 1
[DP-bwdX] L=32 states=1 -> 1
[DP-fwdX] L=32 states=1 -> 1
[DP-bwdX] L=64 states=1 -> 1
[DP-fwdX] L=32 states=1 -> 1
[DP-bwdX] L=48 states=1 -> 1
[DP-fwdX] L=32 states=1 -> 1
[DP-fwdX] L=32 states=1 -> 1
[DP-fwdX] L=32 states=1 -> 1
[DP-bwdX] L=48 states=1 -> 1
[DP-bwdX] L=48 states=1 -> 1
[DP-bwdX] L=48 states=1 -> 1
[DP-fwdX] L=48 states=1 -> 1
[DP-bwdX] L=64 states=1 -> 1
[DP-fwdX] L=48 states=1 -> 1
[DP-fwdX] L=48 states=1 -> 1
[DP-fwdX] L=48 states=1 -> 1
[DP-bwdX] L=64 states=1 -> 1
[DP-bwdX] L=64 states=1 -> 1
[DP-bwdX] L=64 states=1 -> 1
[RowSwapCTR] expand small 8x8 -> full 16x8  top_rows=4  bot_rows=4  ctr_rows=8  n_full=128
  [Round 56] T_prime=19  T_target=19  HPWL_w=479560  HPWL_eq=476  maxL=26  WNS(T')=-7  WNS*(T)=-7  picked=0  solve_ms=19.2533
[OC-Shortest/pow2] m=8 h=8 SEG=4 bits=32 words=1 threads=24
[DP-fwdX] L=0 states=1 -> 1
[DP-fwdX] L=16 states=141 -> 164
[DP-bwdX] L=64 states=1 -> 1
[DP-bwdX] L=48 states=141 -> 164
[DP-fwdX] L=0 states=1 -> 1
[DP-bwdX] L=32 states=1 -> 1
[DP-fwdX] L=0 states=1 -> 1
[DP-bwdX] L=16 states=1 -> 1
[DP-fwdX] L=0 states=1 -> 1
[DP-fwdX] L=0 states=1 -> 1
[DP-fwdX] L=0 states=1 -> 1
[DP-bwdX] L=16 states=1 -> 1
[DP-bwdX] L=16 states=1 -> 1
[DP-bwdX] L=16 states=1 -> 1
[DP-fwdX] L=16 states=1 -> 1
[DP-bwdX] L=32 states=1 -> 1
[DP-fwdX] L=16 states=1 -> 1
[DP-fwdX] L=16 states=1 -> 1
[DP-fwdX] L=16 states=1 -> 1
[DP-bwdX] L=32 states=1 -> 1
[DP-bwdX] L=32 states=1 -> 1
[DP-bwdX] L=32 states=1 -> 1
[DP-fwdX] L=32 states=1 -> 1
[DP-bwdX] L=64 states=1 -> 1
[DP-fwdX] L=32 states=1 -> 1
[DP-bwdX] L=48 states=1 -> 1
[DP-fwdX] L=32 states=1 -> 1
[DP-fwdX] L=32 states=1 -> 1
[DP-fwdX] L=32 states=1 -> 1
[DP-bwdX] L=48 states=1 -> 1
[DP-bwdX] L=48 states=1 -> 1
[DP-bwdX] L=48 states=1 -> 1
[DP-fwdX] L=48 states=1 -> 1
[DP-bwdX] L=64 states=1 -> 1
[DP-fwdX] L=48 states=1 -> 1
[DP-fwdX] L=48 states=1 -> 1
[DP-fwdX] L=48 states=1 -> 1
[DP-bwdX] L=64 states=1 -> 1
[DP-bwdX] L=64 states=1 -> 1
[DP-bwdX] L=64 states=1 -> 1
[RowSwapCTR] expand small 8x8 -> full 16x8  top_rows=4  bot_rows=4  ctr_rows=8  n_full=128
  [Round 57] T_prime=19  T_target=19  HPWL_w=479560  HPWL_eq=476  maxL=26  WNS(T')=-7  WNS*(T)=-7  picked=0  solve_ms=19.3082
[OC-Shortest/pow2] m=8 h=8 SEG=4 bits=32 words=1 threads=24
[DP-fwdX] L=0 states=1 -> 1
[DP-fwdX] L=16 states=141 -> 164
[DP-bwdX] L=64 states=1 -> 1
[DP-bwdX] L=48 states=141 -> 164
[DP-fwdX] L=0 states=1 -> 1
[DP-bwdX] L=32 states=1 -> 1
[DP-fwdX] L=0 states=1 -> 1
[DP-bwdX] L=16 states=1 -> 1
[DP-fwdX] L=0 states=1 -> 1
[DP-fwdX] L=0 states=1 -> 1
[DP-fwdX] L=0 states=1 -> 1
[DP-bwdX] L=16 states=1 -> 1
[DP-bwdX] L=16 states=1 -> 1
[DP-bwdX] L=16 states=1 -> 1
[DP-fwdX] L=16 states=1 -> 1
[DP-bwdX] L=32 states=1 -> 1
[DP-fwdX] L=16 states=1 -> 1
[DP-fwdX] L=16 states=1 -> 1
[DP-fwdX] L=16 states=1 -> 1
[DP-bwdX] L=32 states=1 -> 1
[DP-bwdX] L=32 states=1 -> 1
[DP-bwdX] L=32 states=1 -> 1
[DP-fwdX] L=32 states=1 -> 1
[DP-bwdX] L=64 states=1 -> 1
[DP-fwdX] L=32 states=1 -> 1
[DP-bwdX] L=48 states=1 -> 1
[DP-fwdX] L=32 states=1 -> 1
[DP-fwdX] L=32 states=1 -> 1
[DP-fwdX] L=32 states=1 -> 1
[DP-bwdX] L=48 states=1 -> 1
[DP-bwdX] L=48 states=1 -> 1
[DP-bwdX] L=48 states=1 -> 1
[DP-fwdX] L=48 states=1 -> 1
[DP-bwdX] L=64 states=1 -> 1
[DP-fwdX] L=48 states=1 -> 1
[DP-fwdX] L=48 states=1 -> 1
[DP-fwdX] L=48 states=1 -> 1
[DP-bwdX] L=64 states=1 -> 1
[DP-bwdX] L=64 states=1 -> 1
[DP-bwdX] L=64 states=1 -> 1
[RowSwapCTR] expand small 8x8 -> full 16x8  top_rows=4  bot_rows=4  ctr_rows=8  n_full=128
  [Round 58] T_prime=19  T_target=19  HPWL_w=479560  HPWL_eq=476  maxL=26  WNS(T')=-7  WNS*(T)=-7  picked=0  solve_ms=19.3089
[OC-Shortest/pow2] m=8 h=8 SEG=4 bits=32 words=1 threads=24
[DP-fwdX] L=0 states=1 -> 1
[DP-fwdX] L=16 states=141 -> 164
[DP-bwdX] L=64 states=1 -> 1
[DP-bwdX] L=48 states=141 -> 164
[DP-fwdX] L=0 states=1 -> 1
[DP-bwdX] L=32 states=1 -> 1
[DP-fwdX] L=0 states=1 -> 1
[DP-bwdX] L=16 states=1 -> 1
[DP-fwdX] L=0 states=1 -> 1
[DP-fwdX] L=0 states=1 -> 1
[DP-fwdX] L=0 states=1 -> 1
[DP-bwdX] L=16 states=1 -> 1
[DP-bwdX] L=16 states=1 -> 1
[DP-bwdX] L=16 states=1 -> 1
[DP-fwdX] L=16 states=1 -> 1
[DP-bwdX] L=32 states=1 -> 1
[DP-fwdX] L=16 states=1 -> 1
[DP-fwdX] L=16 states=1 -> 1
[DP-fwdX] L=16 states=1 -> 1
[DP-bwdX] L=32 states=1 -> 1
[DP-bwdX] L=32 states=1 -> 1
[DP-bwdX] L=32 states=1 -> 1
[DP-fwdX] L=32 states=1 -> 1
[DP-bwdX] L=64 states=1 -> 1
[DP-fwdX] L=32 states=1 -> 1
[DP-bwdX] L=48 states=1 -> 1
[DP-fwdX] L=32 states=1 -> 1
[DP-fwdX] L=32 states=1 -> 1
[DP-fwdX] L=32 states=1 -> 1
[DP-bwdX] L=48 states=1 -> 1
[DP-bwdX] L=48 states=1 -> 1
[DP-bwdX] L=48 states=1 -> 1
[DP-fwdX] L=48 states=1 -> 1
[DP-bwdX] L=64 states=1 -> 1
[DP-fwdX] L=48 states=1 -> 1
[DP-fwdX] L=48 states=1 -> 1
[DP-fwdX] L=48 states=1 -> 1
[DP-bwdX] L=64 states=1 -> 1
[DP-bwdX] L=64 states=1 -> 1
[DP-bwdX] L=64 states=1 -> 1
[RowSwapCTR] expand small 8x8 -> full 16x8  top_rows=4  bot_rows=4  ctr_rows=8  n_full=128
  [Round 59] T_prime=19  T_target=19  HPWL_w=479560  HPWL_eq=476  maxL=26  WNS(T')=-7  WNS*(T)=-7  picked=0  solve_ms=22.3059
[OC-Shortest/pow2] m=8 h=8 SEG=4 bits=32 words=1 threads=24
[DP-fwdX] L=0 states=1 -> 1
[DP-fwdX] L=16 states=141 -> 164
[DP-bwdX] L=64 states=1 -> 1
[DP-bwdX] L=48 states=141 -> 164
[DP-fwdX] L=0 states=1 -> 1
[DP-bwdX] L=32 states=1 -> 1
[DP-fwdX] L=0 states=1 -> 1
[DP-bwdX] L=16 states=1 -> 1
[DP-fwdX] L=0 states=1 -> 1
[DP-fwdX] L=0 states=1 -> 1
[DP-fwdX] L=0 states=1 -> 1
[DP-bwdX] L=16 states=1 -> 1
[DP-bwdX] L=16 states=1 -> 1
[DP-bwdX] L=16 states=1 -> 1
[DP-fwdX] L=16 states=1 -> 1
[DP-bwdX] L=32 states=1 -> 1
[DP-fwdX] L=16 states=1 -> 1
[DP-fwdX] L=16 states=1 -> 1
[DP-fwdX] L=16 states=1 -> 1
[DP-bwdX] L=32 states=1 -> 1
[DP-bwdX] L=32 states=1 -> 1
[DP-bwdX] L=32 states=1 -> 1
[DP-fwdX] L=32 states=1 -> 1
[DP-bwdX] L=64 states=1 -> 1
[DP-fwdX] L=32 states=1 -> 1
[DP-bwdX] L=48 states=1 -> 1
[DP-fwdX] L=32 states=1 -> 1
[DP-fwdX] L=32 states=1 -> 1
[DP-fwdX] L=32 states=1 -> 1
[DP-bwdX] L=48 states=1 -> 1
[DP-bwdX] L=48 states=1 -> 1
[DP-bwdX] L=48 states=1 -> 1
[DP-fwdX] L=48 states=1 -> 1
[DP-bwdX] L=64 states=1 -> 1
[DP-fwdX] L=48 states=1 -> 1
[DP-fwdX] L=48 states=1 -> 1
[DP-fwdX] L=48 states=1 -> 1
[DP-bwdX] L=64 states=1 -> 1
[DP-bwdX] L=64 states=1 -> 1
[DP-bwdX] L=64 states=1 -> 1
[RowSwapCTR] expand small 8x8 -> full 16x8  top_rows=4  bot_rows=4  ctr_rows=8  n_full=128
  [Round 60] T_prime=19  T_target=19  HPWL_w=479560  HPWL_eq=476  maxL=26  WNS(T')=-7  WNS*(T)=-7  picked=0  solve_ms=19.2307
[OC-Shortest/pow2] m=8 h=8 SEG=4 bits=32 words=1 threads=24
[DP-fwdX] L=0 states=1 -> 1
[DP-fwdX] L=16 states=141 -> 164
[DP-bwdX] L=64 states=1 -> 1
[DP-bwdX] L=48 states=141 -> 164
[DP-fwdX] L=0 states=1 -> 1
[DP-bwdX] L=32 states=1 -> 1
[DP-fwdX] L=0 states=1 -> 1
[DP-bwdX] L=16 states=1 -> 1
[DP-fwdX] L=0 states=1 -> 1
[DP-fwdX] L=0 states=1 -> 1
[DP-fwdX] L=0 states=1 -> 1
[DP-bwdX] L=16 states=1 -> 1
[DP-bwdX] L=16 states=1 -> 1
[DP-bwdX] L=16 states=1 -> 1
[DP-fwdX] L=16 states=1 -> 1
[DP-bwdX] L=32 states=1 -> 1
[DP-fwdX] L=16 states=1 -> 1
[DP-fwdX] L=16 states=1 -> 1
[DP-fwdX] L=16 states=1 -> 1
[DP-bwdX] L=32 states=1 -> 1
[DP-bwdX] L=32 states=1 -> 1
[DP-bwdX] L=32 states=1 -> 1
[DP-fwdX] L=32 states=1 -> 1
[DP-bwdX] L=64 states=1 -> 1
[DP-fwdX] L=32 states=1 -> 1
[DP-bwdX] L=48 states=1 -> 1
[DP-fwdX] L=32 states=1 -> 1
[DP-fwdX] L=32 states=1 -> 1
[DP-fwdX] L=32 states=1 -> 1
[DP-bwdX] L=48 states=1 -> 1
[DP-bwdX] L=48 states=1 -> 1
[DP-bwdX] L=48 states=1 -> 1
[DP-fwdX] L=48 states=1 -> 1
[DP-bwdX] L=64 states=1 -> 1
[DP-fwdX] L=48 states=1 -> 1
[DP-fwdX] L=48 states=1 -> 1
[DP-fwdX] L=48 states=1 -> 1
[DP-bwdX] L=64 states=1 -> 1
[DP-bwdX] L=64 states=1 -> 1
[DP-bwdX] L=64 states=1 -> 1
[RowSwapCTR] expand small 8x8 -> full 16x8  top_rows=4  bot_rows=4  ctr_rows=8  n_full=128
  [Round 61] T_prime=19  T_target=19  HPWL_w=479560  HPWL_eq=476  maxL=26  WNS(T')=-7  WNS*(T)=-7  picked=0  solve_ms=19.3006
[OC-Shortest/pow2] m=8 h=8 SEG=4 bits=32 words=1 threads=24
[DP-fwdX] L=0 states=1 -> 1
[DP-fwdX] L=16 states=141 -> 164
[DP-bwdX] L=64 states=1 -> 1
[DP-bwdX] L=48 states=141 -> 164
[DP-fwdX] L=0 states=1 -> 1
[DP-bwdX] L=32 states=1 -> 1
[DP-fwdX] L=0 states=1 -> 1
[DP-bwdX] L=16 states=1 -> 1
[DP-fwdX] L=0 states=1 -> 1
[DP-fwdX] L=0 states=1 -> 1
[DP-fwdX] L=0 states=1 -> 1
[DP-bwdX] L=16 states=1 -> 1
[DP-bwdX] L=16 states=1 -> 1
[DP-bwdX] L=16 states=1 -> 1
[DP-fwdX] L=16 states=1 -> 1
[DP-bwdX] L=32 states=1 -> 1
[DP-fwdX] L=16 states=1 -> 1
[DP-fwdX] L=16 states=1 -> 1
[DP-fwdX] L=16 states=1 -> 1
[DP-bwdX] L=32 states=1 -> 1
[DP-bwdX] L=32 states=1 -> 1
[DP-bwdX] L=32 states=1 -> 1
[DP-fwdX] L=32 states=1 -> 1
[DP-bwdX] L=64 states=1 -> 1
[DP-fwdX] L=32 states=1 -> 1
[DP-bwdX] L=48 states=1 -> 1
[DP-fwdX] L=32 states=1 -> 1
[DP-fwdX] L=32 states=1 -> 1
[DP-fwdX] L=32 states=1 -> 1
[DP-bwdX] L=48 states=1 -> 1
[DP-bwdX] L=48 states=1 -> 1
[DP-bwdX] L=48 states=1 -> 1
[DP-fwdX] L=48 states=1 -> 1
[DP-bwdX] L=64 states=1 -> 1
[DP-fwdX] L=48 states=1 -> 1
[DP-fwdX] L=48 states=1 -> 1
[DP-fwdX] L=48 states=1 -> 1
[DP-bwdX] L=64 states=1 -> 1
[DP-bwdX] L=64 states=1 -> 1
[DP-bwdX] L=64 states=1 -> 1
[RowSwapCTR] expand small 8x8 -> full 16x8  top_rows=4  bot_rows=4  ctr_rows=8  n_full=128
  [Round 62] T_prime=19  T_target=19  HPWL_w=479560  HPWL_eq=476  maxL=26  WNS(T')=-7  WNS*(T)=-7  picked=0  solve_ms=19.0536
[OC-Shortest/pow2] m=8 h=8 SEG=4 bits=32 words=1 threads=24
[DP-fwdX] L=0 states=1 -> 1
[DP-fwdX] L=16 states=141 -> 164
[DP-bwdX] L=64 states=1 -> 1
[DP-bwdX] L=48 states=141 -> 164
[DP-fwdX] L=0 states=1 -> 1
[DP-bwdX] L=32 states=1 -> 1
[DP-fwdX] L=0 states=1 -> 1
[DP-bwdX] L=16 states=1 -> 1
[DP-fwdX] L=0 states=1 -> 1
[DP-fwdX] L=0 states=1 -> 1
[DP-fwdX] L=0 states=1 -> 1
[DP-bwdX] L=16 states=1 -> 1
[DP-bwdX] L=16 states=1 -> 1
[DP-bwdX] L=16 states=1 -> 1
[DP-fwdX] L=16 states=1 -> 1
[DP-bwdX] L=32 states=1 -> 1
[DP-fwdX] L=16 states=1 -> 1
[DP-fwdX] L=16 states=1 -> 1
[DP-fwdX] L=16 states=1 -> 1
[DP-bwdX] L=32 states=1 -> 1
[DP-bwdX] L=32 states=1 -> 1
[DP-bwdX] L=32 states=1 -> 1
[DP-fwdX] L=32 states=1 -> 1
[DP-bwdX] L=64 states=1 -> 1
[DP-fwdX] L=32 states=1 -> 1
[DP-bwdX] L=48 states=1 -> 1
[DP-fwdX] L=32 states=1 -> 1
[DP-fwdX] L=32 states=1 -> 1
[DP-fwdX] L=32 states=1 -> 1
[DP-bwdX] L=48 states=1 -> 1
[DP-bwdX] L=48 states=1 -> 1
[DP-bwdX] L=48 states=1 -> 1
[DP-fwdX] L=48 states=1 -> 1
[DP-bwdX] L=64 states=1 -> 1
[DP-fwdX] L=48 states=1 -> 1
[DP-fwdX] L=48 states=1 -> 1
[DP-fwdX] L=48 states=1 -> 1
[DP-bwdX] L=64 states=1 -> 1
[DP-bwdX] L=64 states=1 -> 1
[DP-bwdX] L=64 states=1 -> 1
[RowSwapCTR] expand small 8x8 -> full 16x8  top_rows=4  bot_rows=4  ctr_rows=8  n_full=128
  [Round 63] T_prime=19  T_target=19  HPWL_w=479560  HPWL_eq=476  maxL=26  WNS(T')=-7  WNS*(T)=-7  picked=0  solve_ms=18.1264
[OC-Shortest/pow2] m=8 h=8 SEG=4 bits=32 words=1 threads=24
[DP-fwdX] L=0 states=1 -> 1
[DP-fwdX] L=16 states=141 -> 164
[DP-bwdX] L=64 states=1 -> 1
[DP-bwdX] L=48 states=141 -> 164
[DP-fwdX] L=0 states=1 -> 1
[DP-bwdX] L=32 states=1 -> 1
[DP-fwdX] L=0 states=1 -> 1
[DP-bwdX] L=16 states=1 -> 1
[DP-fwdX] L=0 states=1 -> 1
[DP-fwdX] L=0 states=1 -> 1
[DP-fwdX] L=0 states=1 -> 1
[DP-bwdX] L=16 states=1 -> 1
[DP-bwdX] L=16 states=1 -> 1
[DP-bwdX] L=16 states=1 -> 1
[DP-fwdX] L=16 states=1 -> 1
[DP-bwdX] L=32 states=1 -> 1
[DP-fwdX] L=16 states=1 -> 1
[DP-fwdX] L=16 states=1 -> 1
[DP-fwdX] L=16 states=1 -> 1
[DP-bwdX] L=32 states=1 -> 1
[DP-bwdX] L=32 states=1 -> 1
[DP-bwdX] L=32 states=1 -> 1
[DP-fwdX] L=32 states=1 -> 1
[DP-bwdX] L=64 states=1 -> 1
[DP-fwdX] L=32 states=1 -> 1
[DP-bwdX] L=48 states=1 -> 1
[DP-fwdX] L=32 states=1 -> 1
[DP-fwdX] L=32 states=1 -> 1
[DP-fwdX] L=32 states=1 -> 1
[DP-bwdX] L=48 states=1 -> 1
[DP-bwdX] L=48 states=1 -> 1
[DP-bwdX] L=48 states=1 -> 1
[DP-fwdX] L=48 states=1 -> 1
[DP-bwdX] L=64 states=1 -> 1
[DP-fwdX] L=48 states=1 -> 1
[DP-fwdX] L=48 states=1 -> 1
[DP-fwdX] L=48 states=1 -> 1
[DP-bwdX] L=64 states=1 -> 1
[DP-bwdX] L=64 states=1 -> 1
[DP-bwdX] L=64 states=1 -> 1
[RowSwapCTR] expand small 8x8 -> full 16x8  top_rows=4  bot_rows=4  ctr_rows=8  n_full=128
  [Round 64] T_prime=19  T_target=19  HPWL_w=479560  HPWL_eq=476  maxL=26  WNS(T')=-7  WNS*(T)=-7  picked=0  solve_ms=18.1809
[OC-Shortest/pow2] m=8 h=8 SEG=4 bits=32 words=1 threads=24
[DP-fwdX] L=0 states=1 -> 1
[DP-fwdX] L=16 states=141 -> 164
[DP-bwdX] L=64 states=1 -> 1
[DP-bwdX] L=48 states=141 -> 164
[DP-fwdX] L=0 states=1 -> 1
[DP-bwdX] L=32 states=1 -> 1
[DP-fwdX] L=0 states=1 -> 1
[DP-bwdX] L=16 states=1 -> 1
[DP-fwdX] L=0 states=1 -> 1
[DP-fwdX] L=0 states=1 -> 1
[DP-fwdX] L=0 states=1 -> 1
[DP-bwdX] L=16 states=1 -> 1
[DP-bwdX] L=16 states=1 -> 1
[DP-bwdX] L=16 states=1 -> 1
[DP-fwdX] L=16 states=1 -> 1
[DP-bwdX] L=32 states=1 -> 1
[DP-fwdX] L=16 states=1 -> 1
[DP-fwdX] L=16 states=1 -> 1
[DP-fwdX] L=16 states=1 -> 1
[DP-bwdX] L=32 states=1 -> 1
[DP-bwdX] L=32 states=1 -> 1
[DP-bwdX] L=32 states=1 -> 1
[DP-fwdX] L=32 states=1 -> 1
[DP-bwdX] L=64 states=1 -> 1
[DP-fwdX] L=32 states=1 -> 1
[DP-bwdX] L=48 states=1 -> 1
[DP-fwdX] L=32 states=1 -> 1
[DP-fwdX] L=32 states=1 -> 1
[DP-fwdX] L=32 states=1 -> 1
[DP-bwdX] L=48 states=1 -> 1
[DP-bwdX] L=48 states=1 -> 1
[DP-bwdX] L=48 states=1 -> 1
[DP-fwdX] L=48 states=1 -> 1
[DP-bwdX] L=64 states=1 -> 1
[DP-fwdX] L=48 states=1 -> 1
[DP-fwdX] L=48 states=1 -> 1
[DP-fwdX] L=48 states=1 -> 1
[DP-bwdX] L=64 states=1 -> 1
[DP-bwdX] L=64 states=1 -> 1
[DP-bwdX] L=64 states=1 -> 1
[RowSwapCTR] expand small 8x8 -> full 16x8  top_rows=4  bot_rows=4  ctr_rows=8  n_full=128
  [Round 65] T_prime=19  T_target=19  HPWL_w=479560  HPWL_eq=476  maxL=26  WNS(T')=-7  WNS*(T)=-7  picked=0  solve_ms=17.9313
[OC-Shortest/pow2] m=8 h=8 SEG=4 bits=32 words=1 threads=24
[DP-fwdX] L=0 states=1 -> 1
[DP-fwdX] L=16 states=141 -> 164
[DP-bwdX] L=64 states=1 -> 1
[DP-bwdX] L=48 states=141 -> 164
[DP-fwdX] L=0 states=1 -> 1
[DP-bwdX] L=32 states=1 -> 1
[DP-fwdX] L=0 states=1 -> 1
[DP-bwdX] L=16 states=1 -> 1
[DP-fwdX] L=0 states=1 -> 1
[DP-fwdX] L=0 states=1 -> 1
[DP-fwdX] L=0 states=1 -> 1
[DP-bwdX] L=16 states=1 -> 1
[DP-bwdX] L=16 states=1 -> 1
[DP-bwdX] L=16 states=1 -> 1
[DP-fwdX] L=16 states=1 -> 1
[DP-bwdX] L=32 states=1 -> 1
[DP-fwdX] L=16 states=1 -> 1
[DP-fwdX] L=16 states=1 -> 1
[DP-fwdX] L=16 states=1 -> 1
[DP-bwdX] L=32 states=1 -> 1
[DP-bwdX] L=32 states=1 -> 1
[DP-bwdX] L=32 states=1 -> 1
[DP-fwdX] L=32 states=1 -> 1
[DP-bwdX] L=64 states=1 -> 1
[DP-fwdX] L=32 states=1 -> 1
[DP-bwdX] L=48 states=1 -> 1
[DP-fwdX] L=32 states=1 -> 1
[DP-fwdX] L=32 states=1 -> 1
[DP-fwdX] L=32 states=1 -> 1
[DP-bwdX] L=48 states=1 -> 1
[DP-bwdX] L=48 states=1 -> 1
[DP-bwdX] L=48 states=1 -> 1
[DP-fwdX] L=48 states=1 -> 1
[DP-bwdX] L=64 states=1 -> 1
[DP-fwdX] L=48 states=1 -> 1
[DP-fwdX] L=48 states=1 -> 1
[DP-fwdX] L=48 states=1 -> 1
[DP-bwdX] L=64 states=1 -> 1
[DP-bwdX] L=64 states=1 -> 1
[DP-bwdX] L=64 states=1 -> 1
[RowSwapCTR] expand small 8x8 -> full 16x8  top_rows=4  bot_rows=4  ctr_rows=8  n_full=128
  [Round 66] T_prime=19  T_target=19  HPWL_w=479560  HPWL_eq=476  maxL=26  WNS(T')=-7  WNS*(T)=-7  picked=0  solve_ms=17.5653
[OC-Shortest/pow2] m=8 h=8 SEG=4 bits=32 words=1 threads=24
[DP-fwdX] L=0 states=1 -> 1
[DP-fwdX] L=16 states=141 -> 164
[DP-bwdX] L=64 states=1 -> 1
[DP-bwdX] L=48 states=141 -> 164
[DP-fwdX] L=0 states=1 -> 1
[DP-bwdX] L=32 states=1 -> 1
[DP-fwdX] L=0 states=1 -> 1
[DP-bwdX] L=16 states=1 -> 1
[DP-fwdX] L=0 states=1 -> 1
[DP-fwdX] L=0 states=1 -> 1
[DP-fwdX] L=0 states=1 -> 1
[DP-bwdX] L=16 states=1 -> 1
[DP-bwdX] L=16 states=1 -> 1
[DP-bwdX] L=16 states=1 -> 1
[DP-fwdX] L=16 states=1 -> 1
[DP-bwdX] L=32 states=1 -> 1
[DP-fwdX] L=16 states=1 -> 1
[DP-fwdX] L=16 states=1 -> 1
[DP-fwdX] L=16 states=1 -> 1
[DP-bwdX] L=32 states=1 -> 1
[DP-bwdX] L=32 states=1 -> 1
[DP-bwdX] L=32 states=1 -> 1
[DP-fwdX] L=32 states=1 -> 1
[DP-bwdX] L=64 states=1 -> 1
[DP-fwdX] L=32 states=1 -> 1
[DP-bwdX] L=48 states=1 -> 1
[DP-fwdX] L=32 states=1 -> 1
[DP-fwdX] L=32 states=1 -> 1
[DP-fwdX] L=32 states=1 -> 1
[DP-bwdX] L=48 states=1 -> 1
[DP-bwdX] L=48 states=1 -> 1
[DP-bwdX] L=48 states=1 -> 1
[DP-fwdX] L=48 states=1 -> 1
[DP-bwdX] L=64 states=1 -> 1
[DP-fwdX] L=48 states=1 -> 1
[DP-fwdX] L=48 states=1 -> 1
[DP-fwdX] L=48 states=1 -> 1
[DP-bwdX] L=64 states=1 -> 1
[DP-bwdX] L=64 states=1 -> 1
[DP-bwdX] L=64 states=1 -> 1
[RowSwapCTR] expand small 8x8 -> full 16x8  top_rows=4  bot_rows=4  ctr_rows=8  n_full=128
  [Round 67] T_prime=19  T_target=19  HPWL_w=479560  HPWL_eq=476  maxL=26  WNS(T')=-7  WNS*(T)=-7  picked=0  solve_ms=17.6316
[OC-Shortest/pow2] m=8 h=8 SEG=4 bits=32 words=1 threads=24
[DP-fwdX] L=0 states=1 -> 1
[DP-fwdX] L=16 states=141 -> 164
[DP-bwdX] L=64 states=1 -> 1
[DP-bwdX] L=48 states=141 -> 164
[DP-fwdX] L=0 states=1 -> 1
[DP-bwdX] L=32 states=1 -> 1
[DP-fwdX] L=0 states=1 -> 1
[DP-bwdX] L=16 states=1 -> 1
[DP-fwdX] L=0 states=1 -> 1
[DP-fwdX] L=0 states=1 -> 1
[DP-fwdX] L=0 states=1 -> 1
[DP-bwdX] L=16 states=1 -> 1
[DP-bwdX] L=16 states=1 -> 1
[DP-bwdX] L=16 states=1 -> 1
[DP-fwdX] L=16 states=1 -> 1
[DP-bwdX] L=32 states=1 -> 1
[DP-fwdX] L=16 states=1 -> 1
[DP-fwdX] L=16 states=1 -> 1
[DP-fwdX] L=16 states=1 -> 1
[DP-bwdX] L=32 states=1 -> 1
[DP-bwdX] L=32 states=1 -> 1
[DP-bwdX] L=32 states=1 -> 1
[DP-fwdX] L=32 states=1 -> 1
[DP-bwdX] L=64 states=1 -> 1
[DP-fwdX] L=32 states=1 -> 1
[DP-bwdX] L=48 states=1 -> 1
[DP-fwdX] L=32 states=1 -> 1
[DP-fwdX] L=32 states=1 -> 1
[DP-fwdX] L=32 states=1 -> 1
[DP-bwdX] L=48 states=1 -> 1
[DP-bwdX] L=48 states=1 -> 1
[DP-bwdX] L=48 states=1 -> 1
[DP-fwdX] L=48 states=1 -> 1
[DP-bwdX] L=64 states=1 -> 1
[DP-fwdX] L=48 states=1 -> 1
[DP-fwdX] L=48 states=1 -> 1
[DP-fwdX] L=48 states=1 -> 1
[DP-bwdX] L=64 states=1 -> 1
[DP-bwdX] L=64 states=1 -> 1
[DP-bwdX] L=64 states=1 -> 1
[RowSwapCTR] expand small 8x8 -> full 16x8  top_rows=4  bot_rows=4  ctr_rows=8  n_full=128
  [Round 68] T_prime=19  T_target=19  HPWL_w=479560  HPWL_eq=476  maxL=26  WNS(T')=-7  WNS*(T)=-7  picked=0  solve_ms=16.9968
[OC-Shortest/pow2] m=8 h=8 SEG=4 bits=32 words=1 threads=24
[DP-fwdX] L=0 states=1 -> 1
[DP-fwdX] L=16 states=141 -> 164
[DP-bwdX] L=64 states=1 -> 1
[DP-bwdX] L=48 states=141 -> 164
[DP-fwdX] L=0 states=1 -> 1
[DP-bwdX] L=32 states=1 -> 1
[DP-fwdX] L=0 states=1 -> 1
[DP-bwdX] L=16 states=1 -> 1
[DP-fwdX] L=0 states=1 -> 1
[DP-fwdX] L=0 states=1 -> 1
[DP-fwdX] L=0 states=1 -> 1
[DP-bwdX] L=16 states=1 -> 1
[DP-bwdX] L=16 states=1 -> 1
[DP-bwdX] L=16 states=1 -> 1
[DP-fwdX] L=16 states=1 -> 1
[DP-bwdX] L=32 states=1 -> 1
[DP-fwdX] L=16 states=1 -> 1
[DP-fwdX] L=16 states=1 -> 1
[DP-fwdX] L=16 states=1 -> 1
[DP-bwdX] L=32 states=1 -> 1
[DP-bwdX] L=32 states=1 -> 1
[DP-bwdX] L=32 states=1 -> 1
[DP-fwdX] L=32 states=1 -> 1
[DP-bwdX] L=64 states=1 -> 1
[DP-fwdX] L=32 states=1 -> 1
[DP-bwdX] L=48 states=1 -> 1
[DP-fwdX] L=32 states=1 -> 1
[DP-fwdX] L=32 states=1 -> 1
[DP-fwdX] L=32 states=1 -> 1
[DP-bwdX] L=48 states=1 -> 1
[DP-bwdX] L=48 states=1 -> 1
[DP-bwdX] L=48 states=1 -> 1
[DP-fwdX] L=48 states=1 -> 1
[DP-bwdX] L=64 states=1 -> 1
[DP-fwdX] L=48 states=1 -> 1
[DP-fwdX] L=48 states=1 -> 1
[DP-fwdX] L=48 states=1 -> 1
[DP-bwdX] L=64 states=1 -> 1
[DP-bwdX] L=64 states=1 -> 1
[DP-bwdX] L=64 states=1 -> 1
[RowSwapCTR] expand small 8x8 -> full 16x8  top_rows=4  bot_rows=4  ctr_rows=8  n_full=128
  [Round 69] T_prime=19  T_target=19  HPWL_w=479560  HPWL_eq=476  maxL=26  WNS(T')=-7  WNS*(T)=-7  picked=0  solve_ms=16.7666
[OC-Shortest/pow2] m=8 h=8 SEG=4 bits=32 words=1 threads=24
[DP-fwdX] L=0 states=1 -> 1
[DP-fwdX] L=16 states=141 -> 164
[DP-bwdX] L=64 states=1 -> 1
[DP-bwdX] L=48 states=141 -> 164
[DP-fwdX] L=0 states=1 -> 1
[DP-bwdX] L=32 states=1 -> 1
[DP-fwdX] L=0 states=1 -> 1
[DP-bwdX] L=16 states=1 -> 1
[DP-fwdX] L=0 states=1 -> 1
[DP-fwdX] L=0 states=1 -> 1
[DP-fwdX] L=0 states=1 -> 1
[DP-bwdX] L=16 states=1 -> 1
[DP-bwdX] L=16 states=1 -> 1
[DP-bwdX] L=16 states=1 -> 1
[DP-fwdX] L=16 states=1 -> 1
[DP-bwdX] L=32 states=1 -> 1
[DP-fwdX] L=16 states=1 -> 1
[DP-fwdX] L=16 states=1 -> 1
[DP-fwdX] L=16 states=1 -> 1
[DP-bwdX] L=32 states=1 -> 1
[DP-bwdX] L=32 states=1 -> 1
[DP-bwdX] L=32 states=1 -> 1
[DP-fwdX] L=32 states=1 -> 1
[DP-bwdX] L=64 states=1 -> 1
[DP-fwdX] L=32 states=1 -> 1
[DP-bwdX] L=48 states=1 -> 1
[DP-fwdX] L=32 states=1 -> 1
[DP-fwdX] L=32 states=1 -> 1
[DP-fwdX] L=32 states=1 -> 1
[DP-bwdX] L=48 states=1 -> 1
[DP-bwdX] L=48 states=1 -> 1
[DP-bwdX] L=48 states=1 -> 1
[DP-fwdX] L=48 states=1 -> 1
[DP-bwdX] L=64 states=1 -> 1
[DP-fwdX] L=48 states=1 -> 1
[DP-fwdX] L=48 states=1 -> 1
[DP-fwdX] L=48 states=1 -> 1
[DP-bwdX] L=64 states=1 -> 1
[DP-bwdX] L=64 states=1 -> 1
[DP-bwdX] L=64 states=1 -> 1
[RowSwapCTR] expand small 8x8 -> full 16x8  top_rows=4  bot_rows=4  ctr_rows=8  n_full=128
  [Round 70] T_prime=19  T_target=19  HPWL_w=479560  HPWL_eq=476  maxL=26  WNS(T')=-7  WNS*(T)=-7  picked=0  solve_ms=16.7461
[OC-Shortest/pow2] m=8 h=8 SEG=4 bits=32 words=1 threads=24
[DP-fwdX] L=0 states=1 -> 1
[DP-fwdX] L=16 states=141 -> 164
[DP-bwdX] L=64 states=1 -> 1
[DP-bwdX] L=48 states=141 -> 164
[DP-fwdX] L=0 states=1 -> 1
[DP-bwdX] L=32 states=1 -> 1
[DP-fwdX] L=0 states=1 -> 1
[DP-bwdX] L=16 states=1 -> 1
[DP-fwdX] L=0 states=1 -> 1
[DP-fwdX] L=0 states=1 -> 1
[DP-fwdX] L=0 states=1 -> 1
[DP-bwdX] L=16 states=1 -> 1
[DP-bwdX] L=16 states=1 -> 1
[DP-bwdX] L=16 states=1 -> 1
[DP-fwdX] L=16 states=1 -> 1
[DP-bwdX] L=32 states=1 -> 1
[DP-fwdX] L=16 states=1 -> 1
[DP-fwdX] L=16 states=1 -> 1
[DP-fwdX] L=16 states=1 -> 1
[DP-bwdX] L=32 states=1 -> 1
[DP-bwdX] L=32 states=1 -> 1
[DP-bwdX] L=32 states=1 -> 1
[DP-fwdX] L=32 states=1 -> 1
[DP-bwdX] L=64 states=1 -> 1
[DP-fwdX] L=32 states=1 -> 1
[DP-bwdX] L=48 states=1 -> 1
[DP-fwdX] L=32 states=1 -> 1
[DP-fwdX] L=32 states=1 -> 1
[DP-fwdX] L=32 states=1 -> 1
[DP-bwdX] L=48 states=1 -> 1
[DP-bwdX] L=48 states=1 -> 1
[DP-bwdX] L=48 states=1 -> 1
[DP-fwdX] L=48 states=1 -> 1
[DP-bwdX] L=64 states=1 -> 1
[DP-fwdX] L=48 states=1 -> 1
[DP-fwdX] L=48 states=1 -> 1
[DP-fwdX] L=48 states=1 -> 1
[DP-bwdX] L=64 states=1 -> 1
[DP-bwdX] L=64 states=1 -> 1
[DP-bwdX] L=64 states=1 -> 1
[RowSwapCTR] expand small 8x8 -> full 16x8  top_rows=4  bot_rows=4  ctr_rows=8  n_full=128
  [Round 71] T_prime=19  T_target=19  HPWL_w=479560  HPWL_eq=476  maxL=26  WNS(T')=-7  WNS*(T)=-7  picked=0  solve_ms=16.9012
[OC-Shortest/pow2] m=8 h=8 SEG=4 bits=32 words=1 threads=24
[DP-fwdX] L=0 states=1 -> 1
[DP-fwdX] L=16 states=141 -> 164
[DP-bwdX] L=64 states=1 -> 1
[DP-bwdX] L=48 states=141 -> 164
[DP-fwdX] L=0 states=1 -> 1
[DP-bwdX] L=32 states=1 -> 1
[DP-fwdX] L=0 states=1 -> 1
[DP-bwdX] L=16 states=1 -> 1
[DP-fwdX] L=0 states=1 -> 1
[DP-fwdX] L=0 states=1 -> 1
[DP-fwdX] L=0 states=1 -> 1
[DP-bwdX] L=16 states=1 -> 1
[DP-bwdX] L=16 states=1 -> 1
[DP-bwdX] L=16 states=1 -> 1
[DP-fwdX] L=16 states=1 -> 1
[DP-bwdX] L=32 states=1 -> 1
[DP-fwdX] L=16 states=1 -> 1
[DP-fwdX] L=16 states=1 -> 1
[DP-fwdX] L=16 states=1 -> 1
[DP-bwdX] L=32 states=1 -> 1
[DP-bwdX] L=32 states=1 -> 1
[DP-bwdX] L=32 states=1 -> 1
[DP-fwdX] L=32 states=1 -> 1
[DP-bwdX] L=64 states=1 -> 1
[DP-fwdX] L=32 states=1 -> 1
[DP-bwdX] L=48 states=1 -> 1
[DP-fwdX] L=32 states=1 -> 1
[DP-fwdX] L=32 states=1 -> 1
[DP-fwdX] L=32 states=1 -> 1
[DP-bwdX] L=48 states=1 -> 1
[DP-bwdX] L=48 states=1 -> 1
[DP-bwdX] L=48 states=1 -> 1
[DP-fwdX] L=48 states=1 -> 1
[DP-bwdX] L=64 states=1 -> 1
[DP-fwdX] L=48 states=1 -> 1
[DP-fwdX] L=48 states=1 -> 1
[DP-fwdX] L=48 states=1 -> 1
[DP-bwdX] L=64 states=1 -> 1
[DP-bwdX] L=64 states=1 -> 1
[DP-bwdX] L=64 states=1 -> 1
[RowSwapCTR] expand small 8x8 -> full 16x8  top_rows=4  bot_rows=4  ctr_rows=8  n_full=128
  [Round 72] T_prime=19  T_target=19  HPWL_w=479560  HPWL_eq=476  maxL=26  WNS(T')=-7  WNS*(T)=-7  picked=0  solve_ms=17.035
[OC-Shortest/pow2] m=8 h=8 SEG=4 bits=32 words=1 threads=24
[DP-fwdX] L=0 states=1 -> 1
[DP-fwdX] L=16 states=141 -> 164
[DP-bwdX] L=64 states=1 -> 1
[DP-bwdX] L=48 states=141 -> 164
[DP-fwdX] L=0 states=1 -> 1
[DP-bwdX] L=32 states=1 -> 1
[DP-fwdX] L=0 states=1 -> 1
[DP-bwdX] L=16 states=1 -> 1
[DP-fwdX] L=0 states=1 -> 1
[DP-fwdX] L=0 states=1 -> 1
[DP-fwdX] L=0 states=1 -> 1
[DP-bwdX] L=16 states=1 -> 1
[DP-bwdX] L=16 states=1 -> 1
[DP-bwdX] L=16 states=1 -> 1
[DP-fwdX] L=16 states=1 -> 1
[DP-bwdX] L=32 states=1 -> 1
[DP-fwdX] L=16 states=1 -> 1
[DP-fwdX] L=16 states=1 -> 1
[DP-fwdX] L=16 states=1 -> 1
[DP-bwdX] L=32 states=1 -> 1
[DP-bwdX] L=32 states=1 -> 1
[DP-bwdX] L=32 states=1 -> 1
[DP-fwdX] L=32 states=1 -> 1
[DP-bwdX] L=64 states=1 -> 1
[DP-fwdX] L=32 states=1 -> 1
[DP-bwdX] L=48 states=1 -> 1
[DP-fwdX] L=32 states=1 -> 1
[DP-fwdX] L=32 states=1 -> 1
[DP-fwdX] L=32 states=1 -> 1
[DP-bwdX] L=48 states=1 -> 1
[DP-bwdX] L=48 states=1 -> 1
[DP-bwdX] L=48 states=1 -> 1
[DP-fwdX] L=48 states=1 -> 1
[DP-bwdX] L=64 states=1 -> 1
[DP-fwdX] L=48 states=1 -> 1
[DP-fwdX] L=48 states=1 -> 1
[DP-fwdX] L=48 states=1 -> 1
[DP-bwdX] L=64 states=1 -> 1
[DP-bwdX] L=64 states=1 -> 1
[DP-bwdX] L=64 states=1 -> 1
[RowSwapCTR] expand small 8x8 -> full 16x8  top_rows=4  bot_rows=4  ctr_rows=8  n_full=128
  [Round 73] T_prime=19  T_target=19  HPWL_w=479560  HPWL_eq=476  maxL=26  WNS(T')=-7  WNS*(T)=-7  picked=0  solve_ms=16.8268
[OC-Shortest/pow2] m=8 h=8 SEG=4 bits=32 words=1 threads=24
[DP-fwdX] L=0 states=1 -> 1
[DP-fwdX] L=16 states=141 -> 164
[DP-bwdX] L=64 states=1 -> 1
[DP-bwdX] L=48 states=141 -> 164
[DP-fwdX] L=0 states=1 -> 1
[DP-bwdX] L=32 states=1 -> 1
[DP-fwdX] L=0 states=1 -> 1
[DP-bwdX] L=16 states=1 -> 1
[DP-fwdX] L=0 states=1 -> 1
[DP-fwdX] L=0 states=1 -> 1
[DP-fwdX] L=0 states=1 -> 1
[DP-bwdX] L=16 states=1 -> 1
[DP-bwdX] L=16 states=1 -> 1
[DP-bwdX] L=16 states=1 -> 1
[DP-fwdX] L=16 states=1 -> 1
[DP-bwdX] L=32 states=1 -> 1
[DP-fwdX] L=16 states=1 -> 1
[DP-fwdX] L=16 states=1 -> 1
[DP-fwdX] L=16 states=1 -> 1
[DP-bwdX] L=32 states=1 -> 1
[DP-bwdX] L=32 states=1 -> 1
[DP-bwdX] L=32 states=1 -> 1
[DP-fwdX] L=32 states=1 -> 1
[DP-bwdX] L=64 states=1 -> 1
[DP-fwdX] L=32 states=1 -> 1
[DP-bwdX] L=48 states=1 -> 1
[DP-fwdX] L=32 states=1 -> 1
[DP-fwdX] L=32 states=1 -> 1
[DP-fwdX] L=32 states=1 -> 1
[DP-bwdX] L=48 states=1 -> 1
[DP-bwdX] L=48 states=1 -> 1
[DP-bwdX] L=48 states=1 -> 1
[DP-fwdX] L=48 states=1 -> 1
[DP-bwdX] L=64 states=1 -> 1
[DP-fwdX] L=48 states=1 -> 1
[DP-fwdX] L=48 states=1 -> 1
[DP-fwdX] L=48 states=1 -> 1
[DP-bwdX] L=64 states=1 -> 1
[DP-bwdX] L=64 states=1 -> 1
[DP-bwdX] L=64 states=1 -> 1
[RowSwapCTR] expand small 8x8 -> full 16x8  top_rows=4  bot_rows=4  ctr_rows=8  n_full=128
  [Round 74] T_prime=19  T_target=19  HPWL_w=479560  HPWL_eq=476  maxL=26  WNS(T')=-7  WNS*(T)=-7  picked=0  solve_ms=16.8737
[OC-Shortest/pow2] m=8 h=8 SEG=4 bits=32 words=1 threads=24
[DP-fwdX] L=0 states=1 -> 1
[DP-fwdX] L=16 states=141 -> 164
[DP-bwdX] L=64 states=1 -> 1
[DP-bwdX] L=48 states=141 -> 164
[DP-fwdX] L=0 states=1 -> 1
[DP-bwdX] L=32 states=1 -> 1
[DP-fwdX] L=0 states=1 -> 1
[DP-bwdX] L=16 states=1 -> 1
[DP-fwdX] L=0 states=1 -> 1
[DP-fwdX] L=0 states=1 -> 1
[DP-fwdX] L=0 states=1 -> 1
[DP-bwdX] L=16 states=1 -> 1
[DP-bwdX] L=16 states=1 -> 1
[DP-bwdX] L=16 states=1 -> 1
[DP-fwdX] L=16 states=1 -> 1
[DP-bwdX] L=32 states=1 -> 1
[DP-fwdX] L=16 states=1 -> 1
[DP-fwdX] L=16 states=1 -> 1
[DP-fwdX] L=16 states=1 -> 1
[DP-bwdX] L=32 states=1 -> 1
[DP-bwdX] L=32 states=1 -> 1
[DP-bwdX] L=32 states=1 -> 1
[DP-fwdX] L=32 states=1 -> 1
[DP-bwdX] L=64 states=1 -> 1
[DP-fwdX] L=32 states=1 -> 1
[DP-bwdX] L=48 states=1 -> 1
[DP-fwdX] L=32 states=1 -> 1
[DP-fwdX] L=32 states=1 -> 1
[DP-fwdX] L=32 states=1 -> 1
[DP-bwdX] L=48 states=1 -> 1
[DP-bwdX] L=48 states=1 -> 1
[DP-bwdX] L=48 states=1 -> 1
[DP-fwdX] L=48 states=1 -> 1
[DP-bwdX] L=64 states=1 -> 1
[DP-fwdX] L=48 states=1 -> 1
[DP-fwdX] L=48 states=1 -> 1
[DP-fwdX] L=48 states=1 -> 1
[DP-bwdX] L=64 states=1 -> 1
[DP-bwdX] L=64 states=1 -> 1
[DP-bwdX] L=64 states=1 -> 1
[RowSwapCTR] expand small 8x8 -> full 16x8  top_rows=4  bot_rows=4  ctr_rows=8  n_full=128
  [Round 75] T_prime=19  T_target=19  HPWL_w=479560  HPWL_eq=476  maxL=26  WNS(T')=-7  WNS*(T)=-7  picked=0  solve_ms=16.908
[OC-Shortest/pow2] m=8 h=8 SEG=4 bits=32 words=1 threads=24
[DP-fwdX] L=0 states=1 -> 1
[DP-fwdX] L=16 states=141 -> 164
[DP-bwdX] L=64 states=1 -> 1
[DP-bwdX] L=48 states=141 -> 164
[DP-fwdX] L=0 states=1 -> 1
[DP-bwdX] L=32 states=1 -> 1
[DP-fwdX] L=0 states=1 -> 1
[DP-bwdX] L=16 states=1 -> 1
[DP-fwdX] L=0 states=1 -> 1
[DP-fwdX] L=0 states=1 -> 1
[DP-fwdX] L=0 states=1 -> 1
[DP-bwdX] L=16 states=1 -> 1
[DP-bwdX] L=16 states=1 -> 1
[DP-bwdX] L=16 states=1 -> 1
[DP-fwdX] L=16 states=1 -> 1
[DP-bwdX] L=32 states=1 -> 1
[DP-fwdX] L=16 states=1 -> 1
[DP-fwdX] L=16 states=1 -> 1
[DP-fwdX] L=16 states=1 -> 1
[DP-bwdX] L=32 states=1 -> 1
[DP-bwdX] L=32 states=1 -> 1
[DP-bwdX] L=32 states=1 -> 1
[DP-fwdX] L=32 states=1 -> 1
[DP-bwdX] L=64 states=1 -> 1
[DP-fwdX] L=32 states=1 -> 1
[DP-bwdX] L=48 states=1 -> 1
[DP-fwdX] L=32 states=1 -> 1
[DP-fwdX] L=32 states=1 -> 1
[DP-fwdX] L=32 states=1 -> 1
[DP-bwdX] L=48 states=1 -> 1
[DP-bwdX] L=48 states=1 -> 1
[DP-bwdX] L=48 states=1 -> 1
[DP-fwdX] L=48 states=1 -> 1
[DP-bwdX] L=64 states=1 -> 1
[DP-fwdX] L=48 states=1 -> 1
[DP-fwdX] L=48 states=1 -> 1
[DP-fwdX] L=48 states=1 -> 1
[DP-bwdX] L=64 states=1 -> 1
[DP-bwdX] L=64 states=1 -> 1
[DP-bwdX] L=64 states=1 -> 1
[RowSwapCTR] expand small 8x8 -> full 16x8  top_rows=4  bot_rows=4  ctr_rows=8  n_full=128
  [Round 76] T_prime=19  T_target=19  HPWL_w=479560  HPWL_eq=476  maxL=26  WNS(T')=-7  WNS*(T)=-7  picked=0  solve_ms=16.8147
[OC-Shortest/pow2] m=8 h=8 SEG=4 bits=32 words=1 threads=24
[DP-fwdX] L=0 states=1 -> 1
[DP-fwdX] L=16 states=141 -> 164
[DP-bwdX] L=64 states=1 -> 1
[DP-bwdX] L=48 states=141 -> 164
[DP-fwdX] L=0 states=1 -> 1
[DP-bwdX] L=32 states=1 -> 1
[DP-fwdX] L=0 states=1 -> 1
[DP-bwdX] L=16 states=1 -> 1
[DP-fwdX] L=0 states=1 -> 1
[DP-fwdX] L=0 states=1 -> 1
[DP-fwdX] L=0 states=1 -> 1
[DP-bwdX] L=16 states=1 -> 1
[DP-bwdX] L=16 states=1 -> 1
[DP-bwdX] L=16 states=1 -> 1
[DP-fwdX] L=16 states=1 -> 1
[DP-bwdX] L=32 states=1 -> 1
[DP-fwdX] L=16 states=1 -> 1
[DP-fwdX] L=16 states=1 -> 1
[DP-fwdX] L=16 states=1 -> 1
[DP-bwdX] L=32 states=1 -> 1
[DP-bwdX] L=32 states=1 -> 1
[DP-bwdX] L=32 states=1 -> 1
[DP-fwdX] L=32 states=1 -> 1
[DP-bwdX] L=64 states=1 -> 1
[DP-fwdX] L=32 states=1 -> 1
[DP-bwdX] L=48 states=1 -> 1
[DP-fwdX] L=32 states=1 -> 1
[DP-fwdX] L=32 states=1 -> 1
[DP-fwdX] L=32 states=1 -> 1
[DP-bwdX] L=48 states=1 -> 1
[DP-bwdX] L=48 states=1 -> 1
[DP-bwdX] L=48 states=1 -> 1
[DP-fwdX] L=48 states=1 -> 1
[DP-bwdX] L=64 states=1 -> 1
[DP-fwdX] L=48 states=1 -> 1
[DP-fwdX] L=48 states=1 -> 1
[DP-fwdX] L=48 states=1 -> 1
[DP-bwdX] L=64 states=1 -> 1
[DP-bwdX] L=64 states=1 -> 1
[DP-bwdX] L=64 states=1 -> 1
[RowSwapCTR] expand small 8x8 -> full 16x8  top_rows=4  bot_rows=4  ctr_rows=8  n_full=128
  [Round 77] T_prime=19  T_target=19  HPWL_w=479560  HPWL_eq=476  maxL=26  WNS(T')=-7  WNS*(T)=-7  picked=0  solve_ms=16.8663
[OC-Shortest/pow2] m=8 h=8 SEG=4 bits=32 words=1 threads=24
[DP-fwdX] L=0 states=1 -> 1
[DP-fwdX] L=16 states=141 -> 164
[DP-bwdX] L=64 states=1 -> 1
[DP-bwdX] L=48 states=141 -> 164
[DP-fwdX] L=0 states=1 -> 1
[DP-bwdX] L=32 states=1 -> 1
[DP-fwdX] L=0 states=1 -> 1
[DP-bwdX] L=16 states=1 -> 1
[DP-fwdX] L=0 states=1 -> 1
[DP-fwdX] L=0 states=1 -> 1
[DP-fwdX] L=0 states=1 -> 1
[DP-bwdX] L=16 states=1 -> 1
[DP-bwdX] L=16 states=1 -> 1
[DP-bwdX] L=16 states=1 -> 1
[DP-fwdX] L=16 states=1 -> 1
[DP-bwdX] L=32 states=1 -> 1
[DP-fwdX] L=16 states=1 -> 1
[DP-fwdX] L=16 states=1 -> 1
[DP-fwdX] L=16 states=1 -> 1
[DP-bwdX] L=32 states=1 -> 1
[DP-bwdX] L=32 states=1 -> 1
[DP-bwdX] L=32 states=1 -> 1
[DP-fwdX] L=32 states=1 -> 1
[DP-bwdX] L=64 states=1 -> 1
[DP-fwdX] L=32 states=1 -> 1
[DP-bwdX] L=48 states=1 -> 1
[DP-fwdX] L=32 states=1 -> 1
[DP-fwdX] L=32 states=1 -> 1
[DP-fwdX] L=32 states=1 -> 1
[DP-bwdX] L=48 states=1 -> 1
[DP-bwdX] L=48 states=1 -> 1
[DP-bwdX] L=48 states=1 -> 1
[DP-fwdX] L=48 states=1 -> 1
[DP-bwdX] L=64 states=1 -> 1
[DP-fwdX] L=48 states=1 -> 1
[DP-fwdX] L=48 states=1 -> 1
[DP-fwdX] L=48 states=1 -> 1
[DP-bwdX] L=64 states=1 -> 1
[DP-bwdX] L=64 states=1 -> 1
[DP-bwdX] L=64 states=1 -> 1
[RowSwapCTR] expand small 8x8 -> full 16x8  top_rows=4  bot_rows=4  ctr_rows=8  n_full=128
  [Round 78] T_prime=19  T_target=19  HPWL_w=479560  HPWL_eq=476  maxL=26  WNS(T')=-7  WNS*(T)=-7  picked=0  solve_ms=106.564
[OC-Shortest/pow2] m=8 h=8 SEG=4 bits=32 words=1 threads=24
[DP-fwdX] L=0 states=1 -> 1
[DP-fwdX] L=16 states=141 -> 164
[DP-bwdX] L=64 states=1 -> 1
[DP-bwdX] L=48 states=141 -> 164
[DP-fwdX] L=0 states=1 -> 1
[DP-bwdX] L=32 states=1 -> 1
[DP-fwdX] L=0 states=1 -> 1
[DP-bwdX] L=16 states=1 -> 1
[DP-fwdX] L=0 states=1 -> 1
[DP-fwdX] L=0 states=1 -> 1
[DP-fwdX] L=0 states=1 -> 1
[DP-bwdX] L=16 states=1 -> 1
[DP-bwdX] L=16 states=1 -> 1
[DP-bwdX] L=16 states=1 -> 1
[DP-fwdX] L=16 states=1 -> 1
[DP-bwdX] L=32 states=1 -> 1
[DP-fwdX] L=16 states=1 -> 1
[DP-fwdX] L=16 states=1 -> 1
[DP-fwdX] L=16 states=1 -> 1
[DP-bwdX] L=32 states=1 -> 1
[DP-bwdX] L=32 states=1 -> 1
[DP-bwdX] L=32 states=1 -> 1
[DP-fwdX] L=32 states=1 -> 1
[DP-bwdX] L=64 states=1 -> 1
[DP-fwdX] L=32 states=1 -> 1
[DP-bwdX] L=48 states=1 -> 1
[DP-fwdX] L=32 states=1 -> 1
[DP-fwdX] L=32 states=1 -> 1
[DP-fwdX] L=32 states=1 -> 1
[DP-bwdX] L=48 states=1 -> 1
[DP-bwdX] L=48 states=1 -> 1
[DP-bwdX] L=48 states=1 -> 1
[DP-fwdX] L=48 states=1 -> 1
[DP-bwdX] L=64 states=1 -> 1
[DP-fwdX] L=48 states=1 -> 1
[DP-fwdX] L=48 states=1 -> 1
[DP-fwdX] L=48 states=1 -> 1
[DP-bwdX] L=64 states=1 -> 1
[DP-bwdX] L=64 states=1 -> 1
[DP-bwdX] L=64 states=1 -> 1
[RowSwapCTR] expand small 8x8 -> full 16x8  top_rows=4  bot_rows=4  ctr_rows=8  n_full=128
  [Round 79] T_prime=19  T_target=19  HPWL_w=479560  HPWL_eq=476  maxL=26  WNS(T')=-7  WNS*(T)=-7  picked=0  solve_ms=20.1426
[OC-Shortest/pow2] m=8 h=8 SEG=4 bits=32 words=1 threads=24
[DP-fwdX] L=0 states=1 -> 1
[DP-fwdX] L=16 states=141 -> 164
[DP-bwdX] L=64 states=1 -> 1
[DP-bwdX] L=48 states=141 -> 164
[DP-fwdX] L=0 states=1 -> 1
[DP-bwdX] L=32 states=1 -> 1
[DP-fwdX] L=0 states=1 -> 1
[DP-bwdX] L=16 states=1 -> 1
[DP-fwdX] L=0 states=1 -> 1
[DP-fwdX] L=0 states=1 -> 1
[DP-fwdX] L=0 states=1 -> 1
[DP-bwdX] L=16 states=1 -> 1
[DP-bwdX] L=16 states=1 -> 1
[DP-bwdX] L=16 states=1 -> 1
[DP-fwdX] L=16 states=1 -> 1
[DP-bwdX] L=32 states=1 -> 1
[DP-fwdX] L=16 states=1 -> 1
[DP-fwdX] L=16 states=1 -> 1
[DP-fwdX] L=16 states=1 -> 1
[DP-bwdX] L=32 states=1 -> 1
[DP-bwdX] L=32 states=1 -> 1
[DP-bwdX] L=32 states=1 -> 1
[DP-fwdX] L=32 states=1 -> 1
[DP-bwdX] L=64 states=1 -> 1
[DP-fwdX] L=32 states=1 -> 1
[DP-bwdX] L=48 states=1 -> 1
[DP-fwdX] L=32 states=1 -> 1
[DP-fwdX] L=32 states=1 -> 1
[DP-fwdX] L=32 states=1 -> 1
[DP-bwdX] L=48 states=1 -> 1
[DP-bwdX] L=48 states=1 -> 1
[DP-bwdX] L=48 states=1 -> 1
[DP-fwdX] L=48 states=1 -> 1
[DP-bwdX] L=64 states=1 -> 1
[DP-fwdX] L=48 states=1 -> 1
[DP-fwdX] L=48 states=1 -> 1
[DP-fwdX] L=48 states=1 -> 1
[DP-bwdX] L=64 states=1 -> 1
[DP-bwdX] L=64 states=1 -> 1
[DP-bwdX] L=64 states=1 -> 1
[RowSwapCTR] expand small 8x8 -> full 16x8  top_rows=4  bot_rows=4  ctr_rows=8  n_full=128
  [Round 80] T_prime=19  T_target=19  HPWL_w=479560  HPWL_eq=476  maxL=26  WNS(T')=-7  WNS*(T)=-7  picked=0  solve_ms=18.566
[OC-Shortest/pow2] m=8 h=8 SEG=4 bits=32 words=1 threads=24
[DP-fwdX] L=0 states=1 -> 1
[DP-fwdX] L=16 states=141 -> 164
[DP-bwdX] L=64 states=1 -> 1
[DP-bwdX] L=48 states=141 -> 164
[DP-fwdX] L=0 states=1 -> 1
[DP-bwdX] L=32 states=1 -> 1
[DP-fwdX] L=0 states=1 -> 1
[DP-bwdX] L=16 states=1 -> 1
[DP-fwdX] L=0 states=1 -> 1
[DP-fwdX] L=0 states=1 -> 1
[DP-fwdX] L=0 states=1 -> 1
[DP-bwdX] L=16 states=1 -> 1
[DP-bwdX] L=16 states=1 -> 1
[DP-bwdX] L=16 states=1 -> 1
[DP-fwdX] L=16 states=1 -> 1
[DP-bwdX] L=32 states=1 -> 1
[DP-fwdX] L=16 states=1 -> 1
[DP-fwdX] L=16 states=1 -> 1
[DP-fwdX] L=16 states=1 -> 1
[DP-bwdX] L=32 states=1 -> 1
[DP-bwdX] L=32 states=1 -> 1
[DP-bwdX] L=32 states=1 -> 1
[DP-fwdX] L=32 states=1 -> 1
[DP-bwdX] L=64 states=1 -> 1
[DP-fwdX] L=32 states=1 -> 1
[DP-bwdX] L=48 states=1 -> 1
[DP-fwdX] L=32 states=1 -> 1
[DP-fwdX] L=32 states=1 -> 1
[DP-fwdX] L=32 states=1 -> 1
[DP-bwdX] L=48 states=1 -> 1
[DP-bwdX] L=48 states=1 -> 1
[DP-bwdX] L=48 states=1 -> 1
[DP-fwdX] L=48 states=1 -> 1
[DP-bwdX] L=64 states=1 -> 1
[DP-fwdX] L=48 states=1 -> 1
[DP-fwdX] L=48 states=1 -> 1
[DP-fwdX] L=48 states=1 -> 1
[DP-bwdX] L=64 states=1 -> 1
[DP-bwdX] L=64 states=1 -> 1
[DP-bwdX] L=64 states=1 -> 1
[RowSwapCTR] expand small 8x8 -> full 16x8  top_rows=4  bot_rows=4  ctr_rows=8  n_full=128
  [Round 81] T_prime=19  T_target=19  HPWL_w=479560  HPWL_eq=476  maxL=26  WNS(T')=-7  WNS*(T)=-7  picked=0  solve_ms=18.4474
[OC-Shortest/pow2] m=8 h=8 SEG=4 bits=32 words=1 threads=24
[DP-fwdX] L=0 states=1 -> 1
[DP-fwdX] L=16 states=141 -> 164
[DP-bwdX] L=64 states=1 -> 1
[DP-bwdX] L=48 states=141 -> 164
[DP-fwdX] L=0 states=1 -> 1
[DP-bwdX] L=32 states=1 -> 1
[DP-fwdX] L=0 states=1 -> 1
[DP-bwdX] L=16 states=1 -> 1
[DP-fwdX] L=0 states=1 -> 1
[DP-fwdX] L=0 states=1 -> 1
[DP-fwdX] L=0 states=1 -> 1
[DP-bwdX] L=16 states=1 -> 1
[DP-bwdX] L=16 states=1 -> 1
[DP-bwdX] L=16 states=1 -> 1
[DP-fwdX] L=16 states=1 -> 1
[DP-bwdX] L=32 states=1 -> 1
[DP-fwdX] L=16 states=1 -> 1
[DP-fwdX] L=16 states=1 -> 1
[DP-fwdX] L=16 states=1 -> 1
[DP-bwdX] L=32 states=1 -> 1
[DP-bwdX] L=32 states=1 -> 1
[DP-bwdX] L=32 states=1 -> 1
[DP-fwdX] L=32 states=1 -> 1
[DP-bwdX] L=64 states=1 -> 1
[DP-fwdX] L=32 states=1 -> 1
[DP-bwdX] L=48 states=1 -> 1
[DP-fwdX] L=32 states=1 -> 1
[DP-fwdX] L=32 states=1 -> 1
[DP-fwdX] L=32 states=1 -> 1
[DP-bwdX] L=48 states=1 -> 1
[DP-bwdX] L=48 states=1 -> 1
[DP-bwdX] L=48 states=1 -> 1
[DP-fwdX] L=48 states=1 -> 1
[DP-bwdX] L=64 states=1 -> 1
[DP-fwdX] L=48 states=1 -> 1
[DP-fwdX] L=48 states=1 -> 1
[DP-fwdX] L=48 states=1 -> 1
[DP-bwdX] L=64 states=1 -> 1
[DP-bwdX] L=64 states=1 -> 1
[DP-bwdX] L=64 states=1 -> 1
[RowSwapCTR] expand small 8x8 -> full 16x8  top_rows=4  bot_rows=4  ctr_rows=8  n_full=128
  [Round 82] T_prime=19  T_target=19  HPWL_w=479560  HPWL_eq=476  maxL=26  WNS(T')=-7  WNS*(T)=-7  picked=0  solve_ms=18.4432
[OC-Shortest/pow2] m=8 h=8 SEG=4 bits=32 words=1 threads=24
[DP-fwdX] L=0 states=1 -> 1
[DP-fwdX] L=16 states=141 -> 164
[DP-bwdX] L=64 states=1 -> 1
[DP-bwdX] L=48 states=141 -> 164
[DP-fwdX] L=0 states=1 -> 1
[DP-bwdX] L=32 states=1 -> 1
[DP-fwdX] L=0 states=1 -> 1
[DP-bwdX] L=16 states=1 -> 1
[DP-fwdX] L=0 states=1 -> 1
[DP-fwdX] L=0 states=1 -> 1
[DP-fwdX] L=0 states=1 -> 1
[DP-bwdX] L=16 states=1 -> 1
[DP-bwdX] L=16 states=1 -> 1
[DP-bwdX] L=16 states=1 -> 1
[DP-fwdX] L=16 states=1 -> 1
[DP-bwdX] L=32 states=1 -> 1
[DP-fwdX] L=16 states=1 -> 1
[DP-fwdX] L=16 states=1 -> 1
[DP-fwdX] L=16 states=1 -> 1
[DP-bwdX] L=32 states=1 -> 1
[DP-bwdX] L=32 states=1 -> 1
[DP-bwdX] L=32 states=1 -> 1
[DP-fwdX] L=32 states=1 -> 1
[DP-bwdX] L=64 states=1 -> 1
[DP-fwdX] L=32 states=1 -> 1
[DP-bwdX] L=48 states=1 -> 1
[DP-fwdX] L=32 states=1 -> 1
[DP-fwdX] L=32 states=1 -> 1
[DP-fwdX] L=32 states=1 -> 1
[DP-bwdX] L=48 states=1 -> 1
[DP-bwdX] L=48 states=1 -> 1
[DP-bwdX] L=48 states=1 -> 1
[DP-fwdX] L=48 states=1 -> 1
[DP-bwdX] L=64 states=1 -> 1
[DP-fwdX] L=48 states=1 -> 1
[DP-fwdX] L=48 states=1 -> 1
[DP-fwdX] L=48 states=1 -> 1
[DP-bwdX] L=64 states=1 -> 1
[DP-bwdX] L=64 states=1 -> 1
[DP-bwdX] L=64 states=1 -> 1
[RowSwapCTR] expand small 8x8 -> full 16x8  top_rows=4  bot_rows=4  ctr_rows=8  n_full=128
  [Round 83] T_prime=19  T_target=19  HPWL_w=479560  HPWL_eq=476  maxL=26  WNS(T')=-7  WNS*(T)=-7  picked=0  solve_ms=18.5465
[OC-Shortest/pow2] m=8 h=8 SEG=4 bits=32 words=1 threads=24
[DP-fwdX] L=0 states=1 -> 1
[DP-fwdX] L=16 states=141 -> 164
[DP-bwdX] L=64 states=1 -> 1
[DP-bwdX] L=48 states=141 -> 164
[DP-fwdX] L=0 states=1 -> 1
[DP-bwdX] L=32 states=1 -> 1
[DP-fwdX] L=0 states=1 -> 1
[DP-bwdX] L=16 states=1 -> 1
[DP-fwdX] L=0 states=1 -> 1
[DP-fwdX] L=0 states=1 -> 1
[DP-fwdX] L=0 states=1 -> 1
[DP-bwdX] L=16 states=1 -> 1
[DP-bwdX] L=16 states=1 -> 1
[DP-bwdX] L=16 states=1 -> 1
[DP-fwdX] L=16 states=1 -> 1
[DP-bwdX] L=32 states=1 -> 1
[DP-fwdX] L=16 states=1 -> 1
[DP-fwdX] L=16 states=1 -> 1
[DP-fwdX] L=16 states=1 -> 1
[DP-bwdX] L=32 states=1 -> 1
[DP-bwdX] L=32 states=1 -> 1
[DP-bwdX] L=32 states=1 -> 1
[DP-fwdX] L=32 states=1 -> 1
[DP-bwdX] L=64 states=1 -> 1
[DP-fwdX] L=32 states=1 -> 1
[DP-bwdX] L=48 states=1 -> 1
[DP-fwdX] L=32 states=1 -> 1
[DP-fwdX] L=32 states=1 -> 1
[DP-fwdX] L=32 states=1 -> 1
[DP-bwdX] L=48 states=1 -> 1
[DP-bwdX] L=48 states=1 -> 1
[DP-bwdX] L=48 states=1 -> 1
[DP-fwdX] L=48 states=1 -> 1
[DP-bwdX] L=64 states=1 -> 1
[DP-fwdX] L=48 states=1 -> 1
[DP-fwdX] L=48 states=1 -> 1
[DP-fwdX] L=48 states=1 -> 1
[DP-bwdX] L=64 states=1 -> 1
[DP-bwdX] L=64 states=1 -> 1
[DP-bwdX] L=64 states=1 -> 1
[RowSwapCTR] expand small 8x8 -> full 16x8  top_rows=4  bot_rows=4  ctr_rows=8  n_full=128
  [Round 84] T_prime=19  T_target=19  HPWL_w=479560  HPWL_eq=476  maxL=26  WNS(T')=-7  WNS*(T)=-7  picked=0  solve_ms=18.5936
[OC-Shortest/pow2] m=8 h=8 SEG=4 bits=32 words=1 threads=24
[DP-fwdX] L=0 states=1 -> 1
[DP-fwdX] L=16 states=141 -> 164
[DP-bwdX] L=64 states=1 -> 1
[DP-bwdX] L=48 states=141 -> 164
[DP-fwdX] L=0 states=1 -> 1
[DP-bwdX] L=32 states=1 -> 1
[DP-fwdX] L=0 states=1 -> 1
[DP-bwdX] L=16 states=1 -> 1
[DP-fwdX] L=0 states=1 -> 1
[DP-fwdX] L=0 states=1 -> 1
[DP-fwdX] L=0 states=1 -> 1
[DP-bwdX] L=16 states=1 -> 1
[DP-bwdX] L=16 states=1 -> 1
[DP-bwdX] L=16 states=1 -> 1
[DP-fwdX] L=16 states=1 -> 1
[DP-bwdX] L=32 states=1 -> 1
[DP-fwdX] L=16 states=1 -> 1
[DP-fwdX] L=16 states=1 -> 1
[DP-fwdX] L=16 states=1 -> 1
[DP-bwdX] L=32 states=1 -> 1
[DP-bwdX] L=32 states=1 -> 1
[DP-bwdX] L=32 states=1 -> 1
[DP-fwdX] L=32 states=1 -> 1
[DP-bwdX] L=64 states=1 -> 1
[DP-fwdX] L=32 states=1 -> 1
[DP-bwdX] L=48 states=1 -> 1
[DP-fwdX] L=32 states=1 -> 1
[DP-fwdX] L=32 states=1 -> 1
[DP-fwdX] L=32 states=1 -> 1
[DP-bwdX] L=48 states=1 -> 1
[DP-bwdX] L=48 states=1 -> 1
[DP-bwdX] L=48 states=1 -> 1
[DP-fwdX] L=48 states=1 -> 1
[DP-bwdX] L=64 states=1 -> 1
[DP-fwdX] L=48 states=1 -> 1
[DP-fwdX] L=48 states=1 -> 1
[DP-fwdX] L=48 states=1 -> 1
[DP-bwdX] L=64 states=1 -> 1
[DP-bwdX] L=64 states=1 -> 1
[DP-bwdX] L=64 states=1 -> 1
[RowSwapCTR] expand small 8x8 -> full 16x8  top_rows=4  bot_rows=4  ctr_rows=8  n_full=128
  [Round 85] T_prime=19  T_target=19  HPWL_w=479560  HPWL_eq=476  maxL=26  WNS(T')=-7  WNS*(T)=-7  picked=0  solve_ms=18.4788
[OC-Shortest/pow2] m=8 h=8 SEG=4 bits=32 words=1 threads=24
[DP-fwdX] L=0 states=1 -> 1
[DP-fwdX] L=16 states=141 -> 164
[DP-bwdX] L=64 states=1 -> 1
[DP-bwdX] L=48 states=141 -> 164
[DP-fwdX] L=0 states=1 -> 1
[DP-bwdX] L=32 states=1 -> 1
[DP-fwdX] L=0 states=1 -> 1
[DP-bwdX] L=16 states=1 -> 1
[DP-fwdX] L=0 states=1 -> 1
[DP-fwdX] L=0 states=1 -> 1
[DP-fwdX] L=0 states=1 -> 1
[DP-bwdX] L=16 states=1 -> 1
[DP-bwdX] L=16 states=1 -> 1
[DP-bwdX] L=16 states=1 -> 1
[DP-fwdX] L=16 states=1 -> 1
[DP-bwdX] L=32 states=1 -> 1
[DP-fwdX] L=16 states=1 -> 1
[DP-fwdX] L=16 states=1 -> 1
[DP-fwdX] L=16 states=1 -> 1
[DP-bwdX] L=32 states=1 -> 1
[DP-bwdX] L=32 states=1 -> 1
[DP-bwdX] L=32 states=1 -> 1
[DP-fwdX] L=32 states=1 -> 1
[DP-bwdX] L=64 states=1 -> 1
[DP-fwdX] L=32 states=1 -> 1
[DP-bwdX] L=48 states=1 -> 1
[DP-fwdX] L=32 states=1 -> 1
[DP-fwdX] L=32 states=1 -> 1
[DP-fwdX] L=32 states=1 -> 1
[DP-bwdX] L=48 states=1 -> 1
[DP-bwdX] L=48 states=1 -> 1
[DP-bwdX] L=48 states=1 -> 1
[DP-fwdX] L=48 states=1 -> 1
[DP-bwdX] L=64 states=1 -> 1
[DP-fwdX] L=48 states=1 -> 1
[DP-fwdX] L=48 states=1 -> 1
[DP-fwdX] L=48 states=1 -> 1
[DP-bwdX] L=64 states=1 -> 1
[DP-bwdX] L=64 states=1 -> 1
[DP-bwdX] L=64 states=1 -> 1
[RowSwapCTR] expand small 8x8 -> full 16x8  top_rows=4  bot_rows=4  ctr_rows=8  n_full=128
  [Round 86] T_prime=19  T_target=19  HPWL_w=479560  HPWL_eq=476  maxL=26  WNS(T')=-7  WNS*(T)=-7  picked=0  solve_ms=18.4805
[OC-Shortest/pow2] m=8 h=8 SEG=4 bits=32 words=1 threads=24
[DP-fwdX] L=0 states=1 -> 1
[DP-fwdX] L=16 states=141 -> 164
[DP-bwdX] L=64 states=1 -> 1
[DP-bwdX] L=48 states=141 -> 164
[DP-fwdX] L=0 states=1 -> 1
[DP-bwdX] L=32 states=1 -> 1
[DP-fwdX] L=0 states=1 -> 1
[DP-bwdX] L=16 states=1 -> 1
[DP-fwdX] L=0 states=1 -> 1
[DP-fwdX] L=0 states=1 -> 1
[DP-fwdX] L=0 states=1 -> 1
[DP-bwdX] L=16 states=1 -> 1
[DP-bwdX] L=16 states=1 -> 1
[DP-bwdX] L=16 states=1 -> 1
[DP-fwdX] L=16 states=1 -> 1
[DP-bwdX] L=32 states=1 -> 1
[DP-fwdX] L=16 states=1 -> 1
[DP-fwdX] L=16 states=1 -> 1
[DP-fwdX] L=16 states=1 -> 1
[DP-bwdX] L=32 states=1 -> 1
[DP-bwdX] L=32 states=1 -> 1
[DP-bwdX] L=32 states=1 -> 1
[DP-fwdX] L=32 states=1 -> 1
[DP-bwdX] L=64 states=1 -> 1
[DP-fwdX] L=32 states=1 -> 1
[DP-bwdX] L=48 states=1 -> 1
[DP-fwdX] L=32 states=1 -> 1
[DP-fwdX] L=32 states=1 -> 1
[DP-fwdX] L=32 states=1 -> 1
[DP-bwdX] L=48 states=1 -> 1
[DP-bwdX] L=48 states=1 -> 1
[DP-bwdX] L=48 states=1 -> 1
[DP-fwdX] L=48 states=1 -> 1
[DP-bwdX] L=64 states=1 -> 1
[DP-fwdX] L=48 states=1 -> 1
[DP-fwdX] L=48 states=1 -> 1
[DP-fwdX] L=48 states=1 -> 1
[DP-bwdX] L=64 states=1 -> 1
[DP-bwdX] L=64 states=1 -> 1
[DP-bwdX] L=64 states=1 -> 1
[RowSwapCTR] expand small 8x8 -> full 16x8  top_rows=4  bot_rows=4  ctr_rows=8  n_full=128
  [Round 87] T_prime=19  T_target=19  HPWL_w=479560  HPWL_eq=476  maxL=26  WNS(T')=-7  WNS*(T)=-7  picked=0  solve_ms=18.5682
[OC-Shortest/pow2] m=8 h=8 SEG=4 bits=32 words=1 threads=24
[DP-fwdX] L=0 states=1 -> 1
[DP-fwdX] L=16 states=141 -> 164
[DP-bwdX] L=64 states=1 -> 1
[DP-bwdX] L=48 states=141 -> 164
[DP-fwdX] L=0 states=1 -> 1
[DP-bwdX] L=32 states=1 -> 1
[DP-fwdX] L=0 states=1 -> 1
[DP-bwdX] L=16 states=1 -> 1
[DP-fwdX] L=0 states=1 -> 1
[DP-fwdX] L=0 states=1 -> 1
[DP-fwdX] L=0 states=1 -> 1
[DP-bwdX] L=16 states=1 -> 1
[DP-bwdX] L=16 states=1 -> 1
[DP-bwdX] L=16 states=1 -> 1
[DP-fwdX] L=16 states=1 -> 1
[DP-bwdX] L=32 states=1 -> 1
[DP-fwdX] L=16 states=1 -> 1
[DP-fwdX] L=16 states=1 -> 1
[DP-fwdX] L=16 states=1 -> 1
[DP-bwdX] L=32 states=1 -> 1
[DP-bwdX] L=32 states=1 -> 1
[DP-bwdX] L=32 states=1 -> 1
[DP-fwdX] L=32 states=1 -> 1
[DP-bwdX] L=64 states=1 -> 1
[DP-fwdX] L=32 states=1 -> 1
[DP-bwdX] L=48 states=1 -> 1
[DP-fwdX] L=32 states=1 -> 1
[DP-fwdX] L=32 states=1 -> 1
[DP-fwdX] L=32 states=1 -> 1
[DP-bwdX] L=48 states=1 -> 1
[DP-bwdX] L=48 states=1 -> 1
[DP-bwdX] L=48 states=1 -> 1
[DP-fwdX] L=48 states=1 -> 1
[DP-bwdX] L=64 states=1 -> 1
[DP-fwdX] L=48 states=1 -> 1
[DP-fwdX] L=48 states=1 -> 1
[DP-fwdX] L=48 states=1 -> 1
[DP-bwdX] L=64 states=1 -> 1
[DP-bwdX] L=64 states=1 -> 1
[DP-bwdX] L=64 states=1 -> 1
[RowSwapCTR] expand small 8x8 -> full 16x8  top_rows=4  bot_rows=4  ctr_rows=8  n_full=128
  [Round 88] T_prime=19  T_target=19  HPWL_w=479560  HPWL_eq=476  maxL=26  WNS(T')=-7  WNS*(T)=-7  picked=0  solve_ms=18.57
[OC-Shortest/pow2] m=8 h=8 SEG=4 bits=32 words=1 threads=24
[DP-fwdX] L=0 states=1 -> 1
[DP-fwdX] L=16 states=141 -> 164
[DP-bwdX] L=64 states=1 -> 1
[DP-bwdX] L=48 states=141 -> 164
[DP-fwdX] L=0 states=1 -> 1
[DP-bwdX] L=32 states=1 -> 1
[DP-fwdX] L=0 states=1 -> 1
[DP-bwdX] L=16 states=1 -> 1
[DP-fwdX] L=0 states=1 -> 1
[DP-fwdX] L=0 states=1 -> 1
[DP-fwdX] L=0 states=1 -> 1
[DP-bwdX] L=16 states=1 -> 1
[DP-bwdX] L=16 states=1 -> 1
[DP-bwdX] L=16 states=1 -> 1
[DP-fwdX] L=16 states=1 -> 1
[DP-bwdX] L=32 states=1 -> 1
[DP-fwdX] L=16 states=1 -> 1
[DP-fwdX] L=16 states=1 -> 1
[DP-fwdX] L=16 states=1 -> 1
[DP-bwdX] L=32 states=1 -> 1
[DP-bwdX] L=32 states=1 -> 1
[DP-bwdX] L=32 states=1 -> 1
[DP-fwdX] L=32 states=1 -> 1
[DP-bwdX] L=64 states=1 -> 1
[DP-fwdX] L=32 states=1 -> 1
[DP-bwdX] L=48 states=1 -> 1
[DP-fwdX] L=32 states=1 -> 1
[DP-fwdX] L=32 states=1 -> 1
[DP-fwdX] L=32 states=1 -> 1
[DP-bwdX] L=48 states=1 -> 1
[DP-bwdX] L=48 states=1 -> 1
[DP-bwdX] L=48 states=1 -> 1
[DP-fwdX] L=48 states=1 -> 1
[DP-bwdX] L=64 states=1 -> 1
[DP-fwdX] L=48 states=1 -> 1
[DP-fwdX] L=48 states=1 -> 1
[DP-fwdX] L=48 states=1 -> 1
[DP-bwdX] L=64 states=1 -> 1
[DP-bwdX] L=64 states=1 -> 1
[DP-bwdX] L=64 states=1 -> 1
[RowSwapCTR] expand small 8x8 -> full 16x8  top_rows=4  bot_rows=4  ctr_rows=8  n_full=128
  [Round 89] T_prime=19  T_target=19  HPWL_w=479560  HPWL_eq=476  maxL=26  WNS(T')=-7  WNS*(T)=-7  picked=0  solve_ms=18.3964
[OC-Shortest/pow2] m=8 h=8 SEG=4 bits=32 words=1 threads=24
[DP-fwdX] L=0 states=1 -> 1
[DP-fwdX] L=16 states=141 -> 164
[DP-bwdX] L=64 states=1 -> 1
[DP-bwdX] L=48 states=141 -> 164
[DP-fwdX] L=0 states=1 -> 1
[DP-bwdX] L=32 states=1 -> 1
[DP-fwdX] L=0 states=1 -> 1
[DP-bwdX] L=16 states=1 -> 1
[DP-fwdX] L=0 states=1 -> 1
[DP-fwdX] L=0 states=1 -> 1
[DP-fwdX] L=0 states=1 -> 1
[DP-bwdX] L=16 states=1 -> 1
[DP-bwdX] L=16 states=1 -> 1
[DP-bwdX] L=16 states=1 -> 1
[DP-fwdX] L=16 states=1 -> 1
[DP-bwdX] L=32 states=1 -> 1
[DP-fwdX] L=16 states=1 -> 1
[DP-fwdX] L=16 states=1 -> 1
[DP-fwdX] L=16 states=1 -> 1
[DP-bwdX] L=32 states=1 -> 1
[DP-bwdX] L=32 states=1 -> 1
[DP-bwdX] L=32 states=1 -> 1
[DP-fwdX] L=32 states=1 -> 1
[DP-bwdX] L=64 states=1 -> 1
[DP-fwdX] L=32 states=1 -> 1
[DP-bwdX] L=48 states=1 -> 1
[DP-fwdX] L=32 states=1 -> 1
[DP-fwdX] L=32 states=1 -> 1
[DP-fwdX] L=32 states=1 -> 1
[DP-bwdX] L=48 states=1 -> 1
[DP-bwdX] L=48 states=1 -> 1
[DP-bwdX] L=48 states=1 -> 1
[DP-fwdX] L=48 states=1 -> 1
[DP-bwdX] L=64 states=1 -> 1
[DP-fwdX] L=48 states=1 -> 1
[DP-fwdX] L=48 states=1 -> 1
[DP-fwdX] L=48 states=1 -> 1
[DP-bwdX] L=64 states=1 -> 1
[DP-bwdX] L=64 states=1 -> 1
[DP-bwdX] L=64 states=1 -> 1
[RowSwapCTR] expand small 8x8 -> full 16x8  top_rows=4  bot_rows=4  ctr_rows=8  n_full=128
  [Round 90] T_prime=19  T_target=19  HPWL_w=479560  HPWL_eq=476  maxL=26  WNS(T')=-7  WNS*(T)=-7  picked=0  solve_ms=18.4717
[OC-Shortest/pow2] m=8 h=8 SEG=4 bits=32 words=1 threads=24
[DP-fwdX] L=0 states=1 -> 1
[DP-fwdX] L=16 states=141 -> 164
[DP-bwdX] L=64 states=1 -> 1
[DP-bwdX] L=48 states=141 -> 164
[DP-fwdX] L=0 states=1 -> 1
[DP-bwdX] L=32 states=1 -> 1
[DP-fwdX] L=0 states=1 -> 1
[DP-bwdX] L=16 states=1 -> 1
[DP-fwdX] L=0 states=1 -> 1
[DP-fwdX] L=0 states=1 -> 1
[DP-fwdX] L=0 states=1 -> 1
[DP-bwdX] L=16 states=1 -> 1
[DP-bwdX] L=16 states=1 -> 1
[DP-bwdX] L=16 states=1 -> 1
[DP-fwdX] L=16 states=1 -> 1
[DP-bwdX] L=32 states=1 -> 1
[DP-fwdX] L=16 states=1 -> 1
[DP-fwdX] L=16 states=1 -> 1
[DP-fwdX] L=16 states=1 -> 1
[DP-bwdX] L=32 states=1 -> 1
[DP-bwdX] L=32 states=1 -> 1
[DP-bwdX] L=32 states=1 -> 1
[DP-fwdX] L=32 states=1 -> 1
[DP-bwdX] L=64 states=1 -> 1
[DP-fwdX] L=32 states=1 -> 1
[DP-bwdX] L=48 states=1 -> 1
[DP-fwdX] L=32 states=1 -> 1
[DP-fwdX] L=32 states=1 -> 1
[DP-fwdX] L=32 states=1 -> 1
[DP-bwdX] L=48 states=1 -> 1
[DP-bwdX] L=48 states=1 -> 1
[DP-bwdX] L=48 states=1 -> 1
[DP-fwdX] L=48 states=1 -> 1
[DP-bwdX] L=64 states=1 -> 1
[DP-fwdX] L=48 states=1 -> 1
[DP-fwdX] L=48 states=1 -> 1
[DP-fwdX] L=48 states=1 -> 1
[DP-bwdX] L=64 states=1 -> 1
[DP-bwdX] L=64 states=1 -> 1
[DP-bwdX] L=64 states=1 -> 1
[RowSwapCTR] expand small 8x8 -> full 16x8  top_rows=4  bot_rows=4  ctr_rows=8  n_full=128
  [Round 91] T_prime=19  T_target=19  HPWL_w=479560  HPWL_eq=476  maxL=26  WNS(T')=-7  WNS*(T)=-7  picked=0  solve_ms=19.6504
[OC-Shortest/pow2] m=8 h=8 SEG=4 bits=32 words=1 threads=24
[DP-fwdX] L=0 states=1 -> 1
[DP-fwdX] L=16 states=141 -> 164
[DP-bwdX] L=64 states=1 -> 1
[DP-bwdX] L=48 states=141 -> 164
[DP-fwdX] L=0 states=1 -> 1
[DP-bwdX] L=32 states=1 -> 1
[DP-fwdX] L=0 states=1 -> 1
[DP-bwdX] L=16 states=1 -> 1
[DP-fwdX] L=0 states=1 -> 1
[DP-fwdX] L=0 states=1 -> 1
[DP-fwdX] L=0 states=1 -> 1
[DP-bwdX] L=16 states=1 -> 1
[DP-bwdX] L=16 states=1 -> 1
[DP-bwdX] L=16 states=1 -> 1
[DP-fwdX] L=16 states=1 -> 1
[DP-bwdX] L=32 states=1 -> 1
[DP-fwdX] L=16 states=1 -> 1
[DP-fwdX] L=16 states=1 -> 1
[DP-fwdX] L=16 states=1 -> 1
[DP-bwdX] L=32 states=1 -> 1
[DP-bwdX] L=32 states=1 -> 1
[DP-bwdX] L=32 states=1 -> 1
[DP-fwdX] L=32 states=1 -> 1
[DP-bwdX] L=64 states=1 -> 1
[DP-fwdX] L=32 states=1 -> 1
[DP-bwdX] L=48 states=1 -> 1
[DP-fwdX] L=32 states=1 -> 1
[DP-fwdX] L=32 states=1 -> 1
[DP-fwdX] L=32 states=1 -> 1
[DP-bwdX] L=48 states=1 -> 1
[DP-bwdX] L=48 states=1 -> 1
[DP-bwdX] L=48 states=1 -> 1
[DP-fwdX] L=48 states=1 -> 1
[DP-bwdX] L=64 states=1 -> 1
[DP-fwdX] L=48 states=1 -> 1
[DP-fwdX] L=48 states=1 -> 1
[DP-fwdX] L=48 states=1 -> 1
[DP-bwdX] L=64 states=1 -> 1
[DP-bwdX] L=64 states=1 -> 1
[DP-bwdX] L=64 states=1 -> 1
[RowSwapCTR] expand small 8x8 -> full 16x8  top_rows=4  bot_rows=4  ctr_rows=8  n_full=128
  [Round 92] T_prime=19  T_target=19  HPWL_w=479560  HPWL_eq=476  maxL=26  WNS(T')=-7  WNS*(T)=-7  picked=0  solve_ms=18.7511
[OC-Shortest/pow2] m=8 h=8 SEG=4 bits=32 words=1 threads=24
[DP-fwdX] L=0 states=1 -> 1
[DP-fwdX] L=16 states=141 -> 164
[DP-bwdX] L=64 states=1 -> 1
[DP-bwdX] L=48 states=141 -> 164
[DP-fwdX] L=0 states=1 -> 1
[DP-bwdX] L=32 states=1 -> 1
[DP-fwdX] L=0 states=1 -> 1
[DP-bwdX] L=16 states=1 -> 1
[DP-fwdX] L=0 states=1 -> 1
[DP-fwdX] L=0 states=1 -> 1
[DP-fwdX] L=0 states=1 -> 1
[DP-bwdX] L=16 states=1 -> 1
[DP-bwdX] L=16 states=1 -> 1
[DP-bwdX] L=16 states=1 -> 1
[DP-fwdX] L=16 states=1 -> 1
[DP-bwdX] L=32 states=1 -> 1
[DP-fwdX] L=16 states=1 -> 1
[DP-fwdX] L=16 states=1 -> 1
[DP-fwdX] L=16 states=1 -> 1
[DP-bwdX] L=32 states=1 -> 1
[DP-bwdX] L=32 states=1 -> 1
[DP-bwdX] L=32 states=1 -> 1
[DP-fwdX] L=32 states=1 -> 1
[DP-bwdX] L=64 states=1 -> 1
[DP-fwdX] L=32 states=1 -> 1
[DP-bwdX] L=48 states=1 -> 1
[DP-fwdX] L=32 states=1 -> 1
[DP-fwdX] L=32 states=1 -> 1
[DP-fwdX] L=32 states=1 -> 1
[DP-bwdX] L=48 states=1 -> 1
[DP-bwdX] L=48 states=1 -> 1
[DP-bwdX] L=48 states=1 -> 1
[DP-fwdX] L=48 states=1 -> 1
[DP-bwdX] L=64 states=1 -> 1
[DP-fwdX] L=48 states=1 -> 1
[DP-fwdX] L=48 states=1 -> 1
[DP-fwdX] L=48 states=1 -> 1
[DP-bwdX] L=64 states=1 -> 1
[DP-bwdX] L=64 states=1 -> 1
[DP-bwdX] L=64 states=1 -> 1
[RowSwapCTR] expand small 8x8 -> full 16x8  top_rows=4  bot_rows=4  ctr_rows=8  n_full=128
  [Round 93] T_prime=19  T_target=19  HPWL_w=479560  HPWL_eq=476  maxL=26  WNS(T')=-7  WNS*(T)=-7  picked=0  solve_ms=18.4603
[OC-Shortest/pow2] m=8 h=8 SEG=4 bits=32 words=1 threads=24
[DP-fwdX] L=0 states=1 -> 1
[DP-fwdX] L=16 states=141 -> 164
[DP-bwdX] L=64 states=1 -> 1
[DP-bwdX] L=48 states=141 -> 164
[DP-fwdX] L=0 states=1 -> 1
[DP-bwdX] L=32 states=1 -> 1
[DP-fwdX] L=0 states=1 -> 1
[DP-bwdX] L=16 states=1 -> 1
[DP-fwdX] L=0 states=1 -> 1
[DP-fwdX] L=0 states=1 -> 1
[DP-fwdX] L=0 states=1 -> 1
[DP-bwdX] L=16 states=1 -> 1
[DP-bwdX] L=16 states=1 -> 1
[DP-bwdX] L=16 states=1 -> 1
[DP-fwdX] L=16 states=1 -> 1
[DP-bwdX] L=32 states=1 -> 1
[DP-fwdX] L=16 states=1 -> 1
[DP-fwdX] L=16 states=1 -> 1
[DP-fwdX] L=16 states=1 -> 1
[DP-bwdX] L=32 states=1 -> 1
[DP-bwdX] L=32 states=1 -> 1
[DP-bwdX] L=32 states=1 -> 1
[DP-fwdX] L=32 states=1 -> 1
[DP-bwdX] L=64 states=1 -> 1
[DP-fwdX] L=32 states=1 -> 1
[DP-bwdX] L=48 states=1 -> 1
[DP-fwdX] L=32 states=1 -> 1
[DP-fwdX] L=32 states=1 -> 1
[DP-fwdX] L=32 states=1 -> 1
[DP-bwdX] L=48 states=1 -> 1
[DP-bwdX] L=48 states=1 -> 1
[DP-bwdX] L=48 states=1 -> 1
[DP-fwdX] L=48 states=1 -> 1
[DP-bwdX] L=64 states=1 -> 1
[DP-fwdX] L=48 states=1 -> 1
[DP-fwdX] L=48 states=1 -> 1
[DP-fwdX] L=48 states=1 -> 1
[DP-bwdX] L=64 states=1 -> 1
[DP-bwdX] L=64 states=1 -> 1
[DP-bwdX] L=64 states=1 -> 1
[RowSwapCTR] expand small 8x8 -> full 16x8  top_rows=4  bot_rows=4  ctr_rows=8  n_full=128
  [Round 94] T_prime=19  T_target=19  HPWL_w=479560  HPWL_eq=476  maxL=26  WNS(T')=-7  WNS*(T)=-7  picked=0  solve_ms=18.5793
[OC-Shortest/pow2] m=8 h=8 SEG=4 bits=32 words=1 threads=24
[DP-fwdX] L=0 states=1 -> 1
[DP-fwdX] L=16 states=141 -> 164
[DP-bwdX] L=64 states=1 -> 1
[DP-bwdX] L=48 states=141 -> 164
[DP-fwdX] L=0 states=1 -> 1
[DP-bwdX] L=32 states=1 -> 1
[DP-fwdX] L=0 states=1 -> 1
[DP-bwdX] L=16 states=1 -> 1
[DP-fwdX] L=0 states=1 -> 1
[DP-fwdX] L=0 states=1 -> 1
[DP-fwdX] L=0 states=1 -> 1
[DP-bwdX] L=16 states=1 -> 1
[DP-bwdX] L=16 states=1 -> 1
[DP-bwdX] L=16 states=1 -> 1
[DP-fwdX] L=16 states=1 -> 1
[DP-bwdX] L=32 states=1 -> 1
[DP-fwdX] L=16 states=1 -> 1
[DP-fwdX] L=16 states=1 -> 1
[DP-fwdX] L=16 states=1 -> 1
[DP-bwdX] L=32 states=1 -> 1
[DP-bwdX] L=32 states=1 -> 1
[DP-bwdX] L=32 states=1 -> 1
[DP-fwdX] L=32 states=1 -> 1
[DP-bwdX] L=64 states=1 -> 1
[DP-fwdX] L=32 states=1 -> 1
[DP-bwdX] L=48 states=1 -> 1
[DP-fwdX] L=32 states=1 -> 1
[DP-fwdX] L=32 states=1 -> 1
[DP-fwdX] L=32 states=1 -> 1
[DP-bwdX] L=48 states=1 -> 1
[DP-bwdX] L=48 states=1 -> 1
[DP-bwdX] L=48 states=1 -> 1
[DP-fwdX] L=48 states=1 -> 1
[DP-bwdX] L=64 states=1 -> 1
[DP-fwdX] L=48 states=1 -> 1
[DP-fwdX] L=48 states=1 -> 1
[DP-fwdX] L=48 states=1 -> 1
[DP-bwdX] L=64 states=1 -> 1
[DP-bwdX] L=64 states=1 -> 1
[DP-bwdX] L=64 states=1 -> 1
[RowSwapCTR] expand small 8x8 -> full 16x8  top_rows=4  bot_rows=4  ctr_rows=8  n_full=128
  [Round 95] T_prime=19  T_target=19  HPWL_w=479560  HPWL_eq=476  maxL=26  WNS(T')=-7  WNS*(T)=-7  picked=0  solve_ms=18.5003
[OC-Shortest/pow2] m=8 h=8 SEG=4 bits=32 words=1 threads=24
[DP-fwdX] L=0 states=1 -> 1
[DP-fwdX] L=16 states=141 -> 164
[DP-bwdX] L=64 states=1 -> 1
[DP-bwdX] L=48 states=141 -> 164
[DP-fwdX] L=0 states=1 -> 1
[DP-bwdX] L=32 states=1 -> 1
[DP-fwdX] L=0 states=1 -> 1
[DP-bwdX] L=16 states=1 -> 1
[DP-fwdX] L=0 states=1 -> 1
[DP-fwdX] L=0 states=1 -> 1
[DP-fwdX] L=0 states=1 -> 1
[DP-bwdX] L=16 states=1 -> 1
[DP-bwdX] L=16 states=1 -> 1
[DP-bwdX] L=16 states=1 -> 1
[DP-fwdX] L=16 states=1 -> 1
[DP-bwdX] L=32 states=1 -> 1
[DP-fwdX] L=16 states=1 -> 1
[DP-fwdX] L=16 states=1 -> 1
[DP-fwdX] L=16 states=1 -> 1
[DP-bwdX] L=32 states=1 -> 1
[DP-bwdX] L=32 states=1 -> 1
[DP-bwdX] L=32 states=1 -> 1
[DP-fwdX] L=32 states=1 -> 1
[DP-bwdX] L=64 states=1 -> 1
[DP-fwdX] L=32 states=1 -> 1
[DP-bwdX] L=48 states=1 -> 1
[DP-fwdX] L=32 states=1 -> 1
[DP-fwdX] L=32 states=1 -> 1
[DP-fwdX] L=32 states=1 -> 1
[DP-bwdX] L=48 states=1 -> 1
[DP-bwdX] L=48 states=1 -> 1
[DP-bwdX] L=48 states=1 -> 1
[DP-fwdX] L=48 states=1 -> 1
[DP-bwdX] L=64 states=1 -> 1
[DP-fwdX] L=48 states=1 -> 1
[DP-fwdX] L=48 states=1 -> 1
[DP-fwdX] L=48 states=1 -> 1
[DP-bwdX] L=64 states=1 -> 1
[DP-bwdX] L=64 states=1 -> 1
[DP-bwdX] L=64 states=1 -> 1
[RowSwapCTR] expand small 8x8 -> full 16x8  top_rows=4  bot_rows=4  ctr_rows=8  n_full=128
  [Round 96] T_prime=19  T_target=19  HPWL_w=479560  HPWL_eq=476  maxL=26  WNS(T')=-7  WNS*(T)=-7  picked=0  solve_ms=18.5451
[OC-Shortest/pow2] m=8 h=8 SEG=4 bits=32 words=1 threads=24
[DP-fwdX] L=0 states=1 -> 1
[DP-fwdX] L=16 states=141 -> 164
[DP-bwdX] L=64 states=1 -> 1
[DP-bwdX] L=48 states=141 -> 164
[DP-fwdX] L=0 states=1 -> 1
[DP-bwdX] L=32 states=1 -> 1
[DP-fwdX] L=0 states=1 -> 1
[DP-bwdX] L=16 states=1 -> 1
[DP-fwdX] L=0 states=1 -> 1
[DP-fwdX] L=0 states=1 -> 1
[DP-fwdX] L=0 states=1 -> 1
[DP-bwdX] L=16 states=1 -> 1
[DP-bwdX] L=16 states=1 -> 1
[DP-bwdX] L=16 states=1 -> 1
[DP-fwdX] L=16 states=1 -> 1
[DP-bwdX] L=32 states=1 -> 1
[DP-fwdX] L=16 states=1 -> 1
[DP-fwdX] L=16 states=1 -> 1
[DP-fwdX] L=16 states=1 -> 1
[DP-bwdX] L=32 states=1 -> 1
[DP-bwdX] L=32 states=1 -> 1
[DP-bwdX] L=32 states=1 -> 1
[DP-fwdX] L=32 states=1 -> 1
[DP-bwdX] L=64 states=1 -> 1
[DP-fwdX] L=32 states=1 -> 1
[DP-bwdX] L=48 states=1 -> 1
[DP-fwdX] L=32 states=1 -> 1
[DP-fwdX] L=32 states=1 -> 1
[DP-fwdX] L=32 states=1 -> 1
[DP-bwdX] L=48 states=1 -> 1
[DP-bwdX] L=48 states=1 -> 1
[DP-bwdX] L=48 states=1 -> 1
[DP-fwdX] L=48 states=1 -> 1
[DP-bwdX] L=64 states=1 -> 1
[DP-fwdX] L=48 states=1 -> 1
[DP-fwdX] L=48 states=1 -> 1
[DP-fwdX] L=48 states=1 -> 1
[DP-bwdX] L=64 states=1 -> 1
[DP-bwdX] L=64 states=1 -> 1
[DP-bwdX] L=64 states=1 -> 1
[RowSwapCTR] expand small 8x8 -> full 16x8  top_rows=4  bot_rows=4  ctr_rows=8  n_full=128
  [Round 97] T_prime=19  T_target=19  HPWL_w=479560  HPWL_eq=476  maxL=26  WNS(T')=-7  WNS*(T)=-7  picked=0  solve_ms=18.6468
[OC-Shortest/pow2] m=8 h=8 SEG=4 bits=32 words=1 threads=24
[DP-fwdX] L=0 states=1 -> 1
[DP-fwdX] L=16 states=141 -> 164
[DP-bwdX] L=64 states=1 -> 1
[DP-bwdX] L=48 states=141 -> 164
[DP-fwdX] L=0 states=1 -> 1
[DP-bwdX] L=32 states=1 -> 1
[DP-fwdX] L=0 states=1 -> 1
[DP-bwdX] L=16 states=1 -> 1
[DP-fwdX] L=0 states=1 -> 1
[DP-fwdX] L=0 states=1 -> 1
[DP-fwdX] L=0 states=1 -> 1
[DP-bwdX] L=16 states=1 -> 1
[DP-bwdX] L=16 states=1 -> 1
[DP-bwdX] L=16 states=1 -> 1
[DP-fwdX] L=16 states=1 -> 1
[DP-bwdX] L=32 states=1 -> 1
[DP-fwdX] L=16 states=1 -> 1
[DP-fwdX] L=16 states=1 -> 1
[DP-fwdX] L=16 states=1 -> 1
[DP-bwdX] L=32 states=1 -> 1
[DP-bwdX] L=32 states=1 -> 1
[DP-bwdX] L=32 states=1 -> 1
[DP-fwdX] L=32 states=1 -> 1
[DP-bwdX] L=64 states=1 -> 1
[DP-fwdX] L=32 states=1 -> 1
[DP-bwdX] L=48 states=1 -> 1
[DP-fwdX] L=32 states=1 -> 1
[DP-fwdX] L=32 states=1 -> 1
[DP-fwdX] L=32 states=1 -> 1
[DP-bwdX] L=48 states=1 -> 1
[DP-bwdX] L=48 states=1 -> 1
[DP-bwdX] L=48 states=1 -> 1
[DP-fwdX] L=48 states=1 -> 1
[DP-bwdX] L=64 states=1 -> 1
[DP-fwdX] L=48 states=1 -> 1
[DP-fwdX] L=48 states=1 -> 1
[DP-fwdX] L=48 states=1 -> 1
[DP-bwdX] L=64 states=1 -> 1
[DP-bwdX] L=64 states=1 -> 1
[DP-bwdX] L=64 states=1 -> 1
[RowSwapCTR] expand small 8x8 -> full 16x8  top_rows=4  bot_rows=4  ctr_rows=8  n_full=128
  [Round 98] T_prime=19  T_target=19  HPWL_w=479560  HPWL_eq=476  maxL=26  WNS(T')=-7  WNS*(T)=-7  picked=0  solve_ms=18.5627
[OC-Shortest/pow2] m=8 h=8 SEG=4 bits=32 words=1 threads=24
[DP-fwdX] L=0 states=1 -> 1
[DP-fwdX] L=16 states=141 -> 164
[DP-bwdX] L=64 states=1 -> 1
[DP-bwdX] L=48 states=141 -> 164
[DP-fwdX] L=0 states=1 -> 1
[DP-bwdX] L=32 states=1 -> 1
[DP-fwdX] L=0 states=1 -> 1
[DP-bwdX] L=16 states=1 -> 1
[DP-fwdX] L=0 states=1 -> 1
[DP-fwdX] L=0 states=1 -> 1
[DP-fwdX] L=0 states=1 -> 1
[DP-bwdX] L=16 states=1 -> 1
[DP-bwdX] L=16 states=1 -> 1
[DP-bwdX] L=16 states=1 -> 1
[DP-fwdX] L=16 states=1 -> 1
[DP-bwdX] L=32 states=1 -> 1
[DP-fwdX] L=16 states=1 -> 1
[DP-fwdX] L=16 states=1 -> 1
[DP-fwdX] L=16 states=1 -> 1
[DP-bwdX] L=32 states=1 -> 1
[DP-bwdX] L=32 states=1 -> 1
[DP-bwdX] L=32 states=1 -> 1
[DP-fwdX] L=32 states=1 -> 1
[DP-bwdX] L=64 states=1 -> 1
[DP-fwdX] L=32 states=1 -> 1
[DP-bwdX] L=48 states=1 -> 1
[DP-fwdX] L=32 states=1 -> 1
[DP-fwdX] L=32 states=1 -> 1
[DP-fwdX] L=32 states=1 -> 1
[DP-bwdX] L=48 states=1 -> 1
[DP-bwdX] L=48 states=1 -> 1
[DP-bwdX] L=48 states=1 -> 1
[DP-fwdX] L=48 states=1 -> 1
[DP-bwdX] L=64 states=1 -> 1
[DP-fwdX] L=48 states=1 -> 1
[DP-fwdX] L=48 states=1 -> 1
[DP-fwdX] L=48 states=1 -> 1
[DP-bwdX] L=64 states=1 -> 1
[DP-bwdX] L=64 states=1 -> 1
[DP-bwdX] L=64 states=1 -> 1
[RowSwapCTR] expand small 8x8 -> full 16x8  top_rows=4  bot_rows=4  ctr_rows=8  n_full=128
  [Round 99] T_prime=19  T_target=19  HPWL_w=479560  HPWL_eq=476  maxL=26  WNS(T')=-7  WNS*(T)=-7  picked=0  solve_ms=18.3099
[OC-Shortest/pow2] m=8 h=8 SEG=4 bits=32 words=1 threads=24
[DP-fwdX] L=0 states=1 -> 1
[DP-fwdX] L=16 states=141 -> 164
[DP-bwdX] L=64 states=1 -> 1
[DP-bwdX] L=48 states=141 -> 164
[DP-fwdX] L=0 states=1 -> 1
[DP-bwdX] L=32 states=1 -> 1
[DP-fwdX] L=0 states=1 -> 1
[DP-bwdX] L=16 states=1 -> 1
[DP-fwdX] L=0 states=1 -> 1
[DP-fwdX] L=0 states=1 -> 1
[DP-fwdX] L=0 states=1 -> 1
[DP-bwdX] L=16 states=1 -> 1
[DP-bwdX] L=16 states=1 -> 1
[DP-bwdX] L=16 states=1 -> 1
[DP-fwdX] L=16 states=1 -> 1
[DP-bwdX] L=32 states=1 -> 1
[DP-fwdX] L=16 states=1 -> 1
[DP-fwdX] L=16 states=1 -> 1
[DP-fwdX] L=16 states=1 -> 1
[DP-bwdX] L=32 states=1 -> 1
[DP-bwdX] L=32 states=1 -> 1
[DP-bwdX] L=32 states=1 -> 1
[DP-fwdX] L=32 states=1 -> 1
[DP-bwdX] L=64 states=1 -> 1
[DP-fwdX] L=32 states=1 -> 1
[DP-bwdX] L=48 states=1 -> 1
[DP-fwdX] L=32 states=1 -> 1
[DP-fwdX] L=32 states=1 -> 1
[DP-fwdX] L=32 states=1 -> 1
[DP-bwdX] L=48 states=1 -> 1
[DP-bwdX] L=48 states=1 -> 1
[DP-bwdX] L=48 states=1 -> 1
[DP-fwdX] L=48 states=1 -> 1
[DP-bwdX] L=64 states=1 -> 1
[DP-fwdX] L=48 states=1 -> 1
[DP-fwdX] L=48 states=1 -> 1
[DP-fwdX] L=48 states=1 -> 1
[DP-bwdX] L=64 states=1 -> 1
[DP-bwdX] L=64 states=1 -> 1
[DP-bwdX] L=64 states=1 -> 1
[RowSwapCTR] expand small 8x8 -> full 16x8  top_rows=4  bot_rows=4  ctr_rows=8  n_full=128
  [Round 100] T_prime=19  T_target=19  HPWL_w=479560  HPWL_eq=476  maxL=26  WNS(T')=-7  WNS*(T)=-7  picked=0  solve_ms=18.3717
[OC-Shortest/pow2] m=8 h=8 SEG=4 bits=32 words=1 threads=24
[DP-fwdX] L=0 states=1 -> 1
[DP-fwdX] L=16 states=141 -> 164
[DP-bwdX] L=64 states=1 -> 1
[DP-bwdX] L=48 states=141 -> 164
[DP-fwdX] L=0 states=1 -> 1
[DP-bwdX] L=32 states=1 -> 1
[DP-fwdX] L=0 states=1 -> 1
[DP-bwdX] L=16 states=1 -> 1
[DP-fwdX] L=0 states=1 -> 1
[DP-fwdX] L=0 states=1 -> 1
[DP-fwdX] L=0 states=1 -> 1
[DP-bwdX] L=16 states=1 -> 1
[DP-bwdX] L=16 states=1 -> 1
[DP-bwdX] L=16 states=1 -> 1
[DP-fwdX] L=16 states=1 -> 1
[DP-bwdX] L=32 states=1 -> 1
[DP-fwdX] L=16 states=1 -> 1
[DP-fwdX] L=16 states=1 -> 1
[DP-fwdX] L=16 states=1 -> 1
[DP-bwdX] L=32 states=1 -> 1
[DP-bwdX] L=32 states=1 -> 1
[DP-bwdX] L=32 states=1 -> 1
[DP-fwdX] L=32 states=1 -> 1
[DP-bwdX] L=64 states=1 -> 1
[DP-fwdX] L=32 states=1 -> 1
[DP-bwdX] L=48 states=1 -> 1
[DP-fwdX] L=32 states=1 -> 1
[DP-fwdX] L=32 states=1 -> 1
[DP-fwdX] L=32 states=1 -> 1
[DP-bwdX] L=48 states=1 -> 1
[DP-bwdX] L=48 states=1 -> 1
[DP-bwdX] L=48 states=1 -> 1
[DP-fwdX] L=48 states=1 -> 1
[DP-bwdX] L=64 states=1 -> 1
[DP-fwdX] L=48 states=1 -> 1
[DP-fwdX] L=48 states=1 -> 1
[DP-fwdX] L=48 states=1 -> 1
[DP-bwdX] L=64 states=1 -> 1
[DP-bwdX] L=64 states=1 -> 1
[DP-bwdX] L=64 states=1 -> 1
[RowSwapCTR] expand small 8x8 -> full 16x8  top_rows=4  bot_rows=4  ctr_rows=8  n_full=128
  [Round 101] T_prime=19  T_target=19  HPWL_w=479560  HPWL_eq=476  maxL=26  WNS(T')=-7  WNS*(T)=-7  picked=0  solve_ms=18.3911
[OC-Shortest/pow2] m=8 h=8 SEG=4 bits=32 words=1 threads=24
[DP-fwdX] L=0 states=1 -> 1
[DP-fwdX] L=16 states=141 -> 164
[DP-bwdX] L=64 states=1 -> 1
[DP-bwdX] L=48 states=141 -> 164
[DP-fwdX] L=0 states=1 -> 1
[DP-bwdX] L=32 states=1 -> 1
[DP-fwdX] L=0 states=1 -> 1
[DP-bwdX] L=16 states=1 -> 1
[DP-fwdX] L=0 states=1 -> 1
[DP-fwdX] L=0 states=1 -> 1
[DP-fwdX] L=0 states=1 -> 1
[DP-bwdX] L=16 states=1 -> 1
[DP-bwdX] L=16 states=1 -> 1
[DP-bwdX] L=16 states=1 -> 1
[DP-fwdX] L=16 states=1 -> 1
[DP-bwdX] L=32 states=1 -> 1
[DP-fwdX] L=16 states=1 -> 1
[DP-fwdX] L=16 states=1 -> 1
[DP-fwdX] L=16 states=1 -> 1
[DP-bwdX] L=32 states=1 -> 1
[DP-bwdX] L=32 states=1 -> 1
[DP-bwdX] L=32 states=1 -> 1
[DP-fwdX] L=32 states=1 -> 1
[DP-bwdX] L=64 states=1 -> 1
[DP-fwdX] L=32 states=1 -> 1
[DP-bwdX] L=48 states=1 -> 1
[DP-fwdX] L=32 states=1 -> 1
[DP-fwdX] L=32 states=1 -> 1
[DP-fwdX] L=32 states=1 -> 1
[DP-bwdX] L=48 states=1 -> 1
[DP-bwdX] L=48 states=1 -> 1
[DP-bwdX] L=48 states=1 -> 1
[DP-fwdX] L=48 states=1 -> 1
[DP-bwdX] L=64 states=1 -> 1
[DP-fwdX] L=48 states=1 -> 1
[DP-fwdX] L=48 states=1 -> 1
[DP-fwdX] L=48 states=1 -> 1
[DP-bwdX] L=64 states=1 -> 1
[DP-bwdX] L=64 states=1 -> 1
[DP-bwdX] L=64 states=1 -> 1
[RowSwapCTR] expand small 8x8 -> full 16x8  top_rows=4  bot_rows=4  ctr_rows=8  n_full=128
  [Round 102] T_prime=19  T_target=19  HPWL_w=479560  HPWL_eq=476  maxL=26  WNS(T')=-7  WNS*(T)=-7  picked=0  solve_ms=32.7136
[OC-Shortest/pow2] m=8 h=8 SEG=4 bits=32 words=1 threads=24
[DP-fwdX] L=0 states=1 -> 1
[DP-fwdX] L=16 states=141 -> 164
[DP-bwdX] L=64 states=1 -> 1
[DP-bwdX] L=48 states=141 -> 164
[DP-fwdX] L=0 states=1 -> 1
[DP-bwdX] L=32 states=1 -> 1
[DP-fwdX] L=0 states=1 -> 1
[DP-bwdX] L=16 states=1 -> 1
[DP-fwdX] L=0 states=1 -> 1
[DP-fwdX] L=0 states=1 -> 1
[DP-fwdX] L=0 states=1 -> 1
[DP-bwdX] L=16 states=1 -> 1
[DP-bwdX] L=16 states=1 -> 1
[DP-bwdX] L=16 states=1 -> 1
[DP-fwdX] L=16 states=1 -> 1
[DP-bwdX] L=32 states=1 -> 1
[DP-fwdX] L=16 states=1 -> 1
[DP-fwdX] L=16 states=1 -> 1
[DP-fwdX] L=16 states=1 -> 1
[DP-bwdX] L=32 states=1 -> 1
[DP-bwdX] L=32 states=1 -> 1
[DP-bwdX] L=32 states=1 -> 1
[DP-fwdX] L=32 states=1 -> 1
[DP-bwdX] L=64 states=1 -> 1
[DP-fwdX] L=32 states=1 -> 1
[DP-bwdX] L=48 states=1 -> 1
[DP-fwdX] L=32 states=1 -> 1
[DP-fwdX] L=32 states=1 -> 1
[DP-fwdX] L=32 states=1 -> 1
[DP-bwdX] L=48 states=1 -> 1
[DP-bwdX] L=48 states=1 -> 1
[DP-bwdX] L=48 states=1 -> 1
[DP-fwdX] L=48 states=1 -> 1
[DP-bwdX] L=64 states=1 -> 1
[DP-fwdX] L=48 states=1 -> 1
[DP-fwdX] L=48 states=1 -> 1
[DP-fwdX] L=48 states=1 -> 1
[DP-bwdX] L=64 states=1 -> 1
[DP-bwdX] L=64 states=1 -> 1
[DP-bwdX] L=64 states=1 -> 1
[RowSwapCTR] expand small 8x8 -> full 16x8  top_rows=4  bot_rows=4  ctr_rows=8  n_full=128
  [Round 103] T_prime=19  T_target=19  HPWL_w=479560  HPWL_eq=476  maxL=26  WNS(T')=-7  WNS*(T)=-7  picked=0  solve_ms=17.0835
[OC-Shortest/pow2] m=8 h=8 SEG=4 bits=32 words=1 threads=24
[DP-fwdX] L=0 states=1 -> 1
[DP-fwdX] L=16 states=141 -> 164
[DP-bwdX] L=64 states=1 -> 1
[DP-bwdX] L=48 states=141 -> 164
[DP-fwdX] L=0 states=1 -> 1
[DP-bwdX] L=32 states=1 -> 1
[DP-fwdX] L=0 states=1 -> 1
[DP-bwdX] L=16 states=1 -> 1
[DP-fwdX] L=0 states=1 -> 1
[DP-fwdX] L=0 states=1 -> 1
[DP-fwdX] L=0 states=1 -> 1
[DP-bwdX] L=16 states=1 -> 1
[DP-bwdX] L=16 states=1 -> 1
[DP-bwdX] L=16 states=1 -> 1
[DP-fwdX] L=16 states=1 -> 1
[DP-bwdX] L=32 states=1 -> 1
[DP-fwdX] L=16 states=1 -> 1
[DP-fwdX] L=16 states=1 -> 1
[DP-fwdX] L=16 states=1 -> 1
[DP-bwdX] L=32 states=1 -> 1
[DP-bwdX] L=32 states=1 -> 1
[DP-bwdX] L=32 states=1 -> 1
[DP-fwdX] L=32 states=1 -> 1
[DP-bwdX] L=64 states=1 -> 1
[DP-fwdX] L=32 states=1 -> 1
[DP-bwdX] L=48 states=1 -> 1
[DP-fwdX] L=32 states=1 -> 1
[DP-fwdX] L=32 states=1 -> 1
[DP-fwdX] L=32 states=1 -> 1
[DP-bwdX] L=48 states=1 -> 1
[DP-bwdX] L=48 states=1 -> 1
[DP-bwdX] L=48 states=1 -> 1
[DP-fwdX] L=48 states=1 -> 1
[DP-bwdX] L=64 states=1 -> 1
[DP-fwdX] L=48 states=1 -> 1
[DP-fwdX] L=48 states=1 -> 1
[DP-fwdX] L=48 states=1 -> 1
[DP-bwdX] L=64 states=1 -> 1
[DP-bwdX] L=64 states=1 -> 1
[DP-bwdX] L=64 states=1 -> 1
[RowSwapCTR] expand small 8x8 -> full 16x8  top_rows=4  bot_rows=4  ctr_rows=8  n_full=128
  [Round 104] T_prime=19  T_target=19  HPWL_w=479560  HPWL_eq=476  maxL=26  WNS(T')=-7  WNS*(T)=-7  picked=0  solve_ms=16.988
[OC-Shortest/pow2] m=8 h=8 SEG=4 bits=32 words=1 threads=24
[DP-fwdX] L=0 states=1 -> 1
[DP-fwdX] L=16 states=141 -> 164
[DP-bwdX] L=64 states=1 -> 1
[DP-bwdX] L=48 states=141 -> 164
[DP-fwdX] L=0 states=1 -> 1
[DP-bwdX] L=32 states=1 -> 1
[DP-fwdX] L=0 states=1 -> 1
[DP-bwdX] L=16 states=1 -> 1
[DP-fwdX] L=0 states=1 -> 1
[DP-fwdX] L=0 states=1 -> 1
[DP-fwdX] L=0 states=1 -> 1
[DP-bwdX] L=16 states=1 -> 1
[DP-bwdX] L=16 states=1 -> 1
[DP-bwdX] L=16 states=1 -> 1
[DP-fwdX] L=16 states=1 -> 1
[DP-bwdX] L=32 states=1 -> 1
[DP-fwdX] L=16 states=1 -> 1
[DP-fwdX] L=16 states=1 -> 1
[DP-fwdX] L=16 states=1 -> 1
[DP-bwdX] L=32 states=1 -> 1
[DP-bwdX] L=32 states=1 -> 1
[DP-bwdX] L=32 states=1 -> 1
[DP-fwdX] L=32 states=1 -> 1
[DP-bwdX] L=64 states=1 -> 1
[DP-fwdX] L=32 states=1 -> 1
[DP-bwdX] L=48 states=1 -> 1
[DP-fwdX] L=32 states=1 -> 1
[DP-fwdX] L=32 states=1 -> 1
[DP-fwdX] L=32 states=1 -> 1
[DP-bwdX] L=48 states=1 -> 1
[DP-bwdX] L=48 states=1 -> 1
[DP-bwdX] L=48 states=1 -> 1
[DP-fwdX] L=48 states=1 -> 1
[DP-bwdX] L=64 states=1 -> 1
[DP-fwdX] L=48 states=1 -> 1
[DP-fwdX] L=48 states=1 -> 1
[DP-fwdX] L=48 states=1 -> 1
[DP-bwdX] L=64 states=1 -> 1
[DP-bwdX] L=64 states=1 -> 1
[DP-bwdX] L=64 states=1 -> 1
[RowSwapCTR] expand small 8x8 -> full 16x8  top_rows=4  bot_rows=4  ctr_rows=8  n_full=128
  [Round 105] T_prime=19  T_target=19  HPWL_w=479560  HPWL_eq=476  maxL=26  WNS(T')=-7  WNS*(T)=-7  picked=0  solve_ms=16.9169
[OC-Shortest/pow2] m=8 h=8 SEG=4 bits=32 words=1 threads=24
[DP-fwdX] L=0 states=1 -> 1
[DP-fwdX] L=16 states=141 -> 164
[DP-bwdX] L=64 states=1 -> 1
[DP-bwdX] L=48 states=141 -> 164
[DP-fwdX] L=0 states=1 -> 1
[DP-bwdX] L=32 states=1 -> 1
[DP-fwdX] L=0 states=1 -> 1
[DP-bwdX] L=16 states=1 -> 1
[DP-fwdX] L=0 states=1 -> 1
[DP-fwdX] L=0 states=1 -> 1
[DP-fwdX] L=0 states=1 -> 1
[DP-bwdX] L=16 states=1 -> 1
[DP-bwdX] L=16 states=1 -> 1
[DP-bwdX] L=16 states=1 -> 1
[DP-fwdX] L=16 states=1 -> 1
[DP-bwdX] L=32 states=1 -> 1
[DP-fwdX] L=16 states=1 -> 1
[DP-fwdX] L=16 states=1 -> 1
[DP-fwdX] L=16 states=1 -> 1
[DP-bwdX] L=32 states=1 -> 1
[DP-bwdX] L=32 states=1 -> 1
[DP-bwdX] L=32 states=1 -> 1
[DP-fwdX] L=32 states=1 -> 1
[DP-bwdX] L=64 states=1 -> 1
[DP-fwdX] L=32 states=1 -> 1
[DP-bwdX] L=48 states=1 -> 1
[DP-fwdX] L=32 states=1 -> 1
[DP-fwdX] L=32 states=1 -> 1
[DP-fwdX] L=32 states=1 -> 1
[DP-bwdX] L=48 states=1 -> 1
[DP-bwdX] L=48 states=1 -> 1
[DP-bwdX] L=48 states=1 -> 1
[DP-fwdX] L=48 states=1 -> 1
[DP-bwdX] L=64 states=1 -> 1
[DP-fwdX] L=48 states=1 -> 1
[DP-fwdX] L=48 states=1 -> 1
[DP-fwdX] L=48 states=1 -> 1
[DP-bwdX] L=64 states=1 -> 1
[DP-bwdX] L=64 states=1 -> 1
[DP-bwdX] L=64 states=1 -> 1
[RowSwapCTR] expand small 8x8 -> full 16x8  top_rows=4  bot_rows=4  ctr_rows=8  n_full=128
  [Round 106] T_prime=19  T_target=19  HPWL_w=479560  HPWL_eq=476  maxL=26  WNS(T')=-7  WNS*(T)=-7  picked=0  solve_ms=16.8337
[OC-Shortest/pow2] m=8 h=8 SEG=4 bits=32 words=1 threads=24
[DP-fwdX] L=0 states=1 -> 1
[DP-fwdX] L=16 states=141 -> 164
[DP-bwdX] L=64 states=1 -> 1
[DP-bwdX] L=48 states=141 -> 164
[DP-fwdX] L=0 states=1 -> 1
[DP-bwdX] L=32 states=1 -> 1
[DP-fwdX] L=0 states=1 -> 1
[DP-bwdX] L=16 states=1 -> 1
[DP-fwdX] L=0 states=1 -> 1
[DP-fwdX] L=0 states=1 -> 1
[DP-fwdX] L=0 states=1 -> 1
[DP-bwdX] L=16 states=1 -> 1
[DP-bwdX] L=16 states=1 -> 1
[DP-bwdX] L=16 states=1 -> 1
[DP-fwdX] L=16 states=1 -> 1
[DP-bwdX] L=32 states=1 -> 1
[DP-fwdX] L=16 states=1 -> 1
[DP-fwdX] L=16 states=1 -> 1
[DP-fwdX] L=16 states=1 -> 1
[DP-bwdX] L=32 states=1 -> 1
[DP-bwdX] L=32 states=1 -> 1
[DP-bwdX] L=32 states=1 -> 1
[DP-fwdX] L=32 states=1 -> 1
[DP-bwdX] L=64 states=1 -> 1
[DP-fwdX] L=32 states=1 -> 1
[DP-bwdX] L=48 states=1 -> 1
[DP-fwdX] L=32 states=1 -> 1
[DP-fwdX] L=32 states=1 -> 1
[DP-fwdX] L=32 states=1 -> 1
[DP-bwdX] L=48 states=1 -> 1
[DP-bwdX] L=48 states=1 -> 1
[DP-bwdX] L=48 states=1 -> 1
[DP-fwdX] L=48 states=1 -> 1
[DP-bwdX] L=64 states=1 -> 1
[DP-fwdX] L=48 states=1 -> 1
[DP-fwdX] L=48 states=1 -> 1
[DP-fwdX] L=48 states=1 -> 1
[DP-bwdX] L=64 states=1 -> 1
[DP-bwdX] L=64 states=1 -> 1
[DP-bwdX] L=64 states=1 -> 1
[RowSwapCTR] expand small 8x8 -> full 16x8  top_rows=4  bot_rows=4  ctr_rows=8  n_full=128
  [Round 107] T_prime=19  T_target=19  HPWL_w=479560  HPWL_eq=476  maxL=26  WNS(T')=-7  WNS*(T)=-7  picked=0  solve_ms=16.8827
[OC-Shortest/pow2] m=8 h=8 SEG=4 bits=32 words=1 threads=24
[DP-fwdX] L=0 states=1 -> 1
[DP-fwdX] L=16 states=141 -> 164
[DP-bwdX] L=64 states=1 -> 1
[DP-bwdX] L=48 states=141 -> 164
[DP-fwdX] L=0 states=1 -> 1
[DP-bwdX] L=32 states=1 -> 1
[DP-fwdX] L=0 states=1 -> 1
[DP-bwdX] L=16 states=1 -> 1
[DP-fwdX] L=0 states=1 -> 1
[DP-fwdX] L=0 states=1 -> 1
[DP-fwdX] L=0 states=1 -> 1
[DP-bwdX] L=16 states=1 -> 1
[DP-bwdX] L=16 states=1 -> 1
[DP-bwdX] L=16 states=1 -> 1
[DP-fwdX] L=16 states=1 -> 1
[DP-bwdX] L=32 states=1 -> 1
[DP-fwdX] L=16 states=1 -> 1
[DP-fwdX] L=16 states=1 -> 1
[DP-fwdX] L=16 states=1 -> 1
[DP-bwdX] L=32 states=1 -> 1
[DP-bwdX] L=32 states=1 -> 1
[DP-bwdX] L=32 states=1 -> 1
[DP-fwdX] L=32 states=1 -> 1
[DP-bwdX] L=64 states=1 -> 1
[DP-fwdX] L=32 states=1 -> 1
[DP-bwdX] L=48 states=1 -> 1
[DP-fwdX] L=32 states=1 -> 1
[DP-fwdX] L=32 states=1 -> 1
[DP-fwdX] L=32 states=1 -> 1
[DP-bwdX] L=48 states=1 -> 1
[DP-bwdX] L=48 states=1 -> 1
[DP-bwdX] L=48 states=1 -> 1
[DP-fwdX] L=48 states=1 -> 1
[DP-bwdX] L=64 states=1 -> 1
[DP-fwdX] L=48 states=1 -> 1
[DP-fwdX] L=48 states=1 -> 1
[DP-fwdX] L=48 states=1 -> 1
[DP-bwdX] L=64 states=1 -> 1
[DP-bwdX] L=64 states=1 -> 1
[DP-bwdX] L=64 states=1 -> 1
[RowSwapCTR] expand small 8x8 -> full 16x8  top_rows=4  bot_rows=4  ctr_rows=8  n_full=128
  [Round 108] T_prime=19  T_target=19  HPWL_w=479560  HPWL_eq=476  maxL=26  WNS(T')=-7  WNS*(T)=-7  picked=0  solve_ms=17.0839
[OC-Shortest/pow2] m=8 h=8 SEG=4 bits=32 words=1 threads=24
[DP-fwdX] L=0 states=1 -> 1
[DP-fwdX] L=16 states=141 -> 164
[DP-bwdX] L=64 states=1 -> 1
[DP-bwdX] L=48 states=141 -> 164
[DP-fwdX] L=0 states=1 -> 1
[DP-bwdX] L=32 states=1 -> 1
[DP-fwdX] L=0 states=1 -> 1
[DP-bwdX] L=16 states=1 -> 1
[DP-fwdX] L=0 states=1 -> 1
[DP-fwdX] L=0 states=1 -> 1
[DP-fwdX] L=0 states=1 -> 1
[DP-bwdX] L=16 states=1 -> 1
[DP-bwdX] L=16 states=1 -> 1
[DP-bwdX] L=16 states=1 -> 1
[DP-fwdX] L=16 states=1 -> 1
[DP-bwdX] L=32 states=1 -> 1
[DP-fwdX] L=16 states=1 -> 1
[DP-fwdX] L=16 states=1 -> 1
[DP-fwdX] L=16 states=1 -> 1
[DP-bwdX] L=32 states=1 -> 1
[DP-bwdX] L=32 states=1 -> 1
[DP-bwdX] L=32 states=1 -> 1
[DP-fwdX] L=32 states=1 -> 1
[DP-bwdX] L=64 states=1 -> 1
[DP-fwdX] L=32 states=1 -> 1
[DP-bwdX] L=48 states=1 -> 1
[DP-fwdX] L=32 states=1 -> 1
[DP-fwdX] L=32 states=1 -> 1
[DP-fwdX] L=32 states=1 -> 1
[DP-bwdX] L=48 states=1 -> 1
[DP-bwdX] L=48 states=1 -> 1
[DP-bwdX] L=48 states=1 -> 1
[DP-fwdX] L=48 states=1 -> 1
[DP-bwdX] L=64 states=1 -> 1
[DP-fwdX] L=48 states=1 -> 1
[DP-fwdX] L=48 states=1 -> 1
[DP-fwdX] L=48 states=1 -> 1
[DP-bwdX] L=64 states=1 -> 1
[DP-bwdX] L=64 states=1 -> 1
[DP-bwdX] L=64 states=1 -> 1
[RowSwapCTR] expand small 8x8 -> full 16x8  top_rows=4  bot_rows=4  ctr_rows=8  n_full=128
  [Round 109] T_prime=19  T_target=19  HPWL_w=479560  HPWL_eq=476  maxL=26  WNS(T')=-7  WNS*(T)=-7  picked=0  solve_ms=17.0416
[OC-Shortest/pow2] m=8 h=8 SEG=4 bits=32 words=1 threads=24
[DP-fwdX] L=0 states=1 -> 1
[DP-fwdX] L=16 states=141 -> 164
[DP-bwdX] L=64 states=1 -> 1
[DP-bwdX] L=48 states=141 -> 164
[DP-fwdX] L=0 states=1 -> 1
[DP-bwdX] L=32 states=1 -> 1
[DP-fwdX] L=0 states=1 -> 1
[DP-bwdX] L=16 states=1 -> 1
[DP-fwdX] L=0 states=1 -> 1
[DP-fwdX] L=0 states=1 -> 1
[DP-fwdX] L=0 states=1 -> 1
[DP-bwdX] L=16 states=1 -> 1
[DP-bwdX] L=16 states=1 -> 1
[DP-bwdX] L=16 states=1 -> 1
[DP-fwdX] L=16 states=1 -> 1
[DP-bwdX] L=32 states=1 -> 1
[DP-fwdX] L=16 states=1 -> 1
[DP-fwdX] L=16 states=1 -> 1
[DP-fwdX] L=16 states=1 -> 1
[DP-bwdX] L=32 states=1 -> 1
[DP-bwdX] L=32 states=1 -> 1
[DP-bwdX] L=32 states=1 -> 1
[DP-fwdX] L=32 states=1 -> 1
[DP-bwdX] L=64 states=1 -> 1
[DP-fwdX] L=32 states=1 -> 1
[DP-bwdX] L=48 states=1 -> 1
[DP-fwdX] L=32 states=1 -> 1
[DP-fwdX] L=32 states=1 -> 1
[DP-fwdX] L=32 states=1 -> 1
[DP-bwdX] L=48 states=1 -> 1
[DP-bwdX] L=48 states=1 -> 1
[DP-bwdX] L=48 states=1 -> 1
[DP-fwdX] L=48 states=1 -> 1
[DP-bwdX] L=64 states=1 -> 1
[DP-fwdX] L=48 states=1 -> 1
[DP-fwdX] L=48 states=1 -> 1
[DP-fwdX] L=48 states=1 -> 1
[DP-bwdX] L=64 states=1 -> 1
[DP-bwdX] L=64 states=1 -> 1
[DP-bwdX] L=64 states=1 -> 1
[RowSwapCTR] expand small 8x8 -> full 16x8  top_rows=4  bot_rows=4  ctr_rows=8  n_full=128
  [Round 110] T_prime=19  T_target=19  HPWL_w=479560  HPWL_eq=476  maxL=26  WNS(T')=-7  WNS*(T)=-7  picked=0  solve_ms=16.9652
[OC-Shortest/pow2] m=8 h=8 SEG=4 bits=32 words=1 threads=24
[DP-fwdX] L=0 states=1 -> 1
[DP-fwdX] L=16 states=141 -> 164
[DP-bwdX] L=64 states=1 -> 1
[DP-bwdX] L=48 states=141 -> 164
[DP-fwdX] L=0 states=1 -> 1
[DP-bwdX] L=32 states=1 -> 1
[DP-fwdX] L=0 states=1 -> 1
[DP-bwdX] L=16 states=1 -> 1
[DP-fwdX] L=0 states=1 -> 1
[DP-fwdX] L=0 states=1 -> 1
[DP-fwdX] L=0 states=1 -> 1
[DP-bwdX] L=16 states=1 -> 1
[DP-bwdX] L=16 states=1 -> 1
[DP-bwdX] L=16 states=1 -> 1
[DP-fwdX] L=16 states=1 -> 1
[DP-bwdX] L=32 states=1 -> 1
[DP-fwdX] L=16 states=1 -> 1
[DP-fwdX] L=16 states=1 -> 1
[DP-fwdX] L=16 states=1 -> 1
[DP-bwdX] L=32 states=1 -> 1
[DP-bwdX] L=32 states=1 -> 1
[DP-bwdX] L=32 states=1 -> 1
[DP-fwdX] L=32 states=1 -> 1
[DP-bwdX] L=64 states=1 -> 1
[DP-fwdX] L=32 states=1 -> 1
[DP-bwdX] L=48 states=1 -> 1
[DP-fwdX] L=32 states=1 -> 1
[DP-fwdX] L=32 states=1 -> 1
[DP-fwdX] L=32 states=1 -> 1
[DP-bwdX] L=48 states=1 -> 1
[DP-bwdX] L=48 states=1 -> 1
[DP-bwdX] L=48 states=1 -> 1
[DP-fwdX] L=48 states=1 -> 1
[DP-bwdX] L=64 states=1 -> 1
[DP-fwdX] L=48 states=1 -> 1
[DP-fwdX] L=48 states=1 -> 1
[DP-fwdX] L=48 states=1 -> 1
[DP-bwdX] L=64 states=1 -> 1
[DP-bwdX] L=64 states=1 -> 1
[DP-bwdX] L=64 states=1 -> 1
[RowSwapCTR] expand small 8x8 -> full 16x8  top_rows=4  bot_rows=4  ctr_rows=8  n_full=128
  [Round 111] T_prime=19  T_target=19  HPWL_w=479560  HPWL_eq=476  maxL=26  WNS(T')=-7  WNS*(T)=-7  picked=0  solve_ms=17.0766
[OC-Shortest/pow2] m=8 h=8 SEG=4 bits=32 words=1 threads=24
[DP-fwdX] L=0 states=1 -> 1
[DP-fwdX] L=16 states=141 -> 164
[DP-bwdX] L=64 states=1 -> 1
[DP-bwdX] L=48 states=141 -> 164
[DP-fwdX] L=0 states=1 -> 1
[DP-bwdX] L=32 states=1 -> 1
[DP-fwdX] L=0 states=1 -> 1
[DP-bwdX] L=16 states=1 -> 1
[DP-fwdX] L=0 states=1 -> 1
[DP-fwdX] L=0 states=1 -> 1
[DP-fwdX] L=0 states=1 -> 1
[DP-bwdX] L=16 states=1 -> 1
[DP-bwdX] L=16 states=1 -> 1
[DP-bwdX] L=16 states=1 -> 1
[DP-fwdX] L=16 states=1 -> 1
[DP-bwdX] L=32 states=1 -> 1
[DP-fwdX] L=16 states=1 -> 1
[DP-fwdX] L=16 states=1 -> 1
[DP-fwdX] L=16 states=1 -> 1
[DP-bwdX] L=32 states=1 -> 1
[DP-bwdX] L=32 states=1 -> 1
[DP-bwdX] L=32 states=1 -> 1
[DP-fwdX] L=32 states=1 -> 1
[DP-bwdX] L=64 states=1 -> 1
[DP-fwdX] L=32 states=1 -> 1
[DP-bwdX] L=48 states=1 -> 1
[DP-fwdX] L=32 states=1 -> 1
[DP-fwdX] L=32 states=1 -> 1
[DP-fwdX] L=32 states=1 -> 1
[DP-bwdX] L=48 states=1 -> 1
[DP-bwdX] L=48 states=1 -> 1
[DP-bwdX] L=48 states=1 -> 1
[DP-fwdX] L=48 states=1 -> 1
[DP-bwdX] L=64 states=1 -> 1
[DP-fwdX] L=48 states=1 -> 1
[DP-fwdX] L=48 states=1 -> 1
[DP-fwdX] L=48 states=1 -> 1
[DP-bwdX] L=64 states=1 -> 1
[DP-bwdX] L=64 states=1 -> 1
[DP-bwdX] L=64 states=1 -> 1
[RowSwapCTR] expand small 8x8 -> full 16x8  top_rows=4  bot_rows=4  ctr_rows=8  n_full=128
  [Round 112] T_prime=19  T_target=19  HPWL_w=479560  HPWL_eq=476  maxL=26  WNS(T')=-7  WNS*(T)=-7  picked=0  solve_ms=17.0139
[OC-Shortest/pow2] m=8 h=8 SEG=4 bits=32 words=1 threads=24
[DP-fwdX] L=0 states=1 -> 1
[DP-fwdX] L=16 states=141 -> 164
[DP-bwdX] L=64 states=1 -> 1
[DP-bwdX] L=48 states=141 -> 164
[DP-fwdX] L=0 states=1 -> 1
[DP-bwdX] L=32 states=1 -> 1
[DP-fwdX] L=0 states=1 -> 1
[DP-bwdX] L=16 states=1 -> 1
[DP-fwdX] L=0 states=1 -> 1
[DP-fwdX] L=0 states=1 -> 1
[DP-fwdX] L=0 states=1 -> 1
[DP-bwdX] L=16 states=1 -> 1
[DP-bwdX] L=16 states=1 -> 1
[DP-bwdX] L=16 states=1 -> 1
[DP-fwdX] L=16 states=1 -> 1
[DP-bwdX] L=32 states=1 -> 1
[DP-fwdX] L=16 states=1 -> 1
[DP-fwdX] L=16 states=1 -> 1
[DP-fwdX] L=16 states=1 -> 1
[DP-bwdX] L=32 states=1 -> 1
[DP-bwdX] L=32 states=1 -> 1
[DP-bwdX] L=32 states=1 -> 1
[DP-fwdX] L=32 states=1 -> 1
[DP-bwdX] L=64 states=1 -> 1
[DP-fwdX] L=32 states=1 -> 1
[DP-bwdX] L=48 states=1 -> 1
[DP-fwdX] L=32 states=1 -> 1
[DP-fwdX] L=32 states=1 -> 1
[DP-fwdX] L=32 states=1 -> 1
[DP-bwdX] L=48 states=1 -> 1
[DP-bwdX] L=48 states=1 -> 1
[DP-bwdX] L=48 states=1 -> 1
[DP-fwdX] L=48 states=1 -> 1
[DP-bwdX] L=64 states=1 -> 1
[DP-fwdX] L=48 states=1 -> 1
[DP-fwdX] L=48 states=1 -> 1
[DP-fwdX] L=48 states=1 -> 1
[DP-bwdX] L=64 states=1 -> 1
[DP-bwdX] L=64 states=1 -> 1
[DP-bwdX] L=64 states=1 -> 1
[RowSwapCTR] expand small 8x8 -> full 16x8  top_rows=4  bot_rows=4  ctr_rows=8  n_full=128
  [Round 113] T_prime=19  T_target=19  HPWL_w=479560  HPWL_eq=476  maxL=26  WNS(T')=-7  WNS*(T)=-7  picked=0  solve_ms=17.8114
[OC-Shortest/pow2] m=8 h=8 SEG=4 bits=32 words=1 threads=24
[DP-fwdX] L=0 states=1 -> 1
[DP-fwdX] L=16 states=141 -> 164
[DP-bwdX] L=64 states=1 -> 1
[DP-bwdX] L=48 states=141 -> 164
[DP-fwdX] L=0 states=1 -> 1
[DP-bwdX] L=32 states=1 -> 1
[DP-fwdX] L=0 states=1 -> 1
[DP-bwdX] L=16 states=1 -> 1
[DP-fwdX] L=0 states=1 -> 1
[DP-fwdX] L=0 states=1 -> 1
[DP-fwdX] L=0 states=1 -> 1
[DP-bwdX] L=16 states=1 -> 1
[DP-bwdX] L=16 states=1 -> 1
[DP-bwdX] L=16 states=1 -> 1
[DP-fwdX] L=16 states=1 -> 1
[DP-bwdX] L=32 states=1 -> 1
[DP-fwdX] L=16 states=1 -> 1
[DP-fwdX] L=16 states=1 -> 1
[DP-fwdX] L=16 states=1 -> 1
[DP-bwdX] L=32 states=1 -> 1
[DP-bwdX] L=32 states=1 -> 1
[DP-bwdX] L=32 states=1 -> 1
[DP-fwdX] L=32 states=1 -> 1
[DP-bwdX] L=64 states=1 -> 1
[DP-fwdX] L=32 states=1 -> 1
[DP-bwdX] L=48 states=1 -> 1
[DP-fwdX] L=32 states=1 -> 1
[DP-fwdX] L=32 states=1 -> 1
[DP-fwdX] L=32 states=1 -> 1
[DP-bwdX] L=48 states=1 -> 1
[DP-bwdX] L=48 states=1 -> 1
[DP-bwdX] L=48 states=1 -> 1
[DP-fwdX] L=48 states=1 -> 1
[DP-bwdX] L=64 states=1 -> 1
[DP-fwdX] L=48 states=1 -> 1
[DP-fwdX] L=48 states=1 -> 1
[DP-fwdX] L=48 states=1 -> 1
[DP-bwdX] L=64 states=1 -> 1
[DP-bwdX] L=64 states=1 -> 1
[DP-bwdX] L=64 states=1 -> 1
[RowSwapCTR] expand small 8x8 -> full 16x8  top_rows=4  bot_rows=4  ctr_rows=8  n_full=128
  [Round 114] T_prime=19  T_target=19  HPWL_w=479560  HPWL_eq=476  maxL=26  WNS(T')=-7  WNS*(T)=-7  picked=0  solve_ms=16.964
[OC-Shortest/pow2] m=8 h=8 SEG=4 bits=32 words=1 threads=24
[DP-fwdX] L=0 states=1 -> 1
[DP-fwdX] L=16 states=141 -> 164
[DP-bwdX] L=64 states=1 -> 1
[DP-bwdX] L=48 states=141 -> 164
[DP-fwdX] L=0 states=1 -> 1
[DP-bwdX] L=32 states=1 -> 1
[DP-fwdX] L=0 states=1 -> 1
[DP-bwdX] L=16 states=1 -> 1
[DP-fwdX] L=0 states=1 -> 1
[DP-fwdX] L=0 states=1 -> 1
[DP-fwdX] L=0 states=1 -> 1
[DP-bwdX] L=16 states=1 -> 1
[DP-bwdX] L=16 states=1 -> 1
[DP-bwdX] L=16 states=1 -> 1
[DP-fwdX] L=16 states=1 -> 1
[DP-bwdX] L=32 states=1 -> 1
[DP-fwdX] L=16 states=1 -> 1
[DP-fwdX] L=16 states=1 -> 1
[DP-fwdX] L=16 states=1 -> 1
[DP-bwdX] L=32 states=1 -> 1
[DP-bwdX] L=32 states=1 -> 1
[DP-bwdX] L=32 states=1 -> 1
[DP-fwdX] L=32 states=1 -> 1
[DP-bwdX] L=64 states=1 -> 1
[DP-fwdX] L=32 states=1 -> 1
[DP-bwdX] L=48 states=1 -> 1
[DP-fwdX] L=32 states=1 -> 1
[DP-fwdX] L=32 states=1 -> 1
[DP-fwdX] L=32 states=1 -> 1
[DP-bwdX] L=48 states=1 -> 1
[DP-bwdX] L=48 states=1 -> 1
[DP-bwdX] L=48 states=1 -> 1
[DP-fwdX] L=48 states=1 -> 1
[DP-bwdX] L=64 states=1 -> 1
[DP-fwdX] L=48 states=1 -> 1
[DP-fwdX] L=48 states=1 -> 1
[DP-fwdX] L=48 states=1 -> 1
[DP-bwdX] L=64 states=1 -> 1
[DP-bwdX] L=64 states=1 -> 1
[DP-bwdX] L=64 states=1 -> 1
[RowSwapCTR] expand small 8x8 -> full 16x8  top_rows=4  bot_rows=4  ctr_rows=8  n_full=128
  [Round 115] T_prime=19  T_target=19  HPWL_w=479560  HPWL_eq=476  maxL=26  WNS(T')=-7  WNS*(T)=-7  picked=0  solve_ms=17.1326
[OC-Shortest/pow2] m=8 h=8 SEG=4 bits=32 words=1 threads=24
[DP-fwdX] L=0 states=1 -> 1
[DP-fwdX] L=16 states=141 -> 164
[DP-bwdX] L=64 states=1 -> 1
[DP-bwdX] L=48 states=141 -> 164
[DP-fwdX] L=0 states=1 -> 1
[DP-bwdX] L=32 states=1 -> 1
[DP-fwdX] L=0 states=1 -> 1
[DP-bwdX] L=16 states=1 -> 1
[DP-fwdX] L=0 states=1 -> 1
[DP-fwdX] L=0 states=1 -> 1
[DP-fwdX] L=0 states=1 -> 1
[DP-bwdX] L=16 states=1 -> 1
[DP-bwdX] L=16 states=1 -> 1
[DP-bwdX] L=16 states=1 -> 1
[DP-fwdX] L=16 states=1 -> 1
[DP-bwdX] L=32 states=1 -> 1
[DP-fwdX] L=16 states=1 -> 1
[DP-fwdX] L=16 states=1 -> 1
[DP-fwdX] L=16 states=1 -> 1
[DP-bwdX] L=32 states=1 -> 1
[DP-bwdX] L=32 states=1 -> 1
[DP-bwdX] L=32 states=1 -> 1
[DP-fwdX] L=32 states=1 -> 1
[DP-bwdX] L=64 states=1 -> 1
[DP-fwdX] L=32 states=1 -> 1
[DP-bwdX] L=48 states=1 -> 1
[DP-fwdX] L=32 states=1 -> 1
[DP-fwdX] L=32 states=1 -> 1
[DP-fwdX] L=32 states=1 -> 1
[DP-bwdX] L=48 states=1 -> 1
[DP-bwdX] L=48 states=1 -> 1
[DP-bwdX] L=48 states=1 -> 1
[DP-fwdX] L=48 states=1 -> 1
[DP-bwdX] L=64 states=1 -> 1
[DP-fwdX] L=48 states=1 -> 1
[DP-fwdX] L=48 states=1 -> 1
[DP-fwdX] L=48 states=1 -> 1
[DP-bwdX] L=64 states=1 -> 1
[DP-bwdX] L=64 states=1 -> 1
[DP-bwdX] L=64 states=1 -> 1
[RowSwapCTR] expand small 8x8 -> full 16x8  top_rows=4  bot_rows=4  ctr_rows=8  n_full=128
  [Round 116] T_prime=19  T_target=19  HPWL_w=479560  HPWL_eq=476  maxL=26  WNS(T')=-7  WNS*(T)=-7  picked=0  solve_ms=17.0458
[OC-Shortest/pow2] m=8 h=8 SEG=4 bits=32 words=1 threads=24
[DP-fwdX] L=0 states=1 -> 1
[DP-fwdX] L=16 states=141 -> 164
[DP-bwdX] L=64 states=1 -> 1
[DP-bwdX] L=48 states=141 -> 164
[DP-fwdX] L=0 states=1 -> 1
[DP-bwdX] L=32 states=1 -> 1
[DP-fwdX] L=0 states=1 -> 1
[DP-bwdX] L=16 states=1 -> 1
[DP-fwdX] L=0 states=1 -> 1
[DP-fwdX] L=0 states=1 -> 1
[DP-fwdX] L=0 states=1 -> 1
[DP-bwdX] L=16 states=1 -> 1
[DP-bwdX] L=16 states=1 -> 1
[DP-bwdX] L=16 states=1 -> 1
[DP-fwdX] L=16 states=1 -> 1
[DP-bwdX] L=32 states=1 -> 1
[DP-fwdX] L=16 states=1 -> 1
[DP-fwdX] L=16 states=1 -> 1
[DP-fwdX] L=16 states=1 -> 1
[DP-bwdX] L=32 states=1 -> 1
[DP-bwdX] L=32 states=1 -> 1
[DP-bwdX] L=32 states=1 -> 1
[DP-fwdX] L=32 states=1 -> 1
[DP-bwdX] L=64 states=1 -> 1
[DP-fwdX] L=32 states=1 -> 1
[DP-bwdX] L=48 states=1 -> 1
[DP-fwdX] L=32 states=1 -> 1
[DP-fwdX] L=32 states=1 -> 1
[DP-fwdX] L=32 states=1 -> 1
[DP-bwdX] L=48 states=1 -> 1
[DP-bwdX] L=48 states=1 -> 1
[DP-bwdX] L=48 states=1 -> 1
[DP-fwdX] L=48 states=1 -> 1
[DP-bwdX] L=64 states=1 -> 1
[DP-fwdX] L=48 states=1 -> 1
[DP-fwdX] L=48 states=1 -> 1
[DP-fwdX] L=48 states=1 -> 1
[DP-bwdX] L=64 states=1 -> 1
[DP-bwdX] L=64 states=1 -> 1
[DP-bwdX] L=64 states=1 -> 1
[RowSwapCTR] expand small 8x8 -> full 16x8  top_rows=4  bot_rows=4  ctr_rows=8  n_full=128
  [Round 117] T_prime=19  T_target=19  HPWL_w=479560  HPWL_eq=476  maxL=26  WNS(T')=-7  WNS*(T)=-7  picked=0  solve_ms=16.9704
[OC-Shortest/pow2] m=8 h=8 SEG=4 bits=32 words=1 threads=24
[DP-fwdX] L=0 states=1 -> 1
[DP-fwdX] L=16 states=141 -> 164
[DP-bwdX] L=64 states=1 -> 1
[DP-bwdX] L=48 states=141 -> 164
[DP-fwdX] L=0 states=1 -> 1
[DP-bwdX] L=32 states=1 -> 1
[DP-fwdX] L=0 states=1 -> 1
[DP-bwdX] L=16 states=1 -> 1
[DP-fwdX] L=0 states=1 -> 1
[DP-fwdX] L=0 states=1 -> 1
[DP-fwdX] L=0 states=1 -> 1
[DP-bwdX] L=16 states=1 -> 1
[DP-bwdX] L=16 states=1 -> 1
[DP-bwdX] L=16 states=1 -> 1
[DP-fwdX] L=16 states=1 -> 1
[DP-bwdX] L=32 states=1 -> 1
[DP-fwdX] L=16 states=1 -> 1
[DP-fwdX] L=16 states=1 -> 1
[DP-fwdX] L=16 states=1 -> 1
[DP-bwdX] L=32 states=1 -> 1
[DP-bwdX] L=32 states=1 -> 1
[DP-bwdX] L=32 states=1 -> 1
[DP-fwdX] L=32 states=1 -> 1
[DP-bwdX] L=64 states=1 -> 1
[DP-fwdX] L=32 states=1 -> 1
[DP-bwdX] L=48 states=1 -> 1
[DP-fwdX] L=32 states=1 -> 1
[DP-fwdX] L=32 states=1 -> 1
[DP-fwdX] L=32 states=1 -> 1
[DP-bwdX] L=48 states=1 -> 1
[DP-bwdX] L=48 states=1 -> 1
[DP-bwdX] L=48 states=1 -> 1
[DP-fwdX] L=48 states=1 -> 1
[DP-bwdX] L=64 states=1 -> 1
[DP-fwdX] L=48 states=1 -> 1
[DP-fwdX] L=48 states=1 -> 1
[DP-fwdX] L=48 states=1 -> 1
[DP-bwdX] L=64 states=1 -> 1
[DP-bwdX] L=64 states=1 -> 1
[DP-bwdX] L=64 states=1 -> 1
[RowSwapCTR] expand small 8x8 -> full 16x8  top_rows=4  bot_rows=4  ctr_rows=8  n_full=128
  [Round 118] T_prime=19  T_target=19  HPWL_w=479560  HPWL_eq=476  maxL=26  WNS(T')=-7  WNS*(T)=-7  picked=0  solve_ms=17.0519
[OC-Shortest/pow2] m=8 h=8 SEG=4 bits=32 words=1 threads=24
[DP-fwdX] L=0 states=1 -> 1
[DP-fwdX] L=16 states=141 -> 164
[DP-bwdX] L=64 states=1 -> 1
[DP-bwdX] L=48 states=141 -> 164
[DP-fwdX] L=0 states=1 -> 1
[DP-bwdX] L=32 states=1 -> 1
[DP-fwdX] L=0 states=1 -> 1
[DP-bwdX] L=16 states=1 -> 1
[DP-fwdX] L=0 states=1 -> 1
[DP-fwdX] L=0 states=1 -> 1
[DP-fwdX] L=0 states=1 -> 1
[DP-bwdX] L=16 states=1 -> 1
[DP-bwdX] L=16 states=1 -> 1
[DP-bwdX] L=16 states=1 -> 1
[DP-fwdX] L=16 states=1 -> 1
[DP-bwdX] L=32 states=1 -> 1
[DP-fwdX] L=16 states=1 -> 1
[DP-fwdX] L=16 states=1 -> 1
[DP-fwdX] L=16 states=1 -> 1
[DP-bwdX] L=32 states=1 -> 1
[DP-bwdX] L=32 states=1 -> 1
[DP-bwdX] L=32 states=1 -> 1
[DP-fwdX] L=32 states=1 -> 1
[DP-bwdX] L=64 states=1 -> 1
[DP-fwdX] L=32 states=1 -> 1
[DP-bwdX] L=48 states=1 -> 1
[DP-fwdX] L=32 states=1 -> 1
[DP-fwdX] L=32 states=1 -> 1
[DP-fwdX] L=32 states=1 -> 1
[DP-bwdX] L=48 states=1 -> 1
[DP-bwdX] L=48 states=1 -> 1
[DP-bwdX] L=48 states=1 -> 1
[DP-fwdX] L=48 states=1 -> 1
[DP-bwdX] L=64 states=1 -> 1
[DP-fwdX] L=48 states=1 -> 1
[DP-fwdX] L=48 states=1 -> 1
[DP-fwdX] L=48 states=1 -> 1
[DP-bwdX] L=64 states=1 -> 1
[DP-bwdX] L=64 states=1 -> 1
[DP-bwdX] L=64 states=1 -> 1
[RowSwapCTR] expand small 8x8 -> full 16x8  top_rows=4  bot_rows=4  ctr_rows=8  n_full=128
  [Round 119] T_prime=19  T_target=19  HPWL_w=479560  HPWL_eq=476  maxL=26  WNS(T')=-7  WNS*(T)=-7  picked=0  solve_ms=16.7751
[OC-Shortest/pow2] m=8 h=8 SEG=4 bits=32 words=1 threads=24
[DP-fwdX] L=0 states=1 -> 1
[DP-fwdX] L=16 states=141 -> 164
[DP-bwdX] L=64 states=1 -> 1
[DP-bwdX] L=48 states=141 -> 164
[DP-fwdX] L=0 states=1 -> 1
[DP-bwdX] L=32 states=1 -> 1
[DP-fwdX] L=0 states=1 -> 1
[DP-bwdX] L=16 states=1 -> 1
[DP-fwdX] L=0 states=1 -> 1
[DP-fwdX] L=0 states=1 -> 1
[DP-fwdX] L=0 states=1 -> 1
[DP-bwdX] L=16 states=1 -> 1
[DP-bwdX] L=16 states=1 -> 1
[DP-bwdX] L=16 states=1 -> 1
[DP-fwdX] L=16 states=1 -> 1
[DP-bwdX] L=32 states=1 -> 1
[DP-fwdX] L=16 states=1 -> 1
[DP-fwdX] L=16 states=1 -> 1
[DP-fwdX] L=16 states=1 -> 1
[DP-bwdX] L=32 states=1 -> 1
[DP-bwdX] L=32 states=1 -> 1
[DP-bwdX] L=32 states=1 -> 1
[DP-fwdX] L=32 states=1 -> 1
[DP-bwdX] L=64 states=1 -> 1
[DP-fwdX] L=32 states=1 -> 1
[DP-bwdX] L=48 states=1 -> 1
[DP-fwdX] L=32 states=1 -> 1
[DP-fwdX] L=32 states=1 -> 1
[DP-fwdX] L=32 states=1 -> 1
[DP-bwdX] L=48 states=1 -> 1
[DP-bwdX] L=48 states=1 -> 1
[DP-bwdX] L=48 states=1 -> 1
[DP-fwdX] L=48 states=1 -> 1
[DP-bwdX] L=64 states=1 -> 1
[DP-fwdX] L=48 states=1 -> 1
[DP-fwdX] L=48 states=1 -> 1
[DP-fwdX] L=48 states=1 -> 1
[DP-bwdX] L=64 states=1 -> 1
[DP-bwdX] L=64 states=1 -> 1
[DP-bwdX] L=64 states=1 -> 1
[RowSwapCTR] expand small 8x8 -> full 16x8  top_rows=4  bot_rows=4  ctr_rows=8  n_full=128
  [Round 120] T_prime=19  T_target=19  HPWL_w=479560  HPWL_eq=476  maxL=26  WNS(T')=-7  WNS*(T)=-7  picked=0  solve_ms=16.9096
[OC-Shortest/pow2] m=8 h=8 SEG=4 bits=32 words=1 threads=24
[DP-fwdX] L=0 states=1 -> 1
[DP-fwdX] L=16 states=141 -> 164
[DP-bwdX] L=64 states=1 -> 1
[DP-bwdX] L=48 states=141 -> 164
[DP-fwdX] L=0 states=1 -> 1
[DP-bwdX] L=32 states=1 -> 1
[DP-fwdX] L=0 states=1 -> 1
[DP-bwdX] L=16 states=1 -> 1
[DP-fwdX] L=0 states=1 -> 1
[DP-fwdX] L=0 states=1 -> 1
[DP-fwdX] L=0 states=1 -> 1
[DP-bwdX] L=16 states=1 -> 1
[DP-bwdX] L=16 states=1 -> 1
[DP-bwdX] L=16 states=1 -> 1
[DP-fwdX] L=16 states=1 -> 1
[DP-bwdX] L=32 states=1 -> 1
[DP-fwdX] L=16 states=1 -> 1
[DP-fwdX] L=16 states=1 -> 1
[DP-fwdX] L=16 states=1 -> 1
[DP-bwdX] L=32 states=1 -> 1
[DP-bwdX] L=32 states=1 -> 1
[DP-bwdX] L=32 states=1 -> 1
[DP-fwdX] L=32 states=1 -> 1
[DP-bwdX] L=64 states=1 -> 1
[DP-fwdX] L=32 states=1 -> 1
[DP-bwdX] L=48 states=1 -> 1
[DP-fwdX] L=32 states=1 -> 1
[DP-fwdX] L=32 states=1 -> 1
[DP-fwdX] L=32 states=1 -> 1
[DP-bwdX] L=48 states=1 -> 1
[DP-bwdX] L=48 states=1 -> 1
[DP-bwdX] L=48 states=1 -> 1
[DP-fwdX] L=48 states=1 -> 1
[DP-bwdX] L=64 states=1 -> 1
[DP-fwdX] L=48 states=1 -> 1
[DP-fwdX] L=48 states=1 -> 1
[DP-fwdX] L=48 states=1 -> 1
[DP-bwdX] L=64 states=1 -> 1
[DP-bwdX] L=64 states=1 -> 1
[DP-bwdX] L=64 states=1 -> 1
[RowSwapCTR] expand small 8x8 -> full 16x8  top_rows=4  bot_rows=4  ctr_rows=8  n_full=128
  [Round 121] T_prime=19  T_target=19  HPWL_w=479560  HPWL_eq=476  maxL=26  WNS(T')=-7  WNS*(T)=-7  picked=0  solve_ms=16.8104
[OC-Shortest/pow2] m=8 h=8 SEG=4 bits=32 words=1 threads=24
[DP-fwdX] L=0 states=1 -> 1
[DP-fwdX] L=16 states=141 -> 164
[DP-bwdX] L=64 states=1 -> 1
[DP-bwdX] L=48 states=141 -> 164
[DP-fwdX] L=0 states=1 -> 1
[DP-bwdX] L=32 states=1 -> 1
[DP-fwdX] L=0 states=1 -> 1
[DP-bwdX] L=16 states=1 -> 1
[DP-fwdX] L=0 states=1 -> 1
[DP-fwdX] L=0 states=1 -> 1
[DP-fwdX] L=0 states=1 -> 1
[DP-bwdX] L=16 states=1 -> 1
[DP-bwdX] L=16 states=1 -> 1
[DP-bwdX] L=16 states=1 -> 1
[DP-fwdX] L=16 states=1 -> 1
[DP-bwdX] L=32 states=1 -> 1
[DP-fwdX] L=16 states=1 -> 1
[DP-fwdX] L=16 states=1 -> 1
[DP-fwdX] L=16 states=1 -> 1
[DP-bwdX] L=32 states=1 -> 1
[DP-bwdX] L=32 states=1 -> 1
[DP-bwdX] L=32 states=1 -> 1
[DP-fwdX] L=32 states=1 -> 1
[DP-bwdX] L=64 states=1 -> 1
[DP-fwdX] L=32 states=1 -> 1
[DP-bwdX] L=48 states=1 -> 1
[DP-fwdX] L=32 states=1 -> 1
[DP-fwdX] L=32 states=1 -> 1
[DP-fwdX] L=32 states=1 -> 1
[DP-bwdX] L=48 states=1 -> 1
[DP-bwdX] L=48 states=1 -> 1
[DP-bwdX] L=48 states=1 -> 1
[DP-fwdX] L=48 states=1 -> 1
[DP-bwdX] L=64 states=1 -> 1
[DP-fwdX] L=48 states=1 -> 1
[DP-fwdX] L=48 states=1 -> 1
[DP-fwdX] L=48 states=1 -> 1
[DP-bwdX] L=64 states=1 -> 1
[DP-bwdX] L=64 states=1 -> 1
[DP-bwdX] L=64 states=1 -> 1
[RowSwapCTR] expand small 8x8 -> full 16x8  top_rows=4  bot_rows=4  ctr_rows=8  n_full=128
  [Round 122] T_prime=19  T_target=19  HPWL_w=479560  HPWL_eq=476  maxL=26  WNS(T')=-7  WNS*(T)=-7  picked=0  solve_ms=17.1926
[OC-Shortest/pow2] m=8 h=8 SEG=4 bits=32 words=1 threads=24
[DP-fwdX] L=0 states=1 -> 1
[DP-fwdX] L=16 states=141 -> 164
[DP-bwdX] L=64 states=1 -> 1
[DP-bwdX] L=48 states=141 -> 164
[DP-fwdX] L=0 states=1 -> 1
[DP-bwdX] L=32 states=1 -> 1
[DP-fwdX] L=0 states=1 -> 1
[DP-bwdX] L=16 states=1 -> 1
[DP-fwdX] L=0 states=1 -> 1
[DP-fwdX] L=0 states=1 -> 1
[DP-fwdX] L=0 states=1 -> 1
[DP-bwdX] L=16 states=1 -> 1
[DP-bwdX] L=16 states=1 -> 1
[DP-bwdX] L=16 states=1 -> 1
[DP-fwdX] L=16 states=1 -> 1
[DP-bwdX] L=32 states=1 -> 1
[DP-fwdX] L=16 states=1 -> 1
[DP-fwdX] L=16 states=1 -> 1
[DP-fwdX] L=16 states=1 -> 1
[DP-bwdX] L=32 states=1 -> 1
[DP-bwdX] L=32 states=1 -> 1
[DP-bwdX] L=32 states=1 -> 1
[DP-fwdX] L=32 states=1 -> 1
[DP-bwdX] L=64 states=1 -> 1
[DP-fwdX] L=32 states=1 -> 1
[DP-bwdX] L=48 states=1 -> 1
[DP-fwdX] L=32 states=1 -> 1
[DP-fwdX] L=32 states=1 -> 1
[DP-fwdX] L=32 states=1 -> 1
[DP-bwdX] L=48 states=1 -> 1
[DP-bwdX] L=48 states=1 -> 1
[DP-bwdX] L=48 states=1 -> 1
[DP-fwdX] L=48 states=1 -> 1
[DP-bwdX] L=64 states=1 -> 1
[DP-fwdX] L=48 states=1 -> 1
[DP-fwdX] L=48 states=1 -> 1
[DP-fwdX] L=48 states=1 -> 1
[DP-bwdX] L=64 states=1 -> 1
[DP-bwdX] L=64 states=1 -> 1
[DP-bwdX] L=64 states=1 -> 1
[RowSwapCTR] expand small 8x8 -> full 16x8  top_rows=4  bot_rows=4  ctr_rows=8  n_full=128
  [Round 123] T_prime=19  T_target=19  HPWL_w=479560  HPWL_eq=476  maxL=26  WNS(T')=-7  WNS*(T)=-7  picked=0  solve_ms=17.1272
[OC-Shortest/pow2] m=8 h=8 SEG=4 bits=32 words=1 threads=24
[DP-fwdX] L=0 states=1 -> 1
[DP-fwdX] L=16 states=141 -> 164
[DP-bwdX] L=64 states=1 -> 1
[DP-bwdX] L=48 states=141 -> 164
[DP-fwdX] L=0 states=1 -> 1
[DP-bwdX] L=32 states=1 -> 1
[DP-fwdX] L=0 states=1 -> 1
[DP-bwdX] L=16 states=1 -> 1
[DP-fwdX] L=0 states=1 -> 1
[DP-fwdX] L=0 states=1 -> 1
[DP-fwdX] L=0 states=1 -> 1
[DP-bwdX] L=16 states=1 -> 1
[DP-bwdX] L=16 states=1 -> 1
[DP-bwdX] L=16 states=1 -> 1
[DP-fwdX] L=16 states=1 -> 1
[DP-bwdX] L=32 states=1 -> 1
[DP-fwdX] L=16 states=1 -> 1
[DP-fwdX] L=16 states=1 -> 1
[DP-fwdX] L=16 states=1 -> 1
[DP-bwdX] L=32 states=1 -> 1
[DP-bwdX] L=32 states=1 -> 1
[DP-bwdX] L=32 states=1 -> 1
[DP-fwdX] L=32 states=1 -> 1
[DP-bwdX] L=64 states=1 -> 1
[DP-fwdX] L=32 states=1 -> 1
[DP-bwdX] L=48 states=1 -> 1
[DP-fwdX] L=32 states=1 -> 1
[DP-fwdX] L=32 states=1 -> 1
[DP-fwdX] L=32 states=1 -> 1
[DP-bwdX] L=48 states=1 -> 1
[DP-bwdX] L=48 states=1 -> 1
[DP-bwdX] L=48 states=1 -> 1
[DP-fwdX] L=48 states=1 -> 1
[DP-bwdX] L=64 states=1 -> 1
[DP-fwdX] L=48 states=1 -> 1
[DP-fwdX] L=48 states=1 -> 1
[DP-fwdX] L=48 states=1 -> 1
[DP-bwdX] L=64 states=1 -> 1
[DP-bwdX] L=64 states=1 -> 1
[DP-bwdX] L=64 states=1 -> 1
[RowSwapCTR] expand small 8x8 -> full 16x8  top_rows=4  bot_rows=4  ctr_rows=8  n_full=128
  [Round 124] T_prime=19  T_target=19  HPWL_w=479560  HPWL_eq=476  maxL=26  WNS(T')=-7  WNS*(T)=-7  picked=0  solve_ms=17.0188
[OC-Shortest/pow2] m=8 h=8 SEG=4 bits=32 words=1 threads=24
[DP-fwdX] L=0 states=1 -> 1
[DP-fwdX] L=16 states=141 -> 164
[DP-bwdX] L=64 states=1 -> 1
[DP-bwdX] L=48 states=141 -> 164
[DP-fwdX] L=0 states=1 -> 1
[DP-bwdX] L=32 states=1 -> 1
[DP-fwdX] L=0 states=1 -> 1
[DP-bwdX] L=16 states=1 -> 1
[DP-fwdX] L=0 states=1 -> 1
[DP-fwdX] L=0 states=1 -> 1
[DP-fwdX] L=0 states=1 -> 1
[DP-bwdX] L=16 states=1 -> 1
[DP-bwdX] L=16 states=1 -> 1
[DP-bwdX] L=16 states=1 -> 1
[DP-fwdX] L=16 states=1 -> 1
[DP-bwdX] L=32 states=1 -> 1
[DP-fwdX] L=16 states=1 -> 1
[DP-fwdX] L=16 states=1 -> 1
[DP-fwdX] L=16 states=1 -> 1
[DP-bwdX] L=32 states=1 -> 1
[DP-bwdX] L=32 states=1 -> 1
[DP-bwdX] L=32 states=1 -> 1
[DP-fwdX] L=32 states=1 -> 1
[DP-bwdX] L=64 states=1 -> 1
[DP-fwdX] L=32 states=1 -> 1
[DP-bwdX] L=48 states=1 -> 1
[DP-fwdX] L=32 states=1 -> 1
[DP-fwdX] L=32 states=1 -> 1
[DP-fwdX] L=32 states=1 -> 1
[DP-bwdX] L=48 states=1 -> 1
[DP-bwdX] L=48 states=1 -> 1
[DP-bwdX] L=48 states=1 -> 1
[DP-fwdX] L=48 states=1 -> 1
[DP-bwdX] L=64 states=1 -> 1
[DP-fwdX] L=48 states=1 -> 1
[DP-fwdX] L=48 states=1 -> 1
[DP-fwdX] L=48 states=1 -> 1
[DP-bwdX] L=64 states=1 -> 1
[DP-bwdX] L=64 states=1 -> 1
[DP-bwdX] L=64 states=1 -> 1
[RowSwapCTR] expand small 8x8 -> full 16x8  top_rows=4  bot_rows=4  ctr_rows=8  n_full=128
  [Round 125] T_prime=19  T_target=19  HPWL_w=479560  HPWL_eq=476  maxL=26  WNS(T')=-7  WNS*(T)=-7  picked=0  solve_ms=16.9428
[OC-Shortest/pow2] m=8 h=8 SEG=4 bits=32 words=1 threads=24
[DP-fwdX] L=0 states=1 -> 1
[DP-fwdX] L=16 states=141 -> 164
[DP-bwdX] L=64 states=1 -> 1
[DP-bwdX] L=48 states=141 -> 164
[DP-fwdX] L=0 states=1 -> 1
[DP-bwdX] L=32 states=1 -> 1
[DP-fwdX] L=0 states=1 -> 1
[DP-bwdX] L=16 states=1 -> 1
[DP-fwdX] L=0 states=1 -> 1
[DP-fwdX] L=0 states=1 -> 1
[DP-fwdX] L=0 states=1 -> 1
[DP-bwdX] L=16 states=1 -> 1
[DP-bwdX] L=16 states=1 -> 1
[DP-bwdX] L=16 states=1 -> 1
[DP-fwdX] L=16 states=1 -> 1
[DP-bwdX] L=32 states=1 -> 1
[DP-fwdX] L=16 states=1 -> 1
[DP-fwdX] L=16 states=1 -> 1
[DP-fwdX] L=16 states=1 -> 1
[DP-bwdX] L=32 states=1 -> 1
[DP-bwdX] L=32 states=1 -> 1
[DP-bwdX] L=32 states=1 -> 1
[DP-fwdX] L=32 states=1 -> 1
[DP-bwdX] L=64 states=1 -> 1
[DP-fwdX] L=32 states=1 -> 1
[DP-bwdX] L=48 states=1 -> 1
[DP-fwdX] L=32 states=1 -> 1
[DP-fwdX] L=32 states=1 -> 1
[DP-fwdX] L=32 states=1 -> 1
[DP-bwdX] L=48 states=1 -> 1
[DP-bwdX] L=48 states=1 -> 1
[DP-bwdX] L=48 states=1 -> 1
[DP-fwdX] L=48 states=1 -> 1
[DP-bwdX] L=64 states=1 -> 1
[DP-fwdX] L=48 states=1 -> 1
[DP-fwdX] L=48 states=1 -> 1
[DP-fwdX] L=48 states=1 -> 1
[DP-bwdX] L=64 states=1 -> 1
[DP-bwdX] L=64 states=1 -> 1
[DP-bwdX] L=64 states=1 -> 1
[RowSwapCTR] expand small 8x8 -> full 16x8  top_rows=4  bot_rows=4  ctr_rows=8  n_full=128
  [Round 126] T_prime=19  T_target=19  HPWL_w=479560  HPWL_eq=476  maxL=26  WNS(T')=-7  WNS*(T)=-7  picked=0  solve_ms=17.1388
[OC-Shortest/pow2] m=8 h=8 SEG=4 bits=32 words=1 threads=24
[DP-fwdX] L=0 states=1 -> 1
[DP-fwdX] L=16 states=141 -> 164
[DP-bwdX] L=64 states=1 -> 1
[DP-bwdX] L=48 states=141 -> 164
[DP-fwdX] L=0 states=1 -> 1
[DP-bwdX] L=32 states=1 -> 1
[DP-fwdX] L=0 states=1 -> 1
[DP-bwdX] L=16 states=1 -> 1
[DP-fwdX] L=0 states=1 -> 1
[DP-fwdX] L=0 states=1 -> 1
[DP-fwdX] L=0 states=1 -> 1
[DP-bwdX] L=16 states=1 -> 1
[DP-bwdX] L=16 states=1 -> 1
[DP-bwdX] L=16 states=1 -> 1
[DP-fwdX] L=16 states=1 -> 1
[DP-bwdX] L=32 states=1 -> 1
[DP-fwdX] L=16 states=1 -> 1
[DP-fwdX] L=16 states=1 -> 1
[DP-fwdX] L=16 states=1 -> 1
[DP-bwdX] L=32 states=1 -> 1
[DP-bwdX] L=32 states=1 -> 1
[DP-bwdX] L=32 states=1 -> 1
[DP-fwdX] L=32 states=1 -> 1
[DP-bwdX] L=64 states=1 -> 1
[DP-fwdX] L=32 states=1 -> 1
[DP-bwdX] L=48 states=1 -> 1
[DP-fwdX] L=32 states=1 -> 1
[DP-fwdX] L=32 states=1 -> 1
[DP-fwdX] L=32 states=1 -> 1
[DP-bwdX] L=48 states=1 -> 1
[DP-bwdX] L=48 states=1 -> 1
[DP-bwdX] L=48 states=1 -> 1
[DP-fwdX] L=48 states=1 -> 1
[DP-bwdX] L=64 states=1 -> 1
[DP-fwdX] L=48 states=1 -> 1
[DP-fwdX] L=48 states=1 -> 1
[DP-fwdX] L=48 states=1 -> 1
[DP-bwdX] L=64 states=1 -> 1
[DP-bwdX] L=64 states=1 -> 1
[DP-bwdX] L=64 states=1 -> 1
[RowSwapCTR] expand small 8x8 -> full 16x8  top_rows=4  bot_rows=4  ctr_rows=8  n_full=128
  [Round 127] T_prime=19  T_target=19  HPWL_w=479560  HPWL_eq=476  maxL=26  WNS(T')=-7  WNS*(T)=-7  picked=0  solve_ms=17.0281
[OC-Shortest/pow2] m=8 h=8 SEG=4 bits=32 words=1 threads=24
[DP-fwdX] L=0 states=1 -> 1
[DP-fwdX] L=16 states=141 -> 164
[DP-bwdX] L=64 states=1 -> 1
[DP-bwdX] L=48 states=141 -> 164
[DP-fwdX] L=0 states=1 -> 1
[DP-bwdX] L=32 states=1 -> 1
[DP-fwdX] L=0 states=1 -> 1
[DP-bwdX] L=16 states=1 -> 1
[DP-fwdX] L=0 states=1 -> 1
[DP-fwdX] L=0 states=1 -> 1
[DP-fwdX] L=0 states=1 -> 1
[DP-bwdX] L=16 states=1 -> 1
[DP-bwdX] L=16 states=1 -> 1
[DP-bwdX] L=16 states=1 -> 1
[DP-fwdX] L=16 states=1 -> 1
[DP-bwdX] L=32 states=1 -> 1
[DP-fwdX] L=16 states=1 -> 1
[DP-fwdX] L=16 states=1 -> 1
[DP-fwdX] L=16 states=1 -> 1
[DP-bwdX] L=32 states=1 -> 1
[DP-bwdX] L=32 states=1 -> 1
[DP-bwdX] L=32 states=1 -> 1
[DP-fwdX] L=32 states=1 -> 1
[DP-bwdX] L=64 states=1 -> 1
[DP-fwdX] L=32 states=1 -> 1
[DP-bwdX] L=48 states=1 -> 1
[DP-fwdX] L=32 states=1 -> 1
[DP-fwdX] L=32 states=1 -> 1
[DP-fwdX] L=32 states=1 -> 1
[DP-bwdX] L=48 states=1 -> 1
[DP-bwdX] L=48 states=1 -> 1
[DP-bwdX] L=48 states=1 -> 1
[DP-fwdX] L=48 states=1 -> 1
[DP-bwdX] L=64 states=1 -> 1
[DP-fwdX] L=48 states=1 -> 1
[DP-fwdX] L=48 states=1 -> 1
[DP-fwdX] L=48 states=1 -> 1
[DP-bwdX] L=64 states=1 -> 1
[DP-bwdX] L=64 states=1 -> 1
[DP-bwdX] L=64 states=1 -> 1
[RowSwapCTR] expand small 8x8 -> full 16x8  top_rows=4  bot_rows=4  ctr_rows=8  n_full=128
  [Round 128] T_prime=19  T_target=19  HPWL_w=479560  HPWL_eq=476  maxL=26  WNS(T')=-7  WNS*(T)=-7  picked=0  solve_ms=16.99
[OC-Shortest/pow2] m=8 h=8 SEG=4 bits=32 words=1 threads=24
[DP-fwdX] L=0 states=1 -> 1
[DP-fwdX] L=16 states=141 -> 164
[DP-bwdX] L=64 states=1 -> 1
[DP-bwdX] L=48 states=141 -> 164
[DP-fwdX] L=0 states=1 -> 1
[DP-bwdX] L=32 states=1 -> 1
[DP-fwdX] L=0 states=1 -> 1
[DP-bwdX] L=16 states=1 -> 1
[DP-fwdX] L=0 states=1 -> 1
[DP-fwdX] L=0 states=1 -> 1
[DP-fwdX] L=0 states=1 -> 1
[DP-bwdX] L=16 states=1 -> 1
[DP-bwdX] L=16 states=1 -> 1
[DP-bwdX] L=16 states=1 -> 1
[DP-fwdX] L=16 states=1 -> 1
[DP-bwdX] L=32 states=1 -> 1
[DP-fwdX] L=16 states=1 -> 1
[DP-fwdX] L=16 states=1 -> 1
[DP-fwdX] L=16 states=1 -> 1
[DP-bwdX] L=32 states=1 -> 1
[DP-bwdX] L=32 states=1 -> 1
[DP-bwdX] L=32 states=1 -> 1
[DP-fwdX] L=32 states=1 -> 1
[DP-bwdX] L=64 states=1 -> 1
[DP-fwdX] L=32 states=1 -> 1
[DP-bwdX] L=48 states=1 -> 1
[DP-fwdX] L=32 states=1 -> 1
[DP-fwdX] L=32 states=1 -> 1
[DP-fwdX] L=32 states=1 -> 1
[DP-bwdX] L=48 states=1 -> 1
[DP-bwdX] L=48 states=1 -> 1
[DP-bwdX] L=48 states=1 -> 1
[DP-fwdX] L=48 states=1 -> 1
[DP-bwdX] L=64 states=1 -> 1
[DP-fwdX] L=48 states=1 -> 1
[DP-fwdX] L=48 states=1 -> 1
[DP-fwdX] L=48 states=1 -> 1
[DP-bwdX] L=64 states=1 -> 1
[DP-bwdX] L=64 states=1 -> 1
[DP-bwdX] L=64 states=1 -> 1
[RowSwapCTR] expand small 8x8 -> full 16x8  top_rows=4  bot_rows=4  ctr_rows=8  n_full=128
  [Round 129] T_prime=19  T_target=19  HPWL_w=479560  HPWL_eq=476  maxL=26  WNS(T')=-7  WNS*(T)=-7  picked=0  solve_ms=17.0298
[OC-Shortest/pow2] m=8 h=8 SEG=4 bits=32 words=1 threads=24
[DP-fwdX] L=0 states=1 -> 1
[DP-fwdX] L=16 states=141 -> 164
[DP-bwdX] L=64 states=1 -> 1
[DP-bwdX] L=48 states=141 -> 164
[DP-fwdX] L=0 states=1 -> 1
[DP-bwdX] L=32 states=1 -> 1
[DP-fwdX] L=0 states=1 -> 1
[DP-bwdX] L=16 states=1 -> 1
[DP-fwdX] L=0 states=1 -> 1
[DP-fwdX] L=0 states=1 -> 1
[DP-fwdX] L=0 states=1 -> 1
[DP-bwdX] L=16 states=1 -> 1
[DP-bwdX] L=16 states=1 -> 1
[DP-bwdX] L=16 states=1 -> 1
[DP-fwdX] L=16 states=1 -> 1
[DP-bwdX] L=32 states=1 -> 1
[DP-fwdX] L=16 states=1 -> 1
[DP-fwdX] L=16 states=1 -> 1
[DP-fwdX] L=16 states=1 -> 1
[DP-bwdX] L=32 states=1 -> 1
[DP-bwdX] L=32 states=1 -> 1
[DP-bwdX] L=32 states=1 -> 1
[DP-fwdX] L=32 states=1 -> 1
[DP-bwdX] L=64 states=1 -> 1
[DP-fwdX] L=32 states=1 -> 1
[DP-bwdX] L=48 states=1 -> 1
[DP-fwdX] L=32 states=1 -> 1
[DP-fwdX] L=32 states=1 -> 1
[DP-fwdX] L=32 states=1 -> 1
[DP-bwdX] L=48 states=1 -> 1
[DP-bwdX] L=48 states=1 -> 1
[DP-bwdX] L=48 states=1 -> 1
[DP-fwdX] L=48 states=1 -> 1
[DP-bwdX] L=64 states=1 -> 1
[DP-fwdX] L=48 states=1 -> 1
[DP-fwdX] L=48 states=1 -> 1
[DP-fwdX] L=48 states=1 -> 1
[DP-bwdX] L=64 states=1 -> 1
[DP-bwdX] L=64 states=1 -> 1
[DP-bwdX] L=64 states=1 -> 1
[RowSwapCTR] expand small 8x8 -> full 16x8  top_rows=4  bot_rows=4  ctr_rows=8  n_full=128
  [Round 130] T_prime=19  T_target=19  HPWL_w=479560  HPWL_eq=476  maxL=26  WNS(T')=-7  WNS*(T)=-7  picked=0  solve_ms=16.7957
[OC-Shortest/pow2] m=8 h=8 SEG=4 bits=32 words=1 threads=24
[DP-fwdX] L=0 states=1 -> 1
[DP-fwdX] L=16 states=141 -> 164
[DP-bwdX] L=64 states=1 -> 1
[DP-bwdX] L=48 states=141 -> 164
[DP-fwdX] L=0 states=1 -> 1
[DP-bwdX] L=32 states=1 -> 1
[DP-fwdX] L=0 states=1 -> 1
[DP-bwdX] L=16 states=1 -> 1
[DP-fwdX] L=0 states=1 -> 1
[DP-fwdX] L=0 states=1 -> 1
[DP-fwdX] L=0 states=1 -> 1
[DP-bwdX] L=16 states=1 -> 1
[DP-bwdX] L=16 states=1 -> 1
[DP-bwdX] L=16 states=1 -> 1
[DP-fwdX] L=16 states=1 -> 1
[DP-bwdX] L=32 states=1 -> 1
[DP-fwdX] L=16 states=1 -> 1
[DP-fwdX] L=16 states=1 -> 1
[DP-fwdX] L=16 states=1 -> 1
[DP-bwdX] L=32 states=1 -> 1
[DP-bwdX] L=32 states=1 -> 1
[DP-bwdX] L=32 states=1 -> 1
[DP-fwdX] L=32 states=1 -> 1
[DP-bwdX] L=64 states=1 -> 1
[DP-fwdX] L=32 states=1 -> 1
[DP-bwdX] L=48 states=1 -> 1
[DP-fwdX] L=32 states=1 -> 1
[DP-fwdX] L=32 states=1 -> 1
[DP-fwdX] L=32 states=1 -> 1
[DP-bwdX] L=48 states=1 -> 1
[DP-bwdX] L=48 states=1 -> 1
[DP-bwdX] L=48 states=1 -> 1
[DP-fwdX] L=48 states=1 -> 1
[DP-bwdX] L=64 states=1 -> 1
[DP-fwdX] L=48 states=1 -> 1
[DP-fwdX] L=48 states=1 -> 1
[DP-fwdX] L=48 states=1 -> 1
[DP-bwdX] L=64 states=1 -> 1
[DP-bwdX] L=64 states=1 -> 1
[DP-bwdX] L=64 states=1 -> 1
[RowSwapCTR] expand small 8x8 -> full 16x8  top_rows=4  bot_rows=4  ctr_rows=8  n_full=128
  [Round 131] T_prime=19  T_target=19  HPWL_w=479560  HPWL_eq=476  maxL=26  WNS(T')=-7  WNS*(T)=-7  picked=0  solve_ms=17.0154
[OC-Shortest/pow2] m=8 h=8 SEG=4 bits=32 words=1 threads=24
[DP-fwdX] L=0 states=1 -> 1
[DP-fwdX] L=16 states=141 -> 164
[DP-bwdX] L=64 states=1 -> 1
[DP-bwdX] L=48 states=141 -> 164
[DP-fwdX] L=0 states=1 -> 1
[DP-bwdX] L=32 states=1 -> 1
[DP-fwdX] L=0 states=1 -> 1
[DP-bwdX] L=16 states=1 -> 1
[DP-fwdX] L=0 states=1 -> 1
[DP-fwdX] L=0 states=1 -> 1
[DP-fwdX] L=0 states=1 -> 1
[DP-bwdX] L=16 states=1 -> 1
[DP-bwdX] L=16 states=1 -> 1
[DP-bwdX] L=16 states=1 -> 1
[DP-fwdX] L=16 states=1 -> 1
[DP-bwdX] L=32 states=1 -> 1
[DP-fwdX] L=16 states=1 -> 1
[DP-fwdX] L=16 states=1 -> 1
[DP-fwdX] L=16 states=1 -> 1
[DP-bwdX] L=32 states=1 -> 1
[DP-bwdX] L=32 states=1 -> 1
[DP-bwdX] L=32 states=1 -> 1
[DP-fwdX] L=32 states=1 -> 1
[DP-bwdX] L=64 states=1 -> 1
[DP-fwdX] L=32 states=1 -> 1
[DP-bwdX] L=48 states=1 -> 1
[DP-fwdX] L=32 states=1 -> 1
[DP-fwdX] L=32 states=1 -> 1
[DP-fwdX] L=32 states=1 -> 1
[DP-bwdX] L=48 states=1 -> 1
[DP-bwdX] L=48 states=1 -> 1
[DP-bwdX] L=48 states=1 -> 1
[DP-fwdX] L=48 states=1 -> 1
[DP-bwdX] L=64 states=1 -> 1
[DP-fwdX] L=48 states=1 -> 1
[DP-fwdX] L=48 states=1 -> 1
[DP-fwdX] L=48 states=1 -> 1
[DP-bwdX] L=64 states=1 -> 1
[DP-bwdX] L=64 states=1 -> 1
[DP-bwdX] L=64 states=1 -> 1
[RowSwapCTR] expand small 8x8 -> full 16x8  top_rows=4  bot_rows=4  ctr_rows=8  n_full=128
  [Round 132] T_prime=19  T_target=19  HPWL_w=479560  HPWL_eq=476  maxL=26  WNS(T')=-7  WNS*(T)=-7  picked=0  solve_ms=16.9981
[OC-Shortest/pow2] m=8 h=8 SEG=4 bits=32 words=1 threads=24
[DP-fwdX] L=0 states=1 -> 1
[DP-fwdX] L=16 states=141 -> 164
[DP-bwdX] L=64 states=1 -> 1
[DP-bwdX] L=48 states=141 -> 164
[DP-fwdX] L=0 states=1 -> 1
[DP-bwdX] L=32 states=1 -> 1
[DP-fwdX] L=0 states=1 -> 1
[DP-bwdX] L=16 states=1 -> 1
[DP-fwdX] L=0 states=1 -> 1
[DP-fwdX] L=0 states=1 -> 1
[DP-fwdX] L=0 states=1 -> 1
[DP-bwdX] L=16 states=1 -> 1
[DP-bwdX] L=16 states=1 -> 1
[DP-bwdX] L=16 states=1 -> 1
[DP-fwdX] L=16 states=1 -> 1
[DP-bwdX] L=32 states=1 -> 1
[DP-fwdX] L=16 states=1 -> 1
[DP-fwdX] L=16 states=1 -> 1
[DP-fwdX] L=16 states=1 -> 1
[DP-bwdX] L=32 states=1 -> 1
[DP-bwdX] L=32 states=1 -> 1
[DP-bwdX] L=32 states=1 -> 1
[DP-fwdX] L=32 states=1 -> 1
[DP-bwdX] L=64 states=1 -> 1
[DP-fwdX] L=32 states=1 -> 1
[DP-bwdX] L=48 states=1 -> 1
[DP-fwdX] L=32 states=1 -> 1
[DP-fwdX] L=32 states=1 -> 1
[DP-fwdX] L=32 states=1 -> 1
[DP-bwdX] L=48 states=1 -> 1
[DP-bwdX] L=48 states=1 -> 1
[DP-bwdX] L=48 states=1 -> 1
[DP-fwdX] L=48 states=1 -> 1
[DP-bwdX] L=64 states=1 -> 1
[DP-fwdX] L=48 states=1 -> 1
[DP-fwdX] L=48 states=1 -> 1
[DP-fwdX] L=48 states=1 -> 1
[DP-bwdX] L=64 states=1 -> 1
[DP-bwdX] L=64 states=1 -> 1
[DP-bwdX] L=64 states=1 -> 1
[RowSwapCTR] expand small 8x8 -> full 16x8  top_rows=4  bot_rows=4  ctr_rows=8  n_full=128
  [Round 133] T_prime=19  T_target=19  HPWL_w=479560  HPWL_eq=476  maxL=26  WNS(T')=-7  WNS*(T)=-7  picked=0  solve_ms=16.979
[OC-Shortest/pow2] m=8 h=8 SEG=4 bits=32 words=1 threads=24
[DP-fwdX] L=0 states=1 -> 1
[DP-fwdX] L=16 states=141 -> 164
[DP-bwdX] L=64 states=1 -> 1
[DP-bwdX] L=48 states=141 -> 164
[DP-fwdX] L=0 states=1 -> 1
[DP-bwdX] L=32 states=1 -> 1
[DP-fwdX] L=0 states=1 -> 1
[DP-bwdX] L=16 states=1 -> 1
[DP-fwdX] L=0 states=1 -> 1
[DP-fwdX] L=0 states=1 -> 1
[DP-fwdX] L=0 states=1 -> 1
[DP-bwdX] L=16 states=1 -> 1
[DP-bwdX] L=16 states=1 -> 1
[DP-bwdX] L=16 states=1 -> 1
[DP-fwdX] L=16 states=1 -> 1
[DP-bwdX] L=32 states=1 -> 1
[DP-fwdX] L=16 states=1 -> 1
[DP-fwdX] L=16 states=1 -> 1
[DP-fwdX] L=16 states=1 -> 1
[DP-bwdX] L=32 states=1 -> 1
[DP-bwdX] L=32 states=1 -> 1
[DP-bwdX] L=32 states=1 -> 1
[DP-fwdX] L=32 states=1 -> 1
[DP-bwdX] L=64 states=1 -> 1
[DP-fwdX] L=32 states=1 -> 1
[DP-bwdX] L=48 states=1 -> 1
[DP-fwdX] L=32 states=1 -> 1
[DP-fwdX] L=32 states=1 -> 1
[DP-fwdX] L=32 states=1 -> 1
[DP-bwdX] L=48 states=1 -> 1
[DP-bwdX] L=48 states=1 -> 1
[DP-bwdX] L=48 states=1 -> 1
[DP-fwdX] L=48 states=1 -> 1
[DP-bwdX] L=64 states=1 -> 1
[DP-fwdX] L=48 states=1 -> 1
[DP-fwdX] L=48 states=1 -> 1
[DP-fwdX] L=48 states=1 -> 1
[DP-bwdX] L=64 states=1 -> 1
[DP-bwdX] L=64 states=1 -> 1
[DP-bwdX] L=64 states=1 -> 1
[RowSwapCTR] expand small 8x8 -> full 16x8  top_rows=4  bot_rows=4  ctr_rows=8  n_full=128
  [Round 134] T_prime=19  T_target=19  HPWL_w=479560  HPWL_eq=476  maxL=26  WNS(T')=-7  WNS*(T)=-7  picked=0  solve_ms=16.96
[OC-Shortest/pow2] m=8 h=8 SEG=4 bits=32 words=1 threads=24
[DP-fwdX] L=0 states=1 -> 1
[DP-fwdX] L=16 states=141 -> 164
[DP-bwdX] L=64 states=1 -> 1
[DP-bwdX] L=48 states=141 -> 164
[DP-fwdX] L=0 states=1 -> 1
[DP-bwdX] L=32 states=1 -> 1
[DP-fwdX] L=0 states=1 -> 1
[DP-bwdX] L=16 states=1 -> 1
[DP-fwdX] L=0 states=1 -> 1
[DP-fwdX] L=0 states=1 -> 1
[DP-fwdX] L=0 states=1 -> 1
[DP-bwdX] L=16 states=1 -> 1
[DP-bwdX] L=16 states=1 -> 1
[DP-bwdX] L=16 states=1 -> 1
[DP-fwdX] L=16 states=1 -> 1
[DP-bwdX] L=32 states=1 -> 1
[DP-fwdX] L=16 states=1 -> 1
[DP-fwdX] L=16 states=1 -> 1
[DP-fwdX] L=16 states=1 -> 1
[DP-bwdX] L=32 states=1 -> 1
[DP-bwdX] L=32 states=1 -> 1
[DP-bwdX] L=32 states=1 -> 1
[DP-fwdX] L=32 states=1 -> 1
[DP-bwdX] L=64 states=1 -> 1
[DP-fwdX] L=32 states=1 -> 1
[DP-bwdX] L=48 states=1 -> 1
[DP-fwdX] L=32 states=1 -> 1
[DP-fwdX] L=32 states=1 -> 1
[DP-fwdX] L=32 states=1 -> 1
[DP-bwdX] L=48 states=1 -> 1
[DP-bwdX] L=48 states=1 -> 1
[DP-bwdX] L=48 states=1 -> 1
[DP-fwdX] L=48 states=1 -> 1
[DP-bwdX] L=64 states=1 -> 1
[DP-fwdX] L=48 states=1 -> 1
[DP-fwdX] L=48 states=1 -> 1
[DP-fwdX] L=48 states=1 -> 1
[DP-bwdX] L=64 states=1 -> 1
[DP-bwdX] L=64 states=1 -> 1
[DP-bwdX] L=64 states=1 -> 1
[RowSwapCTR] expand small 8x8 -> full 16x8  top_rows=4  bot_rows=4  ctr_rows=8  n_full=128
  [Round 135] T_prime=19  T_target=19  HPWL_w=479560  HPWL_eq=476  maxL=26  WNS(T')=-7  WNS*(T)=-7  picked=0  solve_ms=17.0836
[OC-Shortest/pow2] m=8 h=8 SEG=4 bits=32 words=1 threads=24
[DP-fwdX] L=0 states=1 -> 1
[DP-fwdX] L=16 states=141 -> 164
[DP-bwdX] L=64 states=1 -> 1
[DP-bwdX] L=48 states=141 -> 164
[DP-fwdX] L=0 states=1 -> 1
[DP-bwdX] L=32 states=1 -> 1
[DP-fwdX] L=0 states=1 -> 1
[DP-bwdX] L=16 states=1 -> 1
[DP-fwdX] L=0 states=1 -> 1
[DP-fwdX] L=0 states=1 -> 1
[DP-fwdX] L=0 states=1 -> 1
[DP-bwdX] L=16 states=1 -> 1
[DP-bwdX] L=16 states=1 -> 1
[DP-bwdX] L=16 states=1 -> 1
[DP-fwdX] L=16 states=1 -> 1
[DP-bwdX] L=32 states=1 -> 1
[DP-fwdX] L=16 states=1 -> 1
[DP-fwdX] L=16 states=1 -> 1
[DP-fwdX] L=16 states=1 -> 1
[DP-bwdX] L=32 states=1 -> 1
[DP-bwdX] L=32 states=1 -> 1
[DP-bwdX] L=32 states=1 -> 1
[DP-fwdX] L=32 states=1 -> 1
[DP-bwdX] L=64 states=1 -> 1
[DP-fwdX] L=32 states=1 -> 1
[DP-bwdX] L=48 states=1 -> 1
[DP-fwdX] L=32 states=1 -> 1
[DP-fwdX] L=32 states=1 -> 1
[DP-fwdX] L=32 states=1 -> 1
[DP-bwdX] L=48 states=1 -> 1
[DP-bwdX] L=48 states=1 -> 1
[DP-bwdX] L=48 states=1 -> 1
[DP-fwdX] L=48 states=1 -> 1
[DP-bwdX] L=64 states=1 -> 1
[DP-fwdX] L=48 states=1 -> 1
[DP-fwdX] L=48 states=1 -> 1
[DP-fwdX] L=48 states=1 -> 1
[DP-bwdX] L=64 states=1 -> 1
[DP-bwdX] L=64 states=1 -> 1
[DP-bwdX] L=64 states=1 -> 1
[RowSwapCTR] expand small 8x8 -> full 16x8  top_rows=4  bot_rows=4  ctr_rows=8  n_full=128
  [Round 136] T_prime=19  T_target=19  HPWL_w=479560  HPWL_eq=476  maxL=26  WNS(T')=-7  WNS*(T)=-7  picked=0  solve_ms=17.0972
[OC-Shortest/pow2] m=8 h=8 SEG=4 bits=32 words=1 threads=24
[DP-fwdX] L=0 states=1 -> 1
[DP-fwdX] L=16 states=141 -> 164
[DP-bwdX] L=64 states=1 -> 1
[DP-bwdX] L=48 states=141 -> 164
[DP-fwdX] L=0 states=1 -> 1
[DP-bwdX] L=32 states=1 -> 1
[DP-fwdX] L=0 states=1 -> 1
[DP-bwdX] L=16 states=1 -> 1
[DP-fwdX] L=0 states=1 -> 1
[DP-fwdX] L=0 states=1 -> 1
[DP-fwdX] L=0 states=1 -> 1
[DP-bwdX] L=16 states=1 -> 1
[DP-bwdX] L=16 states=1 -> 1
[DP-bwdX] L=16 states=1 -> 1
[DP-fwdX] L=16 states=1 -> 1
[DP-bwdX] L=32 states=1 -> 1
[DP-fwdX] L=16 states=1 -> 1
[DP-fwdX] L=16 states=1 -> 1
[DP-fwdX] L=16 states=1 -> 1
[DP-bwdX] L=32 states=1 -> 1
[DP-bwdX] L=32 states=1 -> 1
[DP-bwdX] L=32 states=1 -> 1
[DP-fwdX] L=32 states=1 -> 1
[DP-bwdX] L=64 states=1 -> 1
[DP-fwdX] L=32 states=1 -> 1
[DP-bwdX] L=48 states=1 -> 1
[DP-fwdX] L=32 states=1 -> 1
[DP-fwdX] L=32 states=1 -> 1
[DP-fwdX] L=32 states=1 -> 1
[DP-bwdX] L=48 states=1 -> 1
[DP-bwdX] L=48 states=1 -> 1
[DP-bwdX] L=48 states=1 -> 1
[DP-fwdX] L=48 states=1 -> 1
[DP-bwdX] L=64 states=1 -> 1
[DP-fwdX] L=48 states=1 -> 1
[DP-fwdX] L=48 states=1 -> 1
[DP-fwdX] L=48 states=1 -> 1
[DP-bwdX] L=64 states=1 -> 1
[DP-bwdX] L=64 states=1 -> 1
[DP-bwdX] L=64 states=1 -> 1
[RowSwapCTR] expand small 8x8 -> full 16x8  top_rows=4  bot_rows=4  ctr_rows=8  n_full=128
  [Round 137] T_prime=19  T_target=19  HPWL_w=479560  HPWL_eq=476  maxL=26  WNS(T')=-7  WNS*(T)=-7  picked=0  solve_ms=17.0188
[OC-Shortest/pow2] m=8 h=8 SEG=4 bits=32 words=1 threads=24
[DP-fwdX] L=0 states=1 -> 1
[DP-fwdX] L=16 states=141 -> 164
[DP-bwdX] L=64 states=1 -> 1
[DP-bwdX] L=48 states=141 -> 164
[DP-fwdX] L=0 states=1 -> 1
[DP-bwdX] L=32 states=1 -> 1
[DP-fwdX] L=0 states=1 -> 1
[DP-bwdX] L=16 states=1 -> 1
[DP-fwdX] L=0 states=1 -> 1
[DP-fwdX] L=0 states=1 -> 1
[DP-fwdX] L=0 states=1 -> 1
[DP-bwdX] L=16 states=1 -> 1
[DP-bwdX] L=16 states=1 -> 1
[DP-bwdX] L=16 states=1 -> 1
[DP-fwdX] L=16 states=1 -> 1
[DP-bwdX] L=32 states=1 -> 1
[DP-fwdX] L=16 states=1 -> 1
[DP-fwdX] L=16 states=1 -> 1
[DP-fwdX] L=16 states=1 -> 1
[DP-bwdX] L=32 states=1 -> 1
[DP-bwdX] L=32 states=1 -> 1
[DP-bwdX] L=32 states=1 -> 1
[DP-fwdX] L=32 states=1 -> 1
[DP-bwdX] L=64 states=1 -> 1
[DP-fwdX] L=32 states=1 -> 1
[DP-bwdX] L=48 states=1 -> 1
[DP-fwdX] L=32 states=1 -> 1
[DP-fwdX] L=32 states=1 -> 1
[DP-fwdX] L=32 states=1 -> 1
[DP-bwdX] L=48 states=1 -> 1
[DP-bwdX] L=48 states=1 -> 1
[DP-bwdX] L=48 states=1 -> 1
[DP-fwdX] L=48 states=1 -> 1
[DP-bwdX] L=64 states=1 -> 1
[DP-fwdX] L=48 states=1 -> 1
[DP-fwdX] L=48 states=1 -> 1
[DP-fwdX] L=48 states=1 -> 1
[DP-bwdX] L=64 states=1 -> 1
[DP-bwdX] L=64 states=1 -> 1
[DP-bwdX] L=64 states=1 -> 1
[RowSwapCTR] expand small 8x8 -> full 16x8  top_rows=4  bot_rows=4  ctr_rows=8  n_full=128
  [Round 138] T_prime=19  T_target=19  HPWL_w=479560  HPWL_eq=476  maxL=26  WNS(T')=-7  WNS*(T)=-7  picked=0  solve_ms=16.8855
[OC-Shortest/pow2] m=8 h=8 SEG=4 bits=32 words=1 threads=24
[DP-fwdX] L=0 states=1 -> 1
[DP-fwdX] L=16 states=141 -> 164
[DP-bwdX] L=64 states=1 -> 1
[DP-bwdX] L=48 states=141 -> 164
[DP-fwdX] L=0 states=1 -> 1
[DP-bwdX] L=32 states=1 -> 1
[DP-fwdX] L=0 states=1 -> 1
[DP-bwdX] L=16 states=1 -> 1
[DP-fwdX] L=0 states=1 -> 1
[DP-fwdX] L=0 states=1 -> 1
[DP-fwdX] L=0 states=1 -> 1
[DP-bwdX] L=16 states=1 -> 1
[DP-bwdX] L=16 states=1 -> 1
[DP-bwdX] L=16 states=1 -> 1
[DP-fwdX] L=16 states=1 -> 1
[DP-bwdX] L=32 states=1 -> 1
[DP-fwdX] L=16 states=1 -> 1
[DP-fwdX] L=16 states=1 -> 1
[DP-fwdX] L=16 states=1 -> 1
[DP-bwdX] L=32 states=1 -> 1
[DP-bwdX] L=32 states=1 -> 1
[DP-bwdX] L=32 states=1 -> 1
[DP-fwdX] L=32 states=1 -> 1
[DP-bwdX] L=64 states=1 -> 1
[DP-fwdX] L=32 states=1 -> 1
[DP-bwdX] L=48 states=1 -> 1
[DP-fwdX] L=32 states=1 -> 1
[DP-fwdX] L=32 states=1 -> 1
[DP-fwdX] L=32 states=1 -> 1
[DP-bwdX] L=48 states=1 -> 1
[DP-bwdX] L=48 states=1 -> 1
[DP-bwdX] L=48 states=1 -> 1
[DP-fwdX] L=48 states=1 -> 1
[DP-bwdX] L=64 states=1 -> 1
[DP-fwdX] L=48 states=1 -> 1
[DP-fwdX] L=48 states=1 -> 1
[DP-fwdX] L=48 states=1 -> 1
[DP-bwdX] L=64 states=1 -> 1
[DP-bwdX] L=64 states=1 -> 1
[DP-bwdX] L=64 states=1 -> 1
[RowSwapCTR] expand small 8x8 -> full 16x8  top_rows=4  bot_rows=4  ctr_rows=8  n_full=128
  [Round 139] T_prime=19  T_target=19  HPWL_w=479560  HPWL_eq=476  maxL=26  WNS(T')=-7  WNS*(T)=-7  picked=0  solve_ms=16.8781
[OC-Shortest/pow2] m=8 h=8 SEG=4 bits=32 words=1 threads=24
[DP-fwdX] L=0 states=1 -> 1
[DP-fwdX] L=16 states=141 -> 164
[DP-bwdX] L=64 states=1 -> 1
[DP-bwdX] L=48 states=141 -> 164
[DP-fwdX] L=0 states=1 -> 1
[DP-bwdX] L=32 states=1 -> 1
[DP-fwdX] L=0 states=1 -> 1
[DP-bwdX] L=16 states=1 -> 1
[DP-fwdX] L=0 states=1 -> 1
[DP-fwdX] L=0 states=1 -> 1
[DP-fwdX] L=0 states=1 -> 1
[DP-bwdX] L=16 states=1 -> 1
[DP-bwdX] L=16 states=1 -> 1
[DP-bwdX] L=16 states=1 -> 1
[DP-fwdX] L=16 states=1 -> 1
[DP-bwdX] L=32 states=1 -> 1
[DP-fwdX] L=16 states=1 -> 1
[DP-fwdX] L=16 states=1 -> 1
[DP-fwdX] L=16 states=1 -> 1
[DP-bwdX] L=32 states=1 -> 1
[DP-bwdX] L=32 states=1 -> 1
[DP-bwdX] L=32 states=1 -> 1
[DP-fwdX] L=32 states=1 -> 1
[DP-bwdX] L=64 states=1 -> 1
[DP-fwdX] L=32 states=1 -> 1
[DP-bwdX] L=48 states=1 -> 1
[DP-fwdX] L=32 states=1 -> 1
[DP-fwdX] L=32 states=1 -> 1
[DP-fwdX] L=32 states=1 -> 1
[DP-bwdX] L=48 states=1 -> 1
[DP-bwdX] L=48 states=1 -> 1
[DP-bwdX] L=48 states=1 -> 1
[DP-fwdX] L=48 states=1 -> 1
[DP-bwdX] L=64 states=1 -> 1
[DP-fwdX] L=48 states=1 -> 1
[DP-fwdX] L=48 states=1 -> 1
[DP-fwdX] L=48 states=1 -> 1
[DP-bwdX] L=64 states=1 -> 1
[DP-bwdX] L=64 states=1 -> 1
[DP-bwdX] L=64 states=1 -> 1
[RowSwapCTR] expand small 8x8 -> full 16x8  top_rows=4  bot_rows=4  ctr_rows=8  n_full=128
  [Round 140] T_prime=19  T_target=19  HPWL_w=479560  HPWL_eq=476  maxL=26  WNS(T')=-7  WNS*(T)=-7  picked=0  solve_ms=16.9794
[OC-Shortest/pow2] m=8 h=8 SEG=4 bits=32 words=1 threads=24
[DP-fwdX] L=0 states=1 -> 1
[DP-fwdX] L=16 states=141 -> 164
[DP-bwdX] L=64 states=1 -> 1
[DP-bwdX] L=48 states=141 -> 164
[DP-fwdX] L=0 states=1 -> 1
[DP-bwdX] L=32 states=1 -> 1
[DP-fwdX] L=0 states=1 -> 1
[DP-bwdX] L=16 states=1 -> 1
[DP-fwdX] L=0 states=1 -> 1
[DP-fwdX] L=0 states=1 -> 1
[DP-fwdX] L=0 states=1 -> 1
[DP-bwdX] L=16 states=1 -> 1
[DP-bwdX] L=16 states=1 -> 1
[DP-bwdX] L=16 states=1 -> 1
[DP-fwdX] L=16 states=1 -> 1
[DP-bwdX] L=32 states=1 -> 1
[DP-fwdX] L=16 states=1 -> 1
[DP-fwdX] L=16 states=1 -> 1
[DP-fwdX] L=16 states=1 -> 1
[DP-bwdX] L=32 states=1 -> 1
[DP-bwdX] L=32 states=1 -> 1
[DP-bwdX] L=32 states=1 -> 1
[DP-fwdX] L=32 states=1 -> 1
[DP-bwdX] L=64 states=1 -> 1
[DP-fwdX] L=32 states=1 -> 1
[DP-bwdX] L=48 states=1 -> 1
[DP-fwdX] L=32 states=1 -> 1
[DP-fwdX] L=32 states=1 -> 1
[DP-fwdX] L=32 states=1 -> 1
[DP-bwdX] L=48 states=1 -> 1
[DP-bwdX] L=48 states=1 -> 1
[DP-bwdX] L=48 states=1 -> 1
[DP-fwdX] L=48 states=1 -> 1
[DP-bwdX] L=64 states=1 -> 1
[DP-fwdX] L=48 states=1 -> 1
[DP-fwdX] L=48 states=1 -> 1
[DP-fwdX] L=48 states=1 -> 1
[DP-bwdX] L=64 states=1 -> 1
[DP-bwdX] L=64 states=1 -> 1
[DP-bwdX] L=64 states=1 -> 1
[RowSwapCTR] expand small 8x8 -> full 16x8  top_rows=4  bot_rows=4  ctr_rows=8  n_full=128
  [Round 141] T_prime=19  T_target=19  HPWL_w=479560  HPWL_eq=476  maxL=26  WNS(T')=-7  WNS*(T)=-7  picked=0  solve_ms=17.0486
[OC-Shortest/pow2] m=8 h=8 SEG=4 bits=32 words=1 threads=24
[DP-fwdX] L=0 states=1 -> 1
[DP-fwdX] L=16 states=141 -> 164
[DP-bwdX] L=64 states=1 -> 1
[DP-bwdX] L=48 states=141 -> 164
[DP-fwdX] L=0 states=1 -> 1
[DP-bwdX] L=32 states=1 -> 1
[DP-fwdX] L=0 states=1 -> 1
[DP-bwdX] L=16 states=1 -> 1
[DP-fwdX] L=0 states=1 -> 1
[DP-fwdX] L=0 states=1 -> 1
[DP-fwdX] L=0 states=1 -> 1
[DP-bwdX] L=16 states=1 -> 1
[DP-bwdX] L=16 states=1 -> 1
[DP-bwdX] L=16 states=1 -> 1
[DP-fwdX] L=16 states=1 -> 1
[DP-bwdX] L=32 states=1 -> 1
[DP-fwdX] L=16 states=1 -> 1
[DP-fwdX] L=16 states=1 -> 1
[DP-fwdX] L=16 states=1 -> 1
[DP-bwdX] L=32 states=1 -> 1
[DP-bwdX] L=32 states=1 -> 1
[DP-bwdX] L=32 states=1 -> 1
[DP-fwdX] L=32 states=1 -> 1
[DP-bwdX] L=64 states=1 -> 1
[DP-fwdX] L=32 states=1 -> 1
[DP-bwdX] L=48 states=1 -> 1
[DP-fwdX] L=32 states=1 -> 1
[DP-fwdX] L=32 states=1 -> 1
[DP-fwdX] L=32 states=1 -> 1
[DP-bwdX] L=48 states=1 -> 1
[DP-bwdX] L=48 states=1 -> 1
[DP-bwdX] L=48 states=1 -> 1
[DP-fwdX] L=48 states=1 -> 1
[DP-bwdX] L=64 states=1 -> 1
[DP-fwdX] L=48 states=1 -> 1
[DP-fwdX] L=48 states=1 -> 1
[DP-fwdX] L=48 states=1 -> 1
[DP-bwdX] L=64 states=1 -> 1
[DP-bwdX] L=64 states=1 -> 1
[DP-bwdX] L=64 states=1 -> 1
[RowSwapCTR] expand small 8x8 -> full 16x8  top_rows=4  bot_rows=4  ctr_rows=8  n_full=128
  [Round 142] T_prime=19  T_target=19  HPWL_w=479560  HPWL_eq=476  maxL=26  WNS(T')=-7  WNS*(T)=-7  picked=0  solve_ms=16.8504
[OC-Shortest/pow2] m=8 h=8 SEG=4 bits=32 words=1 threads=24
[DP-fwdX] L=0 states=1 -> 1
[DP-fwdX] L=16 states=141 -> 164
[DP-bwdX] L=64 states=1 -> 1
[DP-bwdX] L=48 states=141 -> 164
[DP-fwdX] L=0 states=1 -> 1
[DP-bwdX] L=32 states=1 -> 1
[DP-fwdX] L=0 states=1 -> 1
[DP-bwdX] L=16 states=1 -> 1
[DP-fwdX] L=0 states=1 -> 1
[DP-fwdX] L=0 states=1 -> 1
[DP-fwdX] L=0 states=1 -> 1
[DP-bwdX] L=16 states=1 -> 1
[DP-bwdX] L=16 states=1 -> 1
[DP-bwdX] L=16 states=1 -> 1
[DP-fwdX] L=16 states=1 -> 1
[DP-bwdX] L=32 states=1 -> 1
[DP-fwdX] L=16 states=1 -> 1
[DP-fwdX] L=16 states=1 -> 1
[DP-fwdX] L=16 states=1 -> 1
[DP-bwdX] L=32 states=1 -> 1
[DP-bwdX] L=32 states=1 -> 1
[DP-bwdX] L=32 states=1 -> 1
[DP-fwdX] L=32 states=1 -> 1
[DP-bwdX] L=64 states=1 -> 1
[DP-fwdX] L=32 states=1 -> 1
[DP-bwdX] L=48 states=1 -> 1
[DP-fwdX] L=32 states=1 -> 1
[DP-fwdX] L=32 states=1 -> 1
[DP-fwdX] L=32 states=1 -> 1
[DP-bwdX] L=48 states=1 -> 1
[DP-bwdX] L=48 states=1 -> 1
[DP-bwdX] L=48 states=1 -> 1
[DP-fwdX] L=48 states=1 -> 1
[DP-bwdX] L=64 states=1 -> 1
[DP-fwdX] L=48 states=1 -> 1
[DP-fwdX] L=48 states=1 -> 1
[DP-fwdX] L=48 states=1 -> 1
[DP-bwdX] L=64 states=1 -> 1
[DP-bwdX] L=64 states=1 -> 1
[DP-bwdX] L=64 states=1 -> 1
[RowSwapCTR] expand small 8x8 -> full 16x8  top_rows=4  bot_rows=4  ctr_rows=8  n_full=128
  [Round 143] T_prime=19  T_target=19  HPWL_w=479560  HPWL_eq=476  maxL=26  WNS(T')=-7  WNS*(T)=-7  picked=0  solve_ms=16.8869
[OC-Shortest/pow2] m=8 h=8 SEG=4 bits=32 words=1 threads=24
[DP-fwdX] L=0 states=1 -> 1
[DP-fwdX] L=16 states=141 -> 164
[DP-bwdX] L=64 states=1 -> 1
[DP-bwdX] L=48 states=141 -> 164
[DP-fwdX] L=0 states=1 -> 1
[DP-bwdX] L=32 states=1 -> 1
[DP-fwdX] L=0 states=1 -> 1
[DP-bwdX] L=16 states=1 -> 1
[DP-fwdX] L=0 states=1 -> 1
[DP-fwdX] L=0 states=1 -> 1
[DP-fwdX] L=0 states=1 -> 1
[DP-bwdX] L=16 states=1 -> 1
[DP-bwdX] L=16 states=1 -> 1
[DP-bwdX] L=16 states=1 -> 1
[DP-fwdX] L=16 states=1 -> 1
[DP-bwdX] L=32 states=1 -> 1
[DP-fwdX] L=16 states=1 -> 1
[DP-fwdX] L=16 states=1 -> 1
[DP-fwdX] L=16 states=1 -> 1
[DP-bwdX] L=32 states=1 -> 1
[DP-bwdX] L=32 states=1 -> 1
[DP-bwdX] L=32 states=1 -> 1
[DP-fwdX] L=32 states=1 -> 1
[DP-bwdX] L=64 states=1 -> 1
[DP-fwdX] L=32 states=1 -> 1
[DP-bwdX] L=48 states=1 -> 1
[DP-fwdX] L=32 states=1 -> 1
[DP-fwdX] L=32 states=1 -> 1
[DP-fwdX] L=32 states=1 -> 1
[DP-bwdX] L=48 states=1 -> 1
[DP-bwdX] L=48 states=1 -> 1
[DP-bwdX] L=48 states=1 -> 1
[DP-fwdX] L=48 states=1 -> 1
[DP-bwdX] L=64 states=1 -> 1
[DP-fwdX] L=48 states=1 -> 1
[DP-fwdX] L=48 states=1 -> 1
[DP-fwdX] L=48 states=1 -> 1
[DP-bwdX] L=64 states=1 -> 1
[DP-bwdX] L=64 states=1 -> 1
[DP-bwdX] L=64 states=1 -> 1
[RowSwapCTR] expand small 8x8 -> full 16x8  top_rows=4  bot_rows=4  ctr_rows=8  n_full=128
  [Round 144] T_prime=19  T_target=19  HPWL_w=479560  HPWL_eq=476  maxL=26  WNS(T')=-7  WNS*(T)=-7  picked=0  solve_ms=16.8594
[OC-Shortest/pow2] m=8 h=8 SEG=4 bits=32 words=1 threads=24
[DP-fwdX] L=0 states=1 -> 1
[DP-fwdX] L=16 states=141 -> 164
[DP-bwdX] L=64 states=1 -> 1
[DP-bwdX] L=48 states=141 -> 164
[DP-fwdX] L=0 states=1 -> 1
[DP-bwdX] L=32 states=1 -> 1
[DP-fwdX] L=0 states=1 -> 1
[DP-bwdX] L=16 states=1 -> 1
[DP-fwdX] L=0 states=1 -> 1
[DP-fwdX] L=0 states=1 -> 1
[DP-fwdX] L=0 states=1 -> 1
[DP-bwdX] L=16 states=1 -> 1
[DP-bwdX] L=16 states=1 -> 1
[DP-bwdX] L=16 states=1 -> 1
[DP-fwdX] L=16 states=1 -> 1
[DP-bwdX] L=32 states=1 -> 1
[DP-fwdX] L=16 states=1 -> 1
[DP-fwdX] L=16 states=1 -> 1
[DP-fwdX] L=16 states=1 -> 1
[DP-bwdX] L=32 states=1 -> 1
[DP-bwdX] L=32 states=1 -> 1
[DP-bwdX] L=32 states=1 -> 1
[DP-fwdX] L=32 states=1 -> 1
[DP-bwdX] L=64 states=1 -> 1
[DP-fwdX] L=32 states=1 -> 1
[DP-bwdX] L=48 states=1 -> 1
[DP-fwdX] L=32 states=1 -> 1
[DP-fwdX] L=32 states=1 -> 1
[DP-fwdX] L=32 states=1 -> 1
[DP-bwdX] L=48 states=1 -> 1
[DP-bwdX] L=48 states=1 -> 1
[DP-bwdX] L=48 states=1 -> 1
[DP-fwdX] L=48 states=1 -> 1
[DP-bwdX] L=64 states=1 -> 1
[DP-fwdX] L=48 states=1 -> 1
[DP-fwdX] L=48 states=1 -> 1
[DP-fwdX] L=48 states=1 -> 1
[DP-bwdX] L=64 states=1 -> 1
[DP-bwdX] L=64 states=1 -> 1
[DP-bwdX] L=64 states=1 -> 1
[RowSwapCTR] expand small 8x8 -> full 16x8  top_rows=4  bot_rows=4  ctr_rows=8  n_full=128
  [Round 145] T_prime=19  T_target=19  HPWL_w=479560  HPWL_eq=476  maxL=26  WNS(T')=-7  WNS*(T)=-7  picked=0  solve_ms=17.0543
[OC-Shortest/pow2] m=8 h=8 SEG=4 bits=32 words=1 threads=24
[DP-fwdX] L=0 states=1 -> 1
[DP-fwdX] L=16 states=141 -> 164
[DP-bwdX] L=64 states=1 -> 1
[DP-bwdX] L=48 states=141 -> 164
[DP-fwdX] L=0 states=1 -> 1
[DP-bwdX] L=32 states=1 -> 1
[DP-fwdX] L=0 states=1 -> 1
[DP-bwdX] L=16 states=1 -> 1
[DP-fwdX] L=0 states=1 -> 1
[DP-fwdX] L=0 states=1 -> 1
[DP-fwdX] L=0 states=1 -> 1
[DP-bwdX] L=16 states=1 -> 1
[DP-bwdX] L=16 states=1 -> 1
[DP-bwdX] L=16 states=1 -> 1
[DP-fwdX] L=16 states=1 -> 1
[DP-bwdX] L=32 states=1 -> 1
[DP-fwdX] L=16 states=1 -> 1
[DP-fwdX] L=16 states=1 -> 1
[DP-fwdX] L=16 states=1 -> 1
[DP-bwdX] L=32 states=1 -> 1
[DP-bwdX] L=32 states=1 -> 1
[DP-bwdX] L=32 states=1 -> 1
[DP-fwdX] L=32 states=1 -> 1
[DP-bwdX] L=64 states=1 -> 1
[DP-fwdX] L=32 states=1 -> 1
[DP-bwdX] L=48 states=1 -> 1
[DP-fwdX] L=32 states=1 -> 1
[DP-fwdX] L=32 states=1 -> 1
[DP-fwdX] L=32 states=1 -> 1
[DP-bwdX] L=48 states=1 -> 1
[DP-bwdX] L=48 states=1 -> 1
[DP-bwdX] L=48 states=1 -> 1
[DP-fwdX] L=48 states=1 -> 1
[DP-bwdX] L=64 states=1 -> 1
[DP-fwdX] L=48 states=1 -> 1
[DP-fwdX] L=48 states=1 -> 1
[DP-fwdX] L=48 states=1 -> 1
[DP-bwdX] L=64 states=1 -> 1
[DP-bwdX] L=64 states=1 -> 1
[DP-bwdX] L=64 states=1 -> 1
[RowSwapCTR] expand small 8x8 -> full 16x8  top_rows=4  bot_rows=4  ctr_rows=8  n_full=128
  [Round 146] T_prime=19  T_target=19  HPWL_w=479560  HPWL_eq=476  maxL=26  WNS(T')=-7  WNS*(T)=-7  picked=0  solve_ms=16.874
[OC-Shortest/pow2] m=8 h=8 SEG=4 bits=32 words=1 threads=24
[DP-fwdX] L=0 states=1 -> 1
[DP-fwdX] L=16 states=141 -> 164
[DP-bwdX] L=64 states=1 -> 1
[DP-bwdX] L=48 states=141 -> 164
[DP-fwdX] L=0 states=1 -> 1
[DP-bwdX] L=32 states=1 -> 1
[DP-fwdX] L=0 states=1 -> 1
[DP-bwdX] L=16 states=1 -> 1
[DP-fwdX] L=0 states=1 -> 1
[DP-fwdX] L=0 states=1 -> 1
[DP-fwdX] L=0 states=1 -> 1
[DP-bwdX] L=16 states=1 -> 1
[DP-bwdX] L=16 states=1 -> 1
[DP-bwdX] L=16 states=1 -> 1
[DP-fwdX] L=16 states=1 -> 1
[DP-bwdX] L=32 states=1 -> 1
[DP-fwdX] L=16 states=1 -> 1
[DP-fwdX] L=16 states=1 -> 1
[DP-fwdX] L=16 states=1 -> 1
[DP-bwdX] L=32 states=1 -> 1
[DP-bwdX] L=32 states=1 -> 1
[DP-bwdX] L=32 states=1 -> 1
[DP-fwdX] L=32 states=1 -> 1
[DP-bwdX] L=64 states=1 -> 1
[DP-fwdX] L=32 states=1 -> 1
[DP-bwdX] L=48 states=1 -> 1
[DP-fwdX] L=32 states=1 -> 1
[DP-fwdX] L=32 states=1 -> 1
[DP-fwdX] L=32 states=1 -> 1
[DP-bwdX] L=48 states=1 -> 1
[DP-bwdX] L=48 states=1 -> 1
[DP-bwdX] L=48 states=1 -> 1
[DP-fwdX] L=48 states=1 -> 1
[DP-bwdX] L=64 states=1 -> 1
[DP-fwdX] L=48 states=1 -> 1
[DP-fwdX] L=48 states=1 -> 1
[DP-fwdX] L=48 states=1 -> 1
[DP-bwdX] L=64 states=1 -> 1
[DP-bwdX] L=64 states=1 -> 1
[DP-bwdX] L=64 states=1 -> 1
[RowSwapCTR] expand small 8x8 -> full 16x8  top_rows=4  bot_rows=4  ctr_rows=8  n_full=128
  [Round 147] T_prime=19  T_target=19  HPWL_w=479560  HPWL_eq=476  maxL=26  WNS(T')=-7  WNS*(T)=-7  picked=0  solve_ms=16.8724
[OC-Shortest/pow2] m=8 h=8 SEG=4 bits=32 words=1 threads=24
[DP-fwdX] L=0 states=1 -> 1
[DP-fwdX] L=16 states=141 -> 164
[DP-bwdX] L=64 states=1 -> 1
[DP-bwdX] L=48 states=141 -> 164
[DP-fwdX] L=0 states=1 -> 1
[DP-bwdX] L=32 states=1 -> 1
[DP-fwdX] L=0 states=1 -> 1
[DP-bwdX] L=16 states=1 -> 1
[DP-fwdX] L=0 states=1 -> 1
[DP-fwdX] L=0 states=1 -> 1
[DP-fwdX] L=0 states=1 -> 1
[DP-bwdX] L=16 states=1 -> 1
[DP-bwdX] L=16 states=1 -> 1
[DP-bwdX] L=16 states=1 -> 1
[DP-fwdX] L=16 states=1 -> 1
[DP-bwdX] L=32 states=1 -> 1
[DP-fwdX] L=16 states=1 -> 1
[DP-fwdX] L=16 states=1 -> 1
[DP-fwdX] L=16 states=1 -> 1
[DP-bwdX] L=32 states=1 -> 1
[DP-bwdX] L=32 states=1 -> 1
[DP-bwdX] L=32 states=1 -> 1
[DP-fwdX] L=32 states=1 -> 1
[DP-bwdX] L=64 states=1 -> 1
[DP-fwdX] L=32 states=1 -> 1
[DP-bwdX] L=48 states=1 -> 1
[DP-fwdX] L=32 states=1 -> 1
[DP-fwdX] L=32 states=1 -> 1
[DP-fwdX] L=32 states=1 -> 1
[DP-bwdX] L=48 states=1 -> 1
[DP-bwdX] L=48 states=1 -> 1
[DP-bwdX] L=48 states=1 -> 1
[DP-fwdX] L=48 states=1 -> 1
[DP-bwdX] L=64 states=1 -> 1
[DP-fwdX] L=48 states=1 -> 1
[DP-fwdX] L=48 states=1 -> 1
[DP-fwdX] L=48 states=1 -> 1
[DP-bwdX] L=64 states=1 -> 1
[DP-bwdX] L=64 states=1 -> 1
[DP-bwdX] L=64 states=1 -> 1
[RowSwapCTR] expand small 8x8 -> full 16x8  top_rows=4  bot_rows=4  ctr_rows=8  n_full=128
  [Round 148] T_prime=19  T_target=19  HPWL_w=479560  HPWL_eq=476  maxL=26  WNS(T')=-7  WNS*(T)=-7  picked=0  solve_ms=16.8769
[OC-Shortest/pow2] m=8 h=8 SEG=4 bits=32 words=1 threads=24
[DP-fwdX] L=0 states=1 -> 1
[DP-fwdX] L=16 states=141 -> 164
[DP-bwdX] L=64 states=1 -> 1
[DP-bwdX] L=48 states=141 -> 164
[DP-fwdX] L=0 states=1 -> 1
[DP-bwdX] L=32 states=1 -> 1
[DP-fwdX] L=0 states=1 -> 1
[DP-bwdX] L=16 states=1 -> 1
[DP-fwdX] L=0 states=1 -> 1
[DP-fwdX] L=0 states=1 -> 1
[DP-fwdX] L=0 states=1 -> 1
[DP-bwdX] L=16 states=1 -> 1
[DP-bwdX] L=16 states=1 -> 1
[DP-bwdX] L=16 states=1 -> 1
[DP-fwdX] L=16 states=1 -> 1
[DP-bwdX] L=32 states=1 -> 1
[DP-fwdX] L=16 states=1 -> 1
[DP-fwdX] L=16 states=1 -> 1
[DP-fwdX] L=16 states=1 -> 1
[DP-bwdX] L=32 states=1 -> 1
[DP-bwdX] L=32 states=1 -> 1
[DP-bwdX] L=32 states=1 -> 1
[DP-fwdX] L=32 states=1 -> 1
[DP-bwdX] L=64 states=1 -> 1
[DP-fwdX] L=32 states=1 -> 1
[DP-bwdX] L=48 states=1 -> 1
[DP-fwdX] L=32 states=1 -> 1
[DP-fwdX] L=32 states=1 -> 1
[DP-fwdX] L=32 states=1 -> 1
[DP-bwdX] L=48 states=1 -> 1
[DP-bwdX] L=48 states=1 -> 1
[DP-bwdX] L=48 states=1 -> 1
[DP-fwdX] L=48 states=1 -> 1
[DP-bwdX] L=64 states=1 -> 1
[DP-fwdX] L=48 states=1 -> 1
[DP-fwdX] L=48 states=1 -> 1
[DP-fwdX] L=48 states=1 -> 1
[DP-bwdX] L=64 states=1 -> 1
[DP-bwdX] L=64 states=1 -> 1
[DP-bwdX] L=64 states=1 -> 1
[RowSwapCTR] expand small 8x8 -> full 16x8  top_rows=4  bot_rows=4  ctr_rows=8  n_full=128
  [Round 149] T_prime=19  T_target=19  HPWL_w=479560  HPWL_eq=476  maxL=26  WNS(T')=-7  WNS*(T)=-7  picked=0  solve_ms=16.9446
[OC-Shortest/pow2] m=8 h=8 SEG=4 bits=32 words=1 threads=24
[DP-fwdX] L=0 states=1 -> 1
[DP-fwdX] L=16 states=141 -> 164
[DP-bwdX] L=64 states=1 -> 1
[DP-bwdX] L=48 states=141 -> 164
[DP-fwdX] L=0 states=1 -> 1
[DP-bwdX] L=32 states=1 -> 1
[DP-fwdX] L=0 states=1 -> 1
[DP-bwdX] L=16 states=1 -> 1
[DP-fwdX] L=0 states=1 -> 1
[DP-fwdX] L=0 states=1 -> 1
[DP-fwdX] L=0 states=1 -> 1
[DP-bwdX] L=16 states=1 -> 1
[DP-bwdX] L=16 states=1 -> 1
[DP-bwdX] L=16 states=1 -> 1
[DP-fwdX] L=16 states=1 -> 1
[DP-bwdX] L=32 states=1 -> 1
[DP-fwdX] L=16 states=1 -> 1
[DP-fwdX] L=16 states=1 -> 1
[DP-fwdX] L=16 states=1 -> 1
[DP-bwdX] L=32 states=1 -> 1
[DP-bwdX] L=32 states=1 -> 1
[DP-bwdX] L=32 states=1 -> 1
[DP-fwdX] L=32 states=1 -> 1
[DP-bwdX] L=64 states=1 -> 1
[DP-fwdX] L=32 states=1 -> 1
[DP-bwdX] L=48 states=1 -> 1
[DP-fwdX] L=32 states=1 -> 1
[DP-fwdX] L=32 states=1 -> 1
[DP-fwdX] L=32 states=1 -> 1
[DP-bwdX] L=48 states=1 -> 1
[DP-bwdX] L=48 states=1 -> 1
[DP-bwdX] L=48 states=1 -> 1
[DP-fwdX] L=48 states=1 -> 1
[DP-bwdX] L=64 states=1 -> 1
[DP-fwdX] L=48 states=1 -> 1
[DP-fwdX] L=48 states=1 -> 1
[DP-fwdX] L=48 states=1 -> 1
[DP-bwdX] L=64 states=1 -> 1
[DP-bwdX] L=64 states=1 -> 1
[DP-bwdX] L=64 states=1 -> 1
[RowSwapCTR] expand small 8x8 -> full 16x8  top_rows=4  bot_rows=4  ctr_rows=8  n_full=128
  [Round 150] T_prime=19  T_target=19  HPWL_w=479560  HPWL_eq=476  maxL=26  WNS(T')=-7  WNS*(T)=-7  picked=0  solve_ms=16.9135
[Policy] wrote placement to: placement16_Col_1_T_19.txt
[MultiCol] moved base placement to: ./base_placement_16x8_T_19.txt
[MultiCol] parsed base Y entries: 128 (expect 128)
[MultiCol] wrote multi-col placement: placement16_Col_2_T_19.txt
[MultiCol] done. placement=placement16_Col_2_T_19.txt  total_ms=2887.17 ms
