[MultiCol] m=40 h=36 K=4 T=11 rounds=150 policy=soft snake=1 work_dir=.
[MultiCol] exec: build/oc_policy_singlecol 40 9 150 --T=11 --policy=soft --freeze=1 --cap=64 --scale=1000 --dV=1 --pow2=1 --progress=1 --alpha=0.9 --eta=1 --gamma=0.3 --beta=3 --homotopy=1 --sigma=0.8 --shrink=0.9
[Policy] m_full=40 h_full=9  m_dp=9 h_dp=9  rounds=150 T_target=11 policy=soft+freeze cap=64 scale=1000 freeze=1 homotopy=1 sigma=0.8 shrink=0.9 fast_ctr=1
[OC-Shortest/pow2] m=9 h=9 SEG=4 bits=36 words=1 threads=24
[DP-fwdX] L=0 states=1 -> 1
[DP-fwdX] L=16 states=171 -> 207
[DP-fwdX] L=32 states=1292 -> 1368
[DP-bwdX] L=80 states=1 -> 2
[DP-bwdX] L=64 states=207 -> 251
[DP-bwdX] L=48 states=1368 -> 1437
[DP-fwdX] L=0 states=1 -> 1
[DP-fwdX] L=16 states=171 -> 207
[DP-bwdX] L=32 states=41 -> 50
[DP-fwdX] L=0 states=1 -> 1
[DP-bwdX] L=16 states=5 -> 7
[DP-fwdX] L=0 states=1 -> 1
[DP-fwdX] L=0 states=1 -> 1
[DP-fwdX] L=0 states=1 -> 1
[DP-bwdX] L=16 states=5 -> 7
[DP-fwdX] L=16 states=2 -> 5
[DP-bwdX] L=32 states=41 -> 50
[DP-fwdX] L=32 states=4 -> 7
[DP-bwdX] L=32 states=1 -> 2
[DP-fwdX] L=32 states=1 -> 2
[DP-fwdX] L=48 states=40 -> 48
[DP-bwdX] L=80 states=1 -> 2
[DP-bwdX] L=64 states=207 -> 251
[DP-fwdX] L=48 states=40 -> 48
[DP-bwdX] L=48 states=4 -> 7
[DP-bwdX] L=48 states=4 -> 7
[DP-fwdX] L=48 states=1 -> 2
[DP-fwdX] L=64 states=4 -> 5
[DP-bwdX] L=80 states=1 -> 2
[DP-fwdX] L=64 states=4 -> 5
[DP-bwdX] L=64 states=3 -> 7
[DP-bwdX] L=64 states=3 -> 7
[DP-bwdX] L=80 states=1 -> 2
[DP-bwdX] L=80 states=1 -> 2
[DP-bwdX] L=80 states=1 -> 2
[Init-Homotopy] round1 maxL=23  set T_prime0=19 (T_target=11)
  [Round 1] T_prime=19  T_target=11  HPWL_w=668000  HPWL_eq=668  maxL=23  WNS(T')=-4  WNS*(T)=-12  picked=6  solve_ms=59.6054
[OC-Shortest/pow2] m=9 h=9 SEG=4 bits=36 words=1 threads=24
[DP-fwdX] L=0 states=1 -> 1
[DP-fwdX] L=16 states=171 -> 207
[DP-fwdX] L=32 states=1292 -> 1368
[DP-bwdX] L=80 states=1 -> 2
[DP-bwdX] L=64 states=207 -> 251
[DP-bwdX] L=48 states=1368 -> 1437
[DP-fwdX] L=0 states=1 -> 1
[DP-fwdX] L=16 states=171 -> 207
[DP-bwdX] L=32 states=41 -> 50
[DP-fwdX] L=0 states=1 -> 1
[DP-bwdX] L=16 states=5 -> 7
[DP-fwdX] L=0 states=1 -> 1
[DP-fwdX] L=0 states=1 -> 1
[DP-fwdX] L=0 states=1 -> 1
[DP-bwdX] L=16 states=5 -> 7
[DP-fwdX] L=16 states=2 -> 5
[DP-bwdX] L=32 states=41 -> 50
[DP-fwdX] L=32 states=4 -> 7
[DP-bwdX] L=32 states=1 -> 2
[DP-fwdX] L=32 states=1 -> 2
[DP-fwdX] L=48 states=40 -> 48
[DP-bwdX] L=80 states=1 -> 2
[DP-bwdX] L=64 states=207 -> 251
[DP-fwdX] L=48 states=40 -> 48
[DP-bwdX] L=48 states=4 -> 7
[DP-bwdX] L=48 states=4 -> 7
[DP-fwdX] L=48 states=1 -> 2
[DP-fwdX] L=64 states=4 -> 5
[DP-bwdX] L=80 states=1 -> 2
[DP-fwdX] L=64 states=4 -> 5
[DP-bwdX] L=64 states=3 -> 7
[DP-bwdX] L=64 states=3 -> 7
[DP-bwdX] L=80 states=1 -> 2
[DP-bwdX] L=80 states=1 -> 2
[DP-bwdX] L=80 states=1 -> 2
  [Round 2] T_prime=19  T_target=11  HPWL_w=668186  HPWL_eq=668  maxL=23  WNS(T')=-4  WNS*(T)=-12  picked=6  solve_ms=42.9898
[OC-Shortest/pow2] m=9 h=9 SEG=4 bits=36 words=1 threads=24
[DP-fwdX] L=0 states=1 -> 1
[DP-fwdX] L=16 states=171 -> 207
[DP-fwdX] L=32 states=1292 -> 1368
[DP-bwdX] L=80 states=1 -> 2
[DP-bwdX] L=64 states=207 -> 251
[DP-bwdX] L=48 states=1368 -> 1437
[DP-fwdX] L=0 states=1 -> 1
[DP-fwdX] L=16 states=171 -> 207
[DP-bwdX] L=32 states=41 -> 50
[DP-fwdX] L=0 states=1 -> 1
[DP-bwdX] L=16 states=5 -> 7
[DP-fwdX] L=0 states=1 -> 1
[DP-fwdX] L=0 states=1 -> 1
[DP-fwdX] L=0 states=1 -> 1
[DP-bwdX] L=16 states=5 -> 7
[DP-fwdX] L=16 states=2 -> 5
[DP-bwdX] L=32 states=41 -> 50
[DP-fwdX] L=32 states=4 -> 7
[DP-bwdX] L=32 states=1 -> 2
[DP-fwdX] L=32 states=1 -> 2
[DP-fwdX] L=48 states=40 -> 48
[DP-bwdX] L=80 states=1 -> 2
[DP-bwdX] L=64 states=207 -> 251
[DP-fwdX] L=48 states=40 -> 48
[DP-bwdX] L=48 states=4 -> 7
[DP-bwdX] L=48 states=4 -> 7
[DP-fwdX] L=48 states=1 -> 2
[DP-fwdX] L=64 states=4 -> 5
[DP-bwdX] L=80 states=1 -> 2
[DP-fwdX] L=64 states=4 -> 5
[DP-bwdX] L=64 states=3 -> 7
[DP-bwdX] L=64 states=3 -> 7
[DP-bwdX] L=80 states=1 -> 2
[DP-bwdX] L=80 states=1 -> 2
[DP-bwdX] L=80 states=1 -> 2
  [Round 3] T_prime=19  T_target=11  HPWL_w=669622  HPWL_eq=668  maxL=23  WNS(T')=-4  WNS*(T)=-12  picked=6  solve_ms=42.6436
[OC-Shortest/pow2] m=9 h=9 SEG=4 bits=36 words=1 threads=24
[DP-fwdX] L=0 states=1 -> 1
[DP-fwdX] L=16 states=171 -> 207
[DP-fwdX] L=32 states=1292 -> 1368
[DP-bwdX] L=80 states=1 -> 2
[DP-bwdX] L=64 states=207 -> 251
[DP-bwdX] L=48 states=1368 -> 1437
[DP-fwdX] L=0 states=1 -> 1
[DP-fwdX] L=16 states=171 -> 207
[DP-bwdX] L=32 states=41 -> 50
[DP-fwdX] L=0 states=1 -> 1
[DP-bwdX] L=16 states=5 -> 7
[DP-fwdX] L=0 states=1 -> 1
[DP-fwdX] L=0 states=1 -> 1
[DP-fwdX] L=0 states=1 -> 1
[DP-bwdX] L=16 states=5 -> 7
[DP-fwdX] L=16 states=2 -> 5
[DP-bwdX] L=32 states=41 -> 50
[DP-fwdX] L=32 states=4 -> 7
[DP-bwdX] L=32 states=1 -> 2
[DP-fwdX] L=32 states=1 -> 2
[DP-fwdX] L=48 states=40 -> 48
[DP-bwdX] L=80 states=1 -> 2
[DP-bwdX] L=64 states=207 -> 251
[DP-fwdX] L=48 states=40 -> 48
[DP-bwdX] L=48 states=4 -> 7
[DP-bwdX] L=48 states=4 -> 7
[DP-fwdX] L=48 states=1 -> 2
[DP-fwdX] L=64 states=4 -> 5
[DP-bwdX] L=80 states=1 -> 2
[DP-fwdX] L=64 states=4 -> 5
[DP-bwdX] L=64 states=3 -> 7
[DP-bwdX] L=64 states=3 -> 7
[DP-bwdX] L=80 states=1 -> 2
[DP-bwdX] L=80 states=1 -> 2
[DP-bwdX] L=80 states=1 -> 2
  [Round 4] T_prime=19  T_target=11  HPWL_w=670286  HPWL_eq=668  maxL=23  WNS(T')=-4  WNS*(T)=-12  picked=6  solve_ms=42.3972
[OC-Shortest/pow2] m=9 h=9 SEG=4 bits=36 words=1 threads=24
[DP-fwdX] L=0 states=1 -> 1
[DP-fwdX] L=16 states=171 -> 207
[DP-fwdX] L=32 states=1292 -> 1368
[DP-bwdX] L=80 states=1 -> 2
[DP-bwdX] L=64 states=207 -> 251
[DP-bwdX] L=48 states=1368 -> 1437
[DP-fwdX] L=0 states=1 -> 1
[DP-fwdX] L=16 states=171 -> 207
[DP-bwdX] L=32 states=41 -> 50
[DP-fwdX] L=0 states=1 -> 1
[DP-bwdX] L=16 states=5 -> 7
[DP-fwdX] L=0 states=1 -> 1
[DP-fwdX] L=0 states=1 -> 1
[DP-fwdX] L=0 states=1 -> 1
[DP-bwdX] L=16 states=5 -> 7
[DP-fwdX] L=16 states=2 -> 5
[DP-bwdX] L=32 states=41 -> 50
[DP-fwdX] L=32 states=4 -> 7
[DP-bwdX] L=32 states=1 -> 2
[DP-fwdX] L=32 states=1 -> 2
[DP-fwdX] L=48 states=40 -> 48
[DP-bwdX] L=80 states=1 -> 2
[DP-bwdX] L=64 states=207 -> 251
[DP-fwdX] L=48 states=40 -> 48
[DP-bwdX] L=48 states=4 -> 7
[DP-bwdX] L=48 states=4 -> 7
[DP-fwdX] L=48 states=1 -> 2
[DP-fwdX] L=64 states=4 -> 5
[DP-bwdX] L=80 states=1 -> 2
[DP-fwdX] L=64 states=4 -> 5
[DP-bwdX] L=64 states=3 -> 7
[DP-bwdX] L=64 states=3 -> 7
[DP-bwdX] L=80 states=1 -> 2
[DP-bwdX] L=80 states=1 -> 2
[DP-bwdX] L=80 states=1 -> 2
  [Round 5] T_prime=19  T_target=11  HPWL_w=672920  HPWL_eq=668  maxL=23  WNS(T')=-4  WNS*(T)=-12  picked=6  solve_ms=41.7697
[OC-Shortest/pow2] m=9 h=9 SEG=4 bits=36 words=1 threads=24
[DP-fwdX] L=0 states=1 -> 1
[DP-fwdX] L=16 states=171 -> 207
[DP-fwdX] L=32 states=1292 -> 1368
[DP-bwdX] L=80 states=1 -> 2
[DP-bwdX] L=64 states=207 -> 251
[DP-bwdX] L=48 states=1368 -> 1437
[DP-fwdX] L=0 states=1 -> 1
[DP-fwdX] L=16 states=171 -> 207
[DP-bwdX] L=32 states=41 -> 50
[DP-fwdX] L=0 states=1 -> 1
[DP-bwdX] L=16 states=5 -> 7
[DP-fwdX] L=0 states=1 -> 1
[DP-fwdX] L=0 states=1 -> 1
[DP-fwdX] L=0 states=1 -> 1
[DP-bwdX] L=16 states=5 -> 7
[DP-fwdX] L=16 states=2 -> 5
[DP-bwdX] L=32 states=41 -> 50
[DP-fwdX] L=32 states=4 -> 7
[DP-bwdX] L=32 states=1 -> 2
[DP-fwdX] L=32 states=1 -> 2
[DP-fwdX] L=48 states=40 -> 48
[DP-bwdX] L=80 states=1 -> 2
[DP-bwdX] L=64 states=207 -> 251
[DP-fwdX] L=48 states=40 -> 48
[DP-bwdX] L=48 states=4 -> 7
[DP-bwdX] L=48 states=4 -> 7
[DP-fwdX] L=48 states=1 -> 2
[DP-fwdX] L=64 states=4 -> 5
[DP-bwdX] L=80 states=1 -> 2
[DP-fwdX] L=64 states=4 -> 5
[DP-bwdX] L=64 states=3 -> 7
[DP-bwdX] L=64 states=3 -> 7
[DP-bwdX] L=80 states=1 -> 2
[DP-bwdX] L=80 states=1 -> 2
[DP-bwdX] L=80 states=1 -> 2
  [Round 6] T_prime=19  T_target=11  HPWL_w=673964  HPWL_eq=668  maxL=23  WNS(T')=-4  WNS*(T)=-12  picked=6  solve_ms=41.8811
[OC-Shortest/pow2] m=9 h=9 SEG=4 bits=36 words=1 threads=24
[DP-fwdX] L=0 states=1 -> 1
[DP-fwdX] L=16 states=171 -> 207
[DP-fwdX] L=32 states=1292 -> 1368
[DP-bwdX] L=80 states=1 -> 2
[DP-bwdX] L=64 states=207 -> 251
[DP-bwdX] L=48 states=1368 -> 1437
[DP-fwdX] L=0 states=1 -> 1
[DP-fwdX] L=16 states=171 -> 207
[DP-bwdX] L=32 states=41 -> 50
[DP-fwdX] L=0 states=1 -> 1
[DP-bwdX] L=16 states=5 -> 7
[DP-fwdX] L=0 states=1 -> 1
[DP-fwdX] L=0 states=1 -> 1
[DP-fwdX] L=0 states=1 -> 1
[DP-bwdX] L=16 states=5 -> 7
[DP-fwdX] L=16 states=2 -> 5
[DP-bwdX] L=32 states=41 -> 50
[DP-fwdX] L=32 states=4 -> 7
[DP-bwdX] L=32 states=1 -> 2
[DP-fwdX] L=32 states=1 -> 2
[DP-fwdX] L=48 states=40 -> 48
[DP-bwdX] L=80 states=1 -> 2
[DP-bwdX] L=64 states=207 -> 251
[DP-fwdX] L=48 states=40 -> 48
[DP-bwdX] L=48 states=4 -> 7
[DP-bwdX] L=48 states=4 -> 7
[DP-fwdX] L=48 states=1 -> 2
[DP-fwdX] L=64 states=4 -> 5
[DP-bwdX] L=80 states=1 -> 2
[DP-fwdX] L=64 states=4 -> 5
[DP-bwdX] L=64 states=3 -> 7
[DP-bwdX] L=64 states=3 -> 7
[DP-bwdX] L=80 states=1 -> 2
[DP-bwdX] L=80 states=1 -> 2
[DP-bwdX] L=80 states=1 -> 2
  [Round 7] T_prime=19  T_target=11  HPWL_w=677754  HPWL_eq=668  maxL=23  WNS(T')=-4  WNS*(T)=-12  picked=6  solve_ms=115.552
[OC-Shortest/pow2] m=9 h=9 SEG=4 bits=36 words=1 threads=24
[DP-fwdX] L=0 states=1 -> 1
[DP-fwdX] L=16 states=171 -> 207
[DP-fwdX] L=32 states=1292 -> 1368
[DP-bwdX] L=80 states=1 -> 2
[DP-bwdX] L=64 states=207 -> 251
[DP-bwdX] L=48 states=1368 -> 1437
[DP-fwdX] L=0 states=1 -> 1
[DP-fwdX] L=16 states=171 -> 207
[DP-bwdX] L=32 states=41 -> 50
[DP-fwdX] L=0 states=1 -> 1
[DP-bwdX] L=16 states=5 -> 7
[DP-fwdX] L=0 states=1 -> 1
[DP-fwdX] L=0 states=1 -> 1
[DP-fwdX] L=0 states=1 -> 1
[DP-bwdX] L=16 states=5 -> 7
[DP-fwdX] L=16 states=2 -> 5
[DP-bwdX] L=32 states=41 -> 50
[DP-fwdX] L=32 states=4 -> 7
[DP-bwdX] L=32 states=1 -> 2
[DP-fwdX] L=32 states=1 -> 2
[DP-fwdX] L=48 states=40 -> 48
[DP-bwdX] L=80 states=1 -> 2
[DP-bwdX] L=64 states=207 -> 251
[DP-fwdX] L=48 states=40 -> 48
[DP-bwdX] L=48 states=4 -> 7
[DP-bwdX] L=48 states=4 -> 7
[DP-fwdX] L=48 states=1 -> 2
[DP-fwdX] L=64 states=4 -> 5
[DP-bwdX] L=80 states=1 -> 2
[DP-fwdX] L=64 states=4 -> 5
[DP-bwdX] L=64 states=3 -> 7
[DP-bwdX] L=64 states=3 -> 7
[DP-bwdX] L=80 states=1 -> 2
[DP-bwdX] L=80 states=1 -> 2
[DP-bwdX] L=80 states=1 -> 2
  [Round 8] T_prime=19  T_target=11  HPWL_w=678916  HPWL_eq=670  maxL=19  WNS(T')=0  WNS*(T)=-8  picked=0  solve_ms=42.28
    [Tighten] T_prime: 19 -> 16 (sigma*maxL=16, shrink=18)  | cold-start: reset inertia
[OC-Shortest/pow2] m=9 h=9 SEG=4 bits=36 words=1 threads=24
[DP-fwdX] L=0 states=1 -> 1
[DP-fwdX] L=16 states=171 -> 207
[DP-fwdX] L=32 states=1292 -> 1368
[DP-bwdX] L=80 states=1 -> 2
[DP-bwdX] L=64 states=207 -> 251
[DP-bwdX] L=48 states=1368 -> 1437
[DP-fwdX] L=0 states=1 -> 1
[DP-fwdX] L=16 states=171 -> 207
[DP-bwdX] L=32 states=41 -> 50
[DP-fwdX] L=0 states=1 -> 1
[DP-bwdX] L=16 states=5 -> 7
[DP-fwdX] L=0 states=1 -> 1
[DP-fwdX] L=0 states=1 -> 1
[DP-fwdX] L=0 states=1 -> 1
[DP-bwdX] L=16 states=5 -> 7
[DP-fwdX] L=16 states=2 -> 5
[DP-bwdX] L=32 states=41 -> 50
[DP-fwdX] L=32 states=4 -> 7
[DP-bwdX] L=32 states=1 -> 2
[DP-fwdX] L=32 states=1 -> 2
[DP-fwdX] L=48 states=40 -> 48
[DP-bwdX] L=80 states=1 -> 2
[DP-bwdX] L=64 states=207 -> 251
[DP-fwdX] L=48 states=40 -> 48
[DP-bwdX] L=48 states=4 -> 7
[DP-bwdX] L=48 states=4 -> 7
[DP-fwdX] L=48 states=1 -> 2
[DP-fwdX] L=64 states=4 -> 5
[DP-bwdX] L=80 states=1 -> 2
[DP-fwdX] L=64 states=4 -> 5
[DP-bwdX] L=64 states=3 -> 7
[DP-bwdX] L=64 states=3 -> 7
[DP-bwdX] L=80 states=1 -> 2
[DP-bwdX] L=80 states=1 -> 2
[DP-bwdX] L=80 states=1 -> 2
  [Round 9] T_prime=16  T_target=11  HPWL_w=678916  HPWL_eq=670  maxL=19  WNS(T')=-3  WNS*(T)=-8  picked=10  solve_ms=42.0256
[OC-Shortest/pow2] m=9 h=9 SEG=4 bits=36 words=1 threads=24
[DP-fwdX] L=0 states=1 -> 1
[DP-fwdX] L=16 states=171 -> 207
[DP-fwdX] L=32 states=1292 -> 1368
[DP-bwdX] L=80 states=1 -> 2
[DP-bwdX] L=64 states=207 -> 251
[DP-bwdX] L=48 states=1368 -> 1437
[DP-fwdX] L=0 states=1 -> 1
[DP-fwdX] L=16 states=171 -> 207
[DP-bwdX] L=32 states=41 -> 50
[DP-fwdX] L=0 states=1 -> 1
[DP-bwdX] L=16 states=5 -> 7
[DP-fwdX] L=0 states=1 -> 1
[DP-fwdX] L=0 states=1 -> 1
[DP-fwdX] L=0 states=1 -> 1
[DP-bwdX] L=16 states=5 -> 7
[DP-fwdX] L=16 states=2 -> 5
[DP-bwdX] L=32 states=41 -> 50
[DP-fwdX] L=32 states=4 -> 7
[DP-bwdX] L=32 states=1 -> 2
[DP-fwdX] L=32 states=1 -> 2
[DP-fwdX] L=48 states=40 -> 48
[DP-bwdX] L=80 states=1 -> 2
[DP-bwdX] L=64 states=207 -> 251
[DP-fwdX] L=48 states=40 -> 48
[DP-bwdX] L=48 states=4 -> 7
[DP-bwdX] L=48 states=4 -> 7
[DP-fwdX] L=48 states=1 -> 2
[DP-fwdX] L=64 states=4 -> 5
[DP-bwdX] L=80 states=1 -> 2
[DP-fwdX] L=64 states=4 -> 5
[DP-bwdX] L=64 states=3 -> 7
[DP-bwdX] L=64 states=3 -> 7
[DP-bwdX] L=80 states=1 -> 2
[DP-bwdX] L=80 states=1 -> 2
[DP-bwdX] L=80 states=1 -> 2
  [Round 10] T_prime=16  T_target=11  HPWL_w=681176  HPWL_eq=670  maxL=19  WNS(T')=-3  WNS*(T)=-8  picked=10  solve_ms=41.7271
[OC-Shortest/pow2] m=9 h=9 SEG=4 bits=36 words=1 threads=24
[DP-fwdX] L=0 states=1 -> 1
[DP-fwdX] L=16 states=171 -> 207
[DP-fwdX] L=32 states=1292 -> 1368
[DP-bwdX] L=80 states=1 -> 2
[DP-bwdX] L=64 states=207 -> 251
[DP-bwdX] L=48 states=1368 -> 1437
[DP-fwdX] L=0 states=1 -> 1
[DP-fwdX] L=16 states=171 -> 207
[DP-bwdX] L=32 states=41 -> 50
[DP-fwdX] L=0 states=1 -> 1
[DP-bwdX] L=16 states=5 -> 7
[DP-fwdX] L=0 states=1 -> 1
[DP-fwdX] L=0 states=1 -> 1
[DP-fwdX] L=0 states=1 -> 1
[DP-bwdX] L=16 states=5 -> 7
[DP-fwdX] L=16 states=2 -> 5
[DP-bwdX] L=32 states=41 -> 50
[DP-fwdX] L=32 states=4 -> 7
[DP-bwdX] L=32 states=1 -> 2
[DP-fwdX] L=32 states=1 -> 2
[DP-fwdX] L=48 states=40 -> 48
[DP-bwdX] L=80 states=1 -> 2
[DP-bwdX] L=64 states=207 -> 251
[DP-fwdX] L=48 states=40 -> 48
[DP-bwdX] L=48 states=4 -> 7
[DP-bwdX] L=48 states=4 -> 7
[DP-fwdX] L=48 states=1 -> 2
[DP-fwdX] L=64 states=4 -> 5
[DP-bwdX] L=80 states=1 -> 2
[DP-fwdX] L=64 states=4 -> 5
[DP-bwdX] L=64 states=3 -> 7
[DP-bwdX] L=64 states=3 -> 7
[DP-bwdX] L=80 states=1 -> 2
[DP-bwdX] L=80 states=1 -> 2
[DP-bwdX] L=80 states=1 -> 2
  [Round 11] T_prime=16  T_target=11  HPWL_w=682932  HPWL_eq=670  maxL=19  WNS(T')=-3  WNS*(T)=-8  picked=10  solve_ms=41.7665
[OC-Shortest/pow2] m=9 h=9 SEG=4 bits=36 words=1 threads=24
[DP-fwdX] L=0 states=1 -> 1
[DP-fwdX] L=16 states=171 -> 207
[DP-fwdX] L=32 states=1292 -> 1368
[DP-bwdX] L=80 states=1 -> 2
[DP-bwdX] L=64 states=207 -> 251
[DP-bwdX] L=48 states=1368 -> 1437
[DP-fwdX] L=0 states=1 -> 1
[DP-fwdX] L=16 states=171 -> 207
[DP-bwdX] L=32 states=41 -> 50
[DP-fwdX] L=0 states=1 -> 1
[DP-bwdX] L=16 states=5 -> 7
[DP-fwdX] L=0 states=1 -> 1
[DP-fwdX] L=0 states=1 -> 1
[DP-fwdX] L=0 states=1 -> 1
[DP-bwdX] L=16 states=5 -> 7
[DP-fwdX] L=16 states=2 -> 5
[DP-bwdX] L=32 states=41 -> 50
[DP-fwdX] L=32 states=4 -> 7
[DP-bwdX] L=32 states=1 -> 2
[DP-fwdX] L=32 states=1 -> 2
[DP-fwdX] L=48 states=40 -> 48
[DP-bwdX] L=80 states=1 -> 2
[DP-bwdX] L=64 states=207 -> 251
[DP-fwdX] L=48 states=40 -> 48
[DP-bwdX] L=48 states=4 -> 7
[DP-bwdX] L=48 states=4 -> 7
[DP-fwdX] L=48 states=1 -> 2
[DP-fwdX] L=64 states=4 -> 5
[DP-bwdX] L=80 states=1 -> 2
[DP-fwdX] L=64 states=4 -> 5
[DP-bwdX] L=64 states=3 -> 7
[DP-bwdX] L=64 states=3 -> 7
[DP-bwdX] L=80 states=1 -> 2
[DP-bwdX] L=80 states=1 -> 2
[DP-bwdX] L=80 states=1 -> 2
  [Round 12] T_prime=16  T_target=11  HPWL_w=685268  HPWL_eq=670  maxL=19  WNS(T')=-3  WNS*(T)=-8  picked=10  solve_ms=41.4555
[OC-Shortest/pow2] m=9 h=9 SEG=4 bits=36 words=1 threads=24
[DP-fwdX] L=0 states=1 -> 1
[DP-fwdX] L=16 states=171 -> 207
[DP-fwdX] L=32 states=1292 -> 1368
[DP-bwdX] L=80 states=1 -> 2
[DP-bwdX] L=64 states=207 -> 251
[DP-bwdX] L=48 states=1368 -> 1437
[DP-fwdX] L=0 states=1 -> 1
[DP-fwdX] L=16 states=171 -> 207
[DP-bwdX] L=32 states=41 -> 50
[DP-fwdX] L=0 states=1 -> 1
[DP-bwdX] L=16 states=5 -> 7
[DP-fwdX] L=0 states=1 -> 1
[DP-fwdX] L=0 states=1 -> 1
[DP-fwdX] L=0 states=1 -> 1
[DP-bwdX] L=16 states=5 -> 7
[DP-fwdX] L=16 states=2 -> 5
[DP-bwdX] L=32 states=41 -> 50
[DP-fwdX] L=32 states=4 -> 7
[DP-bwdX] L=32 states=1 -> 2
[DP-fwdX] L=32 states=1 -> 2
[DP-fwdX] L=48 states=40 -> 48
[DP-bwdX] L=80 states=1 -> 2
[DP-bwdX] L=64 states=207 -> 251
[DP-fwdX] L=48 states=40 -> 48
[DP-bwdX] L=48 states=4 -> 7
[DP-bwdX] L=48 states=4 -> 7
[DP-fwdX] L=48 states=1 -> 2
[DP-fwdX] L=64 states=4 -> 5
[DP-bwdX] L=80 states=1 -> 2
[DP-fwdX] L=64 states=4 -> 5
[DP-bwdX] L=64 states=3 -> 7
[DP-bwdX] L=64 states=3 -> 7
[DP-bwdX] L=80 states=1 -> 2
[DP-bwdX] L=80 states=1 -> 2
[DP-bwdX] L=80 states=1 -> 2
  [Round 13] T_prime=16  T_target=11  HPWL_w=686282  HPWL_eq=670  maxL=19  WNS(T')=-3  WNS*(T)=-8  picked=10  solve_ms=105.53
[OC-Shortest/pow2] m=9 h=9 SEG=4 bits=36 words=1 threads=24
[DP-fwdX] L=0 states=1 -> 1
[DP-fwdX] L=16 states=171 -> 207
[DP-fwdX] L=32 states=1292 -> 1368
[DP-bwdX] L=80 states=1 -> 2
[DP-bwdX] L=64 states=207 -> 251
[DP-bwdX] L=48 states=1368 -> 1437
[DP-fwdX] L=0 states=1 -> 1
[DP-fwdX] L=16 states=171 -> 207
[DP-bwdX] L=32 states=41 -> 50
[DP-fwdX] L=0 states=1 -> 1
[DP-bwdX] L=16 states=5 -> 6
[DP-fwdX] L=0 states=1 -> 1
[DP-fwdX] L=0 states=1 -> 1
[DP-fwdX] L=0 states=1 -> 1
[DP-bwdX] L=16 states=5 -> 6
[DP-fwdX] L=16 states=3 -> 7
[DP-bwdX] L=32 states=41 -> 50
[DP-fwdX] L=32 states=5 -> 9
[DP-bwdX] L=32 states=1 -> 3
[DP-fwdX] L=32 states=1 -> 3
[DP-fwdX] L=48 states=40 -> 48
[DP-bwdX] L=80 states=1 -> 2
[DP-bwdX] L=64 states=207 -> 251
[DP-fwdX] L=48 states=40 -> 48
[DP-bwdX] L=48 states=6 -> 11
[DP-bwdX] L=48 states=6 -> 11
[DP-fwdX] L=48 states=1 -> 2
[DP-fwdX] L=64 states=7 -> 10
[DP-bwdX] L=80 states=1 -> 2
[DP-fwdX] L=64 states=7 -> 10
[DP-bwdX] L=64 states=2 -> 5
[DP-bwdX] L=64 states=2 -> 5
[DP-bwdX] L=80 states=1 -> 2
[DP-bwdX] L=80 states=1 -> 2
[DP-bwdX] L=80 states=1 -> 2
  [Round 14] T_prime=16  T_target=11  HPWL_w=687578  HPWL_eq=682  maxL=24  WNS(T')=-8  WNS*(T)=-13  picked=12  solve_ms=41.8733
[OC-Shortest/pow2] m=9 h=9 SEG=4 bits=36 words=1 threads=24
[DP-fwdX] L=0 states=1 -> 1
[DP-fwdX] L=16 states=171 -> 207
[DP-fwdX] L=32 states=1292 -> 1368
[DP-bwdX] L=80 states=1 -> 2
[DP-bwdX] L=64 states=207 -> 251
[DP-bwdX] L=48 states=1368 -> 1437
[DP-fwdX] L=0 states=1 -> 1
[DP-fwdX] L=16 states=171 -> 207
[DP-bwdX] L=32 states=41 -> 50
[DP-fwdX] L=0 states=1 -> 1
[DP-bwdX] L=16 states=5 -> 6
[DP-fwdX] L=0 states=1 -> 1
[DP-fwdX] L=0 states=1 -> 1
[DP-fwdX] L=0 states=1 -> 1
[DP-bwdX] L=16 states=5 -> 6
[DP-fwdX] L=16 states=3 -> 7
[DP-bwdX] L=32 states=41 -> 50
[DP-fwdX] L=32 states=5 -> 9
[DP-bwdX] L=32 states=1 -> 3
[DP-fwdX] L=32 states=1 -> 3
[DP-fwdX] L=48 states=40 -> 48
[DP-bwdX] L=80 states=1 -> 2
[DP-bwdX] L=64 states=207 -> 251
[DP-fwdX] L=48 states=40 -> 48
[DP-bwdX] L=48 states=6 -> 11
[DP-bwdX] L=48 states=6 -> 11
[DP-fwdX] L=48 states=1 -> 2
[DP-fwdX] L=64 states=7 -> 10
[DP-bwdX] L=80 states=1 -> 2
[DP-fwdX] L=64 states=7 -> 10
[DP-bwdX] L=64 states=2 -> 5
[DP-bwdX] L=64 states=2 -> 5
[DP-bwdX] L=80 states=1 -> 2
[DP-bwdX] L=80 states=1 -> 2
[DP-bwdX] L=80 states=1 -> 2
  [Round 15] T_prime=16  T_target=11  HPWL_w=688594  HPWL_eq=682  maxL=30  WNS(T')=-14  WNS*(T)=-19  picked=12  solve_ms=41.7436
[OC-Shortest/pow2] m=9 h=9 SEG=4 bits=36 words=1 threads=24
[DP-fwdX] L=0 states=1 -> 1
[DP-fwdX] L=16 states=171 -> 207
[DP-fwdX] L=32 states=1292 -> 1368
[DP-bwdX] L=80 states=1 -> 2
[DP-bwdX] L=64 states=207 -> 251
[DP-bwdX] L=48 states=1368 -> 1437
[DP-fwdX] L=0 states=1 -> 1
[DP-fwdX] L=16 states=171 -> 207
[DP-bwdX] L=32 states=41 -> 50
[DP-fwdX] L=0 states=1 -> 1
[DP-bwdX] L=16 states=7 -> 8
[DP-fwdX] L=0 states=1 -> 1
[DP-fwdX] L=0 states=1 -> 1
[DP-fwdX] L=0 states=1 -> 1
[DP-bwdX] L=16 states=7 -> 8
[DP-fwdX] L=16 states=3 -> 5
[DP-bwdX] L=32 states=41 -> 50
[DP-fwdX] L=32 states=4 -> 7
[DP-bwdX] L=32 states=1 -> 2
[DP-fwdX] L=32 states=1 -> 2
[DP-fwdX] L=48 states=40 -> 48
[DP-bwdX] L=80 states=1 -> 2
[DP-bwdX] L=64 states=207 -> 251
[DP-fwdX] L=48 states=40 -> 48
[DP-bwdX] L=48 states=4 -> 7
[DP-bwdX] L=48 states=4 -> 7
[DP-fwdX] L=48 states=1 -> 2
[DP-fwdX] L=64 states=8 -> 10
[DP-bwdX] L=80 states=1 -> 2
[DP-fwdX] L=64 states=8 -> 10
[DP-bwdX] L=64 states=2 -> 4
[DP-bwdX] L=64 states=2 -> 4
[DP-bwdX] L=80 states=1 -> 2
[DP-bwdX] L=80 states=1 -> 2
[DP-bwdX] L=80 states=1 -> 2
  [Round 16] T_prime=16  T_target=11  HPWL_w=693650  HPWL_eq=680  maxL=16  WNS(T')=0  WNS*(T)=-5  picked=0  solve_ms=41.216
    [Tighten] T_prime: 16 -> 13 (sigma*maxL=13, shrink=15)  | cold-start: reset inertia
[OC-Shortest/pow2] m=9 h=9 SEG=4 bits=36 words=1 threads=24
[DP-fwdX] L=0 states=1 -> 1
[DP-fwdX] L=16 states=171 -> 207
[DP-fwdX] L=32 states=1292 -> 1368
[DP-bwdX] L=80 states=1 -> 2
[DP-bwdX] L=64 states=207 -> 251
[DP-bwdX] L=48 states=1368 -> 1437
[DP-fwdX] L=0 states=1 -> 1
[DP-fwdX] L=16 states=171 -> 207
[DP-bwdX] L=32 states=41 -> 50
[DP-fwdX] L=0 states=1 -> 1
[DP-bwdX] L=16 states=7 -> 8
[DP-fwdX] L=0 states=1 -> 1
[DP-fwdX] L=0 states=1 -> 1
[DP-fwdX] L=0 states=1 -> 1
[DP-bwdX] L=16 states=7 -> 8
[DP-fwdX] L=16 states=3 -> 5
[DP-bwdX] L=32 states=41 -> 50
[DP-fwdX] L=32 states=4 -> 7
[DP-bwdX] L=32 states=1 -> 2
[DP-fwdX] L=32 states=1 -> 2
[DP-fwdX] L=48 states=40 -> 48
[DP-bwdX] L=80 states=1 -> 2
[DP-bwdX] L=64 states=207 -> 251
[DP-fwdX] L=48 states=40 -> 48
[DP-bwdX] L=48 states=4 -> 7
[DP-bwdX] L=48 states=4 -> 7
[DP-fwdX] L=48 states=1 -> 2
[DP-fwdX] L=64 states=8 -> 10
[DP-bwdX] L=80 states=1 -> 2
[DP-fwdX] L=64 states=8 -> 10
[DP-bwdX] L=64 states=2 -> 4
[DP-bwdX] L=64 states=2 -> 4
[DP-bwdX] L=80 states=1 -> 2
[DP-bwdX] L=80 states=1 -> 2
[DP-bwdX] L=80 states=1 -> 2
  [Round 17] T_prime=13  T_target=11  HPWL_w=693650  HPWL_eq=680  maxL=16  WNS(T')=-3  WNS*(T)=-5  picked=8  solve_ms=41.2657
[OC-Shortest/pow2] m=9 h=9 SEG=4 bits=36 words=1 threads=24
[DP-fwdX] L=0 states=1 -> 1
[DP-fwdX] L=16 states=171 -> 207
[DP-fwdX] L=32 states=1292 -> 1368
[DP-bwdX] L=80 states=1 -> 2
[DP-bwdX] L=64 states=207 -> 251
[DP-bwdX] L=48 states=1368 -> 1437
[DP-fwdX] L=0 states=1 -> 1
[DP-fwdX] L=16 states=171 -> 207
[DP-bwdX] L=32 states=41 -> 50
[DP-fwdX] L=0 states=1 -> 1
[DP-bwdX] L=16 states=7 -> 8
[DP-fwdX] L=0 states=1 -> 1
[DP-fwdX] L=0 states=1 -> 1
[DP-fwdX] L=0 states=1 -> 1
[DP-bwdX] L=16 states=7 -> 8
[DP-fwdX] L=16 states=3 -> 5
[DP-bwdX] L=32 states=41 -> 50
[DP-fwdX] L=32 states=4 -> 7
[DP-bwdX] L=32 states=1 -> 2
[DP-fwdX] L=32 states=1 -> 2
[DP-fwdX] L=48 states=40 -> 48
[DP-bwdX] L=80 states=1 -> 2
[DP-bwdX] L=64 states=207 -> 251
[DP-fwdX] L=48 states=40 -> 48
[DP-bwdX] L=48 states=4 -> 7
[DP-bwdX] L=48 states=4 -> 7
[DP-fwdX] L=48 states=1 -> 2
[DP-fwdX] L=64 states=4 -> 5
[DP-bwdX] L=80 states=1 -> 2
[DP-fwdX] L=64 states=4 -> 5
[DP-bwdX] L=64 states=3 -> 7
[DP-bwdX] L=64 states=3 -> 7
[DP-bwdX] L=80 states=1 -> 2
[DP-bwdX] L=80 states=1 -> 2
[DP-bwdX] L=80 states=1 -> 2
  [Round 18] T_prime=13  T_target=11  HPWL_w=694732  HPWL_eq=675  maxL=19  WNS(T')=-6  WNS*(T)=-8  picked=10  solve_ms=41.3182
[OC-Shortest/pow2] m=9 h=9 SEG=4 bits=36 words=1 threads=24
[DP-fwdX] L=0 states=1 -> 1
[DP-fwdX] L=16 states=171 -> 207
[DP-fwdX] L=32 states=1292 -> 1368
[DP-bwdX] L=80 states=1 -> 2
[DP-bwdX] L=64 states=207 -> 251
[DP-bwdX] L=48 states=1368 -> 1437
[DP-fwdX] L=0 states=1 -> 1
[DP-fwdX] L=16 states=171 -> 207
[DP-bwdX] L=32 states=41 -> 50
[DP-fwdX] L=0 states=1 -> 1
[DP-bwdX] L=16 states=7 -> 8
[DP-fwdX] L=0 states=1 -> 1
[DP-fwdX] L=0 states=1 -> 1
[DP-fwdX] L=0 states=1 -> 1
[DP-bwdX] L=16 states=7 -> 8
[DP-fwdX] L=16 states=3 -> 5
[DP-bwdX] L=32 states=41 -> 50
[DP-fwdX] L=32 states=4 -> 7
[DP-bwdX] L=32 states=1 -> 2
[DP-fwdX] L=32 states=1 -> 2
[DP-fwdX] L=48 states=40 -> 48
[DP-bwdX] L=80 states=1 -> 2
[DP-bwdX] L=64 states=207 -> 251
[DP-fwdX] L=48 states=40 -> 48
[DP-bwdX] L=48 states=4 -> 7
[DP-bwdX] L=48 states=4 -> 7
[DP-fwdX] L=48 states=1 -> 2
[DP-fwdX] L=64 states=8 -> 10
[DP-bwdX] L=80 states=1 -> 2
[DP-fwdX] L=64 states=8 -> 10
[DP-bwdX] L=64 states=2 -> 4
[DP-bwdX] L=64 states=2 -> 4
[DP-bwdX] L=80 states=1 -> 2
[DP-bwdX] L=80 states=1 -> 2
[DP-bwdX] L=80 states=1 -> 2
  [Round 19] T_prime=13  T_target=11  HPWL_w=695380  HPWL_eq=680  maxL=17  WNS(T')=-4  WNS*(T)=-6  picked=8  solve_ms=41.3734
[OC-Shortest/pow2] m=9 h=9 SEG=4 bits=36 words=1 threads=24
[DP-fwdX] L=0 states=1 -> 1
[DP-fwdX] L=16 states=171 -> 207
[DP-fwdX] L=32 states=1292 -> 1368
[DP-bwdX] L=80 states=1 -> 2
[DP-bwdX] L=64 states=207 -> 251
[DP-bwdX] L=48 states=1368 -> 1437
[DP-fwdX] L=0 states=1 -> 1
[DP-fwdX] L=16 states=171 -> 207
[DP-bwdX] L=32 states=41 -> 50
[DP-fwdX] L=0 states=1 -> 1
[DP-bwdX] L=16 states=7 -> 8
[DP-fwdX] L=0 states=1 -> 1
[DP-fwdX] L=0 states=1 -> 1
[DP-fwdX] L=0 states=1 -> 1
[DP-bwdX] L=16 states=7 -> 8
[DP-fwdX] L=16 states=3 -> 5
[DP-bwdX] L=32 states=41 -> 50
[DP-fwdX] L=32 states=4 -> 7
[DP-bwdX] L=32 states=1 -> 2
[DP-fwdX] L=32 states=1 -> 2
[DP-fwdX] L=48 states=40 -> 48
[DP-bwdX] L=80 states=1 -> 2
[DP-bwdX] L=64 states=207 -> 251
[DP-fwdX] L=48 states=40 -> 48
[DP-bwdX] L=48 states=4 -> 7
[DP-bwdX] L=48 states=4 -> 7
[DP-fwdX] L=48 states=1 -> 2
[DP-fwdX] L=64 states=8 -> 10
[DP-bwdX] L=80 states=1 -> 2
[DP-fwdX] L=64 states=8 -> 10
[DP-bwdX] L=64 states=2 -> 4
[DP-bwdX] L=64 states=2 -> 4
[DP-bwdX] L=80 states=1 -> 2
[DP-bwdX] L=80 states=1 -> 2
[DP-bwdX] L=80 states=1 -> 2
  [Round 20] T_prime=13  T_target=11  HPWL_w=697066  HPWL_eq=680  maxL=17  WNS(T')=-4  WNS*(T)=-6  picked=8  solve_ms=40.9045
[OC-Shortest/pow2] m=9 h=9 SEG=4 bits=36 words=1 threads=24
[DP-fwdX] L=0 states=1 -> 1
[DP-fwdX] L=16 states=171 -> 207
[DP-fwdX] L=32 states=1292 -> 1368
[DP-bwdX] L=80 states=1 -> 2
[DP-bwdX] L=64 states=207 -> 251
[DP-bwdX] L=48 states=1368 -> 1437
[DP-fwdX] L=0 states=1 -> 1
[DP-fwdX] L=16 states=171 -> 207
[DP-bwdX] L=32 states=41 -> 50
[DP-fwdX] L=0 states=1 -> 1
[DP-bwdX] L=16 states=5 -> 7
[DP-fwdX] L=0 states=1 -> 1
[DP-fwdX] L=0 states=1 -> 1
[DP-fwdX] L=0 states=1 -> 1
[DP-bwdX] L=16 states=5 -> 7
[DP-fwdX] L=16 states=2 -> 5
[DP-bwdX] L=32 states=41 -> 50
[DP-fwdX] L=32 states=4 -> 7
[DP-bwdX] L=32 states=1 -> 2
[DP-fwdX] L=32 states=1 -> 2
[DP-fwdX] L=48 states=40 -> 48
[DP-bwdX] L=80 states=1 -> 2
[DP-bwdX] L=64 states=207 -> 251
[DP-fwdX] L=48 states=40 -> 48
[DP-bwdX] L=48 states=4 -> 7
[DP-bwdX] L=48 states=4 -> 7
[DP-fwdX] L=48 states=1 -> 2
[DP-fwdX] L=64 states=8 -> 10
[DP-bwdX] L=80 states=1 -> 2
[DP-fwdX] L=64 states=8 -> 10
[DP-bwdX] L=64 states=2 -> 4
[DP-bwdX] L=64 states=2 -> 4
[DP-bwdX] L=80 states=1 -> 2
[DP-bwdX] L=80 states=1 -> 2
[DP-bwdX] L=80 states=1 -> 2
  [Round 21] T_prime=13  T_target=11  HPWL_w=697649  HPWL_eq=675  maxL=19  WNS(T')=-6  WNS*(T)=-8  picked=10  solve_ms=41.4156
[OC-Shortest/pow2] m=9 h=9 SEG=4 bits=36 words=1 threads=24
[DP-fwdX] L=0 states=1 -> 1
[DP-fwdX] L=16 states=171 -> 207
[DP-fwdX] L=32 states=1292 -> 1368
[DP-bwdX] L=80 states=1 -> 2
[DP-bwdX] L=64 states=207 -> 251
[DP-bwdX] L=48 states=1368 -> 1437
[DP-fwdX] L=0 states=1 -> 1
[DP-fwdX] L=16 states=171 -> 207
[DP-bwdX] L=32 states=41 -> 50
[DP-fwdX] L=0 states=1 -> 1
[DP-bwdX] L=16 states=5 -> 7
[DP-fwdX] L=0 states=1 -> 1
[DP-fwdX] L=0 states=1 -> 1
[DP-fwdX] L=0 states=1 -> 1
[DP-bwdX] L=16 states=5 -> 7
[DP-fwdX] L=16 states=2 -> 5
[DP-bwdX] L=32 states=41 -> 50
[DP-fwdX] L=32 states=4 -> 7
[DP-bwdX] L=32 states=1 -> 2
[DP-fwdX] L=32 states=1 -> 2
[DP-fwdX] L=48 states=40 -> 48
[DP-bwdX] L=80 states=1 -> 2
[DP-bwdX] L=64 states=207 -> 251
[DP-fwdX] L=48 states=40 -> 48
[DP-bwdX] L=48 states=4 -> 7
[DP-bwdX] L=48 states=4 -> 7
[DP-fwdX] L=48 states=1 -> 2
[DP-fwdX] L=64 states=4 -> 5
[DP-bwdX] L=80 states=1 -> 2
[DP-fwdX] L=64 states=4 -> 5
[DP-bwdX] L=64 states=3 -> 7
[DP-bwdX] L=64 states=3 -> 7
[DP-bwdX] L=80 states=1 -> 2
[DP-bwdX] L=80 states=1 -> 2
[DP-bwdX] L=80 states=1 -> 2
  [Round 22] T_prime=13  T_target=11  HPWL_w=698846  HPWL_eq=670  maxL=19  WNS(T')=-6  WNS*(T)=-8  picked=12  solve_ms=42.5179
[OC-Shortest/pow2] m=9 h=9 SEG=4 bits=36 words=1 threads=24
[DP-fwdX] L=0 states=1 -> 1
[DP-fwdX] L=16 states=171 -> 207
[DP-fwdX] L=32 states=1292 -> 1368
[DP-bwdX] L=80 states=1 -> 2
[DP-bwdX] L=64 states=207 -> 251
[DP-bwdX] L=48 states=1368 -> 1437
[DP-fwdX] L=0 states=1 -> 1
[DP-fwdX] L=16 states=171 -> 207
[DP-bwdX] L=32 states=41 -> 50
[DP-fwdX] L=0 states=1 -> 1
[DP-bwdX] L=16 states=5 -> 6
[DP-fwdX] L=0 states=1 -> 1
[DP-fwdX] L=0 states=1 -> 1
[DP-fwdX] L=0 states=1 -> 1
[DP-bwdX] L=16 states=5 -> 6
[DP-fwdX] L=16 states=3 -> 7
[DP-bwdX] L=32 states=41 -> 50
[DP-fwdX] L=32 states=5 -> 9
[DP-bwdX] L=32 states=1 -> 3
[DP-fwdX] L=32 states=1 -> 3
[DP-fwdX] L=48 states=40 -> 48
[DP-bwdX] L=80 states=1 -> 2
[DP-bwdX] L=64 states=207 -> 251
[DP-fwdX] L=48 states=40 -> 48
[DP-bwdX] L=48 states=6 -> 11
[DP-bwdX] L=48 states=6 -> 11
[DP-fwdX] L=48 states=1 -> 2
[DP-fwdX] L=64 states=7 -> 10
[DP-bwdX] L=80 states=1 -> 2
[DP-fwdX] L=64 states=7 -> 10
[DP-bwdX] L=64 states=2 -> 5
[DP-bwdX] L=64 states=2 -> 5
[DP-bwdX] L=80 states=1 -> 2
[DP-bwdX] L=80 states=1 -> 2
[DP-bwdX] L=80 states=1 -> 2
  [Round 23] T_prime=13  T_target=11  HPWL_w=700309  HPWL_eq=682  maxL=30  WNS(T')=-17  WNS*(T)=-19  picked=12  solve_ms=41.9775
[OC-Shortest/pow2] m=9 h=9 SEG=4 bits=36 words=1 threads=24
[DP-fwdX] L=0 states=1 -> 1
[DP-fwdX] L=16 states=171 -> 207
[DP-fwdX] L=32 states=1292 -> 1368
[DP-bwdX] L=80 states=1 -> 2
[DP-bwdX] L=64 states=207 -> 251
[DP-bwdX] L=48 states=1368 -> 1437
[DP-fwdX] L=0 states=1 -> 1
[DP-fwdX] L=16 states=171 -> 207
[DP-bwdX] L=32 states=41 -> 50
[DP-fwdX] L=0 states=1 -> 1
[DP-bwdX] L=16 states=5 -> 6
[DP-fwdX] L=0 states=1 -> 1
[DP-fwdX] L=0 states=1 -> 1
[DP-fwdX] L=0 states=1 -> 1
[DP-bwdX] L=16 states=5 -> 6
[DP-fwdX] L=16 states=3 -> 7
[DP-bwdX] L=32 states=41 -> 50
[DP-fwdX] L=32 states=5 -> 9
[DP-bwdX] L=32 states=1 -> 3
[DP-fwdX] L=32 states=1 -> 3
[DP-fwdX] L=48 states=40 -> 48
[DP-bwdX] L=80 states=1 -> 2
[DP-bwdX] L=64 states=207 -> 251
[DP-fwdX] L=48 states=40 -> 48
[DP-bwdX] L=48 states=6 -> 11
[DP-bwdX] L=48 states=6 -> 11
[DP-fwdX] L=48 states=1 -> 2
[DP-fwdX] L=64 states=7 -> 10
[DP-bwdX] L=80 states=1 -> 2
[DP-fwdX] L=64 states=7 -> 10
[DP-bwdX] L=64 states=2 -> 5
[DP-bwdX] L=64 states=2 -> 5
[DP-bwdX] L=80 states=1 -> 2
[DP-bwdX] L=80 states=1 -> 2
[DP-bwdX] L=80 states=1 -> 2
  [Round 24] T_prime=13  T_target=11  HPWL_w=703089  HPWL_eq=682  maxL=30  WNS(T')=-17  WNS*(T)=-19  picked=12  solve_ms=42.1263
[OC-Shortest/pow2] m=9 h=9 SEG=4 bits=36 words=1 threads=24
[DP-fwdX] L=0 states=1 -> 1
[DP-fwdX] L=16 states=171 -> 207
[DP-fwdX] L=32 states=1292 -> 1368
[DP-bwdX] L=80 states=1 -> 2
[DP-bwdX] L=64 states=207 -> 251
[DP-bwdX] L=48 states=1368 -> 1437
[DP-fwdX] L=0 states=1 -> 1
[DP-fwdX] L=16 states=171 -> 207
[DP-bwdX] L=32 states=41 -> 50
[DP-fwdX] L=0 states=1 -> 1
[DP-bwdX] L=16 states=7 -> 8
[DP-fwdX] L=0 states=1 -> 1
[DP-fwdX] L=0 states=1 -> 1
[DP-fwdX] L=0 states=1 -> 1
[DP-bwdX] L=16 states=7 -> 8
[DP-fwdX] L=16 states=3 -> 5
[DP-bwdX] L=32 states=41 -> 50
[DP-fwdX] L=32 states=4 -> 7
[DP-bwdX] L=32 states=1 -> 2
[DP-fwdX] L=32 states=1 -> 2
[DP-fwdX] L=48 states=40 -> 48
[DP-bwdX] L=80 states=1 -> 2
[DP-bwdX] L=64 states=207 -> 251
[DP-fwdX] L=48 states=40 -> 48
[DP-bwdX] L=48 states=4 -> 7
[DP-bwdX] L=48 states=4 -> 7
[DP-fwdX] L=48 states=1 -> 2
[DP-fwdX] L=64 states=8 -> 10
[DP-bwdX] L=80 states=1 -> 2
[DP-fwdX] L=64 states=8 -> 10
[DP-bwdX] L=64 states=2 -> 4
[DP-bwdX] L=64 states=2 -> 4
[DP-bwdX] L=80 states=1 -> 2
[DP-bwdX] L=80 states=1 -> 2
[DP-bwdX] L=80 states=1 -> 2
  [Round 25] T_prime=13  T_target=11  HPWL_w=706578  HPWL_eq=680  maxL=17  WNS(T')=-4  WNS*(T)=-6  picked=8  solve_ms=88.8819
[OC-Shortest/pow2] m=9 h=9 SEG=4 bits=36 words=1 threads=24
[DP-fwdX] L=0 states=1 -> 1
[DP-fwdX] L=16 states=171 -> 207
[DP-fwdX] L=32 states=1292 -> 1368
[DP-bwdX] L=80 states=1 -> 2
[DP-bwdX] L=64 states=207 -> 251
[DP-bwdX] L=48 states=1368 -> 1437
[DP-fwdX] L=0 states=1 -> 1
[DP-fwdX] L=16 states=171 -> 207
[DP-bwdX] L=32 states=41 -> 50
[DP-fwdX] L=0 states=1 -> 1
[DP-bwdX] L=16 states=7 -> 8
[DP-fwdX] L=0 states=1 -> 1
[DP-fwdX] L=0 states=1 -> 1
[DP-fwdX] L=0 states=1 -> 1
[DP-bwdX] L=16 states=7 -> 8
[DP-fwdX] L=16 states=3 -> 5
[DP-bwdX] L=32 states=41 -> 50
[DP-fwdX] L=32 states=4 -> 7
[DP-bwdX] L=32 states=1 -> 2
[DP-fwdX] L=32 states=1 -> 2
[DP-fwdX] L=48 states=40 -> 48
[DP-bwdX] L=80 states=1 -> 2
[DP-bwdX] L=64 states=207 -> 251
[DP-fwdX] L=48 states=40 -> 48
[DP-bwdX] L=48 states=4 -> 7
[DP-bwdX] L=48 states=4 -> 7
[DP-fwdX] L=48 states=1 -> 2
[DP-fwdX] L=64 states=8 -> 10
[DP-bwdX] L=80 states=1 -> 2
[DP-fwdX] L=64 states=8 -> 10
[DP-bwdX] L=64 states=2 -> 4
[DP-bwdX] L=64 states=2 -> 4
[DP-bwdX] L=80 states=1 -> 2
[DP-bwdX] L=80 states=1 -> 2
[DP-bwdX] L=80 states=1 -> 2
  [Round 26] T_prime=13  T_target=11  HPWL_w=708777  HPWL_eq=680  maxL=17  WNS(T')=-4  WNS*(T)=-6  picked=8  solve_ms=43.7297
[OC-Shortest/pow2] m=9 h=9 SEG=4 bits=36 words=1 threads=24
[DP-fwdX] L=0 states=1 -> 1
[DP-fwdX] L=16 states=171 -> 207
[DP-fwdX] L=32 states=1292 -> 1368
[DP-bwdX] L=80 states=1 -> 2
[DP-bwdX] L=64 states=207 -> 251
[DP-bwdX] L=48 states=1368 -> 1437
[DP-fwdX] L=0 states=1 -> 1
[DP-fwdX] L=16 states=171 -> 207
[DP-bwdX] L=32 states=41 -> 50
[DP-fwdX] L=0 states=1 -> 1
[DP-bwdX] L=16 states=5 -> 7
[DP-fwdX] L=0 states=1 -> 1
[DP-fwdX] L=0 states=1 -> 1
[DP-fwdX] L=0 states=1 -> 1
[DP-bwdX] L=16 states=5 -> 7
[DP-fwdX] L=16 states=2 -> 5
[DP-bwdX] L=32 states=41 -> 50
[DP-fwdX] L=32 states=4 -> 7
[DP-bwdX] L=32 states=1 -> 2
[DP-fwdX] L=32 states=1 -> 2
[DP-fwdX] L=48 states=40 -> 48
[DP-bwdX] L=80 states=1 -> 2
[DP-bwdX] L=64 states=207 -> 251
[DP-fwdX] L=48 states=40 -> 48
[DP-bwdX] L=48 states=4 -> 7
[DP-bwdX] L=48 states=4 -> 7
[DP-fwdX] L=48 states=1 -> 2
[DP-fwdX] L=64 states=4 -> 5
[DP-bwdX] L=80 states=1 -> 2
[DP-fwdX] L=64 states=4 -> 5
[DP-bwdX] L=64 states=3 -> 7
[DP-bwdX] L=64 states=3 -> 7
[DP-bwdX] L=80 states=1 -> 2
[DP-bwdX] L=80 states=1 -> 2
[DP-bwdX] L=80 states=1 -> 2
  [Round 27] T_prime=13  T_target=11  HPWL_w=709762  HPWL_eq=670  maxL=19  WNS(T')=-6  WNS*(T)=-8  picked=12  solve_ms=44.1955
[OC-Shortest/pow2] m=9 h=9 SEG=4 bits=36 words=1 threads=24
[DP-fwdX] L=0 states=1 -> 1
[DP-fwdX] L=16 states=171 -> 207
[DP-fwdX] L=32 states=1292 -> 1368
[DP-bwdX] L=80 states=1 -> 2
[DP-bwdX] L=64 states=207 -> 251
[DP-bwdX] L=48 states=1368 -> 1437
[DP-fwdX] L=0 states=1 -> 1
[DP-fwdX] L=16 states=171 -> 207
[DP-bwdX] L=32 states=41 -> 50
[DP-fwdX] L=0 states=1 -> 1
[DP-bwdX] L=16 states=5 -> 7
[DP-fwdX] L=0 states=1 -> 1
[DP-fwdX] L=0 states=1 -> 1
[DP-fwdX] L=0 states=1 -> 1
[DP-bwdX] L=16 states=5 -> 7
[DP-fwdX] L=16 states=2 -> 5
[DP-bwdX] L=32 states=41 -> 50
[DP-fwdX] L=32 states=4 -> 7
[DP-bwdX] L=32 states=1 -> 2
[DP-fwdX] L=32 states=1 -> 2
[DP-fwdX] L=48 states=40 -> 48
[DP-bwdX] L=80 states=1 -> 2
[DP-bwdX] L=64 states=207 -> 251
[DP-fwdX] L=48 states=40 -> 48
[DP-bwdX] L=48 states=4 -> 7
[DP-bwdX] L=48 states=4 -> 7
[DP-fwdX] L=48 states=1 -> 2
[DP-fwdX] L=64 states=4 -> 5
[DP-bwdX] L=80 states=1 -> 2
[DP-fwdX] L=64 states=4 -> 5
[DP-bwdX] L=64 states=3 -> 7
[DP-bwdX] L=64 states=3 -> 7
[DP-bwdX] L=80 states=1 -> 2
[DP-bwdX] L=80 states=1 -> 2
[DP-bwdX] L=80 states=1 -> 2
  [Round 28] T_prime=13  T_target=11  HPWL_w=712612  HPWL_eq=670  maxL=19  WNS(T')=-6  WNS*(T)=-8  picked=12  solve_ms=43.4903
[OC-Shortest/pow2] m=9 h=9 SEG=4 bits=36 words=1 threads=24
[DP-fwdX] L=0 states=1 -> 1
[DP-fwdX] L=16 states=171 -> 207
[DP-fwdX] L=32 states=1292 -> 1368
[DP-bwdX] L=80 states=1 -> 2
[DP-bwdX] L=64 states=207 -> 251
[DP-bwdX] L=48 states=1368 -> 1437
[DP-fwdX] L=0 states=1 -> 1
[DP-fwdX] L=16 states=171 -> 207
[DP-bwdX] L=32 states=41 -> 50
[DP-fwdX] L=0 states=1 -> 1
[DP-bwdX] L=16 states=7 -> 8
[DP-fwdX] L=0 states=1 -> 1
[DP-fwdX] L=0 states=1 -> 1
[DP-fwdX] L=0 states=1 -> 1
[DP-bwdX] L=16 states=7 -> 8
[DP-fwdX] L=16 states=3 -> 5
[DP-bwdX] L=32 states=41 -> 50
[DP-fwdX] L=32 states=4 -> 7
[DP-bwdX] L=32 states=1 -> 2
[DP-fwdX] L=32 states=1 -> 2
[DP-fwdX] L=48 states=40 -> 48
[DP-bwdX] L=80 states=1 -> 2
[DP-bwdX] L=64 states=207 -> 251
[DP-fwdX] L=48 states=40 -> 48
[DP-bwdX] L=48 states=4 -> 7
[DP-bwdX] L=48 states=4 -> 7
[DP-fwdX] L=48 states=1 -> 2
[DP-fwdX] L=64 states=8 -> 10
[DP-bwdX] L=80 states=1 -> 2
[DP-fwdX] L=64 states=8 -> 10
[DP-bwdX] L=64 states=2 -> 4
[DP-bwdX] L=64 states=2 -> 4
[DP-bwdX] L=80 states=1 -> 2
[DP-bwdX] L=80 states=1 -> 2
[DP-bwdX] L=80 states=1 -> 2
  [Round 29] T_prime=13  T_target=11  HPWL_w=715132  HPWL_eq=680  maxL=17  WNS(T')=-4  WNS*(T)=-6  picked=8  solve_ms=41.9126
[OC-Shortest/pow2] m=9 h=9 SEG=4 bits=36 words=1 threads=24
[DP-fwdX] L=0 states=1 -> 1
[DP-fwdX] L=16 states=171 -> 207
[DP-fwdX] L=32 states=1292 -> 1368
[DP-bwdX] L=80 states=1 -> 2
[DP-bwdX] L=64 states=207 -> 251
[DP-bwdX] L=48 states=1368 -> 1437
[DP-fwdX] L=0 states=1 -> 1
[DP-fwdX] L=16 states=171 -> 207
[DP-bwdX] L=32 states=41 -> 50
[DP-fwdX] L=0 states=1 -> 1
[DP-bwdX] L=16 states=7 -> 8
[DP-fwdX] L=0 states=1 -> 1
[DP-fwdX] L=0 states=1 -> 1
[DP-fwdX] L=0 states=1 -> 1
[DP-bwdX] L=16 states=7 -> 8
[DP-fwdX] L=16 states=3 -> 5
[DP-bwdX] L=32 states=41 -> 50
[DP-fwdX] L=32 states=4 -> 7
[DP-bwdX] L=32 states=1 -> 2
[DP-fwdX] L=32 states=1 -> 2
[DP-fwdX] L=48 states=40 -> 48
[DP-bwdX] L=80 states=1 -> 2
[DP-bwdX] L=64 states=207 -> 251
[DP-fwdX] L=48 states=40 -> 48
[DP-bwdX] L=48 states=4 -> 7
[DP-bwdX] L=48 states=4 -> 7
[DP-fwdX] L=48 states=1 -> 2
[DP-fwdX] L=64 states=8 -> 10
[DP-bwdX] L=80 states=1 -> 2
[DP-fwdX] L=64 states=8 -> 10
[DP-bwdX] L=64 states=2 -> 4
[DP-bwdX] L=64 states=2 -> 4
[DP-bwdX] L=80 states=1 -> 2
[DP-bwdX] L=80 states=1 -> 2
[DP-bwdX] L=80 states=1 -> 2
  [Round 30] T_prime=13  T_target=11  HPWL_w=717707  HPWL_eq=680  maxL=17  WNS(T')=-4  WNS*(T)=-6  picked=8  solve_ms=41.6912
[OC-Shortest/pow2] m=9 h=9 SEG=4 bits=36 words=1 threads=24
[DP-fwdX] L=0 states=1 -> 1
[DP-fwdX] L=16 states=171 -> 207
[DP-fwdX] L=32 states=1292 -> 1368
[DP-bwdX] L=80 states=1 -> 2
[DP-bwdX] L=64 states=207 -> 251
[DP-bwdX] L=48 states=1368 -> 1437
[DP-fwdX] L=0 states=1 -> 1
[DP-fwdX] L=16 states=171 -> 207
[DP-bwdX] L=32 states=41 -> 50
[DP-fwdX] L=0 states=1 -> 1
[DP-bwdX] L=16 states=7 -> 8
[DP-fwdX] L=0 states=1 -> 1
[DP-fwdX] L=0 states=1 -> 1
[DP-fwdX] L=0 states=1 -> 1
[DP-bwdX] L=16 states=7 -> 8
[DP-fwdX] L=16 states=3 -> 5
[DP-bwdX] L=32 states=41 -> 50
[DP-fwdX] L=32 states=4 -> 7
[DP-bwdX] L=32 states=1 -> 2
[DP-fwdX] L=32 states=1 -> 2
[DP-fwdX] L=48 states=40 -> 48
[DP-bwdX] L=80 states=1 -> 2
[DP-bwdX] L=64 states=207 -> 251
[DP-fwdX] L=48 states=40 -> 48
[DP-bwdX] L=48 states=4 -> 7
[DP-bwdX] L=48 states=4 -> 7
[DP-fwdX] L=48 states=1 -> 2
[DP-fwdX] L=64 states=8 -> 10
[DP-bwdX] L=80 states=1 -> 2
[DP-fwdX] L=64 states=8 -> 10
[DP-bwdX] L=64 states=2 -> 4
[DP-bwdX] L=64 states=2 -> 4
[DP-bwdX] L=80 states=1 -> 2
[DP-bwdX] L=80 states=1 -> 2
[DP-bwdX] L=80 states=1 -> 2
  [Round 31] T_prime=13  T_target=11  HPWL_w=719767  HPWL_eq=680  maxL=17  WNS(T')=-4  WNS*(T)=-6  picked=8  solve_ms=41.6489
[OC-Shortest/pow2] m=9 h=9 SEG=4 bits=36 words=1 threads=24
[DP-fwdX] L=0 states=1 -> 1
[DP-fwdX] L=16 states=171 -> 207
[DP-fwdX] L=32 states=1292 -> 1368
[DP-bwdX] L=80 states=1 -> 2
[DP-bwdX] L=64 states=207 -> 251
[DP-bwdX] L=48 states=1368 -> 1437
[DP-fwdX] L=0 states=1 -> 1
[DP-fwdX] L=16 states=171 -> 207
[DP-bwdX] L=32 states=41 -> 50
[DP-fwdX] L=0 states=1 -> 1
[DP-bwdX] L=16 states=5 -> 6
[DP-fwdX] L=0 states=1 -> 1
[DP-fwdX] L=0 states=1 -> 1
[DP-fwdX] L=0 states=1 -> 1
[DP-bwdX] L=16 states=5 -> 6
[DP-fwdX] L=16 states=3 -> 7
[DP-bwdX] L=32 states=41 -> 50
[DP-fwdX] L=32 states=5 -> 9
[DP-bwdX] L=32 states=1 -> 3
[DP-fwdX] L=32 states=1 -> 3
[DP-fwdX] L=48 states=40 -> 48
[DP-bwdX] L=80 states=1 -> 2
[DP-bwdX] L=64 states=207 -> 251
[DP-fwdX] L=48 states=40 -> 48
[DP-bwdX] L=48 states=6 -> 11
[DP-bwdX] L=48 states=6 -> 11
[DP-fwdX] L=48 states=1 -> 2
[DP-fwdX] L=64 states=7 -> 10
[DP-bwdX] L=80 states=1 -> 2
[DP-fwdX] L=64 states=7 -> 10
[DP-bwdX] L=64 states=2 -> 5
[DP-bwdX] L=64 states=2 -> 5
[DP-bwdX] L=80 states=1 -> 2
[DP-bwdX] L=80 states=1 -> 2
[DP-bwdX] L=80 states=1 -> 2
  [Round 32] T_prime=13  T_target=11  HPWL_w=720834  HPWL_eq=682  maxL=30  WNS(T')=-17  WNS*(T)=-19  picked=11  solve_ms=65.659
[OC-Shortest/pow2] m=9 h=9 SEG=4 bits=36 words=1 threads=24
[DP-fwdX] L=0 states=1 -> 1
[DP-fwdX] L=16 states=171 -> 207
[DP-fwdX] L=32 states=1292 -> 1368
[DP-bwdX] L=80 states=1 -> 2
[DP-bwdX] L=64 states=207 -> 251
[DP-bwdX] L=48 states=1368 -> 1437
[DP-fwdX] L=0 states=1 -> 1
[DP-fwdX] L=16 states=171 -> 207
[DP-bwdX] L=32 states=41 -> 50
[DP-fwdX] L=0 states=1 -> 1
[DP-bwdX] L=16 states=7 -> 8
[DP-fwdX] L=0 states=1 -> 1
[DP-fwdX] L=0 states=1 -> 1
[DP-fwdX] L=0 states=1 -> 1
[DP-bwdX] L=16 states=7 -> 8
[DP-fwdX] L=16 states=3 -> 5
[DP-bwdX] L=32 states=41 -> 50
[DP-fwdX] L=32 states=4 -> 7
[DP-bwdX] L=32 states=1 -> 2
[DP-fwdX] L=32 states=1 -> 2
[DP-fwdX] L=48 states=40 -> 48
[DP-bwdX] L=80 states=1 -> 2
[DP-bwdX] L=64 states=207 -> 251
[DP-fwdX] L=48 states=40 -> 48
[DP-bwdX] L=48 states=4 -> 7
[DP-bwdX] L=48 states=4 -> 7
[DP-fwdX] L=48 states=1 -> 2
[DP-fwdX] L=64 states=8 -> 10
[DP-bwdX] L=80 states=1 -> 2
[DP-fwdX] L=64 states=8 -> 10
[DP-bwdX] L=64 states=2 -> 4
[DP-bwdX] L=64 states=2 -> 4
[DP-bwdX] L=80 states=1 -> 2
[DP-bwdX] L=80 states=1 -> 2
[DP-bwdX] L=80 states=1 -> 2
  [Round 33] T_prime=13  T_target=11  HPWL_w=723489  HPWL_eq=680  maxL=17  WNS(T')=-4  WNS*(T)=-6  picked=8  solve_ms=41.7298
[OC-Shortest/pow2] m=9 h=9 SEG=4 bits=36 words=1 threads=24
[DP-fwdX] L=0 states=1 -> 1
[DP-fwdX] L=16 states=171 -> 207
[DP-fwdX] L=32 states=1292 -> 1368
[DP-bwdX] L=80 states=1 -> 2
[DP-bwdX] L=64 states=207 -> 251
[DP-bwdX] L=48 states=1368 -> 1437
[DP-fwdX] L=0 states=1 -> 1
[DP-fwdX] L=16 states=171 -> 207
[DP-bwdX] L=32 states=41 -> 50
[DP-fwdX] L=0 states=1 -> 1
[DP-bwdX] L=16 states=5 -> 6
[DP-fwdX] L=0 states=1 -> 1
[DP-fwdX] L=0 states=1 -> 1
[DP-fwdX] L=0 states=1 -> 1
[DP-bwdX] L=16 states=5 -> 6
[DP-fwdX] L=16 states=3 -> 7
[DP-bwdX] L=32 states=41 -> 50
[DP-fwdX] L=32 states=5 -> 9
[DP-bwdX] L=32 states=1 -> 3
[DP-fwdX] L=32 states=1 -> 3
[DP-fwdX] L=48 states=40 -> 48
[DP-bwdX] L=80 states=1 -> 2
[DP-bwdX] L=64 states=207 -> 251
[DP-fwdX] L=48 states=40 -> 48
[DP-bwdX] L=48 states=6 -> 11
[DP-bwdX] L=48 states=6 -> 11
[DP-fwdX] L=48 states=1 -> 2
[DP-fwdX] L=64 states=7 -> 10
[DP-bwdX] L=80 states=1 -> 2
[DP-fwdX] L=64 states=7 -> 10
[DP-bwdX] L=64 states=2 -> 5
[DP-bwdX] L=64 states=2 -> 5
[DP-bwdX] L=80 states=1 -> 2
[DP-bwdX] L=80 states=1 -> 2
[DP-bwdX] L=80 states=1 -> 2
  [Round 34] T_prime=13  T_target=11  HPWL_w=726909  HPWL_eq=682  maxL=30  WNS(T')=-17  WNS*(T)=-19  picked=12  solve_ms=43.1056
[OC-Shortest/pow2] m=9 h=9 SEG=4 bits=36 words=1 threads=24
[DP-fwdX] L=0 states=1 -> 1
[DP-fwdX] L=16 states=171 -> 207
[DP-fwdX] L=32 states=1292 -> 1368
[DP-bwdX] L=80 states=1 -> 2
[DP-bwdX] L=64 states=207 -> 251
[DP-bwdX] L=48 states=1368 -> 1437
[DP-fwdX] L=0 states=1 -> 1
[DP-fwdX] L=16 states=171 -> 207
[DP-bwdX] L=32 states=41 -> 50
[DP-fwdX] L=0 states=1 -> 1
[DP-bwdX] L=16 states=5 -> 7
[DP-fwdX] L=0 states=1 -> 1
[DP-fwdX] L=0 states=1 -> 1
[DP-fwdX] L=0 states=1 -> 1
[DP-bwdX] L=16 states=5 -> 7
[DP-fwdX] L=16 states=2 -> 5
[DP-bwdX] L=32 states=41 -> 50
[DP-fwdX] L=32 states=4 -> 7
[DP-bwdX] L=32 states=1 -> 2
[DP-fwdX] L=32 states=1 -> 2
[DP-fwdX] L=48 states=40 -> 48
[DP-bwdX] L=80 states=1 -> 2
[DP-bwdX] L=64 states=207 -> 251
[DP-fwdX] L=48 states=40 -> 48
[DP-bwdX] L=48 states=4 -> 7
[DP-bwdX] L=48 states=4 -> 7
[DP-fwdX] L=48 states=1 -> 2
[DP-fwdX] L=64 states=4 -> 5
[DP-bwdX] L=80 states=1 -> 2
[DP-fwdX] L=64 states=4 -> 5
[DP-bwdX] L=64 states=3 -> 7
[DP-bwdX] L=64 states=3 -> 7
[DP-bwdX] L=80 states=1 -> 2
[DP-bwdX] L=80 states=1 -> 2
[DP-bwdX] L=80 states=1 -> 2
  [Round 35] T_prime=13  T_target=11  HPWL_w=731381  HPWL_eq=671  maxL=23  WNS(T')=-10  WNS*(T)=-12  picked=12  solve_ms=42.2916
[OC-Shortest/pow2] m=9 h=9 SEG=4 bits=36 words=1 threads=24
[DP-fwdX] L=0 states=1 -> 1
[DP-fwdX] L=16 states=171 -> 207
[DP-fwdX] L=32 states=1292 -> 1368
[DP-bwdX] L=80 states=1 -> 2
[DP-bwdX] L=64 states=207 -> 251
[DP-bwdX] L=48 states=1368 -> 1437
[DP-fwdX] L=0 states=1 -> 1
[DP-fwdX] L=16 states=171 -> 207
[DP-bwdX] L=32 states=41 -> 50
[DP-fwdX] L=0 states=1 -> 1
[DP-bwdX] L=16 states=5 -> 7
[DP-fwdX] L=0 states=1 -> 1
[DP-fwdX] L=0 states=1 -> 1
[DP-fwdX] L=0 states=1 -> 1
[DP-bwdX] L=16 states=5 -> 7
[DP-fwdX] L=16 states=2 -> 5
[DP-bwdX] L=32 states=41 -> 50
[DP-fwdX] L=32 states=4 -> 7
[DP-bwdX] L=32 states=1 -> 2
[DP-fwdX] L=32 states=1 -> 2
[DP-fwdX] L=48 states=40 -> 48
[DP-bwdX] L=80 states=1 -> 2
[DP-bwdX] L=64 states=207 -> 251
[DP-fwdX] L=48 states=40 -> 48
[DP-bwdX] L=48 states=4 -> 7
[DP-bwdX] L=48 states=4 -> 7
[DP-fwdX] L=48 states=1 -> 2
[DP-fwdX] L=64 states=4 -> 5
[DP-bwdX] L=80 states=1 -> 2
[DP-fwdX] L=64 states=4 -> 5
[DP-bwdX] L=64 states=3 -> 7
[DP-bwdX] L=64 states=3 -> 7
[DP-bwdX] L=80 states=1 -> 2
[DP-bwdX] L=80 states=1 -> 2
[DP-bwdX] L=80 states=1 -> 2
  [Round 36] T_prime=13  T_target=11  HPWL_w=735237  HPWL_eq=672  maxL=19  WNS(T')=-6  WNS*(T)=-8  picked=12  solve_ms=41.8972
[OC-Shortest/pow2] m=9 h=9 SEG=4 bits=36 words=1 threads=24
[DP-fwdX] L=0 states=1 -> 1
[DP-fwdX] L=16 states=171 -> 207
[DP-fwdX] L=32 states=1292 -> 1368
[DP-bwdX] L=80 states=1 -> 2
[DP-bwdX] L=64 states=207 -> 251
[DP-bwdX] L=48 states=1368 -> 1437
[DP-fwdX] L=0 states=1 -> 1
[DP-fwdX] L=16 states=171 -> 207
[DP-bwdX] L=32 states=41 -> 50
[DP-fwdX] L=0 states=1 -> 1
[DP-bwdX] L=16 states=7 -> 8
[DP-fwdX] L=0 states=1 -> 1
[DP-fwdX] L=0 states=1 -> 1
[DP-fwdX] L=0 states=1 -> 1
[DP-bwdX] L=16 states=7 -> 8
[DP-fwdX] L=16 states=3 -> 5
[DP-bwdX] L=32 states=41 -> 50
[DP-fwdX] L=32 states=4 -> 7
[DP-bwdX] L=32 states=1 -> 2
[DP-fwdX] L=32 states=1 -> 2
[DP-fwdX] L=48 states=40 -> 48
[DP-bwdX] L=80 states=1 -> 2
[DP-bwdX] L=64 states=207 -> 251
[DP-fwdX] L=48 states=40 -> 48
[DP-bwdX] L=48 states=4 -> 7
[DP-bwdX] L=48 states=4 -> 7
[DP-fwdX] L=48 states=1 -> 2
[DP-fwdX] L=64 states=8 -> 10
[DP-bwdX] L=80 states=1 -> 2
[DP-fwdX] L=64 states=8 -> 10
[DP-bwdX] L=64 states=2 -> 4
[DP-bwdX] L=64 states=2 -> 4
[DP-bwdX] L=80 states=1 -> 2
[DP-bwdX] L=80 states=1 -> 2
[DP-bwdX] L=80 states=1 -> 2
  [Round 37] T_prime=13  T_target=11  HPWL_w=738018  HPWL_eq=680  maxL=17  WNS(T')=-4  WNS*(T)=-6  picked=8  solve_ms=85.7244
[OC-Shortest/pow2] m=9 h=9 SEG=4 bits=36 words=1 threads=24
[DP-fwdX] L=0 states=1 -> 1
[DP-fwdX] L=16 states=171 -> 207
[DP-fwdX] L=32 states=1292 -> 1368
[DP-bwdX] L=80 states=1 -> 2
[DP-bwdX] L=64 states=207 -> 251
[DP-bwdX] L=48 states=1368 -> 1437
[DP-fwdX] L=0 states=1 -> 1
[DP-fwdX] L=16 states=171 -> 207
[DP-bwdX] L=32 states=41 -> 50
[DP-fwdX] L=0 states=1 -> 1
[DP-bwdX] L=16 states=7 -> 8
[DP-fwdX] L=0 states=1 -> 1
[DP-fwdX] L=0 states=1 -> 1
[DP-fwdX] L=0 states=1 -> 1
[DP-bwdX] L=16 states=7 -> 8
[DP-fwdX] L=16 states=3 -> 5
[DP-bwdX] L=32 states=41 -> 50
[DP-fwdX] L=32 states=4 -> 7
[DP-bwdX] L=32 states=1 -> 2
[DP-fwdX] L=32 states=1 -> 2
[DP-fwdX] L=48 states=40 -> 48
[DP-bwdX] L=80 states=1 -> 2
[DP-bwdX] L=64 states=207 -> 251
[DP-fwdX] L=48 states=40 -> 48
[DP-bwdX] L=48 states=4 -> 7
[DP-bwdX] L=48 states=4 -> 7
[DP-fwdX] L=48 states=1 -> 2
[DP-fwdX] L=64 states=8 -> 10
[DP-bwdX] L=80 states=1 -> 2
[DP-fwdX] L=64 states=8 -> 10
[DP-bwdX] L=64 states=2 -> 4
[DP-bwdX] L=64 states=2 -> 4
[DP-bwdX] L=80 states=1 -> 2
[DP-bwdX] L=80 states=1 -> 2
[DP-bwdX] L=80 states=1 -> 2
  [Round 38] T_prime=13  T_target=11  HPWL_w=740677  HPWL_eq=680  maxL=17  WNS(T')=-4  WNS*(T)=-6  picked=8  solve_ms=41.3886
[OC-Shortest/pow2] m=9 h=9 SEG=4 bits=36 words=1 threads=24
[DP-fwdX] L=0 states=1 -> 1
[DP-fwdX] L=16 states=171 -> 207
[DP-fwdX] L=32 states=1292 -> 1368
[DP-bwdX] L=80 states=1 -> 2
[DP-bwdX] L=64 states=207 -> 251
[DP-bwdX] L=48 states=1368 -> 1437
[DP-fwdX] L=0 states=1 -> 1
[DP-fwdX] L=16 states=171 -> 207
[DP-bwdX] L=32 states=41 -> 50
[DP-fwdX] L=0 states=1 -> 1
[DP-bwdX] L=16 states=7 -> 8
[DP-fwdX] L=0 states=1 -> 1
[DP-fwdX] L=0 states=1 -> 1
[DP-fwdX] L=0 states=1 -> 1
[DP-bwdX] L=16 states=7 -> 8
[DP-fwdX] L=16 states=3 -> 5
[DP-bwdX] L=32 states=41 -> 50
[DP-fwdX] L=32 states=4 -> 7
[DP-bwdX] L=32 states=1 -> 2
[DP-fwdX] L=32 states=1 -> 2
[DP-fwdX] L=48 states=40 -> 48
[DP-bwdX] L=80 states=1 -> 2
[DP-bwdX] L=64 states=207 -> 251
[DP-fwdX] L=48 states=40 -> 48
[DP-bwdX] L=48 states=4 -> 7
[DP-bwdX] L=48 states=4 -> 7
[DP-fwdX] L=48 states=1 -> 2
[DP-fwdX] L=64 states=8 -> 10
[DP-bwdX] L=80 states=1 -> 2
[DP-fwdX] L=64 states=8 -> 10
[DP-bwdX] L=64 states=2 -> 4
[DP-bwdX] L=64 states=2 -> 4
[DP-bwdX] L=80 states=1 -> 2
[DP-bwdX] L=80 states=1 -> 2
[DP-bwdX] L=80 states=1 -> 2
  [Round 39] T_prime=13  T_target=11  HPWL_w=743507  HPWL_eq=680  maxL=17  WNS(T')=-4  WNS*(T)=-6  picked=8  solve_ms=41.2441
[OC-Shortest/pow2] m=9 h=9 SEG=4 bits=36 words=1 threads=24
[DP-fwdX] L=0 states=1 -> 1
[DP-fwdX] L=16 states=171 -> 207
[DP-fwdX] L=32 states=1292 -> 1368
[DP-bwdX] L=80 states=1 -> 2
[DP-bwdX] L=64 states=207 -> 251
[DP-bwdX] L=48 states=1368 -> 1437
[DP-fwdX] L=0 states=1 -> 1
[DP-fwdX] L=16 states=171 -> 207
[DP-bwdX] L=32 states=41 -> 50
[DP-fwdX] L=0 states=1 -> 1
[DP-bwdX] L=16 states=5 -> 7
[DP-fwdX] L=0 states=1 -> 1
[DP-fwdX] L=0 states=1 -> 1
[DP-fwdX] L=0 states=1 -> 1
[DP-bwdX] L=16 states=5 -> 7
[DP-fwdX] L=16 states=2 -> 5
[DP-bwdX] L=32 states=41 -> 50
[DP-fwdX] L=32 states=4 -> 7
[DP-bwdX] L=32 states=1 -> 2
[DP-fwdX] L=32 states=1 -> 2
[DP-fwdX] L=48 states=40 -> 48
[DP-bwdX] L=80 states=1 -> 2
[DP-bwdX] L=64 states=207 -> 251
[DP-fwdX] L=48 states=40 -> 48
[DP-bwdX] L=48 states=4 -> 7
[DP-bwdX] L=48 states=4 -> 7
[DP-fwdX] L=48 states=1 -> 2
[DP-fwdX] L=64 states=4 -> 5
[DP-bwdX] L=80 states=1 -> 2
[DP-fwdX] L=64 states=4 -> 5
[DP-bwdX] L=64 states=3 -> 7
[DP-bwdX] L=64 states=3 -> 7
[DP-bwdX] L=80 states=1 -> 2
[DP-bwdX] L=80 states=1 -> 2
[DP-bwdX] L=80 states=1 -> 2
  [Round 40] T_prime=13  T_target=11  HPWL_w=745955  HPWL_eq=668  maxL=23  WNS(T')=-10  WNS*(T)=-12  picked=12  solve_ms=42.4252
[OC-Shortest/pow2] m=9 h=9 SEG=4 bits=36 words=1 threads=24
[DP-fwdX] L=0 states=1 -> 1
[DP-fwdX] L=16 states=171 -> 207
[DP-fwdX] L=32 states=1292 -> 1368
[DP-bwdX] L=80 states=1 -> 2
[DP-bwdX] L=64 states=207 -> 251
[DP-bwdX] L=48 states=1368 -> 1437
[DP-fwdX] L=0 states=1 -> 1
[DP-fwdX] L=16 states=171 -> 207
[DP-bwdX] L=32 states=41 -> 50
[DP-fwdX] L=0 states=1 -> 1
[DP-bwdX] L=16 states=7 -> 8
[DP-fwdX] L=0 states=1 -> 1
[DP-fwdX] L=0 states=1 -> 1
[DP-fwdX] L=0 states=1 -> 1
[DP-bwdX] L=16 states=7 -> 8
[DP-fwdX] L=16 states=3 -> 5
[DP-bwdX] L=32 states=41 -> 50
[DP-fwdX] L=32 states=4 -> 7
[DP-bwdX] L=32 states=1 -> 2
[DP-fwdX] L=32 states=1 -> 2
[DP-fwdX] L=48 states=40 -> 48
[DP-bwdX] L=80 states=1 -> 2
[DP-bwdX] L=64 states=207 -> 251
[DP-fwdX] L=48 states=40 -> 48
[DP-bwdX] L=48 states=4 -> 7
[DP-bwdX] L=48 states=4 -> 7
[DP-fwdX] L=48 states=1 -> 2
[DP-fwdX] L=64 states=8 -> 10
[DP-bwdX] L=80 states=1 -> 2
[DP-fwdX] L=64 states=8 -> 10
[DP-bwdX] L=64 states=2 -> 4
[DP-bwdX] L=64 states=2 -> 4
[DP-bwdX] L=80 states=1 -> 2
[DP-bwdX] L=80 states=1 -> 2
[DP-bwdX] L=80 states=1 -> 2
  [Round 41] T_prime=13  T_target=11  HPWL_w=747550  HPWL_eq=680  maxL=17  WNS(T')=-4  WNS*(T)=-6  picked=8  solve_ms=42.0013
[OC-Shortest/pow2] m=9 h=9 SEG=4 bits=36 words=1 threads=24
[DP-fwdX] L=0 states=1 -> 1
[DP-fwdX] L=16 states=171 -> 207
[DP-fwdX] L=32 states=1292 -> 1368
[DP-bwdX] L=80 states=1 -> 2
[DP-bwdX] L=64 states=207 -> 251
[DP-bwdX] L=48 states=1368 -> 1437
[DP-fwdX] L=0 states=1 -> 1
[DP-fwdX] L=16 states=171 -> 207
[DP-bwdX] L=32 states=41 -> 50
[DP-fwdX] L=0 states=1 -> 1
[DP-bwdX] L=16 states=5 -> 7
[DP-fwdX] L=0 states=1 -> 1
[DP-fwdX] L=0 states=1 -> 1
[DP-fwdX] L=0 states=1 -> 1
[DP-bwdX] L=16 states=5 -> 7
[DP-fwdX] L=16 states=2 -> 5
[DP-bwdX] L=32 states=41 -> 50
[DP-fwdX] L=32 states=4 -> 7
[DP-bwdX] L=32 states=1 -> 2
[DP-fwdX] L=32 states=1 -> 2
[DP-fwdX] L=48 states=40 -> 48
[DP-bwdX] L=80 states=1 -> 2
[DP-bwdX] L=64 states=207 -> 251
[DP-fwdX] L=48 states=40 -> 48
[DP-bwdX] L=48 states=4 -> 7
[DP-bwdX] L=48 states=4 -> 7
[DP-fwdX] L=48 states=1 -> 2
[DP-fwdX] L=64 states=4 -> 5
[DP-bwdX] L=80 states=1 -> 2
[DP-fwdX] L=64 states=4 -> 5
[DP-bwdX] L=64 states=3 -> 7
[DP-bwdX] L=64 states=3 -> 7
[DP-bwdX] L=80 states=1 -> 2
[DP-bwdX] L=80 states=1 -> 2
[DP-bwdX] L=80 states=1 -> 2
  [Round 42] T_prime=13  T_target=11  HPWL_w=750958  HPWL_eq=670  maxL=19  WNS(T')=-6  WNS*(T)=-8  picked=12  solve_ms=42.324
[OC-Shortest/pow2] m=9 h=9 SEG=4 bits=36 words=1 threads=24
[DP-fwdX] L=0 states=1 -> 1
[DP-fwdX] L=16 states=171 -> 207
[DP-fwdX] L=32 states=1292 -> 1368
[DP-bwdX] L=80 states=1 -> 2
[DP-bwdX] L=64 states=207 -> 251
[DP-bwdX] L=48 states=1368 -> 1437
[DP-fwdX] L=0 states=1 -> 1
[DP-fwdX] L=16 states=171 -> 207
[DP-bwdX] L=32 states=41 -> 50
[DP-fwdX] L=0 states=1 -> 1
[DP-bwdX] L=16 states=5 -> 6
[DP-fwdX] L=0 states=1 -> 1
[DP-fwdX] L=0 states=1 -> 1
[DP-fwdX] L=0 states=1 -> 1
[DP-bwdX] L=16 states=5 -> 6
[DP-fwdX] L=16 states=3 -> 7
[DP-bwdX] L=32 states=41 -> 50
[DP-fwdX] L=32 states=5 -> 9
[DP-bwdX] L=32 states=1 -> 3
[DP-fwdX] L=32 states=1 -> 3
[DP-fwdX] L=48 states=40 -> 48
[DP-bwdX] L=80 states=1 -> 2
[DP-bwdX] L=64 states=207 -> 251
[DP-fwdX] L=48 states=40 -> 48
[DP-bwdX] L=48 states=6 -> 11
[DP-bwdX] L=48 states=6 -> 11
[DP-fwdX] L=48 states=1 -> 2
[DP-fwdX] L=64 states=7 -> 10
[DP-bwdX] L=80 states=1 -> 2
[DP-fwdX] L=64 states=7 -> 10
[DP-bwdX] L=64 states=2 -> 5
[DP-bwdX] L=64 states=2 -> 5
[DP-bwdX] L=80 states=1 -> 2
[DP-bwdX] L=80 states=1 -> 2
[DP-bwdX] L=80 states=1 -> 2
  [Round 43] T_prime=13  T_target=11  HPWL_w=754249  HPWL_eq=682  maxL=30  WNS(T')=-17  WNS*(T)=-19  picked=12  solve_ms=43.1497
[OC-Shortest/pow2] m=9 h=9 SEG=4 bits=36 words=1 threads=24
[DP-fwdX] L=0 states=1 -> 1
[DP-fwdX] L=16 states=171 -> 207
[DP-fwdX] L=32 states=1292 -> 1368
[DP-bwdX] L=80 states=1 -> 2
[DP-bwdX] L=64 states=207 -> 251
[DP-bwdX] L=48 states=1368 -> 1437
[DP-fwdX] L=0 states=1 -> 1
[DP-fwdX] L=16 states=171 -> 207
[DP-bwdX] L=32 states=41 -> 50
[DP-fwdX] L=0 states=1 -> 1
[DP-bwdX] L=16 states=5 -> 6
[DP-fwdX] L=0 states=1 -> 1
[DP-fwdX] L=0 states=1 -> 1
[DP-fwdX] L=0 states=1 -> 1
[DP-bwdX] L=16 states=5 -> 6
[DP-fwdX] L=16 states=3 -> 7
[DP-bwdX] L=32 states=41 -> 50
[DP-fwdX] L=32 states=7 -> 12
[DP-bwdX] L=32 states=1 -> 2
[DP-fwdX] L=32 states=1 -> 2
[DP-fwdX] L=48 states=40 -> 48
[DP-bwdX] L=80 states=1 -> 2
[DP-bwdX] L=64 states=207 -> 251
[DP-fwdX] L=48 states=40 -> 48
[DP-bwdX] L=48 states=6 -> 11
[DP-bwdX] L=48 states=6 -> 11
[DP-fwdX] L=48 states=1 -> 2
[DP-fwdX] L=64 states=7 -> 10
[DP-bwdX] L=80 states=1 -> 2
[DP-fwdX] L=64 states=7 -> 10
[DP-bwdX] L=64 states=2 -> 5
[DP-bwdX] L=64 states=2 -> 5
[DP-bwdX] L=80 states=1 -> 2
[DP-bwdX] L=80 states=1 -> 2
[DP-bwdX] L=80 states=1 -> 2
  [Round 44] T_prime=13  T_target=11  HPWL_w=759605  HPWL_eq=682  maxL=30  WNS(T')=-17  WNS*(T)=-19  picked=11  solve_ms=42.6467
[OC-Shortest/pow2] m=9 h=9 SEG=4 bits=36 words=1 threads=24
[DP-fwdX] L=0 states=1 -> 1
[DP-fwdX] L=16 states=171 -> 207
[DP-fwdX] L=32 states=1292 -> 1368
[DP-bwdX] L=80 states=1 -> 2
[DP-bwdX] L=64 states=207 -> 251
[DP-bwdX] L=48 states=1368 -> 1437
[DP-fwdX] L=0 states=1 -> 1
[DP-fwdX] L=16 states=171 -> 207
[DP-bwdX] L=32 states=41 -> 50
[DP-fwdX] L=0 states=1 -> 1
[DP-bwdX] L=16 states=7 -> 8
[DP-fwdX] L=0 states=1 -> 1
[DP-fwdX] L=0 states=1 -> 1
[DP-fwdX] L=0 states=1 -> 1
[DP-bwdX] L=16 states=7 -> 8
[DP-fwdX] L=16 states=3 -> 5
[DP-bwdX] L=32 states=41 -> 50
[DP-fwdX] L=32 states=4 -> 7
[DP-bwdX] L=32 states=1 -> 2
[DP-fwdX] L=32 states=1 -> 2
[DP-fwdX] L=48 states=40 -> 48
[DP-bwdX] L=80 states=1 -> 2
[DP-bwdX] L=64 states=207 -> 251
[DP-fwdX] L=48 states=40 -> 48
[DP-bwdX] L=48 states=4 -> 7
[DP-bwdX] L=48 states=4 -> 7
[DP-fwdX] L=48 states=1 -> 2
[DP-fwdX] L=64 states=8 -> 10
[DP-bwdX] L=80 states=1 -> 2
[DP-fwdX] L=64 states=8 -> 10
[DP-bwdX] L=64 states=2 -> 4
[DP-bwdX] L=64 states=2 -> 4
[DP-bwdX] L=80 states=1 -> 2
[DP-bwdX] L=80 states=1 -> 2
[DP-bwdX] L=80 states=1 -> 2
  [Round 45] T_prime=13  T_target=11  HPWL_w=765710  HPWL_eq=680  maxL=17  WNS(T')=-4  WNS*(T)=-6  picked=8  solve_ms=41.7287
[OC-Shortest/pow2] m=9 h=9 SEG=4 bits=36 words=1 threads=24
[DP-fwdX] L=0 states=1 -> 1
[DP-fwdX] L=16 states=171 -> 207
[DP-fwdX] L=32 states=1292 -> 1368
[DP-bwdX] L=80 states=1 -> 2
[DP-bwdX] L=64 states=207 -> 251
[DP-bwdX] L=48 states=1368 -> 1437
[DP-fwdX] L=0 states=1 -> 1
[DP-fwdX] L=16 states=171 -> 207
[DP-bwdX] L=32 states=41 -> 50
[DP-fwdX] L=0 states=1 -> 1
[DP-bwdX] L=16 states=7 -> 8
[DP-fwdX] L=0 states=1 -> 1
[DP-fwdX] L=0 states=1 -> 1
[DP-fwdX] L=0 states=1 -> 1
[DP-bwdX] L=16 states=7 -> 8
[DP-fwdX] L=16 states=3 -> 5
[DP-bwdX] L=32 states=41 -> 50
[DP-fwdX] L=32 states=4 -> 7
[DP-bwdX] L=32 states=1 -> 2
[DP-fwdX] L=32 states=1 -> 2
[DP-fwdX] L=48 states=40 -> 48
[DP-bwdX] L=80 states=1 -> 2
[DP-bwdX] L=64 states=207 -> 251
[DP-fwdX] L=48 states=40 -> 48
[DP-bwdX] L=48 states=4 -> 7
[DP-bwdX] L=48 states=4 -> 7
[DP-fwdX] L=48 states=1 -> 2
[DP-fwdX] L=64 states=8 -> 10
[DP-bwdX] L=80 states=1 -> 2
[DP-fwdX] L=64 states=8 -> 10
[DP-bwdX] L=64 states=2 -> 4
[DP-bwdX] L=64 states=2 -> 4
[DP-bwdX] L=80 states=1 -> 2
[DP-bwdX] L=80 states=1 -> 2
[DP-bwdX] L=80 states=1 -> 2
  [Round 46] T_prime=13  T_target=11  HPWL_w=767670  HPWL_eq=680  maxL=17  WNS(T')=-4  WNS*(T)=-6  picked=8  solve_ms=41.6503
[OC-Shortest/pow2] m=9 h=9 SEG=4 bits=36 words=1 threads=24
[DP-fwdX] L=0 states=1 -> 1
[DP-fwdX] L=16 states=171 -> 207
[DP-fwdX] L=32 states=1292 -> 1368
[DP-bwdX] L=80 states=1 -> 2
[DP-bwdX] L=64 states=207 -> 251
[DP-bwdX] L=48 states=1368 -> 1437
[DP-fwdX] L=0 states=1 -> 1
[DP-fwdX] L=16 states=171 -> 207
[DP-bwdX] L=32 states=41 -> 50
[DP-fwdX] L=0 states=1 -> 1
[DP-bwdX] L=16 states=7 -> 8
[DP-fwdX] L=0 states=1 -> 1
[DP-fwdX] L=0 states=1 -> 1
[DP-fwdX] L=0 states=1 -> 1
[DP-bwdX] L=16 states=7 -> 8
[DP-fwdX] L=16 states=3 -> 5
[DP-bwdX] L=32 states=41 -> 50
[DP-fwdX] L=32 states=4 -> 7
[DP-bwdX] L=32 states=1 -> 2
[DP-fwdX] L=32 states=1 -> 2
[DP-fwdX] L=48 states=40 -> 48
[DP-bwdX] L=80 states=1 -> 2
[DP-bwdX] L=64 states=207 -> 251
[DP-fwdX] L=48 states=40 -> 48
[DP-bwdX] L=48 states=4 -> 7
[DP-bwdX] L=48 states=4 -> 7
[DP-fwdX] L=48 states=1 -> 2
[DP-fwdX] L=64 states=8 -> 10
[DP-bwdX] L=80 states=1 -> 2
[DP-fwdX] L=64 states=8 -> 10
[DP-bwdX] L=64 states=2 -> 4
[DP-bwdX] L=64 states=2 -> 4
[DP-bwdX] L=80 states=1 -> 2
[DP-bwdX] L=80 states=1 -> 2
[DP-bwdX] L=80 states=1 -> 2
  [Round 47] T_prime=13  T_target=11  HPWL_w=771654  HPWL_eq=682  maxL=15  WNS(T')=-2  WNS*(T)=-4  picked=8  solve_ms=41.9263
[OC-Shortest/pow2] m=9 h=9 SEG=4 bits=36 words=1 threads=24
[DP-fwdX] L=0 states=1 -> 1
[DP-fwdX] L=16 states=171 -> 207
[DP-fwdX] L=32 states=1292 -> 1368
[DP-bwdX] L=80 states=1 -> 2
[DP-bwdX] L=64 states=207 -> 251
[DP-bwdX] L=48 states=1368 -> 1437
[DP-fwdX] L=0 states=1 -> 1
[DP-fwdX] L=16 states=171 -> 207
[DP-bwdX] L=32 states=41 -> 50
[DP-fwdX] L=0 states=1 -> 1
[DP-bwdX] L=16 states=5 -> 7
[DP-fwdX] L=0 states=1 -> 1
[DP-fwdX] L=0 states=1 -> 1
[DP-fwdX] L=0 states=1 -> 1
[DP-bwdX] L=16 states=5 -> 7
[DP-fwdX] L=16 states=2 -> 5
[DP-bwdX] L=32 states=41 -> 50
[DP-fwdX] L=32 states=4 -> 7
[DP-bwdX] L=32 states=1 -> 2
[DP-fwdX] L=32 states=1 -> 2
[DP-fwdX] L=48 states=40 -> 48
[DP-bwdX] L=80 states=1 -> 2
[DP-bwdX] L=64 states=207 -> 251
[DP-fwdX] L=48 states=40 -> 48
[DP-bwdX] L=48 states=4 -> 7
[DP-bwdX] L=48 states=4 -> 7
[DP-fwdX] L=48 states=1 -> 2
[DP-fwdX] L=64 states=8 -> 10
[DP-bwdX] L=80 states=1 -> 2
[DP-fwdX] L=64 states=8 -> 10
[DP-bwdX] L=64 states=2 -> 4
[DP-bwdX] L=64 states=2 -> 4
[DP-bwdX] L=80 states=1 -> 2
[DP-bwdX] L=80 states=1 -> 2
[DP-bwdX] L=80 states=1 -> 2
  [Round 48] T_prime=13  T_target=11  HPWL_w=773409  HPWL_eq=679  maxL=17  WNS(T')=-4  WNS*(T)=-6  picked=10  solve_ms=41.9723
[OC-Shortest/pow2] m=9 h=9 SEG=4 bits=36 words=1 threads=24
[DP-fwdX] L=0 states=1 -> 1
[DP-fwdX] L=16 states=171 -> 207
[DP-fwdX] L=32 states=1292 -> 1368
[DP-bwdX] L=80 states=1 -> 2
[DP-bwdX] L=64 states=207 -> 251
[DP-bwdX] L=48 states=1368 -> 1437
[DP-fwdX] L=0 states=1 -> 1
[DP-fwdX] L=16 states=171 -> 207
[DP-bwdX] L=32 states=41 -> 50
[DP-fwdX] L=0 states=1 -> 1
[DP-bwdX] L=16 states=5 -> 7
[DP-fwdX] L=0 states=1 -> 1
[DP-fwdX] L=0 states=1 -> 1
[DP-fwdX] L=0 states=1 -> 1
[DP-bwdX] L=16 states=5 -> 7
[DP-fwdX] L=16 states=2 -> 5
[DP-bwdX] L=32 states=41 -> 50
[DP-fwdX] L=32 states=4 -> 7
[DP-bwdX] L=32 states=1 -> 2
[DP-fwdX] L=32 states=1 -> 2
[DP-fwdX] L=48 states=40 -> 48
[DP-bwdX] L=80 states=1 -> 2
[DP-bwdX] L=64 states=207 -> 251
[DP-fwdX] L=48 states=40 -> 48
[DP-bwdX] L=48 states=4 -> 7
[DP-bwdX] L=48 states=4 -> 7
[DP-fwdX] L=48 states=1 -> 2
[DP-fwdX] L=64 states=4 -> 5
[DP-bwdX] L=80 states=1 -> 2
[DP-fwdX] L=64 states=4 -> 5
[DP-bwdX] L=64 states=3 -> 7
[DP-bwdX] L=64 states=3 -> 7
[DP-bwdX] L=80 states=1 -> 2
[DP-bwdX] L=80 states=1 -> 2
[DP-bwdX] L=80 states=1 -> 2
  [Round 49] T_prime=13  T_target=11  HPWL_w=775467  HPWL_eq=678  maxL=17  WNS(T')=-4  WNS*(T)=-6  picked=12  solve_ms=42.194
[OC-Shortest/pow2] m=9 h=9 SEG=4 bits=36 words=1 threads=24
[DP-fwdX] L=0 states=1 -> 1
[DP-fwdX] L=16 states=171 -> 207
[DP-fwdX] L=32 states=1292 -> 1368
[DP-bwdX] L=80 states=1 -> 2
[DP-bwdX] L=64 states=207 -> 251
[DP-bwdX] L=48 states=1368 -> 1437
[DP-fwdX] L=0 states=1 -> 1
[DP-fwdX] L=16 states=171 -> 207
[DP-bwdX] L=32 states=41 -> 50
[DP-fwdX] L=0 states=1 -> 1
[DP-bwdX] L=16 states=7 -> 8
[DP-fwdX] L=0 states=1 -> 1
[DP-fwdX] L=0 states=1 -> 1
[DP-fwdX] L=0 states=1 -> 1
[DP-bwdX] L=16 states=7 -> 8
[DP-fwdX] L=16 states=3 -> 5
[DP-bwdX] L=32 states=41 -> 50
[DP-fwdX] L=32 states=4 -> 7
[DP-bwdX] L=32 states=1 -> 2
[DP-fwdX] L=32 states=1 -> 2
[DP-fwdX] L=48 states=40 -> 48
[DP-bwdX] L=80 states=1 -> 2
[DP-bwdX] L=64 states=207 -> 251
[DP-fwdX] L=48 states=40 -> 48
[DP-bwdX] L=48 states=4 -> 7
[DP-bwdX] L=48 states=4 -> 7
[DP-fwdX] L=48 states=1 -> 2
[DP-fwdX] L=64 states=4 -> 5
[DP-bwdX] L=80 states=1 -> 2
[DP-fwdX] L=64 states=4 -> 5
[DP-bwdX] L=64 states=3 -> 7
[DP-bwdX] L=64 states=3 -> 7
[DP-bwdX] L=80 states=1 -> 2
[DP-bwdX] L=80 states=1 -> 2
[DP-bwdX] L=80 states=1 -> 2
  [Round 50] T_prime=13  T_target=11  HPWL_w=778896  HPWL_eq=683  maxL=17  WNS(T')=-4  WNS*(T)=-6  picked=10  solve_ms=41.9112
[OC-Shortest/pow2] m=9 h=9 SEG=4 bits=36 words=1 threads=24
[DP-fwdX] L=0 states=1 -> 1
[DP-fwdX] L=16 states=171 -> 207
[DP-fwdX] L=32 states=1292 -> 1368
[DP-bwdX] L=80 states=1 -> 2
[DP-bwdX] L=64 states=207 -> 251
[DP-bwdX] L=48 states=1368 -> 1437
[DP-fwdX] L=0 states=1 -> 1
[DP-fwdX] L=16 states=171 -> 207
[DP-bwdX] L=32 states=41 -> 50
[DP-fwdX] L=0 states=1 -> 1
[DP-bwdX] L=16 states=7 -> 8
[DP-fwdX] L=0 states=1 -> 1
[DP-fwdX] L=0 states=1 -> 1
[DP-fwdX] L=0 states=1 -> 1
[DP-bwdX] L=16 states=7 -> 8
[DP-fwdX] L=16 states=3 -> 5
[DP-bwdX] L=32 states=41 -> 50
[DP-fwdX] L=32 states=4 -> 7
[DP-bwdX] L=32 states=1 -> 2
[DP-fwdX] L=32 states=1 -> 2
[DP-fwdX] L=48 states=40 -> 48
[DP-bwdX] L=80 states=1 -> 2
[DP-bwdX] L=64 states=207 -> 251
[DP-fwdX] L=48 states=40 -> 48
[DP-bwdX] L=48 states=6 -> 11
[DP-bwdX] L=48 states=6 -> 11
[DP-fwdX] L=48 states=1 -> 2
[DP-fwdX] L=64 states=7 -> 10
[DP-bwdX] L=80 states=1 -> 2
[DP-fwdX] L=64 states=7 -> 10
[DP-bwdX] L=64 states=2 -> 5
[DP-bwdX] L=64 states=2 -> 5
[DP-bwdX] L=80 states=1 -> 2
[DP-bwdX] L=80 states=1 -> 2
[DP-bwdX] L=80 states=1 -> 2
  [Round 51] T_prime=13  T_target=11  HPWL_w=783566  HPWL_eq=687  maxL=33  WNS(T')=-20  WNS*(T)=-22  picked=10  solve_ms=42.3094
[OC-Shortest/pow2] m=9 h=9 SEG=4 bits=36 words=1 threads=24
[DP-fwdX] L=0 states=1 -> 1
[DP-fwdX] L=16 states=171 -> 207
[DP-fwdX] L=32 states=1292 -> 1368
[DP-bwdX] L=80 states=1 -> 2
[DP-bwdX] L=64 states=207 -> 251
[DP-bwdX] L=48 states=1368 -> 1437
[DP-fwdX] L=0 states=1 -> 1
[DP-fwdX] L=16 states=171 -> 207
[DP-bwdX] L=32 states=41 -> 50
[DP-fwdX] L=0 states=1 -> 1
[DP-bwdX] L=16 states=7 -> 8
[DP-fwdX] L=0 states=1 -> 1
[DP-fwdX] L=0 states=1 -> 1
[DP-fwdX] L=0 states=1 -> 1
[DP-bwdX] L=16 states=7 -> 8
[DP-fwdX] L=16 states=3 -> 5
[DP-bwdX] L=32 states=41 -> 50
[DP-fwdX] L=32 states=4 -> 7
[DP-bwdX] L=32 states=1 -> 2
[DP-fwdX] L=32 states=1 -> 2
[DP-fwdX] L=48 states=40 -> 48
[DP-bwdX] L=80 states=1 -> 2
[DP-bwdX] L=64 states=207 -> 251
[DP-fwdX] L=48 states=40 -> 48
[DP-bwdX] L=48 states=4 -> 7
[DP-bwdX] L=48 states=4 -> 7
[DP-fwdX] L=48 states=1 -> 2
[DP-fwdX] L=64 states=8 -> 10
[DP-bwdX] L=80 states=1 -> 2
[DP-fwdX] L=64 states=8 -> 10
[DP-bwdX] L=64 states=2 -> 4
[DP-bwdX] L=64 states=2 -> 4
[DP-bwdX] L=80 states=1 -> 2
[DP-bwdX] L=80 states=1 -> 2
[DP-bwdX] L=80 states=1 -> 2
  [Round 52] T_prime=13  T_target=11  HPWL_w=786184  HPWL_eq=684  maxL=15  WNS(T')=-2  WNS*(T)=-4  picked=8  solve_ms=41.656
[OC-Shortest/pow2] m=9 h=9 SEG=4 bits=36 words=1 threads=24
[DP-fwdX] L=0 states=1 -> 1
[DP-fwdX] L=16 states=171 -> 207
[DP-fwdX] L=32 states=1292 -> 1368
[DP-bwdX] L=80 states=1 -> 2
[DP-bwdX] L=64 states=207 -> 251
[DP-bwdX] L=48 states=1368 -> 1437
[DP-fwdX] L=0 states=1 -> 1
[DP-fwdX] L=16 states=171 -> 207
[DP-bwdX] L=32 states=41 -> 50
[DP-fwdX] L=0 states=1 -> 1
[DP-bwdX] L=16 states=5 -> 6
[DP-fwdX] L=0 states=1 -> 1
[DP-fwdX] L=0 states=1 -> 1
[DP-fwdX] L=0 states=1 -> 1
[DP-bwdX] L=16 states=5 -> 6
[DP-fwdX] L=16 states=2 -> 5
[DP-bwdX] L=32 states=41 -> 50
[DP-fwdX] L=32 states=5 -> 9
[DP-bwdX] L=32 states=1 -> 3
[DP-fwdX] L=32 states=1 -> 3
[DP-fwdX] L=48 states=40 -> 48
[DP-bwdX] L=80 states=1 -> 2
[DP-bwdX] L=64 states=207 -> 251
[DP-fwdX] L=48 states=40 -> 48
[DP-bwdX] L=48 states=6 -> 11
[DP-bwdX] L=48 states=6 -> 11
[DP-fwdX] L=48 states=1 -> 2
[DP-fwdX] L=64 states=7 -> 10
[DP-bwdX] L=80 states=1 -> 2
[DP-fwdX] L=64 states=7 -> 10
[DP-bwdX] L=64 states=3 -> 7
[DP-bwdX] L=64 states=3 -> 7
[DP-bwdX] L=80 states=1 -> 2
[DP-bwdX] L=80 states=1 -> 2
[DP-bwdX] L=80 states=1 -> 2
  [Round 53] T_prime=13  T_target=11  HPWL_w=789809  HPWL_eq=697  maxL=21  WNS(T')=-8  WNS*(T)=-10  picked=12  solve_ms=64.6685
[OC-Shortest/pow2] m=9 h=9 SEG=4 bits=36 words=1 threads=24
[DP-fwdX] L=0 states=1 -> 1
[DP-fwdX] L=16 states=171 -> 207
[DP-fwdX] L=32 states=1292 -> 1368
[DP-bwdX] L=80 states=1 -> 2
[DP-bwdX] L=64 states=207 -> 251
[DP-bwdX] L=48 states=1368 -> 1437
[DP-fwdX] L=0 states=1 -> 1
[DP-fwdX] L=16 states=171 -> 207
[DP-bwdX] L=32 states=41 -> 50
[DP-fwdX] L=0 states=1 -> 1
[DP-bwdX] L=16 states=5 -> 6
[DP-fwdX] L=0 states=1 -> 1
[DP-fwdX] L=0 states=1 -> 1
[DP-fwdX] L=0 states=1 -> 1
[DP-bwdX] L=16 states=5 -> 6
[DP-fwdX] L=16 states=2 -> 5
[DP-bwdX] L=32 states=41 -> 50
[DP-fwdX] L=32 states=5 -> 9
[DP-bwdX] L=32 states=1 -> 3
[DP-fwdX] L=32 states=1 -> 3
[DP-fwdX] L=48 states=40 -> 48
[DP-bwdX] L=80 states=1 -> 2
[DP-bwdX] L=64 states=207 -> 251
[DP-fwdX] L=48 states=40 -> 48
[DP-bwdX] L=48 states=4 -> 7
[DP-bwdX] L=48 states=4 -> 7
[DP-fwdX] L=48 states=1 -> 2
[DP-fwdX] L=64 states=8 -> 10
[DP-bwdX] L=80 states=1 -> 2
[DP-fwdX] L=64 states=8 -> 10
[DP-bwdX] L=64 states=2 -> 4
[DP-bwdX] L=64 states=2 -> 4
[DP-bwdX] L=80 states=1 -> 2
[DP-bwdX] L=80 states=1 -> 2
[DP-bwdX] L=80 states=1 -> 2
  [Round 54] T_prime=13  T_target=11  HPWL_w=791780  HPWL_eq=686  maxL=21  WNS(T')=-8  WNS*(T)=-10  picked=10  solve_ms=41.2553
[OC-Shortest/pow2] m=9 h=9 SEG=4 bits=36 words=1 threads=24
[DP-fwdX] L=0 states=1 -> 1
[DP-fwdX] L=16 states=171 -> 207
[DP-fwdX] L=32 states=1292 -> 1368
[DP-bwdX] L=80 states=1 -> 2
[DP-bwdX] L=64 states=207 -> 251
[DP-bwdX] L=48 states=1368 -> 1437
[DP-fwdX] L=0 states=1 -> 1
[DP-fwdX] L=16 states=171 -> 207
[DP-bwdX] L=32 states=41 -> 50
[DP-fwdX] L=0 states=1 -> 1
[DP-bwdX] L=16 states=5 -> 7
[DP-fwdX] L=0 states=1 -> 1
[DP-fwdX] L=0 states=1 -> 1
[DP-fwdX] L=0 states=1 -> 1
[DP-bwdX] L=16 states=5 -> 7
[DP-fwdX] L=16 states=2 -> 5
[DP-bwdX] L=32 states=41 -> 50
[DP-fwdX] L=32 states=4 -> 7
[DP-bwdX] L=32 states=1 -> 2
[DP-fwdX] L=32 states=1 -> 2
[DP-fwdX] L=48 states=40 -> 48
[DP-bwdX] L=80 states=1 -> 2
[DP-bwdX] L=64 states=207 -> 251
[DP-fwdX] L=48 states=40 -> 48
[DP-bwdX] L=48 states=4 -> 7
[DP-bwdX] L=48 states=4 -> 7
[DP-fwdX] L=48 states=1 -> 2
[DP-fwdX] L=64 states=4 -> 5
[DP-bwdX] L=80 states=1 -> 2
[DP-fwdX] L=64 states=4 -> 5
[DP-bwdX] L=64 states=3 -> 7
[DP-bwdX] L=64 states=3 -> 7
[DP-bwdX] L=80 states=1 -> 2
[DP-bwdX] L=80 states=1 -> 2
[DP-bwdX] L=80 states=1 -> 2
  [Round 55] T_prime=13  T_target=11  HPWL_w=796817  HPWL_eq=681  maxL=17  WNS(T')=-4  WNS*(T)=-6  picked=12  solve_ms=55.7551
[OC-Shortest/pow2] m=9 h=9 SEG=4 bits=36 words=1 threads=24
[DP-fwdX] L=0 states=1 -> 1
[DP-fwdX] L=16 states=171 -> 207
[DP-fwdX] L=32 states=1292 -> 1368
[DP-bwdX] L=80 states=1 -> 2
[DP-bwdX] L=64 states=207 -> 251
[DP-bwdX] L=48 states=1368 -> 1437
[DP-fwdX] L=0 states=1 -> 1
[DP-fwdX] L=16 states=171 -> 207
[DP-bwdX] L=32 states=41 -> 50
[DP-fwdX] L=0 states=1 -> 1
[DP-bwdX] L=16 states=5 -> 7
[DP-fwdX] L=0 states=1 -> 1
[DP-fwdX] L=0 states=1 -> 1
[DP-fwdX] L=0 states=1 -> 1
[DP-bwdX] L=16 states=5 -> 7
[DP-fwdX] L=16 states=2 -> 5
[DP-bwdX] L=32 states=41 -> 50
[DP-fwdX] L=32 states=4 -> 7
[DP-bwdX] L=32 states=1 -> 2
[DP-fwdX] L=32 states=1 -> 2
[DP-fwdX] L=48 states=40 -> 48
[DP-bwdX] L=80 states=1 -> 2
[DP-bwdX] L=64 states=207 -> 251
[DP-fwdX] L=48 states=40 -> 48
[DP-bwdX] L=48 states=4 -> 7
[DP-bwdX] L=48 states=4 -> 7
[DP-fwdX] L=48 states=1 -> 2
[DP-fwdX] L=64 states=4 -> 5
[DP-bwdX] L=80 states=1 -> 2
[DP-fwdX] L=64 states=4 -> 5
[DP-bwdX] L=64 states=3 -> 7
[DP-bwdX] L=64 states=3 -> 7
[DP-bwdX] L=80 states=1 -> 2
[DP-bwdX] L=80 states=1 -> 2
[DP-bwdX] L=80 states=1 -> 2
  [Round 56] T_prime=13  T_target=11  HPWL_w=798059  HPWL_eq=683  maxL=17  WNS(T')=-4  WNS*(T)=-6  picked=12  solve_ms=41.4359
[OC-Shortest/pow2] m=9 h=9 SEG=4 bits=36 words=1 threads=24
[DP-fwdX] L=0 states=1 -> 1
[DP-fwdX] L=16 states=171 -> 207
[DP-fwdX] L=32 states=1292 -> 1368
[DP-bwdX] L=80 states=1 -> 2
[DP-bwdX] L=64 states=207 -> 251
[DP-bwdX] L=48 states=1368 -> 1437
[DP-fwdX] L=0 states=1 -> 1
[DP-fwdX] L=16 states=171 -> 207
[DP-bwdX] L=32 states=41 -> 50
[DP-fwdX] L=0 states=1 -> 1
[DP-bwdX] L=16 states=7 -> 8
[DP-fwdX] L=0 states=1 -> 1
[DP-fwdX] L=0 states=1 -> 1
[DP-fwdX] L=0 states=1 -> 1
[DP-bwdX] L=16 states=7 -> 8
[DP-fwdX] L=16 states=3 -> 5
[DP-bwdX] L=32 states=41 -> 50
[DP-fwdX] L=32 states=4 -> 7
[DP-bwdX] L=32 states=1 -> 2
[DP-fwdX] L=32 states=1 -> 2
[DP-fwdX] L=48 states=40 -> 48
[DP-bwdX] L=80 states=1 -> 2
[DP-bwdX] L=64 states=207 -> 251
[DP-fwdX] L=48 states=40 -> 48
[DP-bwdX] L=48 states=4 -> 7
[DP-bwdX] L=48 states=4 -> 7
[DP-fwdX] L=48 states=1 -> 2
[DP-fwdX] L=64 states=8 -> 10
[DP-bwdX] L=80 states=1 -> 2
[DP-fwdX] L=64 states=8 -> 10
[DP-bwdX] L=64 states=2 -> 4
[DP-bwdX] L=64 states=2 -> 4
[DP-bwdX] L=80 states=1 -> 2
[DP-bwdX] L=80 states=1 -> 2
[DP-bwdX] L=80 states=1 -> 2
  [Round 57] T_prime=13  T_target=11  HPWL_w=804004  HPWL_eq=692  maxL=13  WNS(T')=0  WNS*(T)=-2  picked=0  solve_ms=43.8261
    [Tighten] T_prime: 13 -> 11 (sigma*maxL=11, shrink=12)  | cold-start: reset inertia
[OC-Shortest/pow2] m=9 h=9 SEG=4 bits=36 words=1 threads=24
[DP-fwdX] L=0 states=1 -> 1
[DP-fwdX] L=16 states=171 -> 207
[DP-fwdX] L=32 states=1292 -> 1368
[DP-bwdX] L=80 states=1 -> 2
[DP-bwdX] L=64 states=207 -> 251
[DP-bwdX] L=48 states=1368 -> 1437
[DP-fwdX] L=0 states=1 -> 1
[DP-fwdX] L=16 states=171 -> 207
[DP-bwdX] L=32 states=41 -> 50
[DP-fwdX] L=0 states=1 -> 1
[DP-bwdX] L=16 states=7 -> 8
[DP-fwdX] L=0 states=1 -> 1
[DP-fwdX] L=0 states=1 -> 1
[DP-fwdX] L=0 states=1 -> 1
[DP-bwdX] L=16 states=7 -> 8
[DP-fwdX] L=16 states=3 -> 5
[DP-bwdX] L=32 states=41 -> 50
[DP-fwdX] L=32 states=4 -> 7
[DP-bwdX] L=32 states=1 -> 2
[DP-fwdX] L=32 states=1 -> 2
[DP-fwdX] L=48 states=40 -> 48
[DP-bwdX] L=80 states=1 -> 2
[DP-bwdX] L=64 states=207 -> 251
[DP-fwdX] L=48 states=40 -> 48
[DP-bwdX] L=48 states=4 -> 7
[DP-bwdX] L=48 states=4 -> 7
[DP-fwdX] L=48 states=1 -> 2
[DP-fwdX] L=64 states=8 -> 10
[DP-bwdX] L=80 states=1 -> 2
[DP-fwdX] L=64 states=8 -> 10
[DP-bwdX] L=64 states=2 -> 4
[DP-bwdX] L=64 states=2 -> 4
[DP-bwdX] L=80 states=1 -> 2
[DP-bwdX] L=80 states=1 -> 2
[DP-bwdX] L=80 states=1 -> 2
  [Round 58] T_prime=11  T_target=11  HPWL_w=804004  HPWL_eq=692  maxL=13  WNS(T')=-2  WNS*(T)=-2  picked=12  solve_ms=41.0871
[OC-Shortest/pow2] m=9 h=9 SEG=4 bits=36 words=1 threads=24
[DP-fwdX] L=0 states=1 -> 1
[DP-fwdX] L=16 states=171 -> 207
[DP-fwdX] L=32 states=1292 -> 1368
[DP-bwdX] L=80 states=1 -> 2
[DP-bwdX] L=64 states=207 -> 251
[DP-bwdX] L=48 states=1368 -> 1437
[DP-fwdX] L=0 states=1 -> 1
[DP-fwdX] L=16 states=171 -> 207
[DP-bwdX] L=32 states=41 -> 50
[DP-fwdX] L=0 states=1 -> 1
[DP-bwdX] L=16 states=7 -> 8
[DP-fwdX] L=0 states=1 -> 1
[DP-fwdX] L=0 states=1 -> 1
[DP-fwdX] L=0 states=1 -> 1
[DP-bwdX] L=16 states=7 -> 8
[DP-fwdX] L=16 states=3 -> 5
[DP-bwdX] L=32 states=41 -> 50
[DP-fwdX] L=32 states=4 -> 7
[DP-bwdX] L=32 states=1 -> 2
[DP-fwdX] L=32 states=1 -> 2
[DP-fwdX] L=48 states=40 -> 48
[DP-bwdX] L=80 states=1 -> 2
[DP-bwdX] L=64 states=207 -> 251
[DP-fwdX] L=48 states=40 -> 48
[DP-bwdX] L=48 states=4 -> 7
[DP-bwdX] L=48 states=4 -> 7
[DP-fwdX] L=48 states=1 -> 2
[DP-fwdX] L=64 states=8 -> 10
[DP-bwdX] L=80 states=1 -> 2
[DP-fwdX] L=64 states=8 -> 10
[DP-bwdX] L=64 states=2 -> 4
[DP-bwdX] L=64 states=2 -> 4
[DP-bwdX] L=80 states=1 -> 2
[DP-bwdX] L=80 states=1 -> 2
[DP-bwdX] L=80 states=1 -> 2
  [Round 59] T_prime=11  T_target=11  HPWL_w=804680  HPWL_eq=689  maxL=14  WNS(T')=-3  WNS*(T)=-3  picked=12  solve_ms=42.6222
[OC-Shortest/pow2] m=9 h=9 SEG=4 bits=36 words=1 threads=24
[DP-fwdX] L=0 states=1 -> 1
[DP-fwdX] L=16 states=171 -> 207
[DP-fwdX] L=32 states=1292 -> 1368
[DP-bwdX] L=80 states=1 -> 2
[DP-bwdX] L=64 states=207 -> 251
[DP-bwdX] L=48 states=1368 -> 1437
[DP-fwdX] L=0 states=1 -> 1
[DP-fwdX] L=16 states=171 -> 207
[DP-bwdX] L=32 states=41 -> 50
[DP-fwdX] L=0 states=1 -> 1
[DP-bwdX] L=16 states=7 -> 8
[DP-fwdX] L=0 states=1 -> 1
[DP-fwdX] L=0 states=1 -> 1
[DP-fwdX] L=0 states=1 -> 1
[DP-bwdX] L=16 states=7 -> 8
[DP-fwdX] L=16 states=3 -> 5
[DP-bwdX] L=32 states=41 -> 50
[DP-fwdX] L=32 states=4 -> 7
[DP-bwdX] L=32 states=1 -> 2
[DP-fwdX] L=32 states=1 -> 2
[DP-fwdX] L=48 states=40 -> 48
[DP-bwdX] L=80 states=1 -> 2
[DP-bwdX] L=64 states=207 -> 251
[DP-fwdX] L=48 states=40 -> 48
[DP-bwdX] L=48 states=4 -> 7
[DP-bwdX] L=48 states=4 -> 7
[DP-fwdX] L=48 states=1 -> 2
[DP-fwdX] L=64 states=8 -> 10
[DP-bwdX] L=80 states=1 -> 2
[DP-fwdX] L=64 states=8 -> 10
[DP-bwdX] L=64 states=2 -> 4
[DP-bwdX] L=64 states=2 -> 4
[DP-bwdX] L=80 states=1 -> 2
[DP-bwdX] L=80 states=1 -> 2
[DP-bwdX] L=80 states=1 -> 2
  [Round 60] T_prime=11  T_target=11  HPWL_w=806553  HPWL_eq=692  maxL=13  WNS(T')=-2  WNS*(T)=-2  picked=12  solve_ms=40.6728
[OC-Shortest/pow2] m=9 h=9 SEG=4 bits=36 words=1 threads=24
[DP-fwdX] L=0 states=1 -> 1
[DP-fwdX] L=16 states=171 -> 207
[DP-fwdX] L=32 states=1292 -> 1368
[DP-bwdX] L=80 states=1 -> 2
[DP-bwdX] L=64 states=207 -> 251
[DP-bwdX] L=48 states=1368 -> 1437
[DP-fwdX] L=0 states=1 -> 1
[DP-fwdX] L=16 states=171 -> 207
[DP-bwdX] L=32 states=41 -> 50
[DP-fwdX] L=0 states=1 -> 1
[DP-bwdX] L=16 states=7 -> 8
[DP-fwdX] L=0 states=1 -> 1
[DP-fwdX] L=0 states=1 -> 1
[DP-fwdX] L=0 states=1 -> 1
[DP-bwdX] L=16 states=7 -> 8
[DP-fwdX] L=16 states=3 -> 5
[DP-bwdX] L=32 states=41 -> 50
[DP-fwdX] L=32 states=4 -> 7
[DP-bwdX] L=32 states=1 -> 2
[DP-fwdX] L=32 states=1 -> 2
[DP-fwdX] L=48 states=40 -> 48
[DP-bwdX] L=80 states=1 -> 2
[DP-bwdX] L=64 states=207 -> 251
[DP-fwdX] L=48 states=40 -> 48
[DP-bwdX] L=48 states=4 -> 7
[DP-bwdX] L=48 states=4 -> 7
[DP-fwdX] L=48 states=1 -> 2
[DP-fwdX] L=64 states=8 -> 10
[DP-bwdX] L=80 states=1 -> 2
[DP-fwdX] L=64 states=8 -> 10
[DP-bwdX] L=64 states=2 -> 4
[DP-bwdX] L=64 states=2 -> 4
[DP-bwdX] L=80 states=1 -> 2
[DP-bwdX] L=80 states=1 -> 2
[DP-bwdX] L=80 states=1 -> 2
  [Round 61] T_prime=11  T_target=11  HPWL_w=807802  HPWL_eq=692  maxL=13  WNS(T')=-2  WNS*(T)=-2  picked=12  solve_ms=41.2012
[OC-Shortest/pow2] m=9 h=9 SEG=4 bits=36 words=1 threads=24
[DP-fwdX] L=0 states=1 -> 1
[DP-fwdX] L=16 states=171 -> 207
[DP-fwdX] L=32 states=1292 -> 1368
[DP-bwdX] L=80 states=1 -> 2
[DP-bwdX] L=64 states=207 -> 251
[DP-bwdX] L=48 states=1368 -> 1437
[DP-fwdX] L=0 states=1 -> 1
[DP-fwdX] L=16 states=171 -> 207
[DP-bwdX] L=32 states=41 -> 50
[DP-fwdX] L=0 states=1 -> 1
[DP-bwdX] L=16 states=5 -> 7
[DP-fwdX] L=0 states=1 -> 1
[DP-fwdX] L=0 states=1 -> 1
[DP-fwdX] L=0 states=1 -> 1
[DP-bwdX] L=16 states=5 -> 7
[DP-fwdX] L=16 states=2 -> 5
[DP-bwdX] L=32 states=41 -> 50
[DP-fwdX] L=32 states=4 -> 7
[DP-bwdX] L=32 states=1 -> 2
[DP-fwdX] L=32 states=1 -> 2
[DP-fwdX] L=48 states=40 -> 48
[DP-bwdX] L=80 states=1 -> 2
[DP-bwdX] L=64 states=207 -> 251
[DP-fwdX] L=48 states=40 -> 48
[DP-bwdX] L=48 states=4 -> 7
[DP-bwdX] L=48 states=4 -> 7
[DP-fwdX] L=48 states=1 -> 2
[DP-fwdX] L=64 states=4 -> 5
[DP-bwdX] L=80 states=1 -> 2
[DP-fwdX] L=64 states=4 -> 5
[DP-bwdX] L=64 states=3 -> 7
[DP-bwdX] L=64 states=3 -> 7
[DP-bwdX] L=80 states=1 -> 2
[DP-bwdX] L=80 states=1 -> 2
[DP-bwdX] L=80 states=1 -> 2
  [Round 62] T_prime=11  T_target=11  HPWL_w=810768  HPWL_eq=686  maxL=17  WNS(T')=-6  WNS*(T)=-6  picked=14  solve_ms=41.7646
[OC-Shortest/pow2] m=9 h=9 SEG=4 bits=36 words=1 threads=24
[DP-fwdX] L=0 states=1 -> 1
[DP-fwdX] L=16 states=171 -> 207
[DP-fwdX] L=32 states=1292 -> 1368
[DP-bwdX] L=80 states=1 -> 2
[DP-bwdX] L=64 states=207 -> 251
[DP-bwdX] L=48 states=1368 -> 1437
[DP-fwdX] L=0 states=1 -> 1
[DP-fwdX] L=16 states=171 -> 207
[DP-bwdX] L=32 states=41 -> 50
[DP-fwdX] L=0 states=1 -> 1
[DP-bwdX] L=16 states=5 -> 7
[DP-fwdX] L=0 states=1 -> 1
[DP-fwdX] L=0 states=1 -> 1
[DP-fwdX] L=0 states=1 -> 1
[DP-bwdX] L=16 states=5 -> 7
[DP-fwdX] L=16 states=2 -> 5
[DP-bwdX] L=32 states=41 -> 50
[DP-fwdX] L=32 states=4 -> 7
[DP-bwdX] L=32 states=1 -> 2
[DP-fwdX] L=32 states=1 -> 2
[DP-fwdX] L=48 states=40 -> 48
[DP-bwdX] L=80 states=1 -> 2
[DP-bwdX] L=64 states=207 -> 251
[DP-fwdX] L=48 states=40 -> 48
[DP-bwdX] L=48 states=4 -> 7
[DP-bwdX] L=48 states=4 -> 7
[DP-fwdX] L=48 states=1 -> 2
[DP-fwdX] L=64 states=4 -> 5
[DP-bwdX] L=80 states=1 -> 2
[DP-fwdX] L=64 states=4 -> 5
[DP-bwdX] L=64 states=3 -> 7
[DP-bwdX] L=64 states=3 -> 7
[DP-bwdX] L=80 states=1 -> 2
[DP-bwdX] L=80 states=1 -> 2
[DP-bwdX] L=80 states=1 -> 2
  [Round 63] T_prime=11  T_target=11  HPWL_w=811793  HPWL_eq=686  maxL=17  WNS(T')=-6  WNS*(T)=-6  picked=14  solve_ms=41.7845
[OC-Shortest/pow2] m=9 h=9 SEG=4 bits=36 words=1 threads=24
[DP-fwdX] L=0 states=1 -> 1
[DP-fwdX] L=16 states=171 -> 207
[DP-fwdX] L=32 states=1292 -> 1368
[DP-bwdX] L=80 states=1 -> 2
[DP-bwdX] L=64 states=207 -> 251
[DP-bwdX] L=48 states=1368 -> 1437
[DP-fwdX] L=0 states=1 -> 1
[DP-fwdX] L=16 states=171 -> 207
[DP-bwdX] L=32 states=41 -> 50
[DP-fwdX] L=0 states=1 -> 1
[DP-bwdX] L=16 states=5 -> 6
[DP-fwdX] L=0 states=1 -> 1
[DP-fwdX] L=0 states=1 -> 1
[DP-fwdX] L=0 states=1 -> 1
[DP-bwdX] L=16 states=5 -> 6
[DP-fwdX] L=16 states=2 -> 5
[DP-bwdX] L=32 states=41 -> 50
[DP-fwdX] L=32 states=7 -> 12
[DP-bwdX] L=32 states=1 -> 2
[DP-fwdX] L=32 states=1 -> 2
[DP-fwdX] L=48 states=40 -> 48
[DP-bwdX] L=80 states=1 -> 2
[DP-bwdX] L=64 states=207 -> 251
[DP-fwdX] L=48 states=40 -> 48
[DP-bwdX] L=48 states=6 -> 11
[DP-bwdX] L=48 states=6 -> 11
[DP-fwdX] L=48 states=1 -> 2
[DP-fwdX] L=64 states=7 -> 10
[DP-bwdX] L=80 states=1 -> 2
[DP-fwdX] L=64 states=7 -> 10
[DP-bwdX] L=64 states=3 -> 7
[DP-bwdX] L=64 states=3 -> 7
[DP-bwdX] L=80 states=1 -> 2
[DP-bwdX] L=80 states=1 -> 2
[DP-bwdX] L=80 states=1 -> 2
  [Round 64] T_prime=11  T_target=11  HPWL_w=814704  HPWL_eq=700  maxL=21  WNS(T')=-10  WNS*(T)=-10  picked=16  solve_ms=42.2827
[OC-Shortest/pow2] m=9 h=9 SEG=4 bits=36 words=1 threads=24
[DP-fwdX] L=0 states=1 -> 1
[DP-fwdX] L=16 states=171 -> 207
[DP-fwdX] L=32 states=1292 -> 1368
[DP-bwdX] L=80 states=1 -> 2
[DP-bwdX] L=64 states=207 -> 251
[DP-bwdX] L=48 states=1368 -> 1437
[DP-fwdX] L=0 states=1 -> 1
[DP-fwdX] L=16 states=171 -> 207
[DP-bwdX] L=32 states=41 -> 50
[DP-fwdX] L=0 states=1 -> 1
[DP-bwdX] L=16 states=5 -> 6
[DP-fwdX] L=0 states=1 -> 1
[DP-fwdX] L=0 states=1 -> 1
[DP-fwdX] L=0 states=1 -> 1
[DP-bwdX] L=16 states=5 -> 6
[DP-fwdX] L=16 states=2 -> 5
[DP-bwdX] L=32 states=41 -> 50
[DP-fwdX] L=32 states=7 -> 12
[DP-bwdX] L=32 states=1 -> 2
[DP-fwdX] L=32 states=1 -> 2
[DP-fwdX] L=48 states=40 -> 48
[DP-bwdX] L=80 states=1 -> 2
[DP-bwdX] L=64 states=207 -> 251
[DP-fwdX] L=48 states=40 -> 48
[DP-bwdX] L=48 states=6 -> 11
[DP-bwdX] L=48 states=6 -> 11
[DP-fwdX] L=48 states=1 -> 2
[DP-fwdX] L=64 states=7 -> 10
[DP-bwdX] L=80 states=1 -> 2
[DP-fwdX] L=64 states=7 -> 10
[DP-bwdX] L=64 states=3 -> 7
[DP-bwdX] L=64 states=3 -> 7
[DP-bwdX] L=80 states=1 -> 2
[DP-bwdX] L=80 states=1 -> 2
[DP-bwdX] L=80 states=1 -> 2
  [Round 65] T_prime=11  T_target=11  HPWL_w=817903  HPWL_eq=700  maxL=21  WNS(T')=-10  WNS*(T)=-10  picked=16  solve_ms=42.6787
[OC-Shortest/pow2] m=9 h=9 SEG=4 bits=36 words=1 threads=24
[DP-fwdX] L=0 states=1 -> 1
[DP-fwdX] L=16 states=171 -> 207
[DP-fwdX] L=32 states=1292 -> 1368
[DP-bwdX] L=80 states=1 -> 2
[DP-bwdX] L=64 states=207 -> 251
[DP-bwdX] L=48 states=1368 -> 1437
[DP-fwdX] L=0 states=1 -> 1
[DP-fwdX] L=16 states=171 -> 207
[DP-bwdX] L=32 states=41 -> 50
[DP-fwdX] L=0 states=1 -> 1
[DP-bwdX] L=16 states=7 -> 8
[DP-fwdX] L=0 states=1 -> 1
[DP-fwdX] L=0 states=1 -> 1
[DP-fwdX] L=0 states=1 -> 1
[DP-bwdX] L=16 states=7 -> 8
[DP-fwdX] L=16 states=3 -> 5
[DP-bwdX] L=32 states=41 -> 50
[DP-fwdX] L=32 states=4 -> 7
[DP-bwdX] L=32 states=1 -> 2
[DP-fwdX] L=32 states=1 -> 2
[DP-fwdX] L=48 states=40 -> 48
[DP-bwdX] L=80 states=1 -> 2
[DP-bwdX] L=64 states=207 -> 251
[DP-fwdX] L=48 states=40 -> 48
[DP-bwdX] L=48 states=4 -> 7
[DP-bwdX] L=48 states=4 -> 7
[DP-fwdX] L=48 states=1 -> 2
[DP-fwdX] L=64 states=8 -> 10
[DP-bwdX] L=80 states=1 -> 2
[DP-fwdX] L=64 states=8 -> 10
[DP-bwdX] L=64 states=2 -> 4
[DP-bwdX] L=64 states=2 -> 4
[DP-bwdX] L=80 states=1 -> 2
[DP-bwdX] L=80 states=1 -> 2
[DP-bwdX] L=80 states=1 -> 2
  [Round 66] T_prime=11  T_target=11  HPWL_w=822427  HPWL_eq=692  maxL=13  WNS(T')=-2  WNS*(T)=-2  picked=12  solve_ms=41.5135
[OC-Shortest/pow2] m=9 h=9 SEG=4 bits=36 words=1 threads=24
[DP-fwdX] L=0 states=1 -> 1
[DP-fwdX] L=16 states=171 -> 207
[DP-fwdX] L=32 states=1292 -> 1368
[DP-bwdX] L=80 states=1 -> 2
[DP-bwdX] L=64 states=207 -> 251
[DP-bwdX] L=48 states=1368 -> 1437
[DP-fwdX] L=0 states=1 -> 1
[DP-fwdX] L=16 states=171 -> 207
[DP-bwdX] L=32 states=41 -> 50
[DP-fwdX] L=0 states=1 -> 1
[DP-bwdX] L=16 states=7 -> 8
[DP-fwdX] L=0 states=1 -> 1
[DP-fwdX] L=0 states=1 -> 1
[DP-fwdX] L=0 states=1 -> 1
[DP-bwdX] L=16 states=7 -> 8
[DP-fwdX] L=16 states=3 -> 5
[DP-bwdX] L=32 states=41 -> 50
[DP-fwdX] L=32 states=4 -> 7
[DP-bwdX] L=32 states=1 -> 2
[DP-fwdX] L=32 states=1 -> 2
[DP-fwdX] L=48 states=40 -> 48
[DP-bwdX] L=80 states=1 -> 2
[DP-bwdX] L=64 states=207 -> 251
[DP-fwdX] L=48 states=40 -> 48
[DP-bwdX] L=48 states=4 -> 7
[DP-bwdX] L=48 states=4 -> 7
[DP-fwdX] L=48 states=1 -> 2
[DP-fwdX] L=64 states=8 -> 10
[DP-bwdX] L=80 states=1 -> 2
[DP-fwdX] L=64 states=8 -> 10
[DP-bwdX] L=64 states=2 -> 4
[DP-bwdX] L=64 states=2 -> 4
[DP-bwdX] L=80 states=1 -> 2
[DP-bwdX] L=80 states=1 -> 2
[DP-bwdX] L=80 states=1 -> 2
  [Round 67] T_prime=11  T_target=11  HPWL_w=824561  HPWL_eq=692  maxL=13  WNS(T')=-2  WNS*(T)=-2  picked=12  solve_ms=42.0003
[OC-Shortest/pow2] m=9 h=9 SEG=4 bits=36 words=1 threads=24
[DP-fwdX] L=0 states=1 -> 1
[DP-fwdX] L=16 states=171 -> 207
[DP-fwdX] L=32 states=1292 -> 1368
[DP-bwdX] L=80 states=1 -> 2
[DP-bwdX] L=64 states=207 -> 251
[DP-bwdX] L=48 states=1368 -> 1437
[DP-fwdX] L=0 states=1 -> 1
[DP-fwdX] L=16 states=171 -> 207
[DP-bwdX] L=32 states=41 -> 50
[DP-fwdX] L=0 states=1 -> 1
[DP-bwdX] L=16 states=7 -> 8
[DP-fwdX] L=0 states=1 -> 1
[DP-fwdX] L=0 states=1 -> 1
[DP-fwdX] L=0 states=1 -> 1
[DP-bwdX] L=16 states=7 -> 8
[DP-fwdX] L=16 states=3 -> 5
[DP-bwdX] L=32 states=41 -> 50
[DP-fwdX] L=32 states=4 -> 7
[DP-bwdX] L=32 states=1 -> 2
[DP-fwdX] L=32 states=1 -> 2
[DP-fwdX] L=48 states=40 -> 48
[DP-bwdX] L=80 states=1 -> 2
[DP-bwdX] L=64 states=207 -> 251
[DP-fwdX] L=48 states=40 -> 48
[DP-bwdX] L=48 states=4 -> 7
[DP-bwdX] L=48 states=4 -> 7
[DP-fwdX] L=48 states=1 -> 2
[DP-fwdX] L=64 states=8 -> 10
[DP-bwdX] L=80 states=1 -> 2
[DP-fwdX] L=64 states=8 -> 10
[DP-bwdX] L=64 states=2 -> 4
[DP-bwdX] L=64 states=2 -> 4
[DP-bwdX] L=80 states=1 -> 2
[DP-bwdX] L=80 states=1 -> 2
[DP-bwdX] L=80 states=1 -> 2
  [Round 68] T_prime=11  T_target=11  HPWL_w=827650  HPWL_eq=692  maxL=13  WNS(T')=-2  WNS*(T)=-2  picked=12  solve_ms=41.5822
[OC-Shortest/pow2] m=9 h=9 SEG=4 bits=36 words=1 threads=24
[DP-fwdX] L=0 states=1 -> 1
[DP-fwdX] L=16 states=171 -> 207
[DP-fwdX] L=32 states=1292 -> 1368
[DP-bwdX] L=80 states=1 -> 2
[DP-bwdX] L=64 states=207 -> 251
[DP-bwdX] L=48 states=1368 -> 1437
[DP-fwdX] L=0 states=1 -> 1
[DP-fwdX] L=16 states=171 -> 207
[DP-bwdX] L=32 states=41 -> 50
[DP-fwdX] L=0 states=1 -> 1
[DP-bwdX] L=16 states=5 -> 7
[DP-fwdX] L=0 states=1 -> 1
[DP-fwdX] L=0 states=1 -> 1
[DP-fwdX] L=0 states=1 -> 1
[DP-bwdX] L=16 states=5 -> 7
[DP-fwdX] L=16 states=2 -> 5
[DP-bwdX] L=32 states=41 -> 50
[DP-fwdX] L=32 states=4 -> 7
[DP-bwdX] L=32 states=1 -> 2
[DP-fwdX] L=32 states=1 -> 2
[DP-fwdX] L=48 states=40 -> 48
[DP-bwdX] L=80 states=1 -> 2
[DP-bwdX] L=64 states=207 -> 251
[DP-fwdX] L=48 states=40 -> 48
[DP-bwdX] L=48 states=4 -> 7
[DP-bwdX] L=48 states=4 -> 7
[DP-fwdX] L=48 states=1 -> 2
[DP-fwdX] L=64 states=4 -> 5
[DP-bwdX] L=80 states=1 -> 2
[DP-fwdX] L=64 states=4 -> 5
[DP-bwdX] L=64 states=3 -> 7
[DP-bwdX] L=64 states=3 -> 7
[DP-bwdX] L=80 states=1 -> 2
[DP-bwdX] L=80 states=1 -> 2
[DP-bwdX] L=80 states=1 -> 2
  [Round 69] T_prime=11  T_target=11  HPWL_w=829697  HPWL_eq=686  maxL=17  WNS(T')=-6  WNS*(T)=-6  picked=13  solve_ms=43.9288
[OC-Shortest/pow2] m=9 h=9 SEG=4 bits=36 words=1 threads=24
[DP-fwdX] L=0 states=1 -> 1
[DP-fwdX] L=16 states=171 -> 207
[DP-fwdX] L=32 states=1292 -> 1368
[DP-bwdX] L=80 states=1 -> 2
[DP-bwdX] L=64 states=207 -> 251
[DP-bwdX] L=48 states=1368 -> 1437
[DP-fwdX] L=0 states=1 -> 1
[DP-fwdX] L=16 states=171 -> 207
[DP-bwdX] L=32 states=41 -> 50
[DP-fwdX] L=0 states=1 -> 1
[DP-bwdX] L=16 states=5 -> 7
[DP-fwdX] L=0 states=1 -> 1
[DP-fwdX] L=0 states=1 -> 1
[DP-fwdX] L=0 states=1 -> 1
[DP-bwdX] L=16 states=5 -> 7
[DP-fwdX] L=16 states=2 -> 5
[DP-bwdX] L=32 states=41 -> 50
[DP-fwdX] L=32 states=4 -> 7
[DP-bwdX] L=32 states=1 -> 2
[DP-fwdX] L=32 states=1 -> 2
[DP-fwdX] L=48 states=40 -> 48
[DP-bwdX] L=80 states=1 -> 2
[DP-bwdX] L=64 states=207 -> 251
[DP-fwdX] L=48 states=40 -> 48
[DP-bwdX] L=48 states=4 -> 7
[DP-bwdX] L=48 states=4 -> 7
[DP-fwdX] L=48 states=1 -> 2
[DP-fwdX] L=64 states=4 -> 5
[DP-bwdX] L=80 states=1 -> 2
[DP-fwdX] L=64 states=4 -> 5
[DP-bwdX] L=64 states=3 -> 7
[DP-bwdX] L=64 states=3 -> 7
[DP-bwdX] L=80 states=1 -> 2
[DP-bwdX] L=80 states=1 -> 2
[DP-bwdX] L=80 states=1 -> 2
  [Round 70] T_prime=11  T_target=11  HPWL_w=831276  HPWL_eq=686  maxL=17  WNS(T')=-6  WNS*(T)=-6  picked=14  solve_ms=41.7452
[OC-Shortest/pow2] m=9 h=9 SEG=4 bits=36 words=1 threads=24
[DP-fwdX] L=0 states=1 -> 1
[DP-fwdX] L=16 states=171 -> 207
[DP-fwdX] L=32 states=1292 -> 1368
[DP-bwdX] L=80 states=1 -> 2
[DP-bwdX] L=64 states=207 -> 251
[DP-bwdX] L=48 states=1368 -> 1437
[DP-fwdX] L=0 states=1 -> 1
[DP-fwdX] L=16 states=171 -> 207
[DP-bwdX] L=32 states=41 -> 50
[DP-fwdX] L=0 states=1 -> 1
[DP-bwdX] L=16 states=7 -> 8
[DP-fwdX] L=0 states=1 -> 1
[DP-fwdX] L=0 states=1 -> 1
[DP-fwdX] L=0 states=1 -> 1
[DP-bwdX] L=16 states=7 -> 8
[DP-fwdX] L=16 states=3 -> 5
[DP-bwdX] L=32 states=41 -> 50
[DP-fwdX] L=32 states=4 -> 7
[DP-bwdX] L=32 states=1 -> 2
[DP-fwdX] L=32 states=1 -> 2
[DP-fwdX] L=48 states=40 -> 48
[DP-bwdX] L=80 states=1 -> 2
[DP-bwdX] L=64 states=207 -> 251
[DP-fwdX] L=48 states=40 -> 48
[DP-bwdX] L=48 states=4 -> 7
[DP-bwdX] L=48 states=4 -> 7
[DP-fwdX] L=48 states=1 -> 2
[DP-fwdX] L=64 states=8 -> 10
[DP-bwdX] L=80 states=1 -> 2
[DP-fwdX] L=64 states=8 -> 10
[DP-bwdX] L=64 states=2 -> 4
[DP-bwdX] L=64 states=2 -> 4
[DP-bwdX] L=80 states=1 -> 2
[DP-bwdX] L=80 states=1 -> 2
[DP-bwdX] L=80 states=1 -> 2
  [Round 71] T_prime=11  T_target=11  HPWL_w=837598  HPWL_eq=692  maxL=13  WNS(T')=-2  WNS*(T)=-2  picked=12  solve_ms=41.8693
[OC-Shortest/pow2] m=9 h=9 SEG=4 bits=36 words=1 threads=24
[DP-fwdX] L=0 states=1 -> 1
[DP-fwdX] L=16 states=171 -> 207
[DP-fwdX] L=32 states=1292 -> 1368
[DP-bwdX] L=80 states=1 -> 2
[DP-bwdX] L=64 states=207 -> 251
[DP-bwdX] L=48 states=1368 -> 1437
[DP-fwdX] L=0 states=1 -> 1
[DP-fwdX] L=16 states=171 -> 207
[DP-bwdX] L=32 states=41 -> 50
[DP-fwdX] L=0 states=1 -> 1
[DP-bwdX] L=16 states=5 -> 6
[DP-fwdX] L=0 states=1 -> 1
[DP-fwdX] L=0 states=1 -> 1
[DP-fwdX] L=0 states=1 -> 1
[DP-bwdX] L=16 states=5 -> 6
[DP-fwdX] L=16 states=2 -> 5
[DP-bwdX] L=32 states=41 -> 50
[DP-fwdX] L=32 states=8 -> 15
[DP-bwdX] L=32 states=1 -> 3
[DP-fwdX] L=32 states=1 -> 3
[DP-fwdX] L=48 states=40 -> 48
[DP-bwdX] L=80 states=1 -> 2
[DP-bwdX] L=64 states=207 -> 251
[DP-fwdX] L=48 states=40 -> 48
[DP-bwdX] L=48 states=6 -> 11
[DP-bwdX] L=48 states=6 -> 11
[DP-fwdX] L=48 states=1 -> 2
[DP-fwdX] L=64 states=7 -> 10
[DP-bwdX] L=80 states=1 -> 2
[DP-fwdX] L=64 states=7 -> 10
[DP-bwdX] L=64 states=3 -> 7
[DP-bwdX] L=64 states=3 -> 7
[DP-bwdX] L=80 states=1 -> 2
[DP-bwdX] L=80 states=1 -> 2
[DP-bwdX] L=80 states=1 -> 2
  [Round 72] T_prime=11  T_target=11  HPWL_w=838274  HPWL_eq=700  maxL=21  WNS(T')=-10  WNS*(T)=-10  picked=16  solve_ms=43.3893
[OC-Shortest/pow2] m=9 h=9 SEG=4 bits=36 words=1 threads=24
[DP-fwdX] L=0 states=1 -> 1
[DP-fwdX] L=16 states=171 -> 207
[DP-fwdX] L=32 states=1292 -> 1368
[DP-bwdX] L=80 states=1 -> 2
[DP-bwdX] L=64 states=207 -> 251
[DP-bwdX] L=48 states=1368 -> 1437
[DP-fwdX] L=0 states=1 -> 1
[DP-fwdX] L=16 states=171 -> 207
[DP-bwdX] L=32 states=41 -> 50
[DP-fwdX] L=0 states=1 -> 1
[DP-bwdX] L=16 states=5 -> 6
[DP-fwdX] L=0 states=1 -> 1
[DP-fwdX] L=0 states=1 -> 1
[DP-fwdX] L=0 states=1 -> 1
[DP-bwdX] L=16 states=5 -> 6
[DP-fwdX] L=16 states=2 -> 5
[DP-bwdX] L=32 states=41 -> 50
[DP-fwdX] L=32 states=7 -> 12
[DP-bwdX] L=32 states=1 -> 2
[DP-fwdX] L=32 states=1 -> 2
[DP-fwdX] L=48 states=40 -> 48
[DP-bwdX] L=80 states=1 -> 2
[DP-bwdX] L=64 states=207 -> 251
[DP-fwdX] L=48 states=40 -> 48
[DP-bwdX] L=48 states=6 -> 11
[DP-bwdX] L=48 states=6 -> 11
[DP-fwdX] L=48 states=1 -> 2
[DP-fwdX] L=64 states=7 -> 10
[DP-bwdX] L=80 states=1 -> 2
[DP-fwdX] L=64 states=7 -> 10
[DP-bwdX] L=64 states=3 -> 7
[DP-bwdX] L=64 states=3 -> 7
[DP-bwdX] L=80 states=1 -> 2
[DP-bwdX] L=80 states=1 -> 2
[DP-bwdX] L=80 states=1 -> 2
  [Round 73] T_prime=11  T_target=11  HPWL_w=842661  HPWL_eq=700  maxL=21  WNS(T')=-10  WNS*(T)=-10  picked=16  solve_ms=56.9024
[OC-Shortest/pow2] m=9 h=9 SEG=4 bits=36 words=1 threads=24
[DP-fwdX] L=0 states=1 -> 1
[DP-fwdX] L=16 states=171 -> 207
[DP-fwdX] L=32 states=1292 -> 1368
[DP-bwdX] L=80 states=1 -> 2
[DP-bwdX] L=64 states=207 -> 251
[DP-bwdX] L=48 states=1368 -> 1437
[DP-fwdX] L=0 states=1 -> 1
[DP-fwdX] L=16 states=171 -> 207
[DP-bwdX] L=32 states=41 -> 50
[DP-fwdX] L=0 states=1 -> 1
[DP-bwdX] L=16 states=7 -> 8
[DP-fwdX] L=0 states=1 -> 1
[DP-fwdX] L=0 states=1 -> 1
[DP-fwdX] L=0 states=1 -> 1
[DP-bwdX] L=16 states=7 -> 8
[DP-fwdX] L=16 states=3 -> 5
[DP-bwdX] L=32 states=41 -> 50
[DP-fwdX] L=32 states=4 -> 7
[DP-bwdX] L=32 states=1 -> 2
[DP-fwdX] L=32 states=1 -> 2
[DP-fwdX] L=48 states=40 -> 48
[DP-bwdX] L=80 states=1 -> 2
[DP-bwdX] L=64 states=207 -> 251
[DP-fwdX] L=48 states=40 -> 48
[DP-bwdX] L=48 states=4 -> 7
[DP-bwdX] L=48 states=4 -> 7
[DP-fwdX] L=48 states=1 -> 2
[DP-fwdX] L=64 states=8 -> 10
[DP-bwdX] L=80 states=1 -> 2
[DP-fwdX] L=64 states=8 -> 10
[DP-bwdX] L=64 states=2 -> 4
[DP-bwdX] L=64 states=2 -> 4
[DP-bwdX] L=80 states=1 -> 2
[DP-bwdX] L=80 states=1 -> 2
[DP-bwdX] L=80 states=1 -> 2
  [Round 74] T_prime=11  T_target=11  HPWL_w=851702  HPWL_eq=692  maxL=13  WNS(T')=-2  WNS*(T)=-2  picked=12  solve_ms=42.0033
[OC-Shortest/pow2] m=9 h=9 SEG=4 bits=36 words=1 threads=24
[DP-fwdX] L=0 states=1 -> 1
[DP-fwdX] L=16 states=171 -> 207
[DP-fwdX] L=32 states=1292 -> 1368
[DP-bwdX] L=80 states=1 -> 2
[DP-bwdX] L=64 states=207 -> 251
[DP-bwdX] L=48 states=1368 -> 1437
[DP-fwdX] L=0 states=1 -> 1
[DP-fwdX] L=16 states=171 -> 207
[DP-bwdX] L=32 states=41 -> 50
[DP-fwdX] L=0 states=1 -> 1
[DP-bwdX] L=16 states=7 -> 8
[DP-fwdX] L=0 states=1 -> 1
[DP-fwdX] L=0 states=1 -> 1
[DP-fwdX] L=0 states=1 -> 1
[DP-bwdX] L=16 states=7 -> 8
[DP-fwdX] L=16 states=3 -> 5
[DP-bwdX] L=32 states=41 -> 50
[DP-fwdX] L=32 states=4 -> 7
[DP-bwdX] L=32 states=1 -> 2
[DP-fwdX] L=32 states=1 -> 2
[DP-fwdX] L=48 states=40 -> 48
[DP-bwdX] L=80 states=1 -> 2
[DP-bwdX] L=64 states=207 -> 251
[DP-fwdX] L=48 states=40 -> 48
[DP-bwdX] L=48 states=4 -> 7
[DP-bwdX] L=48 states=4 -> 7
[DP-fwdX] L=48 states=1 -> 2
[DP-fwdX] L=64 states=8 -> 10
[DP-bwdX] L=80 states=1 -> 2
[DP-fwdX] L=64 states=8 -> 10
[DP-bwdX] L=64 states=2 -> 4
[DP-bwdX] L=64 states=2 -> 4
[DP-bwdX] L=80 states=1 -> 2
[DP-bwdX] L=80 states=1 -> 2
[DP-bwdX] L=80 states=1 -> 2
  [Round 75] T_prime=11  T_target=11  HPWL_w=853993  HPWL_eq=692  maxL=13  WNS(T')=-2  WNS*(T)=-2  picked=12  solve_ms=41.6103
[OC-Shortest/pow2] m=9 h=9 SEG=4 bits=36 words=1 threads=24
[DP-fwdX] L=0 states=1 -> 1
[DP-fwdX] L=16 states=171 -> 207
[DP-fwdX] L=32 states=1292 -> 1368
[DP-bwdX] L=80 states=1 -> 2
[DP-bwdX] L=64 states=207 -> 251
[DP-bwdX] L=48 states=1368 -> 1437
[DP-fwdX] L=0 states=1 -> 1
[DP-fwdX] L=16 states=171 -> 207
[DP-bwdX] L=32 states=41 -> 50
[DP-fwdX] L=0 states=1 -> 1
[DP-bwdX] L=16 states=5 -> 7
[DP-fwdX] L=0 states=1 -> 1
[DP-fwdX] L=0 states=1 -> 1
[DP-fwdX] L=0 states=1 -> 1
[DP-bwdX] L=16 states=5 -> 7
[DP-fwdX] L=16 states=2 -> 5
[DP-bwdX] L=32 states=41 -> 50
[DP-fwdX] L=32 states=4 -> 7
[DP-bwdX] L=32 states=1 -> 2
[DP-fwdX] L=32 states=1 -> 2
[DP-fwdX] L=48 states=40 -> 48
[DP-bwdX] L=80 states=1 -> 2
[DP-bwdX] L=64 states=207 -> 251
[DP-fwdX] L=48 states=40 -> 48
[DP-bwdX] L=48 states=4 -> 7
[DP-bwdX] L=48 states=4 -> 7
[DP-fwdX] L=48 states=1 -> 2
[DP-fwdX] L=64 states=7 -> 9
[DP-bwdX] L=80 states=1 -> 2
[DP-fwdX] L=64 states=7 -> 9
[DP-bwdX] L=64 states=3 -> 7
[DP-bwdX] L=64 states=3 -> 7
[DP-bwdX] L=80 states=1 -> 2
[DP-bwdX] L=80 states=1 -> 2
[DP-bwdX] L=80 states=1 -> 2
  [Round 76] T_prime=11  T_target=11  HPWL_w=856610  HPWL_eq=686  maxL=17  WNS(T')=-6  WNS*(T)=-6  picked=13  solve_ms=42.1062
[OC-Shortest/pow2] m=9 h=9 SEG=4 bits=36 words=1 threads=24
[DP-fwdX] L=0 states=1 -> 1
[DP-fwdX] L=16 states=171 -> 207
[DP-fwdX] L=32 states=1292 -> 1368
[DP-bwdX] L=80 states=1 -> 2
[DP-bwdX] L=64 states=207 -> 251
[DP-bwdX] L=48 states=1368 -> 1437
[DP-fwdX] L=0 states=1 -> 1
[DP-fwdX] L=16 states=171 -> 207
[DP-bwdX] L=32 states=41 -> 50
[DP-fwdX] L=0 states=1 -> 1
[DP-bwdX] L=16 states=5 -> 7
[DP-fwdX] L=0 states=1 -> 1
[DP-fwdX] L=0 states=1 -> 1
[DP-fwdX] L=0 states=1 -> 1
[DP-bwdX] L=16 states=5 -> 7
[DP-fwdX] L=16 states=2 -> 5
[DP-bwdX] L=32 states=41 -> 50
[DP-fwdX] L=32 states=4 -> 7
[DP-bwdX] L=32 states=1 -> 2
[DP-fwdX] L=32 states=1 -> 2
[DP-fwdX] L=48 states=40 -> 48
[DP-bwdX] L=80 states=1 -> 2
[DP-bwdX] L=64 states=207 -> 251
[DP-fwdX] L=48 states=40 -> 48
[DP-bwdX] L=48 states=9 -> 19
[DP-bwdX] L=48 states=9 -> 19
[DP-fwdX] L=48 states=1 -> 3
[DP-fwdX] L=64 states=8 -> 10
[DP-bwdX] L=80 states=1 -> 2
[DP-fwdX] L=64 states=8 -> 10
[DP-bwdX] L=64 states=3 -> 7
[DP-bwdX] L=64 states=3 -> 7
[DP-bwdX] L=80 states=1 -> 2
[DP-bwdX] L=80 states=1 -> 2
[DP-bwdX] L=80 states=1 -> 2
  [Round 77] T_prime=11  T_target=11  HPWL_w=859387  HPWL_eq=709  maxL=25  WNS(T')=-14  WNS*(T)=-14  picked=17  solve_ms=42.8418
[OC-Shortest/pow2] m=9 h=9 SEG=4 bits=36 words=1 threads=24
[DP-fwdX] L=0 states=1 -> 1
[DP-fwdX] L=16 states=171 -> 207
[DP-fwdX] L=32 states=1292 -> 1368
[DP-bwdX] L=80 states=1 -> 2
[DP-bwdX] L=64 states=207 -> 251
[DP-bwdX] L=48 states=1368 -> 1437
[DP-fwdX] L=0 states=1 -> 1
[DP-fwdX] L=16 states=171 -> 207
[DP-bwdX] L=32 states=48 -> 57
[DP-fwdX] L=0 states=1 -> 1
[DP-bwdX] L=16 states=5 -> 6
[DP-fwdX] L=0 states=1 -> 1
[DP-fwdX] L=0 states=1 -> 1
[DP-fwdX] L=0 states=1 -> 1
[DP-bwdX] L=16 states=5 -> 6
[DP-fwdX] L=16 states=2 -> 5
[DP-bwdX] L=32 states=48 -> 57
[DP-fwdX] L=32 states=10 -> 22
[DP-bwdX] L=32 states=1 -> 3
[DP-fwdX] L=32 states=1 -> 3
[DP-fwdX] L=48 states=68 -> 85
[DP-bwdX] L=80 states=1 -> 2
[DP-bwdX] L=64 states=207 -> 251
[DP-fwdX] L=48 states=68 -> 85
[DP-bwdX] L=48 states=4 -> 7
[DP-bwdX] L=48 states=4 -> 7
[DP-fwdX] L=48 states=1 -> 2
[DP-fwdX] L=64 states=4 -> 5
[DP-bwdX] L=80 states=1 -> 2
[DP-fwdX] L=64 states=4 -> 5
[DP-bwdX] L=64 states=3 -> 7
[DP-bwdX] L=64 states=3 -> 7
[DP-bwdX] L=80 states=1 -> 2
[DP-bwdX] L=80 states=1 -> 2
[DP-bwdX] L=80 states=1 -> 2
  [Round 78] T_prime=11  T_target=11  HPWL_w=866312  HPWL_eq=710  maxL=41  WNS(T')=-30  WNS*(T)=-30  picked=14  solve_ms=42.8908
[OC-Shortest/pow2] m=9 h=9 SEG=4 bits=36 words=1 threads=24
[DP-fwdX] L=0 states=1 -> 1
[DP-fwdX] L=16 states=171 -> 207
[DP-fwdX] L=32 states=1292 -> 1368
[DP-bwdX] L=80 states=1 -> 2
[DP-bwdX] L=64 states=207 -> 251
[DP-bwdX] L=48 states=1368 -> 1437
[DP-fwdX] L=0 states=1 -> 1
[DP-fwdX] L=16 states=171 -> 207
[DP-bwdX] L=32 states=41 -> 50
[DP-fwdX] L=0 states=1 -> 1
[DP-bwdX] L=16 states=7 -> 8
[DP-fwdX] L=0 states=1 -> 1
[DP-fwdX] L=0 states=1 -> 1
[DP-fwdX] L=0 states=1 -> 1
[DP-bwdX] L=16 states=7 -> 8
[DP-fwdX] L=16 states=3 -> 5
[DP-bwdX] L=32 states=41 -> 50
[DP-fwdX] L=32 states=4 -> 7
[DP-bwdX] L=32 states=1 -> 2
[DP-fwdX] L=32 states=1 -> 2
[DP-fwdX] L=48 states=40 -> 48
[DP-bwdX] L=80 states=1 -> 2
[DP-bwdX] L=64 states=207 -> 251
[DP-fwdX] L=48 states=40 -> 48
[DP-bwdX] L=48 states=4 -> 7
[DP-bwdX] L=48 states=4 -> 7
[DP-fwdX] L=48 states=1 -> 2
[DP-fwdX] L=64 states=8 -> 10
[DP-bwdX] L=80 states=1 -> 2
[DP-fwdX] L=64 states=8 -> 10
[DP-bwdX] L=64 states=2 -> 4
[DP-bwdX] L=64 states=2 -> 4
[DP-bwdX] L=80 states=1 -> 2
[DP-bwdX] L=80 states=1 -> 2
[DP-bwdX] L=80 states=1 -> 2
  [Round 79] T_prime=11  T_target=11  HPWL_w=872721  HPWL_eq=692  maxL=13  WNS(T')=-2  WNS*(T)=-2  picked=12  solve_ms=41.2444
[OC-Shortest/pow2] m=9 h=9 SEG=4 bits=36 words=1 threads=24
[DP-fwdX] L=0 states=1 -> 1
[DP-fwdX] L=16 states=171 -> 207
[DP-fwdX] L=32 states=1292 -> 1368
[DP-bwdX] L=80 states=1 -> 2
[DP-bwdX] L=64 states=207 -> 251
[DP-bwdX] L=48 states=1368 -> 1437
[DP-fwdX] L=0 states=1 -> 1
[DP-fwdX] L=16 states=171 -> 207
[DP-bwdX] L=32 states=41 -> 50
[DP-fwdX] L=0 states=1 -> 1
[DP-bwdX] L=16 states=7 -> 8
[DP-fwdX] L=0 states=1 -> 1
[DP-fwdX] L=0 states=1 -> 1
[DP-fwdX] L=0 states=1 -> 1
[DP-bwdX] L=16 states=7 -> 8
[DP-fwdX] L=16 states=3 -> 5
[DP-bwdX] L=32 states=41 -> 50
[DP-fwdX] L=32 states=4 -> 7
[DP-bwdX] L=32 states=1 -> 2
[DP-fwdX] L=32 states=1 -> 2
[DP-fwdX] L=48 states=40 -> 48
[DP-bwdX] L=80 states=1 -> 2
[DP-bwdX] L=64 states=207 -> 251
[DP-fwdX] L=48 states=40 -> 48
[DP-bwdX] L=48 states=4 -> 7
[DP-bwdX] L=48 states=4 -> 7
[DP-fwdX] L=48 states=1 -> 2
[DP-fwdX] L=64 states=8 -> 10
[DP-bwdX] L=80 states=1 -> 2
[DP-fwdX] L=64 states=8 -> 10
[DP-bwdX] L=64 states=2 -> 4
[DP-bwdX] L=64 states=2 -> 4
[DP-bwdX] L=80 states=1 -> 2
[DP-bwdX] L=80 states=1 -> 2
[DP-bwdX] L=80 states=1 -> 2
  [Round 80] T_prime=11  T_target=11  HPWL_w=877786  HPWL_eq=692  maxL=13  WNS(T')=-2  WNS*(T)=-2  picked=12  solve_ms=41.4453
[OC-Shortest/pow2] m=9 h=9 SEG=4 bits=36 words=1 threads=24
[DP-fwdX] L=0 states=1 -> 1
[DP-fwdX] L=16 states=171 -> 207
[DP-fwdX] L=32 states=1292 -> 1368
[DP-bwdX] L=80 states=1 -> 2
[DP-bwdX] L=64 states=207 -> 251
[DP-bwdX] L=48 states=1368 -> 1437
[DP-fwdX] L=0 states=1 -> 1
[DP-fwdX] L=16 states=171 -> 207
[DP-bwdX] L=32 states=41 -> 50
[DP-fwdX] L=0 states=1 -> 1
[DP-bwdX] L=16 states=7 -> 8
[DP-fwdX] L=0 states=1 -> 1
[DP-fwdX] L=0 states=1 -> 1
[DP-fwdX] L=0 states=1 -> 1
[DP-bwdX] L=16 states=7 -> 8
[DP-fwdX] L=16 states=3 -> 5
[DP-bwdX] L=32 states=41 -> 50
[DP-fwdX] L=32 states=4 -> 7
[DP-bwdX] L=32 states=1 -> 2
[DP-fwdX] L=32 states=1 -> 2
[DP-fwdX] L=48 states=40 -> 48
[DP-bwdX] L=80 states=1 -> 2
[DP-bwdX] L=64 states=207 -> 251
[DP-fwdX] L=48 states=40 -> 48
[DP-bwdX] L=48 states=4 -> 7
[DP-bwdX] L=48 states=4 -> 7
[DP-fwdX] L=48 states=1 -> 2
[DP-fwdX] L=64 states=8 -> 10
[DP-bwdX] L=80 states=1 -> 2
[DP-fwdX] L=64 states=8 -> 10
[DP-bwdX] L=64 states=2 -> 4
[DP-bwdX] L=64 states=2 -> 4
[DP-bwdX] L=80 states=1 -> 2
[DP-bwdX] L=80 states=1 -> 2
[DP-bwdX] L=80 states=1 -> 2
  [Round 81] T_prime=11  T_target=11  HPWL_w=879775  HPWL_eq=692  maxL=13  WNS(T')=-2  WNS*(T)=-2  picked=12  solve_ms=41.6495
[OC-Shortest/pow2] m=9 h=9 SEG=4 bits=36 words=1 threads=24
[DP-fwdX] L=0 states=1 -> 1
[DP-fwdX] L=16 states=171 -> 207
[DP-fwdX] L=32 states=1292 -> 1368
[DP-bwdX] L=80 states=1 -> 2
[DP-bwdX] L=64 states=207 -> 251
[DP-bwdX] L=48 states=1368 -> 1437
[DP-fwdX] L=0 states=1 -> 1
[DP-fwdX] L=16 states=171 -> 207
[DP-bwdX] L=32 states=41 -> 50
[DP-fwdX] L=0 states=1 -> 1
[DP-bwdX] L=16 states=5 -> 6
[DP-fwdX] L=0 states=1 -> 1
[DP-fwdX] L=0 states=1 -> 1
[DP-fwdX] L=0 states=1 -> 1
[DP-bwdX] L=16 states=5 -> 6
[DP-fwdX] L=16 states=2 -> 5
[DP-bwdX] L=32 states=41 -> 50
[DP-fwdX] L=32 states=12 -> 26
[DP-bwdX] L=32 states=1 -> 2
[DP-fwdX] L=32 states=1 -> 3
[DP-fwdX] L=48 states=40 -> 48
[DP-bwdX] L=80 states=1 -> 2
[DP-bwdX] L=64 states=207 -> 251
[DP-fwdX] L=48 states=40 -> 48
[DP-bwdX] L=48 states=6 -> 11
[DP-bwdX] L=48 states=6 -> 11
[DP-fwdX] L=48 states=1 -> 3
[DP-fwdX] L=64 states=7 -> 10
[DP-bwdX] L=80 states=1 -> 2
[DP-fwdX] L=64 states=7 -> 10
[DP-bwdX] L=64 states=3 -> 7
[DP-bwdX] L=64 states=3 -> 7
[DP-bwdX] L=80 states=1 -> 2
[DP-bwdX] L=80 states=1 -> 2
[DP-bwdX] L=80 states=1 -> 2
  [Round 82] T_prime=11  T_target=11  HPWL_w=883588  HPWL_eq=718  maxL=41  WNS(T')=-30  WNS*(T)=-30  picked=14  solve_ms=42.6137
[OC-Shortest/pow2] m=9 h=9 SEG=4 bits=36 words=1 threads=24
[DP-fwdX] L=0 states=1 -> 1
[DP-fwdX] L=16 states=171 -> 207
[DP-fwdX] L=32 states=1292 -> 1368
[DP-bwdX] L=80 states=1 -> 2
[DP-bwdX] L=64 states=207 -> 251
[DP-bwdX] L=48 states=1368 -> 1437
[DP-fwdX] L=0 states=1 -> 1
[DP-fwdX] L=16 states=171 -> 207
[DP-bwdX] L=32 states=41 -> 50
[DP-fwdX] L=0 states=1 -> 1
[DP-bwdX] L=16 states=7 -> 8
[DP-fwdX] L=0 states=1 -> 1
[DP-fwdX] L=0 states=1 -> 1
[DP-fwdX] L=0 states=1 -> 1
[DP-bwdX] L=16 states=7 -> 8
[DP-fwdX] L=16 states=3 -> 5
[DP-bwdX] L=32 states=41 -> 50
[DP-fwdX] L=32 states=4 -> 7
[DP-bwdX] L=32 states=1 -> 2
[DP-fwdX] L=32 states=1 -> 2
[DP-fwdX] L=48 states=40 -> 48
[DP-bwdX] L=80 states=1 -> 2
[DP-bwdX] L=64 states=207 -> 251
[DP-fwdX] L=48 states=40 -> 48
[DP-bwdX] L=48 states=4 -> 7
[DP-bwdX] L=48 states=4 -> 7
[DP-fwdX] L=48 states=1 -> 2
[DP-fwdX] L=64 states=8 -> 10
[DP-bwdX] L=80 states=1 -> 2
[DP-fwdX] L=64 states=8 -> 10
[DP-bwdX] L=64 states=2 -> 4
[DP-bwdX] L=64 states=2 -> 4
[DP-bwdX] L=80 states=1 -> 2
[DP-bwdX] L=80 states=1 -> 2
[DP-bwdX] L=80 states=1 -> 2
  [Round 83] T_prime=11  T_target=11  HPWL_w=889000  HPWL_eq=692  maxL=13  WNS(T')=-2  WNS*(T)=-2  picked=12  solve_ms=41.5373
[OC-Shortest/pow2] m=9 h=9 SEG=4 bits=36 words=1 threads=24
[DP-fwdX] L=0 states=1 -> 1
[DP-fwdX] L=16 states=171 -> 207
[DP-fwdX] L=32 states=1292 -> 1368
[DP-bwdX] L=80 states=1 -> 2
[DP-bwdX] L=64 states=207 -> 251
[DP-bwdX] L=48 states=1368 -> 1437
[DP-fwdX] L=0 states=1 -> 1
[DP-fwdX] L=16 states=171 -> 207
[DP-bwdX] L=32 states=41 -> 50
[DP-fwdX] L=0 states=1 -> 1
[DP-bwdX] L=16 states=5 -> 7
[DP-fwdX] L=0 states=1 -> 1
[DP-fwdX] L=0 states=1 -> 1
[DP-fwdX] L=0 states=1 -> 1
[DP-bwdX] L=16 states=5 -> 7
[DP-fwdX] L=16 states=2 -> 5
[DP-bwdX] L=32 states=41 -> 50
[DP-fwdX] L=32 states=4 -> 7
[DP-bwdX] L=32 states=1 -> 2
[DP-fwdX] L=32 states=1 -> 2
[DP-fwdX] L=48 states=40 -> 48
[DP-bwdX] L=80 states=1 -> 2
[DP-bwdX] L=64 states=207 -> 251
[DP-fwdX] L=48 states=40 -> 48
[DP-bwdX] L=48 states=4 -> 7
[DP-bwdX] L=48 states=4 -> 7
[DP-fwdX] L=48 states=1 -> 2
[DP-fwdX] L=64 states=4 -> 5
[DP-bwdX] L=80 states=1 -> 2
[DP-fwdX] L=64 states=4 -> 5
[DP-bwdX] L=64 states=3 -> 7
[DP-bwdX] L=64 states=3 -> 7
[DP-bwdX] L=80 states=1 -> 2
[DP-bwdX] L=80 states=1 -> 2
[DP-bwdX] L=80 states=1 -> 2
  [Round 84] T_prime=11  T_target=11  HPWL_w=893483  HPWL_eq=686  maxL=17  WNS(T')=-6  WNS*(T)=-6  picked=14  solve_ms=42.0044
[OC-Shortest/pow2] m=9 h=9 SEG=4 bits=36 words=1 threads=24
[DP-fwdX] L=0 states=1 -> 1
[DP-fwdX] L=16 states=171 -> 207
[DP-fwdX] L=32 states=1292 -> 1368
[DP-bwdX] L=80 states=1 -> 2
[DP-bwdX] L=64 states=207 -> 251
[DP-bwdX] L=48 states=1368 -> 1437
[DP-fwdX] L=0 states=1 -> 1
[DP-fwdX] L=16 states=171 -> 207
[DP-bwdX] L=32 states=41 -> 50
[DP-fwdX] L=0 states=1 -> 1
[DP-bwdX] L=16 states=5 -> 7
[DP-fwdX] L=0 states=1 -> 1
[DP-fwdX] L=0 states=1 -> 1
[DP-fwdX] L=0 states=1 -> 1
[DP-bwdX] L=16 states=5 -> 7
[DP-fwdX] L=16 states=2 -> 5
[DP-bwdX] L=32 states=41 -> 50
[DP-fwdX] L=32 states=4 -> 7
[DP-bwdX] L=32 states=1 -> 2
[DP-fwdX] L=32 states=1 -> 2
[DP-fwdX] L=48 states=40 -> 48
[DP-bwdX] L=80 states=1 -> 2
[DP-bwdX] L=64 states=207 -> 251
[DP-fwdX] L=48 states=40 -> 48
[DP-bwdX] L=48 states=4 -> 7
[DP-bwdX] L=48 states=4 -> 7
[DP-fwdX] L=48 states=1 -> 2
[DP-fwdX] L=64 states=4 -> 5
[DP-bwdX] L=80 states=1 -> 2
[DP-fwdX] L=64 states=4 -> 5
[DP-bwdX] L=64 states=3 -> 7
[DP-bwdX] L=64 states=3 -> 7
[DP-bwdX] L=80 states=1 -> 2
[DP-bwdX] L=80 states=1 -> 2
[DP-bwdX] L=80 states=1 -> 2
  [Round 85] T_prime=11  T_target=11  HPWL_w=897087  HPWL_eq=686  maxL=17  WNS(T')=-6  WNS*(T)=-6  picked=14  solve_ms=41.9579
[OC-Shortest/pow2] m=9 h=9 SEG=4 bits=36 words=1 threads=24
[DP-fwdX] L=0 states=1 -> 1
[DP-fwdX] L=16 states=171 -> 207
[DP-fwdX] L=32 states=1292 -> 1368
[DP-bwdX] L=80 states=1 -> 2
[DP-bwdX] L=64 states=207 -> 251
[DP-bwdX] L=48 states=1368 -> 1437
[DP-fwdX] L=0 states=1 -> 1
[DP-fwdX] L=16 states=171 -> 207
[DP-bwdX] L=32 states=41 -> 50
[DP-fwdX] L=0 states=1 -> 1
[DP-bwdX] L=16 states=5 -> 6
[DP-fwdX] L=0 states=1 -> 1
[DP-fwdX] L=0 states=1 -> 1
[DP-fwdX] L=0 states=1 -> 1
[DP-bwdX] L=16 states=5 -> 6
[DP-fwdX] L=16 states=2 -> 5
[DP-bwdX] L=32 states=41 -> 50
[DP-fwdX] L=32 states=5 -> 9
[DP-bwdX] L=32 states=1 -> 3
[DP-fwdX] L=32 states=1 -> 3
[DP-fwdX] L=48 states=40 -> 48
[DP-bwdX] L=80 states=1 -> 2
[DP-bwdX] L=64 states=207 -> 251
[DP-fwdX] L=48 states=40 -> 48
[DP-bwdX] L=48 states=6 -> 11
[DP-bwdX] L=48 states=6 -> 11
[DP-fwdX] L=48 states=1 -> 2
[DP-fwdX] L=64 states=7 -> 10
[DP-bwdX] L=80 states=1 -> 2
[DP-fwdX] L=64 states=7 -> 10
[DP-bwdX] L=64 states=3 -> 7
[DP-bwdX] L=64 states=3 -> 7
[DP-bwdX] L=80 states=1 -> 2
[DP-bwdX] L=80 states=1 -> 2
[DP-bwdX] L=80 states=1 -> 2
  [Round 86] T_prime=11  T_target=11  HPWL_w=904620  HPWL_eq=701  maxL=21  WNS(T')=-10  WNS*(T)=-10  picked=17  solve_ms=42.6229
[OC-Shortest/pow2] m=9 h=9 SEG=4 bits=36 words=1 threads=24
[DP-fwdX] L=0 states=1 -> 1
[DP-fwdX] L=16 states=171 -> 207
[DP-fwdX] L=32 states=1292 -> 1368
[DP-bwdX] L=80 states=1 -> 2
[DP-bwdX] L=64 states=207 -> 251
[DP-bwdX] L=48 states=1368 -> 1437
[DP-fwdX] L=0 states=1 -> 1
[DP-fwdX] L=16 states=171 -> 207
[DP-bwdX] L=32 states=41 -> 50
[DP-fwdX] L=0 states=1 -> 1
[DP-bwdX] L=16 states=5 -> 6
[DP-fwdX] L=0 states=1 -> 1
[DP-fwdX] L=0 states=1 -> 1
[DP-fwdX] L=0 states=1 -> 1
[DP-bwdX] L=16 states=5 -> 6
[DP-fwdX] L=16 states=2 -> 5
[DP-bwdX] L=32 states=41 -> 50
[DP-fwdX] L=32 states=7 -> 12
[DP-bwdX] L=32 states=1 -> 2
[DP-fwdX] L=32 states=1 -> 2
[DP-fwdX] L=48 states=40 -> 48
[DP-bwdX] L=80 states=1 -> 2
[DP-bwdX] L=64 states=207 -> 251
[DP-fwdX] L=48 states=40 -> 48
[DP-bwdX] L=48 states=4 -> 7
[DP-bwdX] L=48 states=4 -> 7
[DP-fwdX] L=48 states=1 -> 2
[DP-fwdX] L=64 states=8 -> 10
[DP-bwdX] L=80 states=1 -> 2
[DP-fwdX] L=64 states=8 -> 10
[DP-bwdX] L=64 states=2 -> 4
[DP-bwdX] L=64 states=2 -> 4
[DP-bwdX] L=80 states=1 -> 2
[DP-bwdX] L=80 states=1 -> 2
[DP-bwdX] L=80 states=1 -> 2
  [Round 87] T_prime=11  T_target=11  HPWL_w=910891  HPWL_eq=701  maxL=21  WNS(T')=-10  WNS*(T)=-10  picked=15  solve_ms=41.2951
[OC-Shortest/pow2] m=9 h=9 SEG=4 bits=36 words=1 threads=24
[DP-fwdX] L=0 states=1 -> 1
[DP-fwdX] L=16 states=171 -> 207
[DP-fwdX] L=32 states=1292 -> 1368
[DP-bwdX] L=80 states=1 -> 2
[DP-bwdX] L=64 states=207 -> 251
[DP-bwdX] L=48 states=1368 -> 1437
[DP-fwdX] L=0 states=1 -> 1
[DP-fwdX] L=16 states=171 -> 207
[DP-bwdX] L=32 states=41 -> 50
[DP-fwdX] L=0 states=1 -> 1
[DP-bwdX] L=16 states=7 -> 8
[DP-fwdX] L=0 states=1 -> 1
[DP-fwdX] L=0 states=1 -> 1
[DP-fwdX] L=0 states=1 -> 1
[DP-bwdX] L=16 states=7 -> 8
[DP-fwdX] L=16 states=3 -> 5
[DP-bwdX] L=32 states=41 -> 50
[DP-fwdX] L=32 states=4 -> 7
[DP-bwdX] L=32 states=1 -> 2
[DP-fwdX] L=32 states=1 -> 2
[DP-fwdX] L=48 states=40 -> 48
[DP-bwdX] L=80 states=1 -> 2
[DP-bwdX] L=64 states=207 -> 251
[DP-fwdX] L=48 states=40 -> 48
[DP-bwdX] L=48 states=4 -> 7
[DP-bwdX] L=48 states=4 -> 7
[DP-fwdX] L=48 states=1 -> 2
[DP-fwdX] L=64 states=8 -> 10
[DP-bwdX] L=80 states=1 -> 2
[DP-fwdX] L=64 states=8 -> 10
[DP-bwdX] L=64 states=2 -> 4
[DP-bwdX] L=64 states=2 -> 4
[DP-bwdX] L=80 states=1 -> 2
[DP-bwdX] L=80 states=1 -> 2
[DP-bwdX] L=80 states=1 -> 2
  [Round 88] T_prime=11  T_target=11  HPWL_w=918027  HPWL_eq=700  maxL=12  WNS(T')=-1  WNS*(T)=-1  picked=12  solve_ms=41.0305
[OC-Shortest/pow2] m=9 h=9 SEG=4 bits=36 words=1 threads=24
[DP-fwdX] L=0 states=1 -> 1
[DP-fwdX] L=16 states=171 -> 207
[DP-fwdX] L=32 states=1292 -> 1368
[DP-bwdX] L=80 states=1 -> 2
[DP-bwdX] L=64 states=207 -> 251
[DP-bwdX] L=48 states=1368 -> 1437
[DP-fwdX] L=0 states=1 -> 1
[DP-fwdX] L=16 states=171 -> 207
[DP-bwdX] L=32 states=41 -> 50
[DP-fwdX] L=0 states=1 -> 1
[DP-bwdX] L=16 states=7 -> 8
[DP-fwdX] L=0 states=1 -> 1
[DP-fwdX] L=0 states=1 -> 1
[DP-fwdX] L=0 states=1 -> 1
[DP-bwdX] L=16 states=7 -> 8
[DP-fwdX] L=16 states=3 -> 5
[DP-bwdX] L=32 states=41 -> 50
[DP-fwdX] L=32 states=4 -> 7
[DP-bwdX] L=32 states=1 -> 2
[DP-fwdX] L=32 states=1 -> 2
[DP-fwdX] L=48 states=40 -> 48
[DP-bwdX] L=80 states=1 -> 2
[DP-bwdX] L=64 states=207 -> 251
[DP-fwdX] L=48 states=40 -> 48
[DP-bwdX] L=48 states=4 -> 7
[DP-bwdX] L=48 states=4 -> 7
[DP-fwdX] L=48 states=1 -> 2
[DP-fwdX] L=64 states=8 -> 10
[DP-bwdX] L=80 states=1 -> 2
[DP-fwdX] L=64 states=8 -> 10
[DP-bwdX] L=64 states=2 -> 4
[DP-bwdX] L=64 states=2 -> 4
[DP-bwdX] L=80 states=1 -> 2
[DP-bwdX] L=80 states=1 -> 2
[DP-bwdX] L=80 states=1 -> 2
  [Round 89] T_prime=11  T_target=11  HPWL_w=919624  HPWL_eq=700  maxL=12  WNS(T')=-1  WNS*(T)=-1  picked=12  solve_ms=40.9365
[OC-Shortest/pow2] m=9 h=9 SEG=4 bits=36 words=1 threads=24
[DP-fwdX] L=0 states=1 -> 1
[DP-fwdX] L=16 states=171 -> 207
[DP-fwdX] L=32 states=1292 -> 1368
[DP-bwdX] L=80 states=1 -> 2
[DP-bwdX] L=64 states=207 -> 251
[DP-bwdX] L=48 states=1368 -> 1437
[DP-fwdX] L=0 states=1 -> 1
[DP-fwdX] L=16 states=171 -> 207
[DP-bwdX] L=32 states=41 -> 50
[DP-fwdX] L=0 states=1 -> 1
[DP-bwdX] L=16 states=7 -> 8
[DP-fwdX] L=0 states=1 -> 1
[DP-fwdX] L=0 states=1 -> 1
[DP-fwdX] L=0 states=1 -> 1
[DP-bwdX] L=16 states=7 -> 8
[DP-fwdX] L=16 states=3 -> 5
[DP-bwdX] L=32 states=41 -> 50
[DP-fwdX] L=32 states=4 -> 7
[DP-bwdX] L=32 states=1 -> 2
[DP-fwdX] L=32 states=1 -> 2
[DP-fwdX] L=48 states=40 -> 48
[DP-bwdX] L=80 states=1 -> 2
[DP-bwdX] L=64 states=207 -> 251
[DP-fwdX] L=48 states=40 -> 48
[DP-bwdX] L=48 states=4 -> 7
[DP-bwdX] L=48 states=4 -> 7
[DP-fwdX] L=48 states=1 -> 2
[DP-fwdX] L=64 states=4 -> 5
[DP-bwdX] L=80 states=1 -> 2
[DP-fwdX] L=64 states=4 -> 5
[DP-bwdX] L=64 states=3 -> 7
[DP-bwdX] L=64 states=3 -> 7
[DP-bwdX] L=80 states=1 -> 2
[DP-bwdX] L=80 states=1 -> 2
[DP-bwdX] L=80 states=1 -> 2
  [Round 90] T_prime=11  T_target=11  HPWL_w=923698  HPWL_eq=693  maxL=17  WNS(T')=-6  WNS*(T)=-6  picked=13  solve_ms=41.1672
[OC-Shortest/pow2] m=9 h=9 SEG=4 bits=36 words=1 threads=24
[DP-fwdX] L=0 states=1 -> 1
[DP-fwdX] L=16 states=171 -> 207
[DP-fwdX] L=32 states=1292 -> 1368
[DP-bwdX] L=80 states=1 -> 2
[DP-bwdX] L=64 states=207 -> 251
[DP-bwdX] L=48 states=1368 -> 1437
[DP-fwdX] L=0 states=1 -> 1
[DP-fwdX] L=16 states=171 -> 207
[DP-bwdX] L=32 states=41 -> 50
[DP-fwdX] L=0 states=1 -> 1
[DP-bwdX] L=16 states=7 -> 8
[DP-fwdX] L=0 states=1 -> 1
[DP-fwdX] L=0 states=1 -> 1
[DP-fwdX] L=0 states=1 -> 1
[DP-bwdX] L=16 states=7 -> 8
[DP-fwdX] L=16 states=3 -> 5
[DP-bwdX] L=32 states=41 -> 50
[DP-fwdX] L=32 states=4 -> 7
[DP-bwdX] L=32 states=1 -> 2
[DP-fwdX] L=32 states=1 -> 2
[DP-fwdX] L=48 states=40 -> 48
[DP-bwdX] L=80 states=1 -> 2
[DP-bwdX] L=64 states=207 -> 251
[DP-fwdX] L=48 states=40 -> 48
[DP-bwdX] L=48 states=4 -> 7
[DP-bwdX] L=48 states=4 -> 7
[DP-fwdX] L=48 states=1 -> 2
[DP-fwdX] L=64 states=8 -> 10
[DP-bwdX] L=80 states=1 -> 2
[DP-fwdX] L=64 states=8 -> 10
[DP-bwdX] L=64 states=2 -> 4
[DP-bwdX] L=64 states=2 -> 4
[DP-bwdX] L=80 states=1 -> 2
[DP-bwdX] L=80 states=1 -> 2
[DP-bwdX] L=80 states=1 -> 2
  [Round 91] T_prime=11  T_target=11  HPWL_w=926108  HPWL_eq=700  maxL=12  WNS(T')=-1  WNS*(T)=-1  picked=12  solve_ms=40.7282
[OC-Shortest/pow2] m=9 h=9 SEG=4 bits=36 words=1 threads=24
[DP-fwdX] L=0 states=1 -> 1
[DP-fwdX] L=16 states=171 -> 207
[DP-fwdX] L=32 states=1292 -> 1368
[DP-bwdX] L=80 states=1 -> 2
[DP-bwdX] L=64 states=207 -> 251
[DP-bwdX] L=48 states=1368 -> 1437
[DP-fwdX] L=0 states=1 -> 1
[DP-fwdX] L=16 states=171 -> 207
[DP-bwdX] L=32 states=41 -> 50
[DP-fwdX] L=0 states=1 -> 1
[DP-bwdX] L=16 states=5 -> 7
[DP-fwdX] L=0 states=1 -> 1
[DP-fwdX] L=0 states=1 -> 1
[DP-fwdX] L=0 states=1 -> 1
[DP-bwdX] L=16 states=5 -> 7
[DP-fwdX] L=16 states=2 -> 5
[DP-bwdX] L=32 states=41 -> 50
[DP-fwdX] L=32 states=4 -> 7
[DP-bwdX] L=32 states=1 -> 2
[DP-fwdX] L=32 states=1 -> 2
[DP-fwdX] L=48 states=40 -> 48
[DP-bwdX] L=80 states=1 -> 2
[DP-bwdX] L=64 states=207 -> 251
[DP-fwdX] L=48 states=40 -> 48
[DP-bwdX] L=48 states=4 -> 7
[DP-bwdX] L=48 states=4 -> 7
[DP-fwdX] L=48 states=1 -> 2
[DP-fwdX] L=64 states=7 -> 9
[DP-bwdX] L=80 states=1 -> 2
[DP-fwdX] L=64 states=7 -> 9
[DP-bwdX] L=64 states=3 -> 7
[DP-bwdX] L=64 states=3 -> 7
[DP-bwdX] L=80 states=1 -> 2
[DP-bwdX] L=80 states=1 -> 2
[DP-bwdX] L=80 states=1 -> 2
  [Round 92] T_prime=11  T_target=11  HPWL_w=930904  HPWL_eq=686  maxL=17  WNS(T')=-6  WNS*(T)=-6  picked=13  solve_ms=41.7952
[OC-Shortest/pow2] m=9 h=9 SEG=4 bits=36 words=1 threads=24
[DP-fwdX] L=0 states=1 -> 1
[DP-fwdX] L=16 states=171 -> 207
[DP-fwdX] L=32 states=1292 -> 1368
[DP-bwdX] L=80 states=1 -> 2
[DP-bwdX] L=64 states=207 -> 251
[DP-bwdX] L=48 states=1368 -> 1437
[DP-fwdX] L=0 states=1 -> 1
[DP-fwdX] L=16 states=171 -> 207
[DP-bwdX] L=32 states=41 -> 50
[DP-fwdX] L=0 states=1 -> 1
[DP-bwdX] L=16 states=5 -> 7
[DP-fwdX] L=0 states=1 -> 1
[DP-fwdX] L=0 states=1 -> 1
[DP-fwdX] L=0 states=1 -> 1
[DP-bwdX] L=16 states=5 -> 7
[DP-fwdX] L=16 states=2 -> 5
[DP-bwdX] L=32 states=41 -> 50
[DP-fwdX] L=32 states=4 -> 7
[DP-bwdX] L=32 states=1 -> 2
[DP-fwdX] L=32 states=1 -> 2
[DP-fwdX] L=48 states=40 -> 48
[DP-bwdX] L=80 states=1 -> 2
[DP-bwdX] L=64 states=207 -> 251
[DP-fwdX] L=48 states=40 -> 48
[DP-bwdX] L=48 states=6 -> 11
[DP-bwdX] L=48 states=6 -> 11
[DP-fwdX] L=48 states=1 -> 2
[DP-fwdX] L=64 states=7 -> 10
[DP-bwdX] L=80 states=1 -> 2
[DP-fwdX] L=64 states=7 -> 10
[DP-bwdX] L=64 states=3 -> 7
[DP-bwdX] L=64 states=3 -> 7
[DP-bwdX] L=80 states=1 -> 2
[DP-bwdX] L=80 states=1 -> 2
[DP-bwdX] L=80 states=1 -> 2
  [Round 93] T_prime=11  T_target=11  HPWL_w=933092  HPWL_eq=694  maxL=21  WNS(T')=-10  WNS*(T)=-10  picked=16  solve_ms=41.905
[OC-Shortest/pow2] m=9 h=9 SEG=4 bits=36 words=1 threads=24
[DP-fwdX] L=0 states=1 -> 1
[DP-fwdX] L=16 states=171 -> 207
[DP-fwdX] L=32 states=1292 -> 1368
[DP-bwdX] L=80 states=1 -> 2
[DP-bwdX] L=64 states=207 -> 251
[DP-bwdX] L=48 states=1368 -> 1437
[DP-fwdX] L=0 states=1 -> 1
[DP-fwdX] L=16 states=171 -> 207
[DP-bwdX] L=32 states=41 -> 50
[DP-fwdX] L=0 states=1 -> 1
[DP-bwdX] L=16 states=7 -> 8
[DP-fwdX] L=0 states=1 -> 1
[DP-fwdX] L=0 states=1 -> 1
[DP-fwdX] L=0 states=1 -> 1
[DP-bwdX] L=16 states=7 -> 8
[DP-fwdX] L=16 states=2 -> 4
[DP-bwdX] L=32 states=41 -> 50
[DP-fwdX] L=32 states=4 -> 7
[DP-bwdX] L=32 states=1 -> 2
[DP-fwdX] L=32 states=1 -> 2
[DP-fwdX] L=48 states=40 -> 48
[DP-bwdX] L=80 states=1 -> 2
[DP-bwdX] L=64 states=207 -> 251
[DP-fwdX] L=48 states=40 -> 48
[DP-bwdX] L=48 states=4 -> 7
[DP-bwdX] L=48 states=4 -> 7
[DP-fwdX] L=48 states=1 -> 2
[DP-fwdX] L=64 states=8 -> 10
[DP-bwdX] L=80 states=1 -> 2
[DP-fwdX] L=64 states=8 -> 10
[DP-bwdX] L=64 states=2 -> 4
[DP-bwdX] L=64 states=2 -> 4
[DP-bwdX] L=80 states=1 -> 2
[DP-bwdX] L=80 states=1 -> 2
[DP-bwdX] L=80 states=1 -> 2
  [Round 94] T_prime=11  T_target=11  HPWL_w=942424  HPWL_eq=720  maxL=9  WNS(T')=2  WNS*(T)=2  picked=0  solve_ms=40.7826
  [TD] reach target on DP grid: all edges <= T_target.
[Policy] wrote placement to: placement40_Col_1_T_11.txt
[MultiCol] moved base placement to: ./base_placement_40x9_T_11.txt
[MultiCol] parsed base Y entries: 360 (expect 360)
[MultiCol] wrote multi-col placement: placement40_Col_4_T_11.txt
[MultiCol] done. placement=placement40_Col_4_T_11.txt  total_ms=4276.9 ms
