[Policy] m=18 h=8 rounds=80 T_target=12 policy=irl1+freeze cap=64 scale=1000 freeze=1 homotopy=1 sigma=0.8 shrink=0.9
[OC-Shortest/pow2] m=18 h=8 SEG=4 bits=72 words=2 threads=24
[DP-fwdX] L=0 states=1 -> 1
[DP-fwdX] L=16 states=186 -> 230
[DP-fwdX] L=32 states=2991 -> 3395
[DP-fwdX] L=48 states=14721 -> 15765
[DP-fwdX] L=64 states=30945 -> 31590
[DP-bwdX] L=144 states=1 -> 1
[DP-bwdX] L=128 states=186 -> 230
[DP-bwdX] L=112 states=2991 -> 3395
[DP-bwdX] L=96 states=14721 -> 15765
[DP-bwdX] L=80 states=30945 -> 31590
[DP-fwdX] L=0 states=1 -> 1
[DP-fwdX] L=16 states=186 -> 230
[DP-fwdX] L=32 states=2991 -> 3395
[DP-bwdX] L=64 states=22 -> 29
[DP-bwdX] L=48 states=495 -> 543
[DP-fwdX] L=0 states=1 -> 1
[DP-fwdX] L=16 states=186 -> 230
[DP-bwdX] L=32 states=12 -> 16
[DP-fwdX] L=0 states=1 -> 1
[DP-bwdX] L=16 states=4 -> 6
[DP-fwdX] L=0 states=1 -> 1
[DP-fwdX] L=0 states=1 -> 1
[DP-fwdX] L=0 states=1 -> 1
[DP-bwdX] L=16 states=4 -> 6
[DP-bwdX] L=16 states=4 -> 6
[DP-fwdX] L=16 states=1 -> 3
[DP-bwdX] L=32 states=12 -> 16
[DP-bwdX] L=32 states=12 -> 16
[DP-fwdX] L=32 states=2 -> 3
[DP-fwdX] L=48 states=156 -> 197
[DP-bwdX] L=64 states=22 -> 29
[DP-bwdX] L=48 states=21 -> 27
[DP-fwdX] L=48 states=7 -> 11
[DP-bwdX] L=48 states=2 -> 3
[DP-bwdX] L=64 states=22 -> 29
[DP-fwdX] L=64 states=2 -> 3
[DP-fwdX] L=64 states=2 -> 3
[DP-fwdX] L=80 states=22 -> 29
[DP-fwdX] L=96 states=495 -> 543
[DP-bwdX] L=144 states=1 -> 1
[DP-bwdX] L=128 states=186 -> 230
[DP-bwdX] L=112 states=2991 -> 3395
[DP-fwdX] L=80 states=22 -> 29
[DP-bwdX] L=96 states=156 -> 197
[DP-fwdX] L=80 states=22 -> 29
[DP-bwdX] L=80 states=2 -> 3
[DP-bwdX] L=80 states=2 -> 3
[DP-bwdX] L=80 states=2 -> 3
[DP-fwdX] L=96 states=21 -> 27
[DP-bwdX] L=96 states=7 -> 11
[DP-bwdX] L=96 states=1 -> 1
[DP-fwdX] L=96 states=1 -> 1
[DP-fwdX] L=112 states=12 -> 16
[DP-bwdX] L=144 states=1 -> 1
[DP-bwdX] L=128 states=186 -> 230
[DP-fwdX] L=112 states=12 -> 16
[DP-bwdX] L=112 states=1 -> 1
[DP-bwdX] L=112 states=1 -> 1
[DP-fwdX] L=112 states=1 -> 1
[DP-fwdX] L=112 states=1 -> 1
[DP-fwdX] L=128 states=2 -> 3
[DP-bwdX] L=144 states=1 -> 1
[DP-fwdX] L=128 states=2 -> 3
[DP-bwdX] L=128 states=1 -> 3
[DP-fwdX] L=128 states=1 -> 2
[DP-bwdX] L=144 states=1 -> 1
[DP-bwdX] L=144 states=1 -> 1
[DP-bwdX] L=144 states=1 -> 1
[DP-bwdX] L=144 states=1 -> 1
[Init-Homotopy] round1 maxL=20  set T_prime0=16 (T_target=12)
  [Round 1] T_prime=16  T_target=12  HPWL_w=1182000  HPWL_eq=1182  maxL=20  WNS(T')=-4  WNS*(T)=-8  picked=262  solve_ms=838.357
[OC-Shortest/pow2] m=18 h=8 SEG=4 bits=72 words=2 threads=24
[DP-fwdX] L=0 states=1 -> 1
[DP-fwdX] L=16 states=186 -> 230
[DP-fwdX] L=32 states=2991 -> 3395
[DP-fwdX] L=48 states=14721 -> 15765
[DP-fwdX] L=64 states=30945 -> 31590
[DP-bwdX] L=144 states=1 -> 1
[DP-bwdX] L=128 states=186 -> 230
[DP-bwdX] L=112 states=2991 -> 3395
[DP-bwdX] L=96 states=14721 -> 15765
[DP-bwdX] L=80 states=30945 -> 31590
[DP-fwdX] L=0 states=1 -> 1
[DP-fwdX] L=16 states=186 -> 230
[DP-fwdX] L=32 states=2991 -> 3395
[DP-bwdX] L=64 states=22 -> 29
[DP-bwdX] L=48 states=495 -> 543
[DP-fwdX] L=0 states=1 -> 1
[DP-fwdX] L=16 states=186 -> 230
[DP-bwdX] L=32 states=12 -> 16
[DP-fwdX] L=0 states=1 -> 1
[DP-bwdX] L=16 states=4 -> 5
[DP-fwdX] L=0 states=1 -> 1
[DP-fwdX] L=0 states=1 -> 1
[DP-fwdX] L=0 states=1 -> 1
[DP-bwdX] L=16 states=4 -> 5
[DP-bwdX] L=16 states=4 -> 5
[DP-fwdX] L=16 states=1 -> 2
[DP-bwdX] L=32 states=12 -> 16
[DP-bwdX] L=32 states=12 -> 16
[DP-fwdX] L=32 states=2 -> 3
[DP-fwdX] L=48 states=156 -> 197
[DP-bwdX] L=64 states=22 -> 29
[DP-bwdX] L=48 states=21 -> 27
[DP-fwdX] L=48 states=7 -> 11
[DP-bwdX] L=48 states=2 -> 3
[DP-bwdX] L=64 states=22 -> 29
[DP-fwdX] L=64 states=2 -> 3
[DP-fwdX] L=64 states=2 -> 3
[DP-fwdX] L=80 states=22 -> 29
[DP-fwdX] L=96 states=495 -> 543
[DP-bwdX] L=144 states=1 -> 1
[DP-bwdX] L=128 states=186 -> 230
[DP-bwdX] L=112 states=2991 -> 3395
[DP-fwdX] L=80 states=22 -> 29
[DP-bwdX] L=96 states=156 -> 197
[DP-fwdX] L=80 states=22 -> 29
[DP-bwdX] L=80 states=2 -> 3
[DP-bwdX] L=80 states=2 -> 3
[DP-bwdX] L=80 states=2 -> 3
[DP-fwdX] L=96 states=21 -> 27
[DP-bwdX] L=96 states=7 -> 11
[DP-bwdX] L=96 states=1 -> 1
[DP-fwdX] L=96 states=1 -> 1
[DP-fwdX] L=112 states=12 -> 16
[DP-bwdX] L=144 states=1 -> 1
[DP-bwdX] L=128 states=186 -> 230
[DP-fwdX] L=112 states=12 -> 16
[DP-bwdX] L=112 states=1 -> 1
[DP-bwdX] L=112 states=1 -> 1
[DP-fwdX] L=112 states=1 -> 1
[DP-fwdX] L=112 states=1 -> 1
[DP-fwdX] L=128 states=4 -> 5
[DP-bwdX] L=144 states=1 -> 1
[DP-fwdX] L=128 states=4 -> 5
[DP-bwdX] L=128 states=1 -> 2
[DP-fwdX] L=128 states=1 -> 1
[DP-bwdX] L=144 states=1 -> 1
[DP-bwdX] L=144 states=1 -> 1
[DP-bwdX] L=144 states=1 -> 1
[DP-bwdX] L=144 states=1 -> 1
  [Round 2] T_prime=16  T_target=12  HPWL_w=1214000  HPWL_eq=1202  maxL=25  WNS(T')=-9  WNS*(T)=-13  picked=262  solve_ms=883.446
[OC-Shortest/pow2] m=18 h=8 SEG=4 bits=72 words=2 threads=24
[DP-fwdX] L=0 states=1 -> 1
[DP-fwdX] L=16 states=186 -> 230
[DP-fwdX] L=32 states=2991 -> 3395
[DP-fwdX] L=48 states=14721 -> 15765
[DP-fwdX] L=64 states=30945 -> 31590
[DP-bwdX] L=144 states=1 -> 1
[DP-bwdX] L=128 states=186 -> 230
[DP-bwdX] L=112 states=2991 -> 3395
[DP-bwdX] L=96 states=14721 -> 15765
[DP-bwdX] L=80 states=30945 -> 31590
[DP-fwdX] L=0 states=1 -> 1
[DP-fwdX] L=16 states=186 -> 230
[DP-fwdX] L=32 states=2991 -> 3395
[DP-bwdX] L=64 states=22 -> 29
[DP-bwdX] L=48 states=495 -> 543
[DP-fwdX] L=0 states=1 -> 1
[DP-fwdX] L=16 states=186 -> 230
[DP-bwdX] L=32 states=15 -> 21
[DP-fwdX] L=0 states=1 -> 1
[DP-bwdX] L=16 states=4 -> 6
[DP-fwdX] L=0 states=1 -> 1
[DP-fwdX] L=0 states=1 -> 1
[DP-fwdX] L=0 states=1 -> 1
[DP-bwdX] L=16 states=4 -> 6
[DP-bwdX] L=16 states=4 -> 6
[DP-fwdX] L=16 states=1 -> 3
[DP-bwdX] L=32 states=15 -> 21
[DP-bwdX] L=32 states=15 -> 21
[DP-fwdX] L=32 states=3 -> 6
[DP-fwdX] L=48 states=251 -> 322
[DP-bwdX] L=64 states=22 -> 29
[DP-bwdX] L=48 states=21 -> 27
[DP-fwdX] L=48 states=7 -> 11
[DP-bwdX] L=48 states=2 -> 3
[DP-bwdX] L=64 states=22 -> 29
[DP-fwdX] L=64 states=2 -> 3
[DP-fwdX] L=64 states=2 -> 3
[DP-fwdX] L=80 states=22 -> 29
[DP-fwdX] L=96 states=495 -> 543
[DP-bwdX] L=144 states=1 -> 1
[DP-bwdX] L=128 states=186 -> 230
[DP-bwdX] L=112 states=2991 -> 3395
[DP-fwdX] L=80 states=22 -> 29
[DP-bwdX] L=96 states=251 -> 322
[DP-fwdX] L=80 states=22 -> 29
[DP-bwdX] L=80 states=2 -> 3
[DP-bwdX] L=80 states=2 -> 3
[DP-bwdX] L=80 states=2 -> 3
[DP-fwdX] L=96 states=21 -> 27
[DP-bwdX] L=96 states=7 -> 11
[DP-bwdX] L=96 states=1 -> 1
[DP-fwdX] L=96 states=1 -> 1
[DP-fwdX] L=112 states=15 -> 21
[DP-bwdX] L=144 states=1 -> 1
[DP-bwdX] L=128 states=186 -> 230
[DP-fwdX] L=112 states=15 -> 21
[DP-bwdX] L=112 states=1 -> 2
[DP-bwdX] L=112 states=1 -> 2
[DP-fwdX] L=112 states=1 -> 2
[DP-fwdX] L=112 states=1 -> 2
[DP-fwdX] L=128 states=2 -> 3
[DP-bwdX] L=144 states=1 -> 1
[DP-fwdX] L=128 states=2 -> 3
[DP-bwdX] L=128 states=1 -> 3
[DP-fwdX] L=128 states=1 -> 2
[DP-bwdX] L=144 states=1 -> 1
[DP-bwdX] L=144 states=1 -> 1
[DP-bwdX] L=144 states=1 -> 1
[DP-bwdX] L=144 states=1 -> 1
  [Round 3] T_prime=16  T_target=12  HPWL_w=1224000  HPWL_eq=1206  maxL=21  WNS(T')=-5  WNS*(T)=-9  picked=262  solve_ms=945.41
[OC-Shortest/pow2] m=18 h=8 SEG=4 bits=72 words=2 threads=24
[DP-fwdX] L=0 states=1 -> 1
[DP-fwdX] L=16 states=186 -> 230
[DP-fwdX] L=32 states=2991 -> 3395
[DP-fwdX] L=48 states=14721 -> 15765
[DP-fwdX] L=64 states=30945 -> 31590
[DP-bwdX] L=144 states=1 -> 1
[DP-bwdX] L=128 states=186 -> 230
[DP-bwdX] L=112 states=2991 -> 3395
[DP-bwdX] L=96 states=14721 -> 15765
[DP-bwdX] L=80 states=30945 -> 31590
[DP-fwdX] L=0 states=1 -> 1
[DP-fwdX] L=16 states=186 -> 230
[DP-fwdX] L=32 states=2991 -> 3395
[DP-bwdX] L=64 states=22 -> 29
[DP-bwdX] L=48 states=495 -> 543
[DP-fwdX] L=0 states=1 -> 1
[DP-fwdX] L=16 states=186 -> 230
[DP-bwdX] L=32 states=12 -> 16
[DP-fwdX] L=0 states=1 -> 1
[DP-bwdX] L=16 states=4 -> 5
[DP-fwdX] L=0 states=1 -> 1
[DP-fwdX] L=0 states=1 -> 1
[DP-fwdX] L=0 states=1 -> 1
[DP-bwdX] L=16 states=4 -> 5
[DP-bwdX] L=16 states=4 -> 5
[DP-fwdX] L=16 states=1 -> 2
[DP-bwdX] L=32 states=12 -> 16
[DP-bwdX] L=32 states=12 -> 16
[DP-fwdX] L=32 states=2 -> 3
[DP-fwdX] L=48 states=156 -> 197
[DP-bwdX] L=64 states=22 -> 29
[DP-bwdX] L=48 states=21 -> 27
[DP-fwdX] L=48 states=7 -> 11
[DP-bwdX] L=48 states=2 -> 3
[DP-bwdX] L=64 states=22 -> 29
[DP-fwdX] L=64 states=2 -> 3
[DP-fwdX] L=64 states=2 -> 3
[DP-fwdX] L=80 states=22 -> 29
[DP-fwdX] L=96 states=495 -> 543
[DP-bwdX] L=144 states=1 -> 1
[DP-bwdX] L=128 states=186 -> 230
[DP-bwdX] L=112 states=2991 -> 3395
[DP-fwdX] L=80 states=22 -> 29
[DP-bwdX] L=96 states=156 -> 197
[DP-fwdX] L=80 states=22 -> 29
[DP-bwdX] L=80 states=2 -> 3
[DP-bwdX] L=80 states=2 -> 3
[DP-bwdX] L=80 states=2 -> 3
[DP-fwdX] L=96 states=21 -> 27
[DP-bwdX] L=96 states=7 -> 11
[DP-bwdX] L=96 states=1 -> 1
[DP-fwdX] L=96 states=1 -> 1
[DP-fwdX] L=112 states=12 -> 16
[DP-bwdX] L=144 states=1 -> 1
[DP-bwdX] L=128 states=186 -> 230
[DP-fwdX] L=112 states=12 -> 16
[DP-bwdX] L=112 states=1 -> 1
[DP-bwdX] L=112 states=1 -> 1
[DP-fwdX] L=112 states=1 -> 1
[DP-fwdX] L=112 states=1 -> 1
[DP-fwdX] L=128 states=4 -> 5
[DP-bwdX] L=144 states=1 -> 1
[DP-fwdX] L=128 states=4 -> 5
[DP-bwdX] L=128 states=1 -> 2
[DP-fwdX] L=128 states=1 -> 1
[DP-bwdX] L=144 states=1 -> 1
[DP-bwdX] L=144 states=1 -> 1
[DP-bwdX] L=144 states=1 -> 1
[DP-bwdX] L=144 states=1 -> 1
  [Round 4] T_prime=16  T_target=12  HPWL_w=1224000  HPWL_eq=1203  maxL=25  WNS(T')=-9  WNS*(T)=-13  picked=262  solve_ms=1138.89
[OC-Shortest/pow2] m=18 h=8 SEG=4 bits=72 words=2 threads=24
[DP-fwdX] L=0 states=1 -> 1
[DP-fwdX] L=16 states=186 -> 230
[DP-fwdX] L=32 states=2991 -> 3395
[DP-fwdX] L=48 states=14721 -> 15765
[DP-fwdX] L=64 states=30945 -> 31590
[DP-bwdX] L=144 states=1 -> 1
[DP-bwdX] L=128 states=186 -> 230
[DP-bwdX] L=112 states=2991 -> 3395
[DP-bwdX] L=96 states=14721 -> 15765
[DP-bwdX] L=80 states=30945 -> 31590
[DP-fwdX] L=0 states=1 -> 1
[DP-fwdX] L=16 states=186 -> 230
[DP-fwdX] L=32 states=2991 -> 3395
[DP-bwdX] L=64 states=22 -> 29
[DP-bwdX] L=48 states=495 -> 543
[DP-fwdX] L=0 states=1 -> 1
[DP-fwdX] L=16 states=186 -> 230
[DP-bwdX] L=32 states=15 -> 21
[DP-fwdX] L=0 states=1 -> 1
[DP-bwdX] L=16 states=4 -> 6
[DP-fwdX] L=0 states=1 -> 1
[DP-fwdX] L=0 states=1 -> 1
[DP-fwdX] L=0 states=1 -> 1
[DP-bwdX] L=16 states=4 -> 6
[DP-bwdX] L=16 states=4 -> 6
[DP-fwdX] L=16 states=1 -> 3
[DP-bwdX] L=32 states=15 -> 21
[DP-bwdX] L=32 states=15 -> 21
[DP-fwdX] L=32 states=3 -> 6
[DP-fwdX] L=48 states=251 -> 322
[DP-bwdX] L=64 states=22 -> 29
[DP-bwdX] L=48 states=21 -> 27
[DP-fwdX] L=48 states=7 -> 11
[DP-bwdX] L=48 states=2 -> 3
[DP-bwdX] L=64 states=22 -> 29
[DP-fwdX] L=64 states=2 -> 3
[DP-fwdX] L=64 states=2 -> 3
[DP-fwdX] L=80 states=22 -> 29
[DP-fwdX] L=96 states=495 -> 543
[DP-bwdX] L=144 states=1 -> 1
[DP-bwdX] L=128 states=186 -> 230
[DP-bwdX] L=112 states=2991 -> 3395
[DP-fwdX] L=80 states=22 -> 29
[DP-bwdX] L=96 states=251 -> 322
[DP-fwdX] L=80 states=22 -> 29
[DP-bwdX] L=80 states=2 -> 3
[DP-bwdX] L=80 states=2 -> 3
[DP-bwdX] L=80 states=2 -> 3
[DP-fwdX] L=96 states=21 -> 27
[DP-bwdX] L=96 states=7 -> 11
[DP-bwdX] L=96 states=1 -> 1
[DP-fwdX] L=96 states=1 -> 1
[DP-fwdX] L=112 states=15 -> 21
[DP-bwdX] L=144 states=1 -> 1
[DP-bwdX] L=128 states=186 -> 230
[DP-fwdX] L=112 states=15 -> 21
[DP-bwdX] L=112 states=1 -> 2
[DP-bwdX] L=112 states=1 -> 2
[DP-fwdX] L=112 states=1 -> 2
[DP-fwdX] L=112 states=1 -> 2
[DP-fwdX] L=128 states=2 -> 3
[DP-bwdX] L=144 states=1 -> 1
[DP-fwdX] L=128 states=2 -> 3
[DP-bwdX] L=128 states=1 -> 3
[DP-fwdX] L=128 states=1 -> 2
[DP-bwdX] L=144 states=1 -> 1
[DP-bwdX] L=144 states=1 -> 1
[DP-bwdX] L=144 states=1 -> 1
[DP-bwdX] L=144 states=1 -> 1
  [Round 5] T_prime=16  T_target=12  HPWL_w=1224000  HPWL_eq=1206  maxL=21  WNS(T')=-5  WNS*(T)=-9  picked=262  solve_ms=970.405
[OC-Shortest/pow2] m=18 h=8 SEG=4 bits=72 words=2 threads=24
[DP-fwdX] L=0 states=1 -> 1
[DP-fwdX] L=16 states=186 -> 230
[DP-fwdX] L=32 states=2991 -> 3395
[DP-fwdX] L=48 states=14721 -> 15765
[DP-fwdX] L=64 states=30945 -> 31590
[DP-bwdX] L=144 states=1 -> 1
[DP-bwdX] L=128 states=186 -> 230
[DP-bwdX] L=112 states=2991 -> 3395
[DP-bwdX] L=96 states=14721 -> 15765
[DP-bwdX] L=80 states=30945 -> 31590
[DP-fwdX] L=0 states=1 -> 1
[DP-fwdX] L=16 states=186 -> 230
[DP-fwdX] L=32 states=2991 -> 3395
[DP-bwdX] L=64 states=22 -> 29
[DP-bwdX] L=48 states=495 -> 543
[DP-fwdX] L=0 states=1 -> 1
[DP-fwdX] L=16 states=186 -> 230
[DP-bwdX] L=32 states=12 -> 16
[DP-fwdX] L=0 states=1 -> 1
[DP-bwdX] L=16 states=4 -> 5
[DP-fwdX] L=0 states=1 -> 1
[DP-fwdX] L=0 states=1 -> 1
[DP-fwdX] L=0 states=1 -> 1
[DP-bwdX] L=16 states=4 -> 5
[DP-bwdX] L=16 states=4 -> 5
[DP-fwdX] L=16 states=1 -> 2
[DP-bwdX] L=32 states=12 -> 16
[DP-bwdX] L=32 states=12 -> 16
[DP-fwdX] L=32 states=2 -> 3
[DP-fwdX] L=48 states=156 -> 197
[DP-bwdX] L=64 states=22 -> 29
[DP-bwdX] L=48 states=21 -> 27
[DP-fwdX] L=48 states=7 -> 11
[DP-bwdX] L=48 states=2 -> 3
[DP-bwdX] L=64 states=22 -> 29
[DP-fwdX] L=64 states=2 -> 3
[DP-fwdX] L=64 states=2 -> 3
[DP-fwdX] L=80 states=22 -> 29
[DP-fwdX] L=96 states=495 -> 543
[DP-bwdX] L=144 states=1 -> 1
[DP-bwdX] L=128 states=186 -> 230
[DP-bwdX] L=112 states=2991 -> 3395
[DP-fwdX] L=80 states=22 -> 29
[DP-bwdX] L=96 states=156 -> 197
[DP-fwdX] L=80 states=22 -> 29
[DP-bwdX] L=80 states=2 -> 3
[DP-bwdX] L=80 states=2 -> 3
[DP-bwdX] L=80 states=2 -> 3
[DP-fwdX] L=96 states=21 -> 27
[DP-bwdX] L=96 states=7 -> 11
[DP-bwdX] L=96 states=1 -> 1
[DP-fwdX] L=96 states=1 -> 1
[DP-fwdX] L=112 states=12 -> 16
[DP-bwdX] L=144 states=1 -> 1
[DP-bwdX] L=128 states=186 -> 230
[DP-fwdX] L=112 states=12 -> 16
[DP-bwdX] L=112 states=1 -> 1
[DP-bwdX] L=112 states=1 -> 1
[DP-fwdX] L=112 states=1 -> 1
[DP-fwdX] L=112 states=1 -> 1
[DP-fwdX] L=128 states=4 -> 5
[DP-bwdX] L=144 states=1 -> 1
[DP-fwdX] L=128 states=4 -> 5
[DP-bwdX] L=128 states=1 -> 2
[DP-fwdX] L=128 states=1 -> 1
[DP-bwdX] L=144 states=1 -> 1
[DP-bwdX] L=144 states=1 -> 1
[DP-bwdX] L=144 states=1 -> 1
[DP-bwdX] L=144 states=1 -> 1
  [Round 6] T_prime=16  T_target=12  HPWL_w=1224000  HPWL_eq=1203  maxL=25  WNS(T')=-9  WNS*(T)=-13  picked=262  solve_ms=966.214
[OC-Shortest/pow2] m=18 h=8 SEG=4 bits=72 words=2 threads=24
[DP-fwdX] L=0 states=1 -> 1
[DP-fwdX] L=16 states=186 -> 230
[DP-fwdX] L=32 states=2991 -> 3395
[DP-fwdX] L=48 states=14721 -> 15765
[DP-fwdX] L=64 states=30945 -> 31590
[DP-bwdX] L=144 states=1 -> 1
[DP-bwdX] L=128 states=186 -> 230
[DP-bwdX] L=112 states=2991 -> 3395
[DP-bwdX] L=96 states=14721 -> 15765
[DP-bwdX] L=80 states=30945 -> 31590
[DP-fwdX] L=0 states=1 -> 1
[DP-fwdX] L=16 states=186 -> 230
[DP-fwdX] L=32 states=2991 -> 3395
[DP-bwdX] L=64 states=22 -> 29
[DP-bwdX] L=48 states=495 -> 543
[DP-fwdX] L=0 states=1 -> 1
[DP-fwdX] L=16 states=186 -> 230
[DP-bwdX] L=32 states=15 -> 21
[DP-fwdX] L=0 states=1 -> 1
[DP-bwdX] L=16 states=4 -> 6
[DP-fwdX] L=0 states=1 -> 1
[DP-fwdX] L=0 states=1 -> 1
[DP-fwdX] L=0 states=1 -> 1
[DP-bwdX] L=16 states=4 -> 6
[DP-bwdX] L=16 states=4 -> 6
[DP-fwdX] L=16 states=1 -> 3
[DP-bwdX] L=32 states=15 -> 21
[DP-bwdX] L=32 states=15 -> 21
[DP-fwdX] L=32 states=3 -> 6
[DP-fwdX] L=48 states=251 -> 322
[DP-bwdX] L=64 states=22 -> 29
[DP-bwdX] L=48 states=21 -> 27
[DP-fwdX] L=48 states=7 -> 11
[DP-bwdX] L=48 states=2 -> 3
[DP-bwdX] L=64 states=22 -> 29
[DP-fwdX] L=64 states=2 -> 3
[DP-fwdX] L=64 states=2 -> 3
[DP-fwdX] L=80 states=22 -> 29
[DP-fwdX] L=96 states=495 -> 543
[DP-bwdX] L=144 states=1 -> 1
[DP-bwdX] L=128 states=186 -> 230
[DP-bwdX] L=112 states=2991 -> 3395
[DP-fwdX] L=80 states=22 -> 29
[DP-bwdX] L=96 states=251 -> 322
[DP-fwdX] L=80 states=22 -> 29
[DP-bwdX] L=80 states=2 -> 3
[DP-bwdX] L=80 states=2 -> 3
[DP-bwdX] L=80 states=2 -> 3
[DP-fwdX] L=96 states=21 -> 27
[DP-bwdX] L=96 states=7 -> 11
[DP-bwdX] L=96 states=1 -> 1
[DP-fwdX] L=96 states=1 -> 1
[DP-fwdX] L=112 states=15 -> 21
[DP-bwdX] L=144 states=1 -> 1
[DP-bwdX] L=128 states=186 -> 230
[DP-fwdX] L=112 states=15 -> 21
[DP-bwdX] L=112 states=1 -> 2
[DP-bwdX] L=112 states=1 -> 2
[DP-fwdX] L=112 states=1 -> 2
[DP-fwdX] L=112 states=1 -> 2
[DP-fwdX] L=128 states=2 -> 3
[DP-bwdX] L=144 states=1 -> 1
[DP-fwdX] L=128 states=2 -> 3
[DP-bwdX] L=128 states=1 -> 3
[DP-fwdX] L=128 states=1 -> 2
[DP-bwdX] L=144 states=1 -> 1
[DP-bwdX] L=144 states=1 -> 1
[DP-bwdX] L=144 states=1 -> 1
[DP-bwdX] L=144 states=1 -> 1
  [Round 7] T_prime=16  T_target=12  HPWL_w=1224000  HPWL_eq=1206  maxL=21  WNS(T')=-5  WNS*(T)=-9  picked=262  solve_ms=983.489
[OC-Shortest/pow2] m=18 h=8 SEG=4 bits=72 words=2 threads=24
[DP-fwdX] L=0 states=1 -> 1
[DP-fwdX] L=16 states=186 -> 230
[DP-fwdX] L=32 states=2991 -> 3395
[DP-fwdX] L=48 states=14721 -> 15765
[DP-fwdX] L=64 states=30945 -> 31590
[DP-bwdX] L=144 states=1 -> 1
[DP-bwdX] L=128 states=186 -> 230
[DP-bwdX] L=112 states=2991 -> 3395
[DP-bwdX] L=96 states=14721 -> 15765
[DP-bwdX] L=80 states=30945 -> 31590
[DP-fwdX] L=0 states=1 -> 1
[DP-fwdX] L=16 states=186 -> 230
[DP-fwdX] L=32 states=2991 -> 3395
[DP-bwdX] L=64 states=22 -> 29
[DP-bwdX] L=48 states=495 -> 543
[DP-fwdX] L=0 states=1 -> 1
[DP-fwdX] L=16 states=186 -> 230
[DP-bwdX] L=32 states=12 -> 16
[DP-fwdX] L=0 states=1 -> 1
[DP-bwdX] L=16 states=4 -> 5
[DP-fwdX] L=0 states=1 -> 1
[DP-fwdX] L=0 states=1 -> 1
[DP-fwdX] L=0 states=1 -> 1
[DP-bwdX] L=16 states=4 -> 5
[DP-bwdX] L=16 states=4 -> 5
[DP-fwdX] L=16 states=1 -> 2
[DP-bwdX] L=32 states=12 -> 16
[DP-bwdX] L=32 states=12 -> 16
[DP-fwdX] L=32 states=2 -> 3
[DP-fwdX] L=48 states=156 -> 197
[DP-bwdX] L=64 states=22 -> 29
[DP-bwdX] L=48 states=21 -> 27
[DP-fwdX] L=48 states=7 -> 11
[DP-bwdX] L=48 states=2 -> 3
[DP-bwdX] L=64 states=22 -> 29
[DP-fwdX] L=64 states=2 -> 3
[DP-fwdX] L=64 states=2 -> 3
[DP-fwdX] L=80 states=22 -> 29
[DP-fwdX] L=96 states=495 -> 543
[DP-bwdX] L=144 states=1 -> 1
[DP-bwdX] L=128 states=186 -> 230
[DP-bwdX] L=112 states=2991 -> 3395
[DP-fwdX] L=80 states=22 -> 29
[DP-bwdX] L=96 states=156 -> 197
[DP-fwdX] L=80 states=22 -> 29
[DP-bwdX] L=80 states=2 -> 3
[DP-bwdX] L=80 states=2 -> 3
[DP-bwdX] L=80 states=2 -> 3
[DP-fwdX] L=96 states=21 -> 27
[DP-bwdX] L=96 states=7 -> 11
[DP-bwdX] L=96 states=1 -> 1
[DP-fwdX] L=96 states=1 -> 1
[DP-fwdX] L=112 states=12 -> 16
[DP-bwdX] L=144 states=1 -> 1
[DP-bwdX] L=128 states=186 -> 230
[DP-fwdX] L=112 states=12 -> 16
[DP-bwdX] L=112 states=1 -> 1
[DP-bwdX] L=112 states=1 -> 1
[DP-fwdX] L=112 states=1 -> 1
[DP-fwdX] L=112 states=1 -> 1
[DP-fwdX] L=128 states=4 -> 5
[DP-bwdX] L=144 states=1 -> 1
[DP-fwdX] L=128 states=4 -> 5
[DP-bwdX] L=128 states=1 -> 2
[DP-fwdX] L=128 states=1 -> 1
[DP-bwdX] L=144 states=1 -> 1
[DP-bwdX] L=144 states=1 -> 1
[DP-bwdX] L=144 states=1 -> 1
[DP-bwdX] L=144 states=1 -> 1
  [Round 8] T_prime=16  T_target=12  HPWL_w=1224000  HPWL_eq=1203  maxL=25  WNS(T')=-9  WNS*(T)=-13  picked=262  solve_ms=928.874
[OC-Shortest/pow2] m=18 h=8 SEG=4 bits=72 words=2 threads=24
[DP-fwdX] L=0 states=1 -> 1
[DP-fwdX] L=16 states=186 -> 230
[DP-fwdX] L=32 states=2991 -> 3395
[DP-fwdX] L=48 states=14721 -> 15765
[DP-fwdX] L=64 states=30945 -> 31590
[DP-bwdX] L=144 states=1 -> 1
[DP-bwdX] L=128 states=186 -> 230
[DP-bwdX] L=112 states=2991 -> 3395
[DP-bwdX] L=96 states=14721 -> 15765
[DP-bwdX] L=80 states=30945 -> 31590
[DP-fwdX] L=0 states=1 -> 1
[DP-fwdX] L=16 states=186 -> 230
[DP-fwdX] L=32 states=2991 -> 3395
[DP-bwdX] L=64 states=22 -> 29
[DP-bwdX] L=48 states=495 -> 543
[DP-fwdX] L=0 states=1 -> 1
[DP-fwdX] L=16 states=186 -> 230
[DP-bwdX] L=32 states=15 -> 21
[DP-fwdX] L=0 states=1 -> 1
[DP-bwdX] L=16 states=4 -> 6
[DP-fwdX] L=0 states=1 -> 1
[DP-fwdX] L=0 states=1 -> 1
[DP-fwdX] L=0 states=1 -> 1
[DP-bwdX] L=16 states=4 -> 6
[DP-bwdX] L=16 states=4 -> 6
[DP-fwdX] L=16 states=1 -> 3
[DP-bwdX] L=32 states=15 -> 21
[DP-bwdX] L=32 states=15 -> 21
[DP-fwdX] L=32 states=3 -> 6
[DP-fwdX] L=48 states=251 -> 322
[DP-bwdX] L=64 states=22 -> 29
[DP-bwdX] L=48 states=21 -> 27
[DP-fwdX] L=48 states=7 -> 11
[DP-bwdX] L=48 states=2 -> 3
[DP-bwdX] L=64 states=22 -> 29
[DP-fwdX] L=64 states=2 -> 3
[DP-fwdX] L=64 states=2 -> 3
[DP-fwdX] L=80 states=22 -> 29
[DP-fwdX] L=96 states=495 -> 543
[DP-bwdX] L=144 states=1 -> 1
[DP-bwdX] L=128 states=186 -> 230
[DP-bwdX] L=112 states=2991 -> 3395
[DP-fwdX] L=80 states=22 -> 29
[DP-bwdX] L=96 states=251 -> 322
[DP-fwdX] L=80 states=22 -> 29
[DP-bwdX] L=80 states=2 -> 3
[DP-bwdX] L=80 states=2 -> 3
[DP-bwdX] L=80 states=2 -> 3
[DP-fwdX] L=96 states=21 -> 27
[DP-bwdX] L=96 states=7 -> 11
[DP-bwdX] L=96 states=1 -> 1
[DP-fwdX] L=96 states=1 -> 1
[DP-fwdX] L=112 states=15 -> 21
[DP-bwdX] L=144 states=1 -> 1
[DP-bwdX] L=128 states=186 -> 230
[DP-fwdX] L=112 states=15 -> 21
[DP-bwdX] L=112 states=1 -> 2
[DP-bwdX] L=112 states=1 -> 2
[DP-fwdX] L=112 states=1 -> 2
[DP-fwdX] L=112 states=1 -> 2
[DP-fwdX] L=128 states=2 -> 3
[DP-bwdX] L=144 states=1 -> 1
[DP-fwdX] L=128 states=2 -> 3
[DP-bwdX] L=128 states=1 -> 3
[DP-fwdX] L=128 states=1 -> 2
[DP-bwdX] L=144 states=1 -> 1
[DP-bwdX] L=144 states=1 -> 1
[DP-bwdX] L=144 states=1 -> 1
[DP-bwdX] L=144 states=1 -> 1
  [Round 9] T_prime=16  T_target=12  HPWL_w=1224000  HPWL_eq=1206  maxL=21  WNS(T')=-5  WNS*(T)=-9  picked=262  solve_ms=920.498
[OC-Shortest/pow2] m=18 h=8 SEG=4 bits=72 words=2 threads=24
[DP-fwdX] L=0 states=1 -> 1
[DP-fwdX] L=16 states=186 -> 230
[DP-fwdX] L=32 states=2991 -> 3395
[DP-fwdX] L=48 states=14721 -> 15765
[DP-fwdX] L=64 states=30945 -> 31590
[DP-bwdX] L=144 states=1 -> 1
[DP-bwdX] L=128 states=186 -> 230
[DP-bwdX] L=112 states=2991 -> 3395
[DP-bwdX] L=96 states=14721 -> 15765
[DP-bwdX] L=80 states=30945 -> 31590
[DP-fwdX] L=0 states=1 -> 1
[DP-fwdX] L=16 states=186 -> 230
[DP-fwdX] L=32 states=2991 -> 3395
[DP-bwdX] L=64 states=22 -> 29
[DP-bwdX] L=48 states=495 -> 543
[DP-fwdX] L=0 states=1 -> 1
[DP-fwdX] L=16 states=186 -> 230
[DP-bwdX] L=32 states=12 -> 16
[DP-fwdX] L=0 states=1 -> 1
[DP-bwdX] L=16 states=4 -> 5
[DP-fwdX] L=0 states=1 -> 1
[DP-fwdX] L=0 states=1 -> 1
[DP-fwdX] L=0 states=1 -> 1
[DP-bwdX] L=16 states=4 -> 5
[DP-bwdX] L=16 states=4 -> 5
[DP-fwdX] L=16 states=1 -> 2
[DP-bwdX] L=32 states=12 -> 16
[DP-bwdX] L=32 states=12 -> 16
[DP-fwdX] L=32 states=2 -> 3
[DP-fwdX] L=48 states=156 -> 197
[DP-bwdX] L=64 states=22 -> 29
[DP-bwdX] L=48 states=21 -> 27
[DP-fwdX] L=48 states=7 -> 11
[DP-bwdX] L=48 states=2 -> 3
[DP-bwdX] L=64 states=22 -> 29
[DP-fwdX] L=64 states=2 -> 3
[DP-fwdX] L=64 states=2 -> 3
[DP-fwdX] L=80 states=22 -> 29
[DP-fwdX] L=96 states=495 -> 543
[DP-bwdX] L=144 states=1 -> 1
[DP-bwdX] L=128 states=186 -> 230
[DP-bwdX] L=112 states=2991 -> 3395
[DP-fwdX] L=80 states=22 -> 29
[DP-bwdX] L=96 states=156 -> 197
[DP-fwdX] L=80 states=22 -> 29
[DP-bwdX] L=80 states=2 -> 3
[DP-bwdX] L=80 states=2 -> 3
[DP-bwdX] L=80 states=2 -> 3
[DP-fwdX] L=96 states=21 -> 27
[DP-bwdX] L=96 states=7 -> 11
[DP-bwdX] L=96 states=1 -> 1
[DP-fwdX] L=96 states=1 -> 1
[DP-fwdX] L=112 states=12 -> 16
[DP-bwdX] L=144 states=1 -> 1
[DP-bwdX] L=128 states=186 -> 230
[DP-fwdX] L=112 states=12 -> 16
[DP-bwdX] L=112 states=1 -> 1
[DP-bwdX] L=112 states=1 -> 1
[DP-fwdX] L=112 states=1 -> 1
[DP-fwdX] L=112 states=1 -> 1
[DP-fwdX] L=128 states=4 -> 5
[DP-bwdX] L=144 states=1 -> 1
[DP-fwdX] L=128 states=4 -> 5
[DP-bwdX] L=128 states=1 -> 2
[DP-fwdX] L=128 states=1 -> 1
[DP-bwdX] L=144 states=1 -> 1
[DP-bwdX] L=144 states=1 -> 1
[DP-bwdX] L=144 states=1 -> 1
[DP-bwdX] L=144 states=1 -> 1
  [Round 10] T_prime=16  T_target=12  HPWL_w=1224000  HPWL_eq=1203  maxL=25  WNS(T')=-9  WNS*(T)=-13  picked=262  solve_ms=915.185
[OC-Shortest/pow2] m=18 h=8 SEG=4 bits=72 words=2 threads=24
[DP-fwdX] L=0 states=1 -> 1
[DP-fwdX] L=16 states=186 -> 230
[DP-fwdX] L=32 states=2991 -> 3395
[DP-fwdX] L=48 states=14721 -> 15765
[DP-fwdX] L=64 states=30945 -> 31590
[DP-bwdX] L=144 states=1 -> 1
[DP-bwdX] L=128 states=186 -> 230
[DP-bwdX] L=112 states=2991 -> 3395
[DP-bwdX] L=96 states=14721 -> 15765
[DP-bwdX] L=80 states=30945 -> 31590
[DP-fwdX] L=0 states=1 -> 1
[DP-fwdX] L=16 states=186 -> 230
[DP-fwdX] L=32 states=2991 -> 3395
[DP-bwdX] L=64 states=22 -> 29
[DP-bwdX] L=48 states=495 -> 543
[DP-fwdX] L=0 states=1 -> 1
[DP-fwdX] L=16 states=186 -> 230
[DP-bwdX] L=32 states=15 -> 21
[DP-fwdX] L=0 states=1 -> 1
[DP-bwdX] L=16 states=4 -> 6
[DP-fwdX] L=0 states=1 -> 1
[DP-fwdX] L=0 states=1 -> 1
[DP-fwdX] L=0 states=1 -> 1
[DP-bwdX] L=16 states=4 -> 6
[DP-bwdX] L=16 states=4 -> 6
[DP-fwdX] L=16 states=1 -> 3
[DP-bwdX] L=32 states=15 -> 21
[DP-bwdX] L=32 states=15 -> 21
[DP-fwdX] L=32 states=3 -> 6
[DP-fwdX] L=48 states=251 -> 322
[DP-bwdX] L=64 states=22 -> 29
[DP-bwdX] L=48 states=21 -> 27
[DP-fwdX] L=48 states=7 -> 11
[DP-bwdX] L=48 states=2 -> 3
[DP-bwdX] L=64 states=22 -> 29
[DP-fwdX] L=64 states=2 -> 3
[DP-fwdX] L=64 states=2 -> 3
[DP-fwdX] L=80 states=22 -> 29
[DP-fwdX] L=96 states=495 -> 543
[DP-bwdX] L=144 states=1 -> 1
[DP-bwdX] L=128 states=186 -> 230
[DP-bwdX] L=112 states=2991 -> 3395
[DP-fwdX] L=80 states=22 -> 29
[DP-bwdX] L=96 states=251 -> 322
[DP-fwdX] L=80 states=22 -> 29
[DP-bwdX] L=80 states=2 -> 3
[DP-bwdX] L=80 states=2 -> 3
[DP-bwdX] L=80 states=2 -> 3
[DP-fwdX] L=96 states=21 -> 27
[DP-bwdX] L=96 states=7 -> 11
[DP-bwdX] L=96 states=1 -> 1
[DP-fwdX] L=96 states=1 -> 1
[DP-fwdX] L=112 states=15 -> 21
[DP-bwdX] L=144 states=1 -> 1
[DP-bwdX] L=128 states=186 -> 230
[DP-fwdX] L=112 states=15 -> 21
[DP-bwdX] L=112 states=1 -> 2
[DP-bwdX] L=112 states=1 -> 2
[DP-fwdX] L=112 states=1 -> 2
[DP-fwdX] L=112 states=1 -> 2
[DP-fwdX] L=128 states=2 -> 3
[DP-bwdX] L=144 states=1 -> 1
[DP-fwdX] L=128 states=2 -> 3
[DP-bwdX] L=128 states=1 -> 3
[DP-fwdX] L=128 states=1 -> 2
[DP-bwdX] L=144 states=1 -> 1
[DP-bwdX] L=144 states=1 -> 1
[DP-bwdX] L=144 states=1 -> 1
[DP-bwdX] L=144 states=1 -> 1
  [Round 11] T_prime=16  T_target=12  HPWL_w=1224000  HPWL_eq=1206  maxL=21  WNS(T')=-5  WNS*(T)=-9  picked=262  solve_ms=935.997
[OC-Shortest/pow2] m=18 h=8 SEG=4 bits=72 words=2 threads=24
[DP-fwdX] L=0 states=1 -> 1
[DP-fwdX] L=16 states=186 -> 230
[DP-fwdX] L=32 states=2991 -> 3395
[DP-fwdX] L=48 states=14721 -> 15765
[DP-fwdX] L=64 states=30945 -> 31590
[DP-bwdX] L=144 states=1 -> 1
[DP-bwdX] L=128 states=186 -> 230
[DP-bwdX] L=112 states=2991 -> 3395
[DP-bwdX] L=96 states=14721 -> 15765
[DP-bwdX] L=80 states=30945 -> 31590
[DP-fwdX] L=0 states=1 -> 1
[DP-fwdX] L=16 states=186 -> 230
[DP-fwdX] L=32 states=2991 -> 3395
[DP-bwdX] L=64 states=22 -> 29
[DP-bwdX] L=48 states=495 -> 543
[DP-fwdX] L=0 states=1 -> 1
[DP-fwdX] L=16 states=186 -> 230
[DP-bwdX] L=32 states=12 -> 16
[DP-fwdX] L=0 states=1 -> 1
[DP-bwdX] L=16 states=4 -> 5
[DP-fwdX] L=0 states=1 -> 1
[DP-fwdX] L=0 states=1 -> 1
[DP-fwdX] L=0 states=1 -> 1
[DP-bwdX] L=16 states=4 -> 5
[DP-bwdX] L=16 states=4 -> 5
[DP-fwdX] L=16 states=1 -> 2
[DP-bwdX] L=32 states=12 -> 16
[DP-bwdX] L=32 states=12 -> 16
[DP-fwdX] L=32 states=2 -> 3
[DP-fwdX] L=48 states=156 -> 197
[DP-bwdX] L=64 states=22 -> 29
[DP-bwdX] L=48 states=21 -> 27
[DP-fwdX] L=48 states=7 -> 11
[DP-bwdX] L=48 states=2 -> 3
[DP-bwdX] L=64 states=22 -> 29
[DP-fwdX] L=64 states=2 -> 3
[DP-fwdX] L=64 states=2 -> 3
[DP-fwdX] L=80 states=22 -> 29
[DP-fwdX] L=96 states=495 -> 543
[DP-bwdX] L=144 states=1 -> 1
[DP-bwdX] L=128 states=186 -> 230
[DP-bwdX] L=112 states=2991 -> 3395
[DP-fwdX] L=80 states=22 -> 29
[DP-bwdX] L=96 states=156 -> 197
[DP-fwdX] L=80 states=22 -> 29
[DP-bwdX] L=80 states=2 -> 3
[DP-bwdX] L=80 states=2 -> 3
[DP-bwdX] L=80 states=2 -> 3
[DP-fwdX] L=96 states=21 -> 27
[DP-bwdX] L=96 states=7 -> 11
[DP-bwdX] L=96 states=1 -> 1
[DP-fwdX] L=96 states=1 -> 1
[DP-fwdX] L=112 states=12 -> 16
[DP-bwdX] L=144 states=1 -> 1
[DP-bwdX] L=128 states=186 -> 230
[DP-fwdX] L=112 states=12 -> 16
[DP-bwdX] L=112 states=1 -> 1
[DP-bwdX] L=112 states=1 -> 1
[DP-fwdX] L=112 states=1 -> 1
[DP-fwdX] L=112 states=1 -> 1
[DP-fwdX] L=128 states=4 -> 5
[DP-bwdX] L=144 states=1 -> 1
[DP-fwdX] L=128 states=4 -> 5
[DP-bwdX] L=128 states=1 -> 2
[DP-fwdX] L=128 states=1 -> 1
[DP-bwdX] L=144 states=1 -> 1
[DP-bwdX] L=144 states=1 -> 1
[DP-bwdX] L=144 states=1 -> 1
[DP-bwdX] L=144 states=1 -> 1
  [Round 12] T_prime=16  T_target=12  HPWL_w=1224000  HPWL_eq=1203  maxL=25  WNS(T')=-9  WNS*(T)=-13  picked=262  solve_ms=912.692
[OC-Shortest/pow2] m=18 h=8 SEG=4 bits=72 words=2 threads=24
[DP-fwdX] L=0 states=1 -> 1
[DP-fwdX] L=16 states=186 -> 230
[DP-fwdX] L=32 states=2991 -> 3395
[DP-fwdX] L=48 states=14721 -> 15765
[DP-fwdX] L=64 states=30945 -> 31590
[DP-bwdX] L=144 states=1 -> 1
[DP-bwdX] L=128 states=186 -> 230
[DP-bwdX] L=112 states=2991 -> 3395
[DP-bwdX] L=96 states=14721 -> 15765
[DP-bwdX] L=80 states=30945 -> 31590
[DP-fwdX] L=0 states=1 -> 1
[DP-fwdX] L=16 states=186 -> 230
[DP-fwdX] L=32 states=2991 -> 3395
[DP-bwdX] L=64 states=22 -> 29
[DP-bwdX] L=48 states=495 -> 543
[DP-fwdX] L=0 states=1 -> 1
[DP-fwdX] L=16 states=186 -> 230
[DP-bwdX] L=32 states=15 -> 21
[DP-fwdX] L=0 states=1 -> 1
[DP-bwdX] L=16 states=4 -> 6
[DP-fwdX] L=0 states=1 -> 1
[DP-fwdX] L=0 states=1 -> 1
[DP-fwdX] L=0 states=1 -> 1
[DP-bwdX] L=16 states=4 -> 6
[DP-bwdX] L=16 states=4 -> 6
[DP-fwdX] L=16 states=1 -> 3
[DP-bwdX] L=32 states=15 -> 21
[DP-bwdX] L=32 states=15 -> 21
[DP-fwdX] L=32 states=3 -> 6
[DP-fwdX] L=48 states=251 -> 322
[DP-bwdX] L=64 states=22 -> 29
[DP-bwdX] L=48 states=21 -> 27
[DP-fwdX] L=48 states=7 -> 11
[DP-bwdX] L=48 states=2 -> 3
[DP-bwdX] L=64 states=22 -> 29
[DP-fwdX] L=64 states=2 -> 3
[DP-fwdX] L=64 states=2 -> 3
[DP-fwdX] L=80 states=22 -> 29
[DP-fwdX] L=96 states=495 -> 543
[DP-bwdX] L=144 states=1 -> 1
[DP-bwdX] L=128 states=186 -> 230
[DP-bwdX] L=112 states=2991 -> 3395
[DP-fwdX] L=80 states=22 -> 29
[DP-bwdX] L=96 states=251 -> 322
[DP-fwdX] L=80 states=22 -> 29
[DP-bwdX] L=80 states=2 -> 3
[DP-bwdX] L=80 states=2 -> 3
[DP-bwdX] L=80 states=2 -> 3
[DP-fwdX] L=96 states=21 -> 27
[DP-bwdX] L=96 states=7 -> 11
[DP-bwdX] L=96 states=1 -> 1
[DP-fwdX] L=96 states=1 -> 1
[DP-fwdX] L=112 states=15 -> 21
[DP-bwdX] L=144 states=1 -> 1
[DP-bwdX] L=128 states=186 -> 230
[DP-fwdX] L=112 states=15 -> 21
[DP-bwdX] L=112 states=1 -> 2
[DP-bwdX] L=112 states=1 -> 2
[DP-fwdX] L=112 states=1 -> 2
[DP-fwdX] L=112 states=1 -> 2
[DP-fwdX] L=128 states=2 -> 3
[DP-bwdX] L=144 states=1 -> 1
[DP-fwdX] L=128 states=2 -> 3
[DP-bwdX] L=128 states=1 -> 3
[DP-fwdX] L=128 states=1 -> 2
[DP-bwdX] L=144 states=1 -> 1
[DP-bwdX] L=144 states=1 -> 1
[DP-bwdX] L=144 states=1 -> 1
[DP-bwdX] L=144 states=1 -> 1
  [Round 13] T_prime=16  T_target=12  HPWL_w=1224000  HPWL_eq=1206  maxL=21  WNS(T')=-5  WNS*(T)=-9  picked=262  solve_ms=912.747
[OC-Shortest/pow2] m=18 h=8 SEG=4 bits=72 words=2 threads=24
[DP-fwdX] L=0 states=1 -> 1
[DP-fwdX] L=16 states=186 -> 230
[DP-fwdX] L=32 states=2991 -> 3395
[DP-fwdX] L=48 states=14721 -> 15765
[DP-fwdX] L=64 states=30945 -> 31590
[DP-bwdX] L=144 states=1 -> 1
[DP-bwdX] L=128 states=186 -> 230
[DP-bwdX] L=112 states=2991 -> 3395
[DP-bwdX] L=96 states=14721 -> 15765
[DP-bwdX] L=80 states=30945 -> 31590
[DP-fwdX] L=0 states=1 -> 1
[DP-fwdX] L=16 states=186 -> 230
[DP-fwdX] L=32 states=2991 -> 3395
[DP-bwdX] L=64 states=22 -> 29
[DP-bwdX] L=48 states=495 -> 543
[DP-fwdX] L=0 states=1 -> 1
[DP-fwdX] L=16 states=186 -> 230
[DP-bwdX] L=32 states=12 -> 16
[DP-fwdX] L=0 states=1 -> 1
[DP-bwdX] L=16 states=4 -> 5
[DP-fwdX] L=0 states=1 -> 1
[DP-fwdX] L=0 states=1 -> 1
[DP-fwdX] L=0 states=1 -> 1
[DP-bwdX] L=16 states=4 -> 5
[DP-bwdX] L=16 states=4 -> 5
[DP-fwdX] L=16 states=1 -> 2
[DP-bwdX] L=32 states=12 -> 16
[DP-bwdX] L=32 states=12 -> 16
[DP-fwdX] L=32 states=2 -> 3
[DP-fwdX] L=48 states=156 -> 197
[DP-bwdX] L=64 states=22 -> 29
[DP-bwdX] L=48 states=21 -> 27
[DP-fwdX] L=48 states=7 -> 11
[DP-bwdX] L=48 states=2 -> 3
[DP-bwdX] L=64 states=22 -> 29
[DP-fwdX] L=64 states=2 -> 3
[DP-fwdX] L=64 states=2 -> 3
[DP-fwdX] L=80 states=22 -> 29
[DP-fwdX] L=96 states=495 -> 543
[DP-bwdX] L=144 states=1 -> 1
[DP-bwdX] L=128 states=186 -> 230
[DP-bwdX] L=112 states=2991 -> 3395
[DP-fwdX] L=80 states=22 -> 29
[DP-bwdX] L=96 states=156 -> 197
[DP-fwdX] L=80 states=22 -> 29
[DP-bwdX] L=80 states=2 -> 3
[DP-bwdX] L=80 states=2 -> 3
[DP-bwdX] L=80 states=2 -> 3
[DP-fwdX] L=96 states=21 -> 27
[DP-bwdX] L=96 states=7 -> 11
[DP-bwdX] L=96 states=1 -> 1
[DP-fwdX] L=96 states=1 -> 1
[DP-fwdX] L=112 states=12 -> 16
[DP-bwdX] L=144 states=1 -> 1
[DP-bwdX] L=128 states=186 -> 230
[DP-fwdX] L=112 states=12 -> 16
[DP-bwdX] L=112 states=1 -> 1
[DP-bwdX] L=112 states=1 -> 1
[DP-fwdX] L=112 states=1 -> 1
[DP-fwdX] L=112 states=1 -> 1
[DP-fwdX] L=128 states=4 -> 5
[DP-bwdX] L=144 states=1 -> 1
[DP-fwdX] L=128 states=4 -> 5
[DP-bwdX] L=128 states=1 -> 2
[DP-fwdX] L=128 states=1 -> 1
[DP-bwdX] L=144 states=1 -> 1
[DP-bwdX] L=144 states=1 -> 1
[DP-bwdX] L=144 states=1 -> 1
[DP-bwdX] L=144 states=1 -> 1
  [Round 14] T_prime=16  T_target=12  HPWL_w=1224000  HPWL_eq=1203  maxL=25  WNS(T')=-9  WNS*(T)=-13  picked=262  solve_ms=913.47
[OC-Shortest/pow2] m=18 h=8 SEG=4 bits=72 words=2 threads=24
[DP-fwdX] L=0 states=1 -> 1
[DP-fwdX] L=16 states=186 -> 230
[DP-fwdX] L=32 states=2991 -> 3395
[DP-fwdX] L=48 states=14721 -> 15765
[DP-fwdX] L=64 states=30945 -> 31590
[DP-bwdX] L=144 states=1 -> 1
[DP-bwdX] L=128 states=186 -> 230
[DP-bwdX] L=112 states=2991 -> 3395
[DP-bwdX] L=96 states=14721 -> 15765
[DP-bwdX] L=80 states=30945 -> 31590
[DP-fwdX] L=0 states=1 -> 1
[DP-fwdX] L=16 states=186 -> 230
[DP-fwdX] L=32 states=2991 -> 3395
[DP-bwdX] L=64 states=22 -> 29
[DP-bwdX] L=48 states=495 -> 543
[DP-fwdX] L=0 states=1 -> 1
[DP-fwdX] L=16 states=186 -> 230
[DP-bwdX] L=32 states=15 -> 21
[DP-fwdX] L=0 states=1 -> 1
[DP-bwdX] L=16 states=4 -> 6
[DP-fwdX] L=0 states=1 -> 1
[DP-fwdX] L=0 states=1 -> 1
[DP-fwdX] L=0 states=1 -> 1
[DP-bwdX] L=16 states=4 -> 6
[DP-bwdX] L=16 states=4 -> 6
[DP-fwdX] L=16 states=1 -> 3
[DP-bwdX] L=32 states=15 -> 21
[DP-bwdX] L=32 states=15 -> 21
[DP-fwdX] L=32 states=3 -> 6
[DP-fwdX] L=48 states=251 -> 322
[DP-bwdX] L=64 states=22 -> 29
[DP-bwdX] L=48 states=21 -> 27
[DP-fwdX] L=48 states=7 -> 11
[DP-bwdX] L=48 states=2 -> 3
[DP-bwdX] L=64 states=22 -> 29
[DP-fwdX] L=64 states=2 -> 3
[DP-fwdX] L=64 states=2 -> 3
[DP-fwdX] L=80 states=22 -> 29
[DP-fwdX] L=96 states=495 -> 543
[DP-bwdX] L=144 states=1 -> 1
[DP-bwdX] L=128 states=186 -> 230
[DP-bwdX] L=112 states=2991 -> 3395
[DP-fwdX] L=80 states=22 -> 29
[DP-bwdX] L=96 states=251 -> 322
[DP-fwdX] L=80 states=22 -> 29
[DP-bwdX] L=80 states=2 -> 3
[DP-bwdX] L=80 states=2 -> 3
[DP-bwdX] L=80 states=2 -> 3
[DP-fwdX] L=96 states=21 -> 27
[DP-bwdX] L=96 states=7 -> 11
[DP-bwdX] L=96 states=1 -> 1
[DP-fwdX] L=96 states=1 -> 1
[DP-fwdX] L=112 states=15 -> 21
[DP-bwdX] L=144 states=1 -> 1
[DP-bwdX] L=128 states=186 -> 230
[DP-fwdX] L=112 states=15 -> 21
[DP-bwdX] L=112 states=1 -> 2
[DP-bwdX] L=112 states=1 -> 2
[DP-fwdX] L=112 states=1 -> 2
[DP-fwdX] L=112 states=1 -> 2
[DP-fwdX] L=128 states=2 -> 3
[DP-bwdX] L=144 states=1 -> 1
[DP-fwdX] L=128 states=2 -> 3
[DP-bwdX] L=128 states=1 -> 3
[DP-fwdX] L=128 states=1 -> 2
[DP-bwdX] L=144 states=1 -> 1
[DP-bwdX] L=144 states=1 -> 1
[DP-bwdX] L=144 states=1 -> 1
[DP-bwdX] L=144 states=1 -> 1
  [Round 15] T_prime=16  T_target=12  HPWL_w=1224000  HPWL_eq=1206  maxL=21  WNS(T')=-5  WNS*(T)=-9  picked=262  solve_ms=916.709
[OC-Shortest/pow2] m=18 h=8 SEG=4 bits=72 words=2 threads=24
[DP-fwdX] L=0 states=1 -> 1
[DP-fwdX] L=16 states=186 -> 230
[DP-fwdX] L=32 states=2991 -> 3395
[DP-fwdX] L=48 states=14721 -> 15765
[DP-fwdX] L=64 states=30945 -> 31590
[DP-bwdX] L=144 states=1 -> 1
[DP-bwdX] L=128 states=186 -> 230
[DP-bwdX] L=112 states=2991 -> 3395
[DP-bwdX] L=96 states=14721 -> 15765
[DP-bwdX] L=80 states=30945 -> 31590
[DP-fwdX] L=0 states=1 -> 1
[DP-fwdX] L=16 states=186 -> 230
[DP-fwdX] L=32 states=2991 -> 3395
[DP-bwdX] L=64 states=22 -> 29
[DP-bwdX] L=48 states=495 -> 543
[DP-fwdX] L=0 states=1 -> 1
[DP-fwdX] L=16 states=186 -> 230
[DP-bwdX] L=32 states=12 -> 16
[DP-fwdX] L=0 states=1 -> 1
[DP-bwdX] L=16 states=4 -> 5
[DP-fwdX] L=0 states=1 -> 1
[DP-fwdX] L=0 states=1 -> 1
[DP-fwdX] L=0 states=1 -> 1
[DP-bwdX] L=16 states=4 -> 5
[DP-bwdX] L=16 states=4 -> 5
[DP-fwdX] L=16 states=1 -> 2
[DP-bwdX] L=32 states=12 -> 16
[DP-bwdX] L=32 states=12 -> 16
[DP-fwdX] L=32 states=2 -> 3
[DP-fwdX] L=48 states=156 -> 197
[DP-bwdX] L=64 states=22 -> 29
[DP-bwdX] L=48 states=21 -> 27
[DP-fwdX] L=48 states=7 -> 11
[DP-bwdX] L=48 states=2 -> 3
[DP-bwdX] L=64 states=22 -> 29
[DP-fwdX] L=64 states=2 -> 3
[DP-fwdX] L=64 states=2 -> 3
[DP-fwdX] L=80 states=22 -> 29
[DP-fwdX] L=96 states=495 -> 543
[DP-bwdX] L=144 states=1 -> 1
[DP-bwdX] L=128 states=186 -> 230
[DP-bwdX] L=112 states=2991 -> 3395
[DP-fwdX] L=80 states=22 -> 29
[DP-bwdX] L=96 states=156 -> 197
[DP-fwdX] L=80 states=22 -> 29
[DP-bwdX] L=80 states=2 -> 3
[DP-bwdX] L=80 states=2 -> 3
[DP-bwdX] L=80 states=2 -> 3
[DP-fwdX] L=96 states=21 -> 27
[DP-bwdX] L=96 states=7 -> 11
[DP-bwdX] L=96 states=1 -> 1
[DP-fwdX] L=96 states=1 -> 1
[DP-fwdX] L=112 states=12 -> 16
[DP-bwdX] L=144 states=1 -> 1
[DP-bwdX] L=128 states=186 -> 230
[DP-fwdX] L=112 states=12 -> 16
[DP-bwdX] L=112 states=1 -> 1
[DP-bwdX] L=112 states=1 -> 1
[DP-fwdX] L=112 states=1 -> 1
[DP-fwdX] L=112 states=1 -> 1
[DP-fwdX] L=128 states=4 -> 5
[DP-bwdX] L=144 states=1 -> 1
[DP-fwdX] L=128 states=4 -> 5
[DP-bwdX] L=128 states=1 -> 2
[DP-fwdX] L=128 states=1 -> 1
[DP-bwdX] L=144 states=1 -> 1
[DP-bwdX] L=144 states=1 -> 1
[DP-bwdX] L=144 states=1 -> 1
[DP-bwdX] L=144 states=1 -> 1
  [Round 16] T_prime=16  T_target=12  HPWL_w=1224000  HPWL_eq=1203  maxL=25  WNS(T')=-9  WNS*(T)=-13  picked=262  solve_ms=916.257
[OC-Shortest/pow2] m=18 h=8 SEG=4 bits=72 words=2 threads=24
[DP-fwdX] L=0 states=1 -> 1
[DP-fwdX] L=16 states=186 -> 230
[DP-fwdX] L=32 states=2991 -> 3395
[DP-fwdX] L=48 states=14721 -> 15765
[DP-fwdX] L=64 states=30945 -> 31590
[DP-bwdX] L=144 states=1 -> 1
[DP-bwdX] L=128 states=186 -> 230
[DP-bwdX] L=112 states=2991 -> 3395
[DP-bwdX] L=96 states=14721 -> 15765
[DP-bwdX] L=80 states=30945 -> 31590
[DP-fwdX] L=0 states=1 -> 1
[DP-fwdX] L=16 states=186 -> 230
[DP-fwdX] L=32 states=2991 -> 3395
[DP-bwdX] L=64 states=22 -> 29
[DP-bwdX] L=48 states=495 -> 543
[DP-fwdX] L=0 states=1 -> 1
[DP-fwdX] L=16 states=186 -> 230
[DP-bwdX] L=32 states=15 -> 21
[DP-fwdX] L=0 states=1 -> 1
[DP-bwdX] L=16 states=4 -> 6
[DP-fwdX] L=0 states=1 -> 1
[DP-fwdX] L=0 states=1 -> 1
[DP-fwdX] L=0 states=1 -> 1
[DP-bwdX] L=16 states=4 -> 6
[DP-bwdX] L=16 states=4 -> 6
[DP-fwdX] L=16 states=1 -> 3
[DP-bwdX] L=32 states=15 -> 21
[DP-bwdX] L=32 states=15 -> 21
[DP-fwdX] L=32 states=3 -> 6
[DP-fwdX] L=48 states=251 -> 322
[DP-bwdX] L=64 states=22 -> 29
[DP-bwdX] L=48 states=21 -> 27
[DP-fwdX] L=48 states=7 -> 11
[DP-bwdX] L=48 states=2 -> 3
[DP-bwdX] L=64 states=22 -> 29
[DP-fwdX] L=64 states=2 -> 3
[DP-fwdX] L=64 states=2 -> 3
[DP-fwdX] L=80 states=22 -> 29
[DP-fwdX] L=96 states=495 -> 543
[DP-bwdX] L=144 states=1 -> 1
[DP-bwdX] L=128 states=186 -> 230
[DP-bwdX] L=112 states=2991 -> 3395
[DP-fwdX] L=80 states=22 -> 29
[DP-bwdX] L=96 states=251 -> 322
[DP-fwdX] L=80 states=22 -> 29
[DP-bwdX] L=80 states=2 -> 3
[DP-bwdX] L=80 states=2 -> 3
[DP-bwdX] L=80 states=2 -> 3
[DP-fwdX] L=96 states=21 -> 27
[DP-bwdX] L=96 states=7 -> 11
[DP-bwdX] L=96 states=1 -> 1
[DP-fwdX] L=96 states=1 -> 1
[DP-fwdX] L=112 states=15 -> 21
[DP-bwdX] L=144 states=1 -> 1
[DP-bwdX] L=128 states=186 -> 230
[DP-fwdX] L=112 states=15 -> 21
[DP-bwdX] L=112 states=1 -> 2
[DP-bwdX] L=112 states=1 -> 2
[DP-fwdX] L=112 states=1 -> 2
[DP-fwdX] L=112 states=1 -> 2
[DP-fwdX] L=128 states=2 -> 3
[DP-bwdX] L=144 states=1 -> 1
[DP-fwdX] L=128 states=2 -> 3
[DP-bwdX] L=128 states=1 -> 3
[DP-fwdX] L=128 states=1 -> 2
[DP-bwdX] L=144 states=1 -> 1
[DP-bwdX] L=144 states=1 -> 1
[DP-bwdX] L=144 states=1 -> 1
[DP-bwdX] L=144 states=1 -> 1
  [Round 17] T_prime=16  T_target=12  HPWL_w=1224000  HPWL_eq=1206  maxL=21  WNS(T')=-5  WNS*(T)=-9  picked=262  solve_ms=922.813
[OC-Shortest/pow2] m=18 h=8 SEG=4 bits=72 words=2 threads=24
[DP-fwdX] L=0 states=1 -> 1
[DP-fwdX] L=16 states=186 -> 230
[DP-fwdX] L=32 states=2991 -> 3395
[DP-fwdX] L=48 states=14721 -> 15765
[DP-fwdX] L=64 states=30945 -> 31590
[DP-bwdX] L=144 states=1 -> 1
[DP-bwdX] L=128 states=186 -> 230
[DP-bwdX] L=112 states=2991 -> 3395
[DP-bwdX] L=96 states=14721 -> 15765
[DP-bwdX] L=80 states=30945 -> 31590
[DP-fwdX] L=0 states=1 -> 1
[DP-fwdX] L=16 states=186 -> 230
[DP-fwdX] L=32 states=2991 -> 3395
[DP-bwdX] L=64 states=22 -> 29
[DP-bwdX] L=48 states=495 -> 543
[DP-fwdX] L=0 states=1 -> 1
[DP-fwdX] L=16 states=186 -> 230
[DP-bwdX] L=32 states=12 -> 16
[DP-fwdX] L=0 states=1 -> 1
[DP-bwdX] L=16 states=4 -> 5
[DP-fwdX] L=0 states=1 -> 1
[DP-fwdX] L=0 states=1 -> 1
[DP-fwdX] L=0 states=1 -> 1
[DP-bwdX] L=16 states=4 -> 5
[DP-bwdX] L=16 states=4 -> 5
[DP-fwdX] L=16 states=1 -> 2
[DP-bwdX] L=32 states=12 -> 16
[DP-bwdX] L=32 states=12 -> 16
[DP-fwdX] L=32 states=2 -> 3
[DP-fwdX] L=48 states=156 -> 197
[DP-bwdX] L=64 states=22 -> 29
[DP-bwdX] L=48 states=21 -> 27
[DP-fwdX] L=48 states=7 -> 11
[DP-bwdX] L=48 states=2 -> 3
[DP-bwdX] L=64 states=22 -> 29
[DP-fwdX] L=64 states=2 -> 3
[DP-fwdX] L=64 states=2 -> 3
[DP-fwdX] L=80 states=22 -> 29
[DP-fwdX] L=96 states=495 -> 543
[DP-bwdX] L=144 states=1 -> 1
[DP-bwdX] L=128 states=186 -> 230
[DP-bwdX] L=112 states=2991 -> 3395
[DP-fwdX] L=80 states=22 -> 29
[DP-bwdX] L=96 states=156 -> 197
[DP-fwdX] L=80 states=22 -> 29
[DP-bwdX] L=80 states=2 -> 3
[DP-bwdX] L=80 states=2 -> 3
[DP-bwdX] L=80 states=2 -> 3
[DP-fwdX] L=96 states=21 -> 27
[DP-bwdX] L=96 states=7 -> 11
[DP-bwdX] L=96 states=1 -> 1
[DP-fwdX] L=96 states=1 -> 1
[DP-fwdX] L=112 states=12 -> 16
[DP-bwdX] L=144 states=1 -> 1
[DP-bwdX] L=128 states=186 -> 230
[DP-fwdX] L=112 states=12 -> 16
[DP-bwdX] L=112 states=1 -> 1
[DP-bwdX] L=112 states=1 -> 1
[DP-fwdX] L=112 states=1 -> 1
[DP-fwdX] L=112 states=1 -> 1
[DP-fwdX] L=128 states=4 -> 5
[DP-bwdX] L=144 states=1 -> 1
[DP-fwdX] L=128 states=4 -> 5
[DP-bwdX] L=128 states=1 -> 2
[DP-fwdX] L=128 states=1 -> 1
[DP-bwdX] L=144 states=1 -> 1
[DP-bwdX] L=144 states=1 -> 1
[DP-bwdX] L=144 states=1 -> 1
[DP-bwdX] L=144 states=1 -> 1
  [Round 18] T_prime=16  T_target=12  HPWL_w=1224000  HPWL_eq=1203  maxL=25  WNS(T')=-9  WNS*(T)=-13  picked=262  solve_ms=914.704
[OC-Shortest/pow2] m=18 h=8 SEG=4 bits=72 words=2 threads=24
[DP-fwdX] L=0 states=1 -> 1
[DP-fwdX] L=16 states=186 -> 230
[DP-fwdX] L=32 states=2991 -> 3395
[DP-fwdX] L=48 states=14721 -> 15765
[DP-fwdX] L=64 states=30945 -> 31590
[DP-bwdX] L=144 states=1 -> 1
[DP-bwdX] L=128 states=186 -> 230
[DP-bwdX] L=112 states=2991 -> 3395
[DP-bwdX] L=96 states=14721 -> 15765
[DP-bwdX] L=80 states=30945 -> 31590
[DP-fwdX] L=0 states=1 -> 1
[DP-fwdX] L=16 states=186 -> 230
[DP-fwdX] L=32 states=2991 -> 3395
[DP-bwdX] L=64 states=22 -> 29
[DP-bwdX] L=48 states=495 -> 543
[DP-fwdX] L=0 states=1 -> 1
[DP-fwdX] L=16 states=186 -> 230
[DP-bwdX] L=32 states=15 -> 21
[DP-fwdX] L=0 states=1 -> 1
[DP-bwdX] L=16 states=4 -> 6
[DP-fwdX] L=0 states=1 -> 1
[DP-fwdX] L=0 states=1 -> 1
[DP-fwdX] L=0 states=1 -> 1
[DP-bwdX] L=16 states=4 -> 6
[DP-bwdX] L=16 states=4 -> 6
[DP-fwdX] L=16 states=1 -> 3
[DP-bwdX] L=32 states=15 -> 21
[DP-bwdX] L=32 states=15 -> 21
[DP-fwdX] L=32 states=3 -> 6
[DP-fwdX] L=48 states=251 -> 322
[DP-bwdX] L=64 states=22 -> 29
[DP-bwdX] L=48 states=21 -> 27
[DP-fwdX] L=48 states=7 -> 11
[DP-bwdX] L=48 states=2 -> 3
[DP-bwdX] L=64 states=22 -> 29
[DP-fwdX] L=64 states=2 -> 3
[DP-fwdX] L=64 states=2 -> 3
[DP-fwdX] L=80 states=22 -> 29
[DP-fwdX] L=96 states=495 -> 543
[DP-bwdX] L=144 states=1 -> 1
[DP-bwdX] L=128 states=186 -> 230
[DP-bwdX] L=112 states=2991 -> 3395
[DP-fwdX] L=80 states=22 -> 29
[DP-bwdX] L=96 states=251 -> 322
[DP-fwdX] L=80 states=22 -> 29
[DP-bwdX] L=80 states=2 -> 3
[DP-bwdX] L=80 states=2 -> 3
[DP-bwdX] L=80 states=2 -> 3
[DP-fwdX] L=96 states=21 -> 27
[DP-bwdX] L=96 states=7 -> 11
[DP-bwdX] L=96 states=1 -> 1
[DP-fwdX] L=96 states=1 -> 1
[DP-fwdX] L=112 states=15 -> 21
[DP-bwdX] L=144 states=1 -> 1
[DP-bwdX] L=128 states=186 -> 230
[DP-fwdX] L=112 states=15 -> 21
[DP-bwdX] L=112 states=1 -> 2
[DP-bwdX] L=112 states=1 -> 2
[DP-fwdX] L=112 states=1 -> 2
[DP-fwdX] L=112 states=1 -> 2
[DP-fwdX] L=128 states=2 -> 3
[DP-bwdX] L=144 states=1 -> 1
[DP-fwdX] L=128 states=2 -> 3
[DP-bwdX] L=128 states=1 -> 3
[DP-fwdX] L=128 states=1 -> 2
[DP-bwdX] L=144 states=1 -> 1
[DP-bwdX] L=144 states=1 -> 1
[DP-bwdX] L=144 states=1 -> 1
[DP-bwdX] L=144 states=1 -> 1
  [Round 19] T_prime=16  T_target=12  HPWL_w=1224000  HPWL_eq=1206  maxL=21  WNS(T')=-5  WNS*(T)=-9  picked=262  solve_ms=1017.32
[OC-Shortest/pow2] m=18 h=8 SEG=4 bits=72 words=2 threads=24
[DP-fwdX] L=0 states=1 -> 1
[DP-fwdX] L=16 states=186 -> 230
[DP-fwdX] L=32 states=2991 -> 3395
[DP-fwdX] L=48 states=14721 -> 15765
[DP-fwdX] L=64 states=30945 -> 31590
[DP-bwdX] L=144 states=1 -> 1
[DP-bwdX] L=128 states=186 -> 230
[DP-bwdX] L=112 states=2991 -> 3395
[DP-bwdX] L=96 states=14721 -> 15765
[DP-bwdX] L=80 states=30945 -> 31590
[DP-fwdX] L=0 states=1 -> 1
[DP-fwdX] L=16 states=186 -> 230
[DP-fwdX] L=32 states=2991 -> 3395
[DP-bwdX] L=64 states=22 -> 29
[DP-bwdX] L=48 states=495 -> 543
[DP-fwdX] L=0 states=1 -> 1
[DP-fwdX] L=16 states=186 -> 230
[DP-bwdX] L=32 states=12 -> 16
[DP-fwdX] L=0 states=1 -> 1
[DP-bwdX] L=16 states=4 -> 5
[DP-fwdX] L=0 states=1 -> 1
[DP-fwdX] L=0 states=1 -> 1
[DP-fwdX] L=0 states=1 -> 1
[DP-bwdX] L=16 states=4 -> 5
[DP-bwdX] L=16 states=4 -> 5
[DP-fwdX] L=16 states=1 -> 2
[DP-bwdX] L=32 states=12 -> 16
[DP-bwdX] L=32 states=12 -> 16
[DP-fwdX] L=32 states=2 -> 3
[DP-fwdX] L=48 states=156 -> 197
[DP-bwdX] L=64 states=22 -> 29
[DP-bwdX] L=48 states=21 -> 27
[DP-fwdX] L=48 states=7 -> 11
[DP-bwdX] L=48 states=2 -> 3
[DP-bwdX] L=64 states=22 -> 29
[DP-fwdX] L=64 states=2 -> 3
[DP-fwdX] L=64 states=2 -> 3
[DP-fwdX] L=80 states=22 -> 29
[DP-fwdX] L=96 states=495 -> 543
[DP-bwdX] L=144 states=1 -> 1
[DP-bwdX] L=128 states=186 -> 230
[DP-bwdX] L=112 states=2991 -> 3395
[DP-fwdX] L=80 states=22 -> 29
[DP-bwdX] L=96 states=156 -> 197
[DP-fwdX] L=80 states=22 -> 29
[DP-bwdX] L=80 states=2 -> 3
[DP-bwdX] L=80 states=2 -> 3
[DP-bwdX] L=80 states=2 -> 3
[DP-fwdX] L=96 states=21 -> 27
[DP-bwdX] L=96 states=7 -> 11
[DP-bwdX] L=96 states=1 -> 1
[DP-fwdX] L=96 states=1 -> 1
[DP-fwdX] L=112 states=12 -> 16
[DP-bwdX] L=144 states=1 -> 1
[DP-bwdX] L=128 states=186 -> 230
[DP-fwdX] L=112 states=12 -> 16
[DP-bwdX] L=112 states=1 -> 1
[DP-bwdX] L=112 states=1 -> 1
[DP-fwdX] L=112 states=1 -> 1
[DP-fwdX] L=112 states=1 -> 1
[DP-fwdX] L=128 states=4 -> 5
[DP-bwdX] L=144 states=1 -> 1
[DP-fwdX] L=128 states=4 -> 5
[DP-bwdX] L=128 states=1 -> 2
[DP-fwdX] L=128 states=1 -> 1
[DP-bwdX] L=144 states=1 -> 1
[DP-bwdX] L=144 states=1 -> 1
[DP-bwdX] L=144 states=1 -> 1
[DP-bwdX] L=144 states=1 -> 1
  [Round 20] T_prime=16  T_target=12  HPWL_w=1224000  HPWL_eq=1203  maxL=25  WNS(T')=-9  WNS*(T)=-13  picked=262  solve_ms=954.198
[OC-Shortest/pow2] m=18 h=8 SEG=4 bits=72 words=2 threads=24
[DP-fwdX] L=0 states=1 -> 1
[DP-fwdX] L=16 states=186 -> 230
[DP-fwdX] L=32 states=2991 -> 3395
[DP-fwdX] L=48 states=14721 -> 15765
[DP-fwdX] L=64 states=30945 -> 31590
[DP-bwdX] L=144 states=1 -> 1
[DP-bwdX] L=128 states=186 -> 230
[DP-bwdX] L=112 states=2991 -> 3395
[DP-bwdX] L=96 states=14721 -> 15765
[DP-bwdX] L=80 states=30945 -> 31590
[DP-fwdX] L=0 states=1 -> 1
[DP-fwdX] L=16 states=186 -> 230
[DP-fwdX] L=32 states=2991 -> 3395
[DP-bwdX] L=64 states=22 -> 29
[DP-bwdX] L=48 states=495 -> 543
[DP-fwdX] L=0 states=1 -> 1
[DP-fwdX] L=16 states=186 -> 230
[DP-bwdX] L=32 states=15 -> 21
[DP-fwdX] L=0 states=1 -> 1
[DP-bwdX] L=16 states=4 -> 6
[DP-fwdX] L=0 states=1 -> 1
[DP-fwdX] L=0 states=1 -> 1
[DP-fwdX] L=0 states=1 -> 1
[DP-bwdX] L=16 states=4 -> 6
[DP-bwdX] L=16 states=4 -> 6
[DP-fwdX] L=16 states=1 -> 3
[DP-bwdX] L=32 states=15 -> 21
[DP-bwdX] L=32 states=15 -> 21
[DP-fwdX] L=32 states=3 -> 6
[DP-fwdX] L=48 states=251 -> 322
[DP-bwdX] L=64 states=22 -> 29
[DP-bwdX] L=48 states=21 -> 27
[DP-fwdX] L=48 states=7 -> 11
[DP-bwdX] L=48 states=2 -> 3
[DP-bwdX] L=64 states=22 -> 29
[DP-fwdX] L=64 states=2 -> 3
[DP-fwdX] L=64 states=2 -> 3
[DP-fwdX] L=80 states=22 -> 29
[DP-fwdX] L=96 states=495 -> 543
[DP-bwdX] L=144 states=1 -> 1
[DP-bwdX] L=128 states=186 -> 230
[DP-bwdX] L=112 states=2991 -> 3395
[DP-fwdX] L=80 states=22 -> 29
[DP-bwdX] L=96 states=251 -> 322
[DP-fwdX] L=80 states=22 -> 29
[DP-bwdX] L=80 states=2 -> 3
[DP-bwdX] L=80 states=2 -> 3
[DP-bwdX] L=80 states=2 -> 3
[DP-fwdX] L=96 states=21 -> 27
[DP-bwdX] L=96 states=7 -> 11
[DP-bwdX] L=96 states=1 -> 1
[DP-fwdX] L=96 states=1 -> 1
[DP-fwdX] L=112 states=15 -> 21
[DP-bwdX] L=144 states=1 -> 1
[DP-bwdX] L=128 states=186 -> 230
[DP-fwdX] L=112 states=15 -> 21
[DP-bwdX] L=112 states=1 -> 2
[DP-bwdX] L=112 states=1 -> 2
[DP-fwdX] L=112 states=1 -> 2
[DP-fwdX] L=112 states=1 -> 2
[DP-fwdX] L=128 states=2 -> 3
[DP-bwdX] L=144 states=1 -> 1
[DP-fwdX] L=128 states=2 -> 3
[DP-bwdX] L=128 states=1 -> 3
[DP-fwdX] L=128 states=1 -> 2
[DP-bwdX] L=144 states=1 -> 1
[DP-bwdX] L=144 states=1 -> 1
[DP-bwdX] L=144 states=1 -> 1
[DP-bwdX] L=144 states=1 -> 1
  [Round 21] T_prime=16  T_target=12  HPWL_w=1224000  HPWL_eq=1206  maxL=21  WNS(T')=-5  WNS*(T)=-9  picked=262  solve_ms=914.867
[OC-Shortest/pow2] m=18 h=8 SEG=4 bits=72 words=2 threads=24
[DP-fwdX] L=0 states=1 -> 1
[DP-fwdX] L=16 states=186 -> 230
[DP-fwdX] L=32 states=2991 -> 3395
[DP-fwdX] L=48 states=14721 -> 15765
[DP-fwdX] L=64 states=30945 -> 31590
[DP-bwdX] L=144 states=1 -> 1
[DP-bwdX] L=128 states=186 -> 230
[DP-bwdX] L=112 states=2991 -> 3395
[DP-bwdX] L=96 states=14721 -> 15765
[DP-bwdX] L=80 states=30945 -> 31590
[DP-fwdX] L=0 states=1 -> 1
[DP-fwdX] L=16 states=186 -> 230
[DP-fwdX] L=32 states=2991 -> 3395
[DP-bwdX] L=64 states=22 -> 29
[DP-bwdX] L=48 states=495 -> 543
[DP-fwdX] L=0 states=1 -> 1
[DP-fwdX] L=16 states=186 -> 230
[DP-bwdX] L=32 states=12 -> 16
[DP-fwdX] L=0 states=1 -> 1
[DP-bwdX] L=16 states=4 -> 5
[DP-fwdX] L=0 states=1 -> 1
[DP-fwdX] L=0 states=1 -> 1
[DP-fwdX] L=0 states=1 -> 1
[DP-bwdX] L=16 states=4 -> 5
[DP-bwdX] L=16 states=4 -> 5
[DP-fwdX] L=16 states=1 -> 2
[DP-bwdX] L=32 states=12 -> 16
[DP-bwdX] L=32 states=12 -> 16
[DP-fwdX] L=32 states=2 -> 3
[DP-fwdX] L=48 states=156 -> 197
[DP-bwdX] L=64 states=22 -> 29
[DP-bwdX] L=48 states=21 -> 27
[DP-fwdX] L=48 states=7 -> 11
[DP-bwdX] L=48 states=2 -> 3
[DP-bwdX] L=64 states=22 -> 29
[DP-fwdX] L=64 states=2 -> 3
[DP-fwdX] L=64 states=2 -> 3
[DP-fwdX] L=80 states=22 -> 29
[DP-fwdX] L=96 states=495 -> 543
[DP-bwdX] L=144 states=1 -> 1
[DP-bwdX] L=128 states=186 -> 230
[DP-bwdX] L=112 states=2991 -> 3395
[DP-fwdX] L=80 states=22 -> 29
[DP-bwdX] L=96 states=156 -> 197
[DP-fwdX] L=80 states=22 -> 29
[DP-bwdX] L=80 states=2 -> 3
[DP-bwdX] L=80 states=2 -> 3
[DP-bwdX] L=80 states=2 -> 3
[DP-fwdX] L=96 states=21 -> 27
[DP-bwdX] L=96 states=7 -> 11
[DP-bwdX] L=96 states=1 -> 1
[DP-fwdX] L=96 states=1 -> 1
[DP-fwdX] L=112 states=12 -> 16
[DP-bwdX] L=144 states=1 -> 1
[DP-bwdX] L=128 states=186 -> 230
[DP-fwdX] L=112 states=12 -> 16
[DP-bwdX] L=112 states=1 -> 1
[DP-bwdX] L=112 states=1 -> 1
[DP-fwdX] L=112 states=1 -> 1
[DP-fwdX] L=112 states=1 -> 1
[DP-fwdX] L=128 states=4 -> 5
[DP-bwdX] L=144 states=1 -> 1
[DP-fwdX] L=128 states=4 -> 5
[DP-bwdX] L=128 states=1 -> 2
[DP-fwdX] L=128 states=1 -> 1
[DP-bwdX] L=144 states=1 -> 1
[DP-bwdX] L=144 states=1 -> 1
[DP-bwdX] L=144 states=1 -> 1
[DP-bwdX] L=144 states=1 -> 1
  [Round 22] T_prime=16  T_target=12  HPWL_w=1224000  HPWL_eq=1203  maxL=25  WNS(T')=-9  WNS*(T)=-13  picked=262  solve_ms=918.385
[OC-Shortest/pow2] m=18 h=8 SEG=4 bits=72 words=2 threads=24
[DP-fwdX] L=0 states=1 -> 1
[DP-fwdX] L=16 states=186 -> 230
[DP-fwdX] L=32 states=2991 -> 3395
[DP-fwdX] L=48 states=14721 -> 15765
[DP-fwdX] L=64 states=30945 -> 31590
[DP-bwdX] L=144 states=1 -> 1
[DP-bwdX] L=128 states=186 -> 230
[DP-bwdX] L=112 states=2991 -> 3395
[DP-bwdX] L=96 states=14721 -> 15765
[DP-bwdX] L=80 states=30945 -> 31590
[DP-fwdX] L=0 states=1 -> 1
[DP-fwdX] L=16 states=186 -> 230
[DP-fwdX] L=32 states=2991 -> 3395
[DP-bwdX] L=64 states=22 -> 29
[DP-bwdX] L=48 states=495 -> 543
[DP-fwdX] L=0 states=1 -> 1
[DP-fwdX] L=16 states=186 -> 230
[DP-bwdX] L=32 states=15 -> 21
[DP-fwdX] L=0 states=1 -> 1
[DP-bwdX] L=16 states=4 -> 6
[DP-fwdX] L=0 states=1 -> 1
[DP-fwdX] L=0 states=1 -> 1
[DP-fwdX] L=0 states=1 -> 1
[DP-bwdX] L=16 states=4 -> 6
[DP-bwdX] L=16 states=4 -> 6
[DP-fwdX] L=16 states=1 -> 3
[DP-bwdX] L=32 states=15 -> 21
[DP-bwdX] L=32 states=15 -> 21
[DP-fwdX] L=32 states=3 -> 6
[DP-fwdX] L=48 states=251 -> 322
[DP-bwdX] L=64 states=22 -> 29
[DP-bwdX] L=48 states=21 -> 27
[DP-fwdX] L=48 states=7 -> 11
[DP-bwdX] L=48 states=2 -> 3
[DP-bwdX] L=64 states=22 -> 29
[DP-fwdX] L=64 states=2 -> 3
[DP-fwdX] L=64 states=2 -> 3
[DP-fwdX] L=80 states=22 -> 29
[DP-fwdX] L=96 states=495 -> 543
[DP-bwdX] L=144 states=1 -> 1
[DP-bwdX] L=128 states=186 -> 230
[DP-bwdX] L=112 states=2991 -> 3395
[DP-fwdX] L=80 states=22 -> 29
[DP-bwdX] L=96 states=251 -> 322
[DP-fwdX] L=80 states=22 -> 29
[DP-bwdX] L=80 states=2 -> 3
[DP-bwdX] L=80 states=2 -> 3
[DP-bwdX] L=80 states=2 -> 3
[DP-fwdX] L=96 states=21 -> 27
[DP-bwdX] L=96 states=7 -> 11
[DP-bwdX] L=96 states=1 -> 1
[DP-fwdX] L=96 states=1 -> 1
[DP-fwdX] L=112 states=15 -> 21
[DP-bwdX] L=144 states=1 -> 1
[DP-bwdX] L=128 states=186 -> 230
[DP-fwdX] L=112 states=15 -> 21
[DP-bwdX] L=112 states=1 -> 2
[DP-bwdX] L=112 states=1 -> 2
[DP-fwdX] L=112 states=1 -> 2
[DP-fwdX] L=112 states=1 -> 2
[DP-fwdX] L=128 states=2 -> 3
[DP-bwdX] L=144 states=1 -> 1
[DP-fwdX] L=128 states=2 -> 3
[DP-bwdX] L=128 states=1 -> 3
[DP-fwdX] L=128 states=1 -> 2
[DP-bwdX] L=144 states=1 -> 1
[DP-bwdX] L=144 states=1 -> 1
[DP-bwdX] L=144 states=1 -> 1
[DP-bwdX] L=144 states=1 -> 1
  [Round 23] T_prime=16  T_target=12  HPWL_w=1224000  HPWL_eq=1206  maxL=21  WNS(T')=-5  WNS*(T)=-9  picked=262  solve_ms=934.98
[OC-Shortest/pow2] m=18 h=8 SEG=4 bits=72 words=2 threads=24
[DP-fwdX] L=0 states=1 -> 1
[DP-fwdX] L=16 states=186 -> 230
[DP-fwdX] L=32 states=2991 -> 3395
[DP-fwdX] L=48 states=14721 -> 15765
[DP-fwdX] L=64 states=30945 -> 31590
[DP-bwdX] L=144 states=1 -> 1
[DP-bwdX] L=128 states=186 -> 230
[DP-bwdX] L=112 states=2991 -> 3395
[DP-bwdX] L=96 states=14721 -> 15765
[DP-bwdX] L=80 states=30945 -> 31590
[DP-fwdX] L=0 states=1 -> 1
[DP-fwdX] L=16 states=186 -> 230
[DP-fwdX] L=32 states=2991 -> 3395
[DP-bwdX] L=64 states=22 -> 29
[DP-bwdX] L=48 states=495 -> 543
[DP-fwdX] L=0 states=1 -> 1
[DP-fwdX] L=16 states=186 -> 230
[DP-bwdX] L=32 states=12 -> 16
[DP-fwdX] L=0 states=1 -> 1
[DP-bwdX] L=16 states=4 -> 5
[DP-fwdX] L=0 states=1 -> 1
[DP-fwdX] L=0 states=1 -> 1
[DP-fwdX] L=0 states=1 -> 1
[DP-bwdX] L=16 states=4 -> 5
[DP-bwdX] L=16 states=4 -> 5
[DP-fwdX] L=16 states=1 -> 2
[DP-bwdX] L=32 states=12 -> 16
[DP-bwdX] L=32 states=12 -> 16
[DP-fwdX] L=32 states=2 -> 3
[DP-fwdX] L=48 states=156 -> 197
[DP-bwdX] L=64 states=22 -> 29
[DP-bwdX] L=48 states=21 -> 27
[DP-fwdX] L=48 states=7 -> 11
[DP-bwdX] L=48 states=2 -> 3
[DP-bwdX] L=64 states=22 -> 29
[DP-fwdX] L=64 states=2 -> 3
[DP-fwdX] L=64 states=2 -> 3
[DP-fwdX] L=80 states=22 -> 29
[DP-fwdX] L=96 states=495 -> 543
[DP-bwdX] L=144 states=1 -> 1
[DP-bwdX] L=128 states=186 -> 230
[DP-bwdX] L=112 states=2991 -> 3395
[DP-fwdX] L=80 states=22 -> 29
[DP-bwdX] L=96 states=156 -> 197
[DP-fwdX] L=80 states=22 -> 29
[DP-bwdX] L=80 states=2 -> 3
[DP-bwdX] L=80 states=2 -> 3
[DP-bwdX] L=80 states=2 -> 3
[DP-fwdX] L=96 states=21 -> 27
[DP-bwdX] L=96 states=7 -> 11
[DP-bwdX] L=96 states=1 -> 1
[DP-fwdX] L=96 states=1 -> 1
[DP-fwdX] L=112 states=12 -> 16
[DP-bwdX] L=144 states=1 -> 1
[DP-bwdX] L=128 states=186 -> 230
[DP-fwdX] L=112 states=12 -> 16
[DP-bwdX] L=112 states=1 -> 1
[DP-bwdX] L=112 states=1 -> 1
[DP-fwdX] L=112 states=1 -> 1
[DP-fwdX] L=112 states=1 -> 1
[DP-fwdX] L=128 states=4 -> 5
[DP-bwdX] L=144 states=1 -> 1
[DP-fwdX] L=128 states=4 -> 5
[DP-bwdX] L=128 states=1 -> 2
[DP-fwdX] L=128 states=1 -> 1
[DP-bwdX] L=144 states=1 -> 1
[DP-bwdX] L=144 states=1 -> 1
[DP-bwdX] L=144 states=1 -> 1
[DP-bwdX] L=144 states=1 -> 1
  [Round 24] T_prime=16  T_target=12  HPWL_w=1224000  HPWL_eq=1203  maxL=25  WNS(T')=-9  WNS*(T)=-13  picked=262  solve_ms=980.298
[OC-Shortest/pow2] m=18 h=8 SEG=4 bits=72 words=2 threads=24
[DP-fwdX] L=0 states=1 -> 1
[DP-fwdX] L=16 states=186 -> 230
[DP-fwdX] L=32 states=2991 -> 3395
[DP-fwdX] L=48 states=14721 -> 15765
[DP-fwdX] L=64 states=30945 -> 31590
[DP-bwdX] L=144 states=1 -> 1
[DP-bwdX] L=128 states=186 -> 230
[DP-bwdX] L=112 states=2991 -> 3395
[DP-bwdX] L=96 states=14721 -> 15765
[DP-bwdX] L=80 states=30945 -> 31590
[DP-fwdX] L=0 states=1 -> 1
[DP-fwdX] L=16 states=186 -> 230
[DP-fwdX] L=32 states=2991 -> 3395
[DP-bwdX] L=64 states=22 -> 29
[DP-bwdX] L=48 states=495 -> 543
[DP-fwdX] L=0 states=1 -> 1
[DP-fwdX] L=16 states=186 -> 230
[DP-bwdX] L=32 states=15 -> 21
[DP-fwdX] L=0 states=1 -> 1
[DP-bwdX] L=16 states=4 -> 6
[DP-fwdX] L=0 states=1 -> 1
[DP-fwdX] L=0 states=1 -> 1
[DP-fwdX] L=0 states=1 -> 1
[DP-bwdX] L=16 states=4 -> 6
[DP-bwdX] L=16 states=4 -> 6
[DP-fwdX] L=16 states=1 -> 3
[DP-bwdX] L=32 states=15 -> 21
[DP-bwdX] L=32 states=15 -> 21
[DP-fwdX] L=32 states=3 -> 6
[DP-fwdX] L=48 states=251 -> 322
[DP-bwdX] L=64 states=22 -> 29
[DP-bwdX] L=48 states=21 -> 27
[DP-fwdX] L=48 states=7 -> 11
[DP-bwdX] L=48 states=2 -> 3
[DP-bwdX] L=64 states=22 -> 29
[DP-fwdX] L=64 states=2 -> 3
[DP-fwdX] L=64 states=2 -> 3
[DP-fwdX] L=80 states=22 -> 29
[DP-fwdX] L=96 states=495 -> 543
[DP-bwdX] L=144 states=1 -> 1
[DP-bwdX] L=128 states=186 -> 230
[DP-bwdX] L=112 states=2991 -> 3395
[DP-fwdX] L=80 states=22 -> 29
[DP-bwdX] L=96 states=251 -> 322
[DP-fwdX] L=80 states=22 -> 29
[DP-bwdX] L=80 states=2 -> 3
[DP-bwdX] L=80 states=2 -> 3
[DP-bwdX] L=80 states=2 -> 3
[DP-fwdX] L=96 states=21 -> 27
[DP-bwdX] L=96 states=7 -> 11
[DP-bwdX] L=96 states=1 -> 1
[DP-fwdX] L=96 states=1 -> 1
[DP-fwdX] L=112 states=15 -> 21
[DP-bwdX] L=144 states=1 -> 1
[DP-bwdX] L=128 states=186 -> 230
[DP-fwdX] L=112 states=15 -> 21
[DP-bwdX] L=112 states=1 -> 2
[DP-bwdX] L=112 states=1 -> 2
[DP-fwdX] L=112 states=1 -> 2
[DP-fwdX] L=112 states=1 -> 2
[DP-fwdX] L=128 states=2 -> 3
[DP-bwdX] L=144 states=1 -> 1
[DP-fwdX] L=128 states=2 -> 3
[DP-bwdX] L=128 states=1 -> 3
[DP-fwdX] L=128 states=1 -> 2
[DP-bwdX] L=144 states=1 -> 1
[DP-bwdX] L=144 states=1 -> 1
[DP-bwdX] L=144 states=1 -> 1
[DP-bwdX] L=144 states=1 -> 1
  [Round 25] T_prime=16  T_target=12  HPWL_w=1224000  HPWL_eq=1206  maxL=21  WNS(T')=-5  WNS*(T)=-9  picked=262  solve_ms=970.913
[OC-Shortest/pow2] m=18 h=8 SEG=4 bits=72 words=2 threads=24
[DP-fwdX] L=0 states=1 -> 1
[DP-fwdX] L=16 states=186 -> 230
[DP-fwdX] L=32 states=2991 -> 3395
[DP-fwdX] L=48 states=14721 -> 15765
[DP-fwdX] L=64 states=30945 -> 31590
[DP-bwdX] L=144 states=1 -> 1
[DP-bwdX] L=128 states=186 -> 230
[DP-bwdX] L=112 states=2991 -> 3395
[DP-bwdX] L=96 states=14721 -> 15765
[DP-bwdX] L=80 states=30945 -> 31590
[DP-fwdX] L=0 states=1 -> 1
[DP-fwdX] L=16 states=186 -> 230
[DP-fwdX] L=32 states=2991 -> 3395
[DP-bwdX] L=64 states=22 -> 29
[DP-bwdX] L=48 states=495 -> 543
[DP-fwdX] L=0 states=1 -> 1
[DP-fwdX] L=16 states=186 -> 230
[DP-bwdX] L=32 states=12 -> 16
[DP-fwdX] L=0 states=1 -> 1
[DP-bwdX] L=16 states=4 -> 5
[DP-fwdX] L=0 states=1 -> 1
[DP-fwdX] L=0 states=1 -> 1
[DP-fwdX] L=0 states=1 -> 1
[DP-bwdX] L=16 states=4 -> 5
[DP-bwdX] L=16 states=4 -> 5
[DP-fwdX] L=16 states=1 -> 2
[DP-bwdX] L=32 states=12 -> 16
[DP-bwdX] L=32 states=12 -> 16
[DP-fwdX] L=32 states=2 -> 3
[DP-fwdX] L=48 states=156 -> 197
[DP-bwdX] L=64 states=22 -> 29
[DP-bwdX] L=48 states=21 -> 27
[DP-fwdX] L=48 states=7 -> 11
[DP-bwdX] L=48 states=2 -> 3
[DP-bwdX] L=64 states=22 -> 29
[DP-fwdX] L=64 states=2 -> 3
[DP-fwdX] L=64 states=2 -> 3
[DP-fwdX] L=80 states=22 -> 29
[DP-fwdX] L=96 states=495 -> 543
[DP-bwdX] L=144 states=1 -> 1
[DP-bwdX] L=128 states=186 -> 230
[DP-bwdX] L=112 states=2991 -> 3395
[DP-fwdX] L=80 states=22 -> 29
[DP-bwdX] L=96 states=156 -> 197
[DP-fwdX] L=80 states=22 -> 29
[DP-bwdX] L=80 states=2 -> 3
[DP-bwdX] L=80 states=2 -> 3
[DP-bwdX] L=80 states=2 -> 3
[DP-fwdX] L=96 states=21 -> 27
[DP-bwdX] L=96 states=7 -> 11
[DP-bwdX] L=96 states=1 -> 1
[DP-fwdX] L=96 states=1 -> 1
[DP-fwdX] L=112 states=12 -> 16
[DP-bwdX] L=144 states=1 -> 1
[DP-bwdX] L=128 states=186 -> 230
[DP-fwdX] L=112 states=12 -> 16
[DP-bwdX] L=112 states=1 -> 1
[DP-bwdX] L=112 states=1 -> 1
[DP-fwdX] L=112 states=1 -> 1
[DP-fwdX] L=112 states=1 -> 1
[DP-fwdX] L=128 states=4 -> 5
[DP-bwdX] L=144 states=1 -> 1
[DP-fwdX] L=128 states=4 -> 5
[DP-bwdX] L=128 states=1 -> 2
[DP-fwdX] L=128 states=1 -> 1
[DP-bwdX] L=144 states=1 -> 1
[DP-bwdX] L=144 states=1 -> 1
[DP-bwdX] L=144 states=1 -> 1
[DP-bwdX] L=144 states=1 -> 1
  [Round 26] T_prime=16  T_target=12  HPWL_w=1224000  HPWL_eq=1203  maxL=25  WNS(T')=-9  WNS*(T)=-13  picked=262  solve_ms=947.724
[OC-Shortest/pow2] m=18 h=8 SEG=4 bits=72 words=2 threads=24
[DP-fwdX] L=0 states=1 -> 1
[DP-fwdX] L=16 states=186 -> 230
[DP-fwdX] L=32 states=2991 -> 3395
[DP-fwdX] L=48 states=14721 -> 15765
[DP-fwdX] L=64 states=30945 -> 31590
[DP-bwdX] L=144 states=1 -> 1
[DP-bwdX] L=128 states=186 -> 230
[DP-bwdX] L=112 states=2991 -> 3395
[DP-bwdX] L=96 states=14721 -> 15765
[DP-bwdX] L=80 states=30945 -> 31590
[DP-fwdX] L=0 states=1 -> 1
[DP-fwdX] L=16 states=186 -> 230
[DP-fwdX] L=32 states=2991 -> 3395
[DP-bwdX] L=64 states=22 -> 29
[DP-bwdX] L=48 states=495 -> 543
[DP-fwdX] L=0 states=1 -> 1
[DP-fwdX] L=16 states=186 -> 230
[DP-bwdX] L=32 states=15 -> 21
[DP-fwdX] L=0 states=1 -> 1
[DP-bwdX] L=16 states=4 -> 6
[DP-fwdX] L=0 states=1 -> 1
[DP-fwdX] L=0 states=1 -> 1
[DP-fwdX] L=0 states=1 -> 1
[DP-bwdX] L=16 states=4 -> 6
[DP-bwdX] L=16 states=4 -> 6
[DP-fwdX] L=16 states=1 -> 3
[DP-bwdX] L=32 states=15 -> 21
[DP-bwdX] L=32 states=15 -> 21
[DP-fwdX] L=32 states=3 -> 6
[DP-fwdX] L=48 states=251 -> 322
[DP-bwdX] L=64 states=22 -> 29
[DP-bwdX] L=48 states=21 -> 27
[DP-fwdX] L=48 states=7 -> 11
[DP-bwdX] L=48 states=2 -> 3
[DP-bwdX] L=64 states=22 -> 29
[DP-fwdX] L=64 states=2 -> 3
[DP-fwdX] L=64 states=2 -> 3
[DP-fwdX] L=80 states=22 -> 29
[DP-fwdX] L=96 states=495 -> 543
[DP-bwdX] L=144 states=1 -> 1
[DP-bwdX] L=128 states=186 -> 230
[DP-bwdX] L=112 states=2991 -> 3395
[DP-fwdX] L=80 states=22 -> 29
[DP-bwdX] L=96 states=251 -> 322
[DP-fwdX] L=80 states=22 -> 29
[DP-bwdX] L=80 states=2 -> 3
[DP-bwdX] L=80 states=2 -> 3
[DP-bwdX] L=80 states=2 -> 3
[DP-fwdX] L=96 states=21 -> 27
[DP-bwdX] L=96 states=7 -> 11
[DP-bwdX] L=96 states=1 -> 1
[DP-fwdX] L=96 states=1 -> 1
[DP-fwdX] L=112 states=15 -> 21
[DP-bwdX] L=144 states=1 -> 1
[DP-bwdX] L=128 states=186 -> 230
[DP-fwdX] L=112 states=15 -> 21
[DP-bwdX] L=112 states=1 -> 2
[DP-bwdX] L=112 states=1 -> 2
[DP-fwdX] L=112 states=1 -> 2
[DP-fwdX] L=112 states=1 -> 2
[DP-fwdX] L=128 states=2 -> 3
[DP-bwdX] L=144 states=1 -> 1
[DP-fwdX] L=128 states=2 -> 3
[DP-bwdX] L=128 states=1 -> 3
[DP-fwdX] L=128 states=1 -> 2
[DP-bwdX] L=144 states=1 -> 1
[DP-bwdX] L=144 states=1 -> 1
[DP-bwdX] L=144 states=1 -> 1
[DP-bwdX] L=144 states=1 -> 1
  [Round 27] T_prime=16  T_target=12  HPWL_w=1224000  HPWL_eq=1206  maxL=21  WNS(T')=-5  WNS*(T)=-9  picked=262  solve_ms=916.792
[OC-Shortest/pow2] m=18 h=8 SEG=4 bits=72 words=2 threads=24
[DP-fwdX] L=0 states=1 -> 1
[DP-fwdX] L=16 states=186 -> 230
[DP-fwdX] L=32 states=2991 -> 3395
[DP-fwdX] L=48 states=14721 -> 15765
[DP-fwdX] L=64 states=30945 -> 31590
[DP-bwdX] L=144 states=1 -> 1
[DP-bwdX] L=128 states=186 -> 230
[DP-bwdX] L=112 states=2991 -> 3395
[DP-bwdX] L=96 states=14721 -> 15765
[DP-bwdX] L=80 states=30945 -> 31590
[DP-fwdX] L=0 states=1 -> 1
[DP-fwdX] L=16 states=186 -> 230
[DP-fwdX] L=32 states=2991 -> 3395
[DP-bwdX] L=64 states=22 -> 29
[DP-bwdX] L=48 states=495 -> 543
[DP-fwdX] L=0 states=1 -> 1
[DP-fwdX] L=16 states=186 -> 230
[DP-bwdX] L=32 states=12 -> 16
[DP-fwdX] L=0 states=1 -> 1
[DP-bwdX] L=16 states=4 -> 5
[DP-fwdX] L=0 states=1 -> 1
[DP-fwdX] L=0 states=1 -> 1
[DP-fwdX] L=0 states=1 -> 1
[DP-bwdX] L=16 states=4 -> 5
[DP-bwdX] L=16 states=4 -> 5
[DP-fwdX] L=16 states=1 -> 2
[DP-bwdX] L=32 states=12 -> 16
[DP-bwdX] L=32 states=12 -> 16
[DP-fwdX] L=32 states=2 -> 3
[DP-fwdX] L=48 states=156 -> 197
[DP-bwdX] L=64 states=22 -> 29
[DP-bwdX] L=48 states=21 -> 27
[DP-fwdX] L=48 states=7 -> 11
[DP-bwdX] L=48 states=2 -> 3
[DP-bwdX] L=64 states=22 -> 29
[DP-fwdX] L=64 states=2 -> 3
[DP-fwdX] L=64 states=2 -> 3
[DP-fwdX] L=80 states=22 -> 29
[DP-fwdX] L=96 states=495 -> 543
[DP-bwdX] L=144 states=1 -> 1
[DP-bwdX] L=128 states=186 -> 230
[DP-bwdX] L=112 states=2991 -> 3395
[DP-fwdX] L=80 states=22 -> 29
[DP-bwdX] L=96 states=156 -> 197
[DP-fwdX] L=80 states=22 -> 29
[DP-bwdX] L=80 states=2 -> 3
[DP-bwdX] L=80 states=2 -> 3
[DP-bwdX] L=80 states=2 -> 3
[DP-fwdX] L=96 states=21 -> 27
[DP-bwdX] L=96 states=7 -> 11
[DP-bwdX] L=96 states=1 -> 1
[DP-fwdX] L=96 states=1 -> 1
[DP-fwdX] L=112 states=12 -> 16
[DP-bwdX] L=144 states=1 -> 1
[DP-bwdX] L=128 states=186 -> 230
[DP-fwdX] L=112 states=12 -> 16
[DP-bwdX] L=112 states=1 -> 1
[DP-bwdX] L=112 states=1 -> 1
[DP-fwdX] L=112 states=1 -> 1
[DP-fwdX] L=112 states=1 -> 1
[DP-fwdX] L=128 states=4 -> 5
[DP-bwdX] L=144 states=1 -> 1
[DP-fwdX] L=128 states=4 -> 5
[DP-bwdX] L=128 states=1 -> 2
[DP-fwdX] L=128 states=1 -> 1
[DP-bwdX] L=144 states=1 -> 1
[DP-bwdX] L=144 states=1 -> 1
[DP-bwdX] L=144 states=1 -> 1
[DP-bwdX] L=144 states=1 -> 1
  [Round 28] T_prime=16  T_target=12  HPWL_w=1224000  HPWL_eq=1203  maxL=25  WNS(T')=-9  WNS*(T)=-13  picked=262  solve_ms=932.09
[OC-Shortest/pow2] m=18 h=8 SEG=4 bits=72 words=2 threads=24
[DP-fwdX] L=0 states=1 -> 1
[DP-fwdX] L=16 states=186 -> 230
[DP-fwdX] L=32 states=2991 -> 3395
[DP-fwdX] L=48 states=14721 -> 15765
[DP-fwdX] L=64 states=30945 -> 31590
[DP-bwdX] L=144 states=1 -> 1
[DP-bwdX] L=128 states=186 -> 230
[DP-bwdX] L=112 states=2991 -> 3395
[DP-bwdX] L=96 states=14721 -> 15765
[DP-bwdX] L=80 states=30945 -> 31590
[DP-fwdX] L=0 states=1 -> 1
[DP-fwdX] L=16 states=186 -> 230
[DP-fwdX] L=32 states=2991 -> 3395
[DP-bwdX] L=64 states=22 -> 29
[DP-bwdX] L=48 states=495 -> 543
[DP-fwdX] L=0 states=1 -> 1
[DP-fwdX] L=16 states=186 -> 230
[DP-bwdX] L=32 states=15 -> 21
[DP-fwdX] L=0 states=1 -> 1
[DP-bwdX] L=16 states=4 -> 6
[DP-fwdX] L=0 states=1 -> 1
[DP-fwdX] L=0 states=1 -> 1
[DP-fwdX] L=0 states=1 -> 1
[DP-bwdX] L=16 states=4 -> 6
[DP-bwdX] L=16 states=4 -> 6
[DP-fwdX] L=16 states=1 -> 3
[DP-bwdX] L=32 states=15 -> 21
[DP-bwdX] L=32 states=15 -> 21
[DP-fwdX] L=32 states=3 -> 6
[DP-fwdX] L=48 states=251 -> 322
[DP-bwdX] L=64 states=22 -> 29
[DP-bwdX] L=48 states=21 -> 27
[DP-fwdX] L=48 states=7 -> 11
[DP-bwdX] L=48 states=2 -> 3
[DP-bwdX] L=64 states=22 -> 29
[DP-fwdX] L=64 states=2 -> 3
[DP-fwdX] L=64 states=2 -> 3
[DP-fwdX] L=80 states=22 -> 29
[DP-fwdX] L=96 states=495 -> 543
[DP-bwdX] L=144 states=1 -> 1
[DP-bwdX] L=128 states=186 -> 230
[DP-bwdX] L=112 states=2991 -> 3395
[DP-fwdX] L=80 states=22 -> 29
[DP-bwdX] L=96 states=251 -> 322
[DP-fwdX] L=80 states=22 -> 29
[DP-bwdX] L=80 states=2 -> 3
[DP-bwdX] L=80 states=2 -> 3
[DP-bwdX] L=80 states=2 -> 3
[DP-fwdX] L=96 states=21 -> 27
[DP-bwdX] L=96 states=7 -> 11
[DP-bwdX] L=96 states=1 -> 1
[DP-fwdX] L=96 states=1 -> 1
[DP-fwdX] L=112 states=15 -> 21
[DP-bwdX] L=144 states=1 -> 1
[DP-bwdX] L=128 states=186 -> 230
[DP-fwdX] L=112 states=15 -> 21
[DP-bwdX] L=112 states=1 -> 2
[DP-bwdX] L=112 states=1 -> 2
[DP-fwdX] L=112 states=1 -> 2
[DP-fwdX] L=112 states=1 -> 2
[DP-fwdX] L=128 states=2 -> 3
[DP-bwdX] L=144 states=1 -> 1
[DP-fwdX] L=128 states=2 -> 3
[DP-bwdX] L=128 states=1 -> 3
[DP-fwdX] L=128 states=1 -> 2
[DP-bwdX] L=144 states=1 -> 1
[DP-bwdX] L=144 states=1 -> 1
[DP-bwdX] L=144 states=1 -> 1
[DP-bwdX] L=144 states=1 -> 1
  [Round 29] T_prime=16  T_target=12  HPWL_w=1224000  HPWL_eq=1206  maxL=21  WNS(T')=-5  WNS*(T)=-9  picked=262  solve_ms=933.15
[OC-Shortest/pow2] m=18 h=8 SEG=4 bits=72 words=2 threads=24
[DP-fwdX] L=0 states=1 -> 1
[DP-fwdX] L=16 states=186 -> 230
[DP-fwdX] L=32 states=2991 -> 3395
[DP-fwdX] L=48 states=14721 -> 15765
[DP-fwdX] L=64 states=30945 -> 31590
[DP-bwdX] L=144 states=1 -> 1
[DP-bwdX] L=128 states=186 -> 230
[DP-bwdX] L=112 states=2991 -> 3395
[DP-bwdX] L=96 states=14721 -> 15765
[DP-bwdX] L=80 states=30945 -> 31590
[DP-fwdX] L=0 states=1 -> 1
[DP-fwdX] L=16 states=186 -> 230
[DP-fwdX] L=32 states=2991 -> 3395
[DP-bwdX] L=64 states=22 -> 29
[DP-bwdX] L=48 states=495 -> 543
[DP-fwdX] L=0 states=1 -> 1
[DP-fwdX] L=16 states=186 -> 230
[DP-bwdX] L=32 states=12 -> 16
[DP-fwdX] L=0 states=1 -> 1
[DP-bwdX] L=16 states=4 -> 5
[DP-fwdX] L=0 states=1 -> 1
[DP-fwdX] L=0 states=1 -> 1
[DP-fwdX] L=0 states=1 -> 1
[DP-bwdX] L=16 states=4 -> 5
[DP-bwdX] L=16 states=4 -> 5
[DP-fwdX] L=16 states=1 -> 2
[DP-bwdX] L=32 states=12 -> 16
[DP-bwdX] L=32 states=12 -> 16
[DP-fwdX] L=32 states=2 -> 3
[DP-fwdX] L=48 states=156 -> 197
[DP-bwdX] L=64 states=22 -> 29
[DP-bwdX] L=48 states=21 -> 27
[DP-fwdX] L=48 states=7 -> 11
[DP-bwdX] L=48 states=2 -> 3
[DP-bwdX] L=64 states=22 -> 29
[DP-fwdX] L=64 states=2 -> 3
[DP-fwdX] L=64 states=2 -> 3
[DP-fwdX] L=80 states=22 -> 29
[DP-fwdX] L=96 states=495 -> 543
[DP-bwdX] L=144 states=1 -> 1
[DP-bwdX] L=128 states=186 -> 230
[DP-bwdX] L=112 states=2991 -> 3395
[DP-fwdX] L=80 states=22 -> 29
[DP-bwdX] L=96 states=156 -> 197
[DP-fwdX] L=80 states=22 -> 29
[DP-bwdX] L=80 states=2 -> 3
[DP-bwdX] L=80 states=2 -> 3
[DP-bwdX] L=80 states=2 -> 3
[DP-fwdX] L=96 states=21 -> 27
[DP-bwdX] L=96 states=7 -> 11
[DP-bwdX] L=96 states=1 -> 1
[DP-fwdX] L=96 states=1 -> 1
[DP-fwdX] L=112 states=12 -> 16
[DP-bwdX] L=144 states=1 -> 1
[DP-bwdX] L=128 states=186 -> 230
[DP-fwdX] L=112 states=12 -> 16
[DP-bwdX] L=112 states=1 -> 1
[DP-bwdX] L=112 states=1 -> 1
[DP-fwdX] L=112 states=1 -> 1
[DP-fwdX] L=112 states=1 -> 1
[DP-fwdX] L=128 states=4 -> 5
[DP-bwdX] L=144 states=1 -> 1
[DP-fwdX] L=128 states=4 -> 5
[DP-bwdX] L=128 states=1 -> 2
[DP-fwdX] L=128 states=1 -> 1
[DP-bwdX] L=144 states=1 -> 1
[DP-bwdX] L=144 states=1 -> 1
[DP-bwdX] L=144 states=1 -> 1
[DP-bwdX] L=144 states=1 -> 1
  [Round 30] T_prime=16  T_target=12  HPWL_w=1224000  HPWL_eq=1203  maxL=25  WNS(T')=-9  WNS*(T)=-13  picked=262  solve_ms=929.071
[OC-Shortest/pow2] m=18 h=8 SEG=4 bits=72 words=2 threads=24
[DP-fwdX] L=0 states=1 -> 1
[DP-fwdX] L=16 states=186 -> 230
[DP-fwdX] L=32 states=2991 -> 3395
[DP-fwdX] L=48 states=14721 -> 15765
[DP-fwdX] L=64 states=30945 -> 31590
[DP-bwdX] L=144 states=1 -> 1
[DP-bwdX] L=128 states=186 -> 230
[DP-bwdX] L=112 states=2991 -> 3395
[DP-bwdX] L=96 states=14721 -> 15765
[DP-bwdX] L=80 states=30945 -> 31590
[DP-fwdX] L=0 states=1 -> 1
[DP-fwdX] L=16 states=186 -> 230
[DP-fwdX] L=32 states=2991 -> 3395
[DP-bwdX] L=64 states=22 -> 29
[DP-bwdX] L=48 states=495 -> 543
[DP-fwdX] L=0 states=1 -> 1
[DP-fwdX] L=16 states=186 -> 230
[DP-bwdX] L=32 states=15 -> 21
[DP-fwdX] L=0 states=1 -> 1
[DP-bwdX] L=16 states=4 -> 6
[DP-fwdX] L=0 states=1 -> 1
[DP-fwdX] L=0 states=1 -> 1
[DP-fwdX] L=0 states=1 -> 1
[DP-bwdX] L=16 states=4 -> 6
[DP-bwdX] L=16 states=4 -> 6
[DP-fwdX] L=16 states=1 -> 3
[DP-bwdX] L=32 states=15 -> 21
[DP-bwdX] L=32 states=15 -> 21
[DP-fwdX] L=32 states=3 -> 6
[DP-fwdX] L=48 states=251 -> 322
[DP-bwdX] L=64 states=22 -> 29
[DP-bwdX] L=48 states=21 -> 27
[DP-fwdX] L=48 states=7 -> 11
[DP-bwdX] L=48 states=2 -> 3
[DP-bwdX] L=64 states=22 -> 29
[DP-fwdX] L=64 states=2 -> 3
[DP-fwdX] L=64 states=2 -> 3
[DP-fwdX] L=80 states=22 -> 29
[DP-fwdX] L=96 states=495 -> 543
[DP-bwdX] L=144 states=1 -> 1
[DP-bwdX] L=128 states=186 -> 230
[DP-bwdX] L=112 states=2991 -> 3395
[DP-fwdX] L=80 states=22 -> 29
[DP-bwdX] L=96 states=251 -> 322
[DP-fwdX] L=80 states=22 -> 29
[DP-bwdX] L=80 states=2 -> 3
[DP-bwdX] L=80 states=2 -> 3
[DP-bwdX] L=80 states=2 -> 3
[DP-fwdX] L=96 states=21 -> 27
[DP-bwdX] L=96 states=7 -> 11
[DP-bwdX] L=96 states=1 -> 1
[DP-fwdX] L=96 states=1 -> 1
[DP-fwdX] L=112 states=15 -> 21
[DP-bwdX] L=144 states=1 -> 1
[DP-bwdX] L=128 states=186 -> 230
[DP-fwdX] L=112 states=15 -> 21
[DP-bwdX] L=112 states=1 -> 2
[DP-bwdX] L=112 states=1 -> 2
[DP-fwdX] L=112 states=1 -> 2
[DP-fwdX] L=112 states=1 -> 2
[DP-fwdX] L=128 states=2 -> 3
[DP-bwdX] L=144 states=1 -> 1
[DP-fwdX] L=128 states=2 -> 3
[DP-bwdX] L=128 states=1 -> 3
[DP-fwdX] L=128 states=1 -> 2
[DP-bwdX] L=144 states=1 -> 1
[DP-bwdX] L=144 states=1 -> 1
[DP-bwdX] L=144 states=1 -> 1
[DP-bwdX] L=144 states=1 -> 1
  [Round 31] T_prime=16  T_target=12  HPWL_w=1224000  HPWL_eq=1206  maxL=21  WNS(T')=-5  WNS*(T)=-9  picked=262  solve_ms=925.579
[OC-Shortest/pow2] m=18 h=8 SEG=4 bits=72 words=2 threads=24
[DP-fwdX] L=0 states=1 -> 1
[DP-fwdX] L=16 states=186 -> 230
[DP-fwdX] L=32 states=2991 -> 3395
[DP-fwdX] L=48 states=14721 -> 15765
[DP-fwdX] L=64 states=30945 -> 31590
[DP-bwdX] L=144 states=1 -> 1
[DP-bwdX] L=128 states=186 -> 230
[DP-bwdX] L=112 states=2991 -> 3395
[DP-bwdX] L=96 states=14721 -> 15765
[DP-bwdX] L=80 states=30945 -> 31590
[DP-fwdX] L=0 states=1 -> 1
[DP-fwdX] L=16 states=186 -> 230
[DP-fwdX] L=32 states=2991 -> 3395
[DP-bwdX] L=64 states=22 -> 29
[DP-bwdX] L=48 states=495 -> 543
[DP-fwdX] L=0 states=1 -> 1
[DP-fwdX] L=16 states=186 -> 230
[DP-bwdX] L=32 states=12 -> 16
[DP-fwdX] L=0 states=1 -> 1
[DP-bwdX] L=16 states=4 -> 5
[DP-fwdX] L=0 states=1 -> 1
[DP-fwdX] L=0 states=1 -> 1
[DP-fwdX] L=0 states=1 -> 1
[DP-bwdX] L=16 states=4 -> 5
[DP-bwdX] L=16 states=4 -> 5
[DP-fwdX] L=16 states=1 -> 2
[DP-bwdX] L=32 states=12 -> 16
[DP-bwdX] L=32 states=12 -> 16
[DP-fwdX] L=32 states=2 -> 3
[DP-fwdX] L=48 states=156 -> 197
[DP-bwdX] L=64 states=22 -> 29
[DP-bwdX] L=48 states=21 -> 27
[DP-fwdX] L=48 states=7 -> 11
[DP-bwdX] L=48 states=2 -> 3
[DP-bwdX] L=64 states=22 -> 29
[DP-fwdX] L=64 states=2 -> 3
[DP-fwdX] L=64 states=2 -> 3
[DP-fwdX] L=80 states=22 -> 29
[DP-fwdX] L=96 states=495 -> 543
[DP-bwdX] L=144 states=1 -> 1
[DP-bwdX] L=128 states=186 -> 230
[DP-bwdX] L=112 states=2991 -> 3395
[DP-fwdX] L=80 states=22 -> 29
[DP-bwdX] L=96 states=156 -> 197
[DP-fwdX] L=80 states=22 -> 29
[DP-bwdX] L=80 states=2 -> 3
[DP-bwdX] L=80 states=2 -> 3
[DP-bwdX] L=80 states=2 -> 3
[DP-fwdX] L=96 states=21 -> 27
[DP-bwdX] L=96 states=7 -> 11
[DP-bwdX] L=96 states=1 -> 1
[DP-fwdX] L=96 states=1 -> 1
[DP-fwdX] L=112 states=12 -> 16
[DP-bwdX] L=144 states=1 -> 1
[DP-bwdX] L=128 states=186 -> 230
[DP-fwdX] L=112 states=12 -> 16
[DP-bwdX] L=112 states=1 -> 1
[DP-bwdX] L=112 states=1 -> 1
[DP-fwdX] L=112 states=1 -> 1
[DP-fwdX] L=112 states=1 -> 1
[DP-fwdX] L=128 states=4 -> 5
[DP-bwdX] L=144 states=1 -> 1
[DP-fwdX] L=128 states=4 -> 5
[DP-bwdX] L=128 states=1 -> 2
[DP-fwdX] L=128 states=1 -> 1
[DP-bwdX] L=144 states=1 -> 1
[DP-bwdX] L=144 states=1 -> 1
[DP-bwdX] L=144 states=1 -> 1
[DP-bwdX] L=144 states=1 -> 1
  [Round 32] T_prime=16  T_target=12  HPWL_w=1224000  HPWL_eq=1203  maxL=25  WNS(T')=-9  WNS*(T)=-13  picked=262  solve_ms=913.852
[OC-Shortest/pow2] m=18 h=8 SEG=4 bits=72 words=2 threads=24
[DP-fwdX] L=0 states=1 -> 1
[DP-fwdX] L=16 states=186 -> 230
[DP-fwdX] L=32 states=2991 -> 3395
[DP-fwdX] L=48 states=14721 -> 15765
[DP-fwdX] L=64 states=30945 -> 31590
[DP-bwdX] L=144 states=1 -> 1
[DP-bwdX] L=128 states=186 -> 230
[DP-bwdX] L=112 states=2991 -> 3395
[DP-bwdX] L=96 states=14721 -> 15765
[DP-bwdX] L=80 states=30945 -> 31590
[DP-fwdX] L=0 states=1 -> 1
[DP-fwdX] L=16 states=186 -> 230
[DP-fwdX] L=32 states=2991 -> 3395
[DP-bwdX] L=64 states=22 -> 29
[DP-bwdX] L=48 states=495 -> 543
[DP-fwdX] L=0 states=1 -> 1
[DP-fwdX] L=16 states=186 -> 230
[DP-bwdX] L=32 states=15 -> 21
[DP-fwdX] L=0 states=1 -> 1
[DP-bwdX] L=16 states=4 -> 6
[DP-fwdX] L=0 states=1 -> 1
[DP-fwdX] L=0 states=1 -> 1
[DP-fwdX] L=0 states=1 -> 1
[DP-bwdX] L=16 states=4 -> 6
[DP-bwdX] L=16 states=4 -> 6
[DP-fwdX] L=16 states=1 -> 3
[DP-bwdX] L=32 states=15 -> 21
[DP-bwdX] L=32 states=15 -> 21
[DP-fwdX] L=32 states=3 -> 6
[DP-fwdX] L=48 states=251 -> 322
[DP-bwdX] L=64 states=22 -> 29
[DP-bwdX] L=48 states=21 -> 27
[DP-fwdX] L=48 states=7 -> 11
[DP-bwdX] L=48 states=2 -> 3
[DP-bwdX] L=64 states=22 -> 29
[DP-fwdX] L=64 states=2 -> 3
[DP-fwdX] L=64 states=2 -> 3
[DP-fwdX] L=80 states=22 -> 29
[DP-fwdX] L=96 states=495 -> 543
[DP-bwdX] L=144 states=1 -> 1
[DP-bwdX] L=128 states=186 -> 230
[DP-bwdX] L=112 states=2991 -> 3395
[DP-fwdX] L=80 states=22 -> 29
[DP-bwdX] L=96 states=251 -> 322
[DP-fwdX] L=80 states=22 -> 29
[DP-bwdX] L=80 states=2 -> 3
[DP-bwdX] L=80 states=2 -> 3
[DP-bwdX] L=80 states=2 -> 3
[DP-fwdX] L=96 states=21 -> 27
[DP-bwdX] L=96 states=7 -> 11
[DP-bwdX] L=96 states=1 -> 1
[DP-fwdX] L=96 states=1 -> 1
[DP-fwdX] L=112 states=15 -> 21
[DP-bwdX] L=144 states=1 -> 1
[DP-bwdX] L=128 states=186 -> 230
[DP-fwdX] L=112 states=15 -> 21
[DP-bwdX] L=112 states=1 -> 2
[DP-bwdX] L=112 states=1 -> 2
[DP-fwdX] L=112 states=1 -> 2
[DP-fwdX] L=112 states=1 -> 2
[DP-fwdX] L=128 states=2 -> 3
[DP-bwdX] L=144 states=1 -> 1
[DP-fwdX] L=128 states=2 -> 3
[DP-bwdX] L=128 states=1 -> 3
[DP-fwdX] L=128 states=1 -> 2
[DP-bwdX] L=144 states=1 -> 1
[DP-bwdX] L=144 states=1 -> 1
[DP-bwdX] L=144 states=1 -> 1
[DP-bwdX] L=144 states=1 -> 1
  [Round 33] T_prime=16  T_target=12  HPWL_w=1224000  HPWL_eq=1206  maxL=21  WNS(T')=-5  WNS*(T)=-9  picked=262  solve_ms=980.45
[OC-Shortest/pow2] m=18 h=8 SEG=4 bits=72 words=2 threads=24
[DP-fwdX] L=0 states=1 -> 1
[DP-fwdX] L=16 states=186 -> 230
[DP-fwdX] L=32 states=2991 -> 3395
[DP-fwdX] L=48 states=14721 -> 15765
[DP-fwdX] L=64 states=30945 -> 31590
[DP-bwdX] L=144 states=1 -> 1
[DP-bwdX] L=128 states=186 -> 230
[DP-bwdX] L=112 states=2991 -> 3395
[DP-bwdX] L=96 states=14721 -> 15765
[DP-bwdX] L=80 states=30945 -> 31590
[DP-fwdX] L=0 states=1 -> 1
[DP-fwdX] L=16 states=186 -> 230
[DP-fwdX] L=32 states=2991 -> 3395
[DP-bwdX] L=64 states=22 -> 29
[DP-bwdX] L=48 states=495 -> 543
[DP-fwdX] L=0 states=1 -> 1
[DP-fwdX] L=16 states=186 -> 230
[DP-bwdX] L=32 states=12 -> 16
[DP-fwdX] L=0 states=1 -> 1
[DP-bwdX] L=16 states=4 -> 5
[DP-fwdX] L=0 states=1 -> 1
[DP-fwdX] L=0 states=1 -> 1
[DP-fwdX] L=0 states=1 -> 1
[DP-bwdX] L=16 states=4 -> 5
[DP-bwdX] L=16 states=4 -> 5
[DP-fwdX] L=16 states=1 -> 2
[DP-bwdX] L=32 states=12 -> 16
[DP-bwdX] L=32 states=12 -> 16
[DP-fwdX] L=32 states=2 -> 3
[DP-fwdX] L=48 states=156 -> 197
[DP-bwdX] L=64 states=22 -> 29
[DP-bwdX] L=48 states=21 -> 27
[DP-fwdX] L=48 states=7 -> 11
[DP-bwdX] L=48 states=2 -> 3
[DP-bwdX] L=64 states=22 -> 29
[DP-fwdX] L=64 states=2 -> 3
[DP-fwdX] L=64 states=2 -> 3
[DP-fwdX] L=80 states=22 -> 29
[DP-fwdX] L=96 states=495 -> 543
[DP-bwdX] L=144 states=1 -> 1
[DP-bwdX] L=128 states=186 -> 230
[DP-bwdX] L=112 states=2991 -> 3395
[DP-fwdX] L=80 states=22 -> 29
[DP-bwdX] L=96 states=156 -> 197
[DP-fwdX] L=80 states=22 -> 29
[DP-bwdX] L=80 states=2 -> 3
[DP-bwdX] L=80 states=2 -> 3
[DP-bwdX] L=80 states=2 -> 3
[DP-fwdX] L=96 states=21 -> 27
[DP-bwdX] L=96 states=7 -> 11
[DP-bwdX] L=96 states=1 -> 1
[DP-fwdX] L=96 states=1 -> 1
[DP-fwdX] L=112 states=12 -> 16
[DP-bwdX] L=144 states=1 -> 1
[DP-bwdX] L=128 states=186 -> 230
[DP-fwdX] L=112 states=12 -> 16
[DP-bwdX] L=112 states=1 -> 1
[DP-bwdX] L=112 states=1 -> 1
[DP-fwdX] L=112 states=1 -> 1
[DP-fwdX] L=112 states=1 -> 1
[DP-fwdX] L=128 states=4 -> 5
[DP-bwdX] L=144 states=1 -> 1
[DP-fwdX] L=128 states=4 -> 5
[DP-bwdX] L=128 states=1 -> 2
[DP-fwdX] L=128 states=1 -> 1
[DP-bwdX] L=144 states=1 -> 1
[DP-bwdX] L=144 states=1 -> 1
[DP-bwdX] L=144 states=1 -> 1
[DP-bwdX] L=144 states=1 -> 1
  [Round 34] T_prime=16  T_target=12  HPWL_w=1224000  HPWL_eq=1203  maxL=25  WNS(T')=-9  WNS*(T)=-13  picked=262  solve_ms=936.833
[OC-Shortest/pow2] m=18 h=8 SEG=4 bits=72 words=2 threads=24
[DP-fwdX] L=0 states=1 -> 1
[DP-fwdX] L=16 states=186 -> 230
[DP-fwdX] L=32 states=2991 -> 3395
[DP-fwdX] L=48 states=14721 -> 15765
[DP-fwdX] L=64 states=30945 -> 31590
[DP-bwdX] L=144 states=1 -> 1
[DP-bwdX] L=128 states=186 -> 230
[DP-bwdX] L=112 states=2991 -> 3395
[DP-bwdX] L=96 states=14721 -> 15765
[DP-bwdX] L=80 states=30945 -> 31590
[DP-fwdX] L=0 states=1 -> 1
[DP-fwdX] L=16 states=186 -> 230
[DP-fwdX] L=32 states=2991 -> 3395
[DP-bwdX] L=64 states=22 -> 29
[DP-bwdX] L=48 states=495 -> 543
[DP-fwdX] L=0 states=1 -> 1
[DP-fwdX] L=16 states=186 -> 230
[DP-bwdX] L=32 states=15 -> 21
[DP-fwdX] L=0 states=1 -> 1
[DP-bwdX] L=16 states=4 -> 6
[DP-fwdX] L=0 states=1 -> 1
[DP-fwdX] L=0 states=1 -> 1
[DP-fwdX] L=0 states=1 -> 1
[DP-bwdX] L=16 states=4 -> 6
[DP-bwdX] L=16 states=4 -> 6
[DP-fwdX] L=16 states=1 -> 3
[DP-bwdX] L=32 states=15 -> 21
[DP-bwdX] L=32 states=15 -> 21
[DP-fwdX] L=32 states=3 -> 6
[DP-fwdX] L=48 states=251 -> 322
[DP-bwdX] L=64 states=22 -> 29
[DP-bwdX] L=48 states=21 -> 27
[DP-fwdX] L=48 states=7 -> 11
[DP-bwdX] L=48 states=2 -> 3
[DP-bwdX] L=64 states=22 -> 29
[DP-fwdX] L=64 states=2 -> 3
[DP-fwdX] L=64 states=2 -> 3
[DP-fwdX] L=80 states=22 -> 29
[DP-fwdX] L=96 states=495 -> 543
[DP-bwdX] L=144 states=1 -> 1
[DP-bwdX] L=128 states=186 -> 230
[DP-bwdX] L=112 states=2991 -> 3395
[DP-fwdX] L=80 states=22 -> 29
[DP-bwdX] L=96 states=251 -> 322
[DP-fwdX] L=80 states=22 -> 29
[DP-bwdX] L=80 states=2 -> 3
[DP-bwdX] L=80 states=2 -> 3
[DP-bwdX] L=80 states=2 -> 3
[DP-fwdX] L=96 states=21 -> 27
[DP-bwdX] L=96 states=7 -> 11
[DP-bwdX] L=96 states=1 -> 1
[DP-fwdX] L=96 states=1 -> 1
[DP-fwdX] L=112 states=15 -> 21
[DP-bwdX] L=144 states=1 -> 1
[DP-bwdX] L=128 states=186 -> 230
[DP-fwdX] L=112 states=15 -> 21
[DP-bwdX] L=112 states=1 -> 2
[DP-bwdX] L=112 states=1 -> 2
[DP-fwdX] L=112 states=1 -> 2
[DP-fwdX] L=112 states=1 -> 2
[DP-fwdX] L=128 states=2 -> 3
[DP-bwdX] L=144 states=1 -> 1
[DP-fwdX] L=128 states=2 -> 3
[DP-bwdX] L=128 states=1 -> 3
[DP-fwdX] L=128 states=1 -> 2
[DP-bwdX] L=144 states=1 -> 1
[DP-bwdX] L=144 states=1 -> 1
[DP-bwdX] L=144 states=1 -> 1
[DP-bwdX] L=144 states=1 -> 1
  [Round 35] T_prime=16  T_target=12  HPWL_w=1224000  HPWL_eq=1206  maxL=21  WNS(T')=-5  WNS*(T)=-9  picked=262  solve_ms=965.043
[OC-Shortest/pow2] m=18 h=8 SEG=4 bits=72 words=2 threads=24
[DP-fwdX] L=0 states=1 -> 1
[DP-fwdX] L=16 states=186 -> 230
[DP-fwdX] L=32 states=2991 -> 3395
[DP-fwdX] L=48 states=14721 -> 15765
[DP-fwdX] L=64 states=30945 -> 31590
[DP-bwdX] L=144 states=1 -> 1
[DP-bwdX] L=128 states=186 -> 230
[DP-bwdX] L=112 states=2991 -> 3395
[DP-bwdX] L=96 states=14721 -> 15765
[DP-bwdX] L=80 states=30945 -> 31590
[DP-fwdX] L=0 states=1 -> 1
[DP-fwdX] L=16 states=186 -> 230
[DP-fwdX] L=32 states=2991 -> 3395
[DP-bwdX] L=64 states=22 -> 29
[DP-bwdX] L=48 states=495 -> 543
[DP-fwdX] L=0 states=1 -> 1
[DP-fwdX] L=16 states=186 -> 230
[DP-bwdX] L=32 states=12 -> 16
[DP-fwdX] L=0 states=1 -> 1
[DP-bwdX] L=16 states=4 -> 5
[DP-fwdX] L=0 states=1 -> 1
[DP-fwdX] L=0 states=1 -> 1
[DP-fwdX] L=0 states=1 -> 1
[DP-bwdX] L=16 states=4 -> 5
[DP-bwdX] L=16 states=4 -> 5
[DP-fwdX] L=16 states=1 -> 2
[DP-bwdX] L=32 states=12 -> 16
[DP-bwdX] L=32 states=12 -> 16
[DP-fwdX] L=32 states=2 -> 3
[DP-fwdX] L=48 states=156 -> 197
[DP-bwdX] L=64 states=22 -> 29
[DP-bwdX] L=48 states=21 -> 27
[DP-fwdX] L=48 states=7 -> 11
[DP-bwdX] L=48 states=2 -> 3
[DP-bwdX] L=64 states=22 -> 29
[DP-fwdX] L=64 states=2 -> 3
[DP-fwdX] L=64 states=2 -> 3
[DP-fwdX] L=80 states=22 -> 29
[DP-fwdX] L=96 states=495 -> 543
[DP-bwdX] L=144 states=1 -> 1
[DP-bwdX] L=128 states=186 -> 230
[DP-bwdX] L=112 states=2991 -> 3395
[DP-fwdX] L=80 states=22 -> 29
[DP-bwdX] L=96 states=156 -> 197
[DP-fwdX] L=80 states=22 -> 29
[DP-bwdX] L=80 states=2 -> 3
[DP-bwdX] L=80 states=2 -> 3
[DP-bwdX] L=80 states=2 -> 3
[DP-fwdX] L=96 states=21 -> 27
[DP-bwdX] L=96 states=7 -> 11
[DP-bwdX] L=96 states=1 -> 1
[DP-fwdX] L=96 states=1 -> 1
[DP-fwdX] L=112 states=12 -> 16
[DP-bwdX] L=144 states=1 -> 1
[DP-bwdX] L=128 states=186 -> 230
[DP-fwdX] L=112 states=12 -> 16
[DP-bwdX] L=112 states=1 -> 1
[DP-bwdX] L=112 states=1 -> 1
[DP-fwdX] L=112 states=1 -> 1
[DP-fwdX] L=112 states=1 -> 1
[DP-fwdX] L=128 states=4 -> 5
[DP-bwdX] L=144 states=1 -> 1
[DP-fwdX] L=128 states=4 -> 5
[DP-bwdX] L=128 states=1 -> 2
[DP-fwdX] L=128 states=1 -> 1
[DP-bwdX] L=144 states=1 -> 1
[DP-bwdX] L=144 states=1 -> 1
[DP-bwdX] L=144 states=1 -> 1
[DP-bwdX] L=144 states=1 -> 1
  [Round 36] T_prime=16  T_target=12  HPWL_w=1224000  HPWL_eq=1203  maxL=25  WNS(T')=-9  WNS*(T)=-13  picked=262  solve_ms=921.334
[OC-Shortest/pow2] m=18 h=8 SEG=4 bits=72 words=2 threads=24
[DP-fwdX] L=0 states=1 -> 1
[DP-fwdX] L=16 states=186 -> 230
[DP-fwdX] L=32 states=2991 -> 3395
[DP-fwdX] L=48 states=14721 -> 15765
[DP-fwdX] L=64 states=30945 -> 31590
[DP-bwdX] L=144 states=1 -> 1
[DP-bwdX] L=128 states=186 -> 230
[DP-bwdX] L=112 states=2991 -> 3395
[DP-bwdX] L=96 states=14721 -> 15765
[DP-bwdX] L=80 states=30945 -> 31590
[DP-fwdX] L=0 states=1 -> 1
[DP-fwdX] L=16 states=186 -> 230
[DP-fwdX] L=32 states=2991 -> 3395
[DP-bwdX] L=64 states=22 -> 29
[DP-bwdX] L=48 states=495 -> 543
[DP-fwdX] L=0 states=1 -> 1
[DP-fwdX] L=16 states=186 -> 230
[DP-bwdX] L=32 states=15 -> 21
[DP-fwdX] L=0 states=1 -> 1
[DP-bwdX] L=16 states=4 -> 6
[DP-fwdX] L=0 states=1 -> 1
[DP-fwdX] L=0 states=1 -> 1
[DP-fwdX] L=0 states=1 -> 1
[DP-bwdX] L=16 states=4 -> 6
[DP-bwdX] L=16 states=4 -> 6
[DP-fwdX] L=16 states=1 -> 3
[DP-bwdX] L=32 states=15 -> 21
[DP-bwdX] L=32 states=15 -> 21
[DP-fwdX] L=32 states=3 -> 6
[DP-fwdX] L=48 states=251 -> 322
[DP-bwdX] L=64 states=22 -> 29
[DP-bwdX] L=48 states=21 -> 27
[DP-fwdX] L=48 states=7 -> 11
[DP-bwdX] L=48 states=2 -> 3
[DP-bwdX] L=64 states=22 -> 29
[DP-fwdX] L=64 states=2 -> 3
[DP-fwdX] L=64 states=2 -> 3
[DP-fwdX] L=80 states=22 -> 29
[DP-fwdX] L=96 states=495 -> 543
[DP-bwdX] L=144 states=1 -> 1
[DP-bwdX] L=128 states=186 -> 230
[DP-bwdX] L=112 states=2991 -> 3395
[DP-fwdX] L=80 states=22 -> 29
[DP-bwdX] L=96 states=251 -> 322
[DP-fwdX] L=80 states=22 -> 29
[DP-bwdX] L=80 states=2 -> 3
[DP-bwdX] L=80 states=2 -> 3
[DP-bwdX] L=80 states=2 -> 3
[DP-fwdX] L=96 states=21 -> 27
[DP-bwdX] L=96 states=7 -> 11
[DP-bwdX] L=96 states=1 -> 1
[DP-fwdX] L=96 states=1 -> 1
[DP-fwdX] L=112 states=15 -> 21
[DP-bwdX] L=144 states=1 -> 1
[DP-bwdX] L=128 states=186 -> 230
[DP-fwdX] L=112 states=15 -> 21
[DP-bwdX] L=112 states=1 -> 2
[DP-bwdX] L=112 states=1 -> 2
[DP-fwdX] L=112 states=1 -> 2
[DP-fwdX] L=112 states=1 -> 2
[DP-fwdX] L=128 states=2 -> 3
[DP-bwdX] L=144 states=1 -> 1
[DP-fwdX] L=128 states=2 -> 3
[DP-bwdX] L=128 states=1 -> 3
[DP-fwdX] L=128 states=1 -> 2
[DP-bwdX] L=144 states=1 -> 1
[DP-bwdX] L=144 states=1 -> 1
[DP-bwdX] L=144 states=1 -> 1
[DP-bwdX] L=144 states=1 -> 1
  [Round 37] T_prime=16  T_target=12  HPWL_w=1224000  HPWL_eq=1206  maxL=21  WNS(T')=-5  WNS*(T)=-9  picked=262  solve_ms=917.759
[OC-Shortest/pow2] m=18 h=8 SEG=4 bits=72 words=2 threads=24
[DP-fwdX] L=0 states=1 -> 1
[DP-fwdX] L=16 states=186 -> 230
[DP-fwdX] L=32 states=2991 -> 3395
[DP-fwdX] L=48 states=14721 -> 15765
[DP-fwdX] L=64 states=30945 -> 31590
[DP-bwdX] L=144 states=1 -> 1
[DP-bwdX] L=128 states=186 -> 230
[DP-bwdX] L=112 states=2991 -> 3395
[DP-bwdX] L=96 states=14721 -> 15765
[DP-bwdX] L=80 states=30945 -> 31590
[DP-fwdX] L=0 states=1 -> 1
[DP-fwdX] L=16 states=186 -> 230
[DP-fwdX] L=32 states=2991 -> 3395
[DP-bwdX] L=64 states=22 -> 29
[DP-bwdX] L=48 states=495 -> 543
[DP-fwdX] L=0 states=1 -> 1
[DP-fwdX] L=16 states=186 -> 230
[DP-bwdX] L=32 states=12 -> 16
[DP-fwdX] L=0 states=1 -> 1
[DP-bwdX] L=16 states=4 -> 5
[DP-fwdX] L=0 states=1 -> 1
[DP-fwdX] L=0 states=1 -> 1
[DP-fwdX] L=0 states=1 -> 1
[DP-bwdX] L=16 states=4 -> 5
[DP-bwdX] L=16 states=4 -> 5
[DP-fwdX] L=16 states=1 -> 2
[DP-bwdX] L=32 states=12 -> 16
[DP-bwdX] L=32 states=12 -> 16
[DP-fwdX] L=32 states=2 -> 3
[DP-fwdX] L=48 states=156 -> 197
[DP-bwdX] L=64 states=22 -> 29
[DP-bwdX] L=48 states=21 -> 27
[DP-fwdX] L=48 states=7 -> 11
[DP-bwdX] L=48 states=2 -> 3
[DP-bwdX] L=64 states=22 -> 29
[DP-fwdX] L=64 states=2 -> 3
[DP-fwdX] L=64 states=2 -> 3
[DP-fwdX] L=80 states=22 -> 29
[DP-fwdX] L=96 states=495 -> 543
[DP-bwdX] L=144 states=1 -> 1
[DP-bwdX] L=128 states=186 -> 230
[DP-bwdX] L=112 states=2991 -> 3395
[DP-fwdX] L=80 states=22 -> 29
[DP-bwdX] L=96 states=156 -> 197
[DP-fwdX] L=80 states=22 -> 29
[DP-bwdX] L=80 states=2 -> 3
[DP-bwdX] L=80 states=2 -> 3
[DP-bwdX] L=80 states=2 -> 3
[DP-fwdX] L=96 states=21 -> 27
[DP-bwdX] L=96 states=7 -> 11
[DP-bwdX] L=96 states=1 -> 1
[DP-fwdX] L=96 states=1 -> 1
[DP-fwdX] L=112 states=12 -> 16
[DP-bwdX] L=144 states=1 -> 1
[DP-bwdX] L=128 states=186 -> 230
[DP-fwdX] L=112 states=12 -> 16
[DP-bwdX] L=112 states=1 -> 1
[DP-bwdX] L=112 states=1 -> 1
[DP-fwdX] L=112 states=1 -> 1
[DP-fwdX] L=112 states=1 -> 1
[DP-fwdX] L=128 states=4 -> 5
[DP-bwdX] L=144 states=1 -> 1
[DP-fwdX] L=128 states=4 -> 5
[DP-bwdX] L=128 states=1 -> 2
[DP-fwdX] L=128 states=1 -> 1
[DP-bwdX] L=144 states=1 -> 1
[DP-bwdX] L=144 states=1 -> 1
[DP-bwdX] L=144 states=1 -> 1
[DP-bwdX] L=144 states=1 -> 1
  [Round 38] T_prime=16  T_target=12  HPWL_w=1224000  HPWL_eq=1203  maxL=25  WNS(T')=-9  WNS*(T)=-13  picked=262  solve_ms=927.56
[OC-Shortest/pow2] m=18 h=8 SEG=4 bits=72 words=2 threads=24
[DP-fwdX] L=0 states=1 -> 1
[DP-fwdX] L=16 states=186 -> 230
[DP-fwdX] L=32 states=2991 -> 3395
[DP-fwdX] L=48 states=14721 -> 15765
[DP-fwdX] L=64 states=30945 -> 31590
[DP-bwdX] L=144 states=1 -> 1
[DP-bwdX] L=128 states=186 -> 230
[DP-bwdX] L=112 states=2991 -> 3395
[DP-bwdX] L=96 states=14721 -> 15765
[DP-bwdX] L=80 states=30945 -> 31590
[DP-fwdX] L=0 states=1 -> 1
[DP-fwdX] L=16 states=186 -> 230
[DP-fwdX] L=32 states=2991 -> 3395
[DP-bwdX] L=64 states=22 -> 29
[DP-bwdX] L=48 states=495 -> 543
[DP-fwdX] L=0 states=1 -> 1
[DP-fwdX] L=16 states=186 -> 230
[DP-bwdX] L=32 states=15 -> 21
[DP-fwdX] L=0 states=1 -> 1
[DP-bwdX] L=16 states=4 -> 6
[DP-fwdX] L=0 states=1 -> 1
[DP-fwdX] L=0 states=1 -> 1
[DP-fwdX] L=0 states=1 -> 1
[DP-bwdX] L=16 states=4 -> 6
[DP-bwdX] L=16 states=4 -> 6
[DP-fwdX] L=16 states=1 -> 3
[DP-bwdX] L=32 states=15 -> 21
[DP-bwdX] L=32 states=15 -> 21
[DP-fwdX] L=32 states=3 -> 6
[DP-fwdX] L=48 states=251 -> 322
[DP-bwdX] L=64 states=22 -> 29
[DP-bwdX] L=48 states=21 -> 27
[DP-fwdX] L=48 states=7 -> 11
[DP-bwdX] L=48 states=2 -> 3
[DP-bwdX] L=64 states=22 -> 29
[DP-fwdX] L=64 states=2 -> 3
[DP-fwdX] L=64 states=2 -> 3
[DP-fwdX] L=80 states=22 -> 29
[DP-fwdX] L=96 states=495 -> 543
[DP-bwdX] L=144 states=1 -> 1
[DP-bwdX] L=128 states=186 -> 230
[DP-bwdX] L=112 states=2991 -> 3395
[DP-fwdX] L=80 states=22 -> 29
[DP-bwdX] L=96 states=251 -> 322
[DP-fwdX] L=80 states=22 -> 29
[DP-bwdX] L=80 states=2 -> 3
[DP-bwdX] L=80 states=2 -> 3
[DP-bwdX] L=80 states=2 -> 3
[DP-fwdX] L=96 states=21 -> 27
[DP-bwdX] L=96 states=7 -> 11
[DP-bwdX] L=96 states=1 -> 1
[DP-fwdX] L=96 states=1 -> 1
[DP-fwdX] L=112 states=15 -> 21
[DP-bwdX] L=144 states=1 -> 1
[DP-bwdX] L=128 states=186 -> 230
[DP-fwdX] L=112 states=15 -> 21
[DP-bwdX] L=112 states=1 -> 2
[DP-bwdX] L=112 states=1 -> 2
[DP-fwdX] L=112 states=1 -> 2
[DP-fwdX] L=112 states=1 -> 2
[DP-fwdX] L=128 states=2 -> 3
[DP-bwdX] L=144 states=1 -> 1
[DP-fwdX] L=128 states=2 -> 3
[DP-bwdX] L=128 states=1 -> 3
[DP-fwdX] L=128 states=1 -> 2
[DP-bwdX] L=144 states=1 -> 1
[DP-bwdX] L=144 states=1 -> 1
[DP-bwdX] L=144 states=1 -> 1
[DP-bwdX] L=144 states=1 -> 1
  [Round 39] T_prime=16  T_target=12  HPWL_w=1224000  HPWL_eq=1206  maxL=21  WNS(T')=-5  WNS*(T)=-9  picked=262  solve_ms=930.466
[OC-Shortest/pow2] m=18 h=8 SEG=4 bits=72 words=2 threads=24
[DP-fwdX] L=0 states=1 -> 1
[DP-fwdX] L=16 states=186 -> 230
[DP-fwdX] L=32 states=2991 -> 3395
[DP-fwdX] L=48 states=14721 -> 15765
[DP-fwdX] L=64 states=30945 -> 31590
[DP-bwdX] L=144 states=1 -> 1
[DP-bwdX] L=128 states=186 -> 230
[DP-bwdX] L=112 states=2991 -> 3395
[DP-bwdX] L=96 states=14721 -> 15765
[DP-bwdX] L=80 states=30945 -> 31590
[DP-fwdX] L=0 states=1 -> 1
[DP-fwdX] L=16 states=186 -> 230
[DP-fwdX] L=32 states=2991 -> 3395
[DP-bwdX] L=64 states=22 -> 29
[DP-bwdX] L=48 states=495 -> 543
[DP-fwdX] L=0 states=1 -> 1
[DP-fwdX] L=16 states=186 -> 230
[DP-bwdX] L=32 states=12 -> 16
[DP-fwdX] L=0 states=1 -> 1
[DP-bwdX] L=16 states=4 -> 5
[DP-fwdX] L=0 states=1 -> 1
[DP-fwdX] L=0 states=1 -> 1
[DP-fwdX] L=0 states=1 -> 1
[DP-bwdX] L=16 states=4 -> 5
[DP-bwdX] L=16 states=4 -> 5
[DP-fwdX] L=16 states=1 -> 2
[DP-bwdX] L=32 states=12 -> 16
[DP-bwdX] L=32 states=12 -> 16
[DP-fwdX] L=32 states=2 -> 3
[DP-fwdX] L=48 states=156 -> 197
[DP-bwdX] L=64 states=22 -> 29
[DP-bwdX] L=48 states=21 -> 27
[DP-fwdX] L=48 states=7 -> 11
[DP-bwdX] L=48 states=2 -> 3
[DP-bwdX] L=64 states=22 -> 29
[DP-fwdX] L=64 states=2 -> 3
[DP-fwdX] L=64 states=2 -> 3
[DP-fwdX] L=80 states=22 -> 29
[DP-fwdX] L=96 states=495 -> 543
[DP-bwdX] L=144 states=1 -> 1
[DP-bwdX] L=128 states=186 -> 230
[DP-bwdX] L=112 states=2991 -> 3395
[DP-fwdX] L=80 states=22 -> 29
[DP-bwdX] L=96 states=156 -> 197
[DP-fwdX] L=80 states=22 -> 29
[DP-bwdX] L=80 states=2 -> 3
[DP-bwdX] L=80 states=2 -> 3
[DP-bwdX] L=80 states=2 -> 3
[DP-fwdX] L=96 states=21 -> 27
[DP-bwdX] L=96 states=7 -> 11
[DP-bwdX] L=96 states=1 -> 1
[DP-fwdX] L=96 states=1 -> 1
[DP-fwdX] L=112 states=12 -> 16
[DP-bwdX] L=144 states=1 -> 1
[DP-bwdX] L=128 states=186 -> 230
[DP-fwdX] L=112 states=12 -> 16
[DP-bwdX] L=112 states=1 -> 1
[DP-bwdX] L=112 states=1 -> 1
[DP-fwdX] L=112 states=1 -> 1
[DP-fwdX] L=112 states=1 -> 1
[DP-fwdX] L=128 states=4 -> 5
[DP-bwdX] L=144 states=1 -> 1
[DP-fwdX] L=128 states=4 -> 5
[DP-bwdX] L=128 states=1 -> 2
[DP-fwdX] L=128 states=1 -> 1
[DP-bwdX] L=144 states=1 -> 1
[DP-bwdX] L=144 states=1 -> 1
[DP-bwdX] L=144 states=1 -> 1
[DP-bwdX] L=144 states=1 -> 1
  [Round 40] T_prime=16  T_target=12  HPWL_w=1224000  HPWL_eq=1203  maxL=25  WNS(T')=-9  WNS*(T)=-13  picked=262  solve_ms=940.079
[OC-Shortest/pow2] m=18 h=8 SEG=4 bits=72 words=2 threads=24
[DP-fwdX] L=0 states=1 -> 1
[DP-fwdX] L=16 states=186 -> 230
[DP-fwdX] L=32 states=2991 -> 3395
[DP-fwdX] L=48 states=14721 -> 15765
[DP-fwdX] L=64 states=30945 -> 31590
[DP-bwdX] L=144 states=1 -> 1
[DP-bwdX] L=128 states=186 -> 230
[DP-bwdX] L=112 states=2991 -> 3395
[DP-bwdX] L=96 states=14721 -> 15765
[DP-bwdX] L=80 states=30945 -> 31590
[DP-fwdX] L=0 states=1 -> 1
[DP-fwdX] L=16 states=186 -> 230
[DP-fwdX] L=32 states=2991 -> 3395
[DP-bwdX] L=64 states=22 -> 29
[DP-bwdX] L=48 states=495 -> 543
[DP-fwdX] L=0 states=1 -> 1
[DP-fwdX] L=16 states=186 -> 230
[DP-bwdX] L=32 states=15 -> 21
[DP-fwdX] L=0 states=1 -> 1
[DP-bwdX] L=16 states=4 -> 6
[DP-fwdX] L=0 states=1 -> 1
[DP-fwdX] L=0 states=1 -> 1
[DP-fwdX] L=0 states=1 -> 1
[DP-bwdX] L=16 states=4 -> 6
[DP-bwdX] L=16 states=4 -> 6
[DP-fwdX] L=16 states=1 -> 3
[DP-bwdX] L=32 states=15 -> 21
[DP-bwdX] L=32 states=15 -> 21
[DP-fwdX] L=32 states=3 -> 6
[DP-fwdX] L=48 states=251 -> 322
[DP-bwdX] L=64 states=22 -> 29
[DP-bwdX] L=48 states=21 -> 27
[DP-fwdX] L=48 states=7 -> 11
[DP-bwdX] L=48 states=2 -> 3
[DP-bwdX] L=64 states=22 -> 29
[DP-fwdX] L=64 states=2 -> 3
[DP-fwdX] L=64 states=2 -> 3
[DP-fwdX] L=80 states=22 -> 29
[DP-fwdX] L=96 states=495 -> 543
[DP-bwdX] L=144 states=1 -> 1
[DP-bwdX] L=128 states=186 -> 230
[DP-bwdX] L=112 states=2991 -> 3395
[DP-fwdX] L=80 states=22 -> 29
[DP-bwdX] L=96 states=251 -> 322
[DP-fwdX] L=80 states=22 -> 29
[DP-bwdX] L=80 states=2 -> 3
[DP-bwdX] L=80 states=2 -> 3
[DP-bwdX] L=80 states=2 -> 3
[DP-fwdX] L=96 states=21 -> 27
[DP-bwdX] L=96 states=7 -> 11
[DP-bwdX] L=96 states=1 -> 1
[DP-fwdX] L=96 states=1 -> 1
[DP-fwdX] L=112 states=15 -> 21
[DP-bwdX] L=144 states=1 -> 1
[DP-bwdX] L=128 states=186 -> 230
[DP-fwdX] L=112 states=15 -> 21
[DP-bwdX] L=112 states=1 -> 2
[DP-bwdX] L=112 states=1 -> 2
[DP-fwdX] L=112 states=1 -> 2
[DP-fwdX] L=112 states=1 -> 2
[DP-fwdX] L=128 states=2 -> 3
[DP-bwdX] L=144 states=1 -> 1
[DP-fwdX] L=128 states=2 -> 3
[DP-bwdX] L=128 states=1 -> 3
[DP-fwdX] L=128 states=1 -> 2
[DP-bwdX] L=144 states=1 -> 1
[DP-bwdX] L=144 states=1 -> 1
[DP-bwdX] L=144 states=1 -> 1
[DP-bwdX] L=144 states=1 -> 1
  [Round 41] T_prime=16  T_target=12  HPWL_w=1224000  HPWL_eq=1206  maxL=21  WNS(T')=-5  WNS*(T)=-9  picked=262  solve_ms=908.829
[OC-Shortest/pow2] m=18 h=8 SEG=4 bits=72 words=2 threads=24
[DP-fwdX] L=0 states=1 -> 1
[DP-fwdX] L=16 states=186 -> 230
[DP-fwdX] L=32 states=2991 -> 3395
[DP-fwdX] L=48 states=14721 -> 15765
[DP-fwdX] L=64 states=30945 -> 31590
[DP-bwdX] L=144 states=1 -> 1
[DP-bwdX] L=128 states=186 -> 230
[DP-bwdX] L=112 states=2991 -> 3395
[DP-bwdX] L=96 states=14721 -> 15765
[DP-bwdX] L=80 states=30945 -> 31590
[DP-fwdX] L=0 states=1 -> 1
[DP-fwdX] L=16 states=186 -> 230
[DP-fwdX] L=32 states=2991 -> 3395
[DP-bwdX] L=64 states=22 -> 29
[DP-bwdX] L=48 states=495 -> 543
[DP-fwdX] L=0 states=1 -> 1
[DP-fwdX] L=16 states=186 -> 230
[DP-bwdX] L=32 states=12 -> 16
[DP-fwdX] L=0 states=1 -> 1
[DP-bwdX] L=16 states=4 -> 5
[DP-fwdX] L=0 states=1 -> 1
[DP-fwdX] L=0 states=1 -> 1
[DP-fwdX] L=0 states=1 -> 1
[DP-bwdX] L=16 states=4 -> 5
[DP-bwdX] L=16 states=4 -> 5
[DP-fwdX] L=16 states=1 -> 2
[DP-bwdX] L=32 states=12 -> 16
[DP-bwdX] L=32 states=12 -> 16
[DP-fwdX] L=32 states=2 -> 3
[DP-fwdX] L=48 states=156 -> 197
[DP-bwdX] L=64 states=22 -> 29
[DP-bwdX] L=48 states=21 -> 27
[DP-fwdX] L=48 states=7 -> 11
[DP-bwdX] L=48 states=2 -> 3
[DP-bwdX] L=64 states=22 -> 29
[DP-fwdX] L=64 states=2 -> 3
[DP-fwdX] L=64 states=2 -> 3
[DP-fwdX] L=80 states=22 -> 29
[DP-fwdX] L=96 states=495 -> 543
[DP-bwdX] L=144 states=1 -> 1
[DP-bwdX] L=128 states=186 -> 230
[DP-bwdX] L=112 states=2991 -> 3395
[DP-fwdX] L=80 states=22 -> 29
[DP-bwdX] L=96 states=156 -> 197
[DP-fwdX] L=80 states=22 -> 29
[DP-bwdX] L=80 states=2 -> 3
[DP-bwdX] L=80 states=2 -> 3
[DP-bwdX] L=80 states=2 -> 3
[DP-fwdX] L=96 states=21 -> 27
[DP-bwdX] L=96 states=7 -> 11
[DP-bwdX] L=96 states=1 -> 1
[DP-fwdX] L=96 states=1 -> 1
[DP-fwdX] L=112 states=12 -> 16
[DP-bwdX] L=144 states=1 -> 1
[DP-bwdX] L=128 states=186 -> 230
[DP-fwdX] L=112 states=12 -> 16
[DP-bwdX] L=112 states=1 -> 1
[DP-bwdX] L=112 states=1 -> 1
[DP-fwdX] L=112 states=1 -> 1
[DP-fwdX] L=112 states=1 -> 1
[DP-fwdX] L=128 states=4 -> 5
[DP-bwdX] L=144 states=1 -> 1
[DP-fwdX] L=128 states=4 -> 5
[DP-bwdX] L=128 states=1 -> 2
[DP-fwdX] L=128 states=1 -> 1
[DP-bwdX] L=144 states=1 -> 1
[DP-bwdX] L=144 states=1 -> 1
[DP-bwdX] L=144 states=1 -> 1
[DP-bwdX] L=144 states=1 -> 1
  [Round 42] T_prime=16  T_target=12  HPWL_w=1224000  HPWL_eq=1203  maxL=25  WNS(T')=-9  WNS*(T)=-13  picked=262  solve_ms=931.792
[OC-Shortest/pow2] m=18 h=8 SEG=4 bits=72 words=2 threads=24
[DP-fwdX] L=0 states=1 -> 1
[DP-fwdX] L=16 states=186 -> 230
[DP-fwdX] L=32 states=2991 -> 3395
[DP-fwdX] L=48 states=14721 -> 15765
[DP-fwdX] L=64 states=30945 -> 31590
[DP-bwdX] L=144 states=1 -> 1
[DP-bwdX] L=128 states=186 -> 230
[DP-bwdX] L=112 states=2991 -> 3395
[DP-bwdX] L=96 states=14721 -> 15765
[DP-bwdX] L=80 states=30945 -> 31590
[DP-fwdX] L=0 states=1 -> 1
[DP-fwdX] L=16 states=186 -> 230
[DP-fwdX] L=32 states=2991 -> 3395
[DP-bwdX] L=64 states=22 -> 29
[DP-bwdX] L=48 states=495 -> 543
[DP-fwdX] L=0 states=1 -> 1
[DP-fwdX] L=16 states=186 -> 230
[DP-bwdX] L=32 states=15 -> 21
[DP-fwdX] L=0 states=1 -> 1
[DP-bwdX] L=16 states=4 -> 6
[DP-fwdX] L=0 states=1 -> 1
[DP-fwdX] L=0 states=1 -> 1
[DP-fwdX] L=0 states=1 -> 1
[DP-bwdX] L=16 states=4 -> 6
[DP-bwdX] L=16 states=4 -> 6
[DP-fwdX] L=16 states=1 -> 3
[DP-bwdX] L=32 states=15 -> 21
[DP-bwdX] L=32 states=15 -> 21
[DP-fwdX] L=32 states=3 -> 6
[DP-fwdX] L=48 states=251 -> 322
[DP-bwdX] L=64 states=22 -> 29
[DP-bwdX] L=48 states=21 -> 27
[DP-fwdX] L=48 states=7 -> 11
[DP-bwdX] L=48 states=2 -> 3
[DP-bwdX] L=64 states=22 -> 29
[DP-fwdX] L=64 states=2 -> 3
[DP-fwdX] L=64 states=2 -> 3
[DP-fwdX] L=80 states=22 -> 29
[DP-fwdX] L=96 states=495 -> 543
[DP-bwdX] L=144 states=1 -> 1
[DP-bwdX] L=128 states=186 -> 230
[DP-bwdX] L=112 states=2991 -> 3395
[DP-fwdX] L=80 states=22 -> 29
[DP-bwdX] L=96 states=251 -> 322
[DP-fwdX] L=80 states=22 -> 29
[DP-bwdX] L=80 states=2 -> 3
[DP-bwdX] L=80 states=2 -> 3
[DP-bwdX] L=80 states=2 -> 3
[DP-fwdX] L=96 states=21 -> 27
[DP-bwdX] L=96 states=7 -> 11
[DP-bwdX] L=96 states=1 -> 1
[DP-fwdX] L=96 states=1 -> 1
[DP-fwdX] L=112 states=15 -> 21
[DP-bwdX] L=144 states=1 -> 1
[DP-bwdX] L=128 states=186 -> 230
[DP-fwdX] L=112 states=15 -> 21
[DP-bwdX] L=112 states=1 -> 2
[DP-bwdX] L=112 states=1 -> 2
[DP-fwdX] L=112 states=1 -> 2
[DP-fwdX] L=112 states=1 -> 2
[DP-fwdX] L=128 states=2 -> 3
[DP-bwdX] L=144 states=1 -> 1
[DP-fwdX] L=128 states=2 -> 3
[DP-bwdX] L=128 states=1 -> 3
[DP-fwdX] L=128 states=1 -> 2
[DP-bwdX] L=144 states=1 -> 1
[DP-bwdX] L=144 states=1 -> 1
[DP-bwdX] L=144 states=1 -> 1
[DP-bwdX] L=144 states=1 -> 1
  [Round 43] T_prime=16  T_target=12  HPWL_w=1224000  HPWL_eq=1206  maxL=21  WNS(T')=-5  WNS*(T)=-9  picked=262  solve_ms=949.389
[OC-Shortest/pow2] m=18 h=8 SEG=4 bits=72 words=2 threads=24
[DP-fwdX] L=0 states=1 -> 1
[DP-fwdX] L=16 states=186 -> 230
[DP-fwdX] L=32 states=2991 -> 3395
[DP-fwdX] L=48 states=14721 -> 15765
[DP-fwdX] L=64 states=30945 -> 31590
[DP-bwdX] L=144 states=1 -> 1
[DP-bwdX] L=128 states=186 -> 230
[DP-bwdX] L=112 states=2991 -> 3395
[DP-bwdX] L=96 states=14721 -> 15765
[DP-bwdX] L=80 states=30945 -> 31590
[DP-fwdX] L=0 states=1 -> 1
[DP-fwdX] L=16 states=186 -> 230
[DP-fwdX] L=32 states=2991 -> 3395
[DP-bwdX] L=64 states=22 -> 29
[DP-bwdX] L=48 states=495 -> 543
[DP-fwdX] L=0 states=1 -> 1
[DP-fwdX] L=16 states=186 -> 230
[DP-bwdX] L=32 states=12 -> 16
[DP-fwdX] L=0 states=1 -> 1
[DP-bwdX] L=16 states=4 -> 5
[DP-fwdX] L=0 states=1 -> 1
[DP-fwdX] L=0 states=1 -> 1
[DP-fwdX] L=0 states=1 -> 1
[DP-bwdX] L=16 states=4 -> 5
[DP-bwdX] L=16 states=4 -> 5
[DP-fwdX] L=16 states=1 -> 2
[DP-bwdX] L=32 states=12 -> 16
[DP-bwdX] L=32 states=12 -> 16
[DP-fwdX] L=32 states=2 -> 3
[DP-fwdX] L=48 states=156 -> 197
[DP-bwdX] L=64 states=22 -> 29
[DP-bwdX] L=48 states=21 -> 27
[DP-fwdX] L=48 states=7 -> 11
[DP-bwdX] L=48 states=2 -> 3
[DP-bwdX] L=64 states=22 -> 29
[DP-fwdX] L=64 states=2 -> 3
[DP-fwdX] L=64 states=2 -> 3
[DP-fwdX] L=80 states=22 -> 29
[DP-fwdX] L=96 states=495 -> 543
[DP-bwdX] L=144 states=1 -> 1
[DP-bwdX] L=128 states=186 -> 230
[DP-bwdX] L=112 states=2991 -> 3395
[DP-fwdX] L=80 states=22 -> 29
[DP-bwdX] L=96 states=156 -> 197
[DP-fwdX] L=80 states=22 -> 29
[DP-bwdX] L=80 states=2 -> 3
[DP-bwdX] L=80 states=2 -> 3
[DP-bwdX] L=80 states=2 -> 3
[DP-fwdX] L=96 states=21 -> 27
[DP-bwdX] L=96 states=7 -> 11
[DP-bwdX] L=96 states=1 -> 1
[DP-fwdX] L=96 states=1 -> 1
[DP-fwdX] L=112 states=12 -> 16
[DP-bwdX] L=144 states=1 -> 1
[DP-bwdX] L=128 states=186 -> 230
[DP-fwdX] L=112 states=12 -> 16
[DP-bwdX] L=112 states=1 -> 1
[DP-bwdX] L=112 states=1 -> 1
[DP-fwdX] L=112 states=1 -> 1
[DP-fwdX] L=112 states=1 -> 1
[DP-fwdX] L=128 states=4 -> 5
[DP-bwdX] L=144 states=1 -> 1
[DP-fwdX] L=128 states=4 -> 5
[DP-bwdX] L=128 states=1 -> 2
[DP-fwdX] L=128 states=1 -> 1
[DP-bwdX] L=144 states=1 -> 1
[DP-bwdX] L=144 states=1 -> 1
[DP-bwdX] L=144 states=1 -> 1
[DP-bwdX] L=144 states=1 -> 1
  [Round 44] T_prime=16  T_target=12  HPWL_w=1224000  HPWL_eq=1203  maxL=25  WNS(T')=-9  WNS*(T)=-13  picked=262  solve_ms=923.244
[OC-Shortest/pow2] m=18 h=8 SEG=4 bits=72 words=2 threads=24
[DP-fwdX] L=0 states=1 -> 1
[DP-fwdX] L=16 states=186 -> 230
[DP-fwdX] L=32 states=2991 -> 3395
[DP-fwdX] L=48 states=14721 -> 15765
[DP-fwdX] L=64 states=30945 -> 31590
[DP-bwdX] L=144 states=1 -> 1
[DP-bwdX] L=128 states=186 -> 230
[DP-bwdX] L=112 states=2991 -> 3395
[DP-bwdX] L=96 states=14721 -> 15765
[DP-bwdX] L=80 states=30945 -> 31590
[DP-fwdX] L=0 states=1 -> 1
[DP-fwdX] L=16 states=186 -> 230
[DP-fwdX] L=32 states=2991 -> 3395
[DP-bwdX] L=64 states=22 -> 29
[DP-bwdX] L=48 states=495 -> 543
[DP-fwdX] L=0 states=1 -> 1
[DP-fwdX] L=16 states=186 -> 230
[DP-bwdX] L=32 states=15 -> 21
[DP-fwdX] L=0 states=1 -> 1
[DP-bwdX] L=16 states=4 -> 6
[DP-fwdX] L=0 states=1 -> 1
[DP-fwdX] L=0 states=1 -> 1
[DP-fwdX] L=0 states=1 -> 1
[DP-bwdX] L=16 states=4 -> 6
[DP-bwdX] L=16 states=4 -> 6
[DP-fwdX] L=16 states=1 -> 3
[DP-bwdX] L=32 states=15 -> 21
[DP-bwdX] L=32 states=15 -> 21
[DP-fwdX] L=32 states=3 -> 6
[DP-fwdX] L=48 states=251 -> 322
[DP-bwdX] L=64 states=22 -> 29
[DP-bwdX] L=48 states=21 -> 27
[DP-fwdX] L=48 states=7 -> 11
[DP-bwdX] L=48 states=2 -> 3
[DP-bwdX] L=64 states=22 -> 29
[DP-fwdX] L=64 states=2 -> 3
[DP-fwdX] L=64 states=2 -> 3
[DP-fwdX] L=80 states=22 -> 29
[DP-fwdX] L=96 states=495 -> 543
[DP-bwdX] L=144 states=1 -> 1
[DP-bwdX] L=128 states=186 -> 230
[DP-bwdX] L=112 states=2991 -> 3395
[DP-fwdX] L=80 states=22 -> 29
[DP-bwdX] L=96 states=251 -> 322
[DP-fwdX] L=80 states=22 -> 29
[DP-bwdX] L=80 states=2 -> 3
[DP-bwdX] L=80 states=2 -> 3
[DP-bwdX] L=80 states=2 -> 3
[DP-fwdX] L=96 states=21 -> 27
[DP-bwdX] L=96 states=7 -> 11
[DP-bwdX] L=96 states=1 -> 1
[DP-fwdX] L=96 states=1 -> 1
[DP-fwdX] L=112 states=15 -> 21
[DP-bwdX] L=144 states=1 -> 1
[DP-bwdX] L=128 states=186 -> 230
[DP-fwdX] L=112 states=15 -> 21
[DP-bwdX] L=112 states=1 -> 2
[DP-bwdX] L=112 states=1 -> 2
[DP-fwdX] L=112 states=1 -> 2
[DP-fwdX] L=112 states=1 -> 2
[DP-fwdX] L=128 states=2 -> 3
[DP-bwdX] L=144 states=1 -> 1
[DP-fwdX] L=128 states=2 -> 3
[DP-bwdX] L=128 states=1 -> 3
[DP-fwdX] L=128 states=1 -> 2
[DP-bwdX] L=144 states=1 -> 1
[DP-bwdX] L=144 states=1 -> 1
[DP-bwdX] L=144 states=1 -> 1
[DP-bwdX] L=144 states=1 -> 1
  [Round 45] T_prime=16  T_target=12  HPWL_w=1224000  HPWL_eq=1206  maxL=21  WNS(T')=-5  WNS*(T)=-9  picked=262  solve_ms=915.537
[OC-Shortest/pow2] m=18 h=8 SEG=4 bits=72 words=2 threads=24
[DP-fwdX] L=0 states=1 -> 1
[DP-fwdX] L=16 states=186 -> 230
[DP-fwdX] L=32 states=2991 -> 3395
[DP-fwdX] L=48 states=14721 -> 15765
[DP-fwdX] L=64 states=30945 -> 31590
[DP-bwdX] L=144 states=1 -> 1
[DP-bwdX] L=128 states=186 -> 230
[DP-bwdX] L=112 states=2991 -> 3395
[DP-bwdX] L=96 states=14721 -> 15765
[DP-bwdX] L=80 states=30945 -> 31590
[DP-fwdX] L=0 states=1 -> 1
[DP-fwdX] L=16 states=186 -> 230
[DP-fwdX] L=32 states=2991 -> 3395
[DP-bwdX] L=64 states=22 -> 29
[DP-bwdX] L=48 states=495 -> 543
[DP-fwdX] L=0 states=1 -> 1
[DP-fwdX] L=16 states=186 -> 230
[DP-bwdX] L=32 states=12 -> 16
[DP-fwdX] L=0 states=1 -> 1
[DP-bwdX] L=16 states=4 -> 5
[DP-fwdX] L=0 states=1 -> 1
[DP-fwdX] L=0 states=1 -> 1
[DP-fwdX] L=0 states=1 -> 1
[DP-bwdX] L=16 states=4 -> 5
[DP-bwdX] L=16 states=4 -> 5
[DP-fwdX] L=16 states=1 -> 2
[DP-bwdX] L=32 states=12 -> 16
[DP-bwdX] L=32 states=12 -> 16
[DP-fwdX] L=32 states=2 -> 3
[DP-fwdX] L=48 states=156 -> 197
[DP-bwdX] L=64 states=22 -> 29
[DP-bwdX] L=48 states=21 -> 27
[DP-fwdX] L=48 states=7 -> 11
[DP-bwdX] L=48 states=2 -> 3
[DP-bwdX] L=64 states=22 -> 29
[DP-fwdX] L=64 states=2 -> 3
[DP-fwdX] L=64 states=2 -> 3
[DP-fwdX] L=80 states=22 -> 29
[DP-fwdX] L=96 states=495 -> 543
[DP-bwdX] L=144 states=1 -> 1
[DP-bwdX] L=128 states=186 -> 230
[DP-bwdX] L=112 states=2991 -> 3395
[DP-fwdX] L=80 states=22 -> 29
[DP-bwdX] L=96 states=156 -> 197
[DP-fwdX] L=80 states=22 -> 29
[DP-bwdX] L=80 states=2 -> 3
[DP-bwdX] L=80 states=2 -> 3
[DP-bwdX] L=80 states=2 -> 3
[DP-fwdX] L=96 states=21 -> 27
[DP-bwdX] L=96 states=7 -> 11
[DP-bwdX] L=96 states=1 -> 1
[DP-fwdX] L=96 states=1 -> 1
[DP-fwdX] L=112 states=12 -> 16
[DP-bwdX] L=144 states=1 -> 1
[DP-bwdX] L=128 states=186 -> 230
[DP-fwdX] L=112 states=12 -> 16
[DP-bwdX] L=112 states=1 -> 1
[DP-bwdX] L=112 states=1 -> 1
[DP-fwdX] L=112 states=1 -> 1
[DP-fwdX] L=112 states=1 -> 1
[DP-fwdX] L=128 states=4 -> 5
[DP-bwdX] L=144 states=1 -> 1
[DP-fwdX] L=128 states=4 -> 5
[DP-bwdX] L=128 states=1 -> 2
[DP-fwdX] L=128 states=1 -> 1
[DP-bwdX] L=144 states=1 -> 1
[DP-bwdX] L=144 states=1 -> 1
[DP-bwdX] L=144 states=1 -> 1
[DP-bwdX] L=144 states=1 -> 1
  [Round 46] T_prime=16  T_target=12  HPWL_w=1224000  HPWL_eq=1203  maxL=25  WNS(T')=-9  WNS*(T)=-13  picked=262  solve_ms=914.462
[OC-Shortest/pow2] m=18 h=8 SEG=4 bits=72 words=2 threads=24
[DP-fwdX] L=0 states=1 -> 1
[DP-fwdX] L=16 states=186 -> 230
[DP-fwdX] L=32 states=2991 -> 3395
[DP-fwdX] L=48 states=14721 -> 15765
[DP-fwdX] L=64 states=30945 -> 31590
[DP-bwdX] L=144 states=1 -> 1
[DP-bwdX] L=128 states=186 -> 230
[DP-bwdX] L=112 states=2991 -> 3395
[DP-bwdX] L=96 states=14721 -> 15765
[DP-bwdX] L=80 states=30945 -> 31590
[DP-fwdX] L=0 states=1 -> 1
[DP-fwdX] L=16 states=186 -> 230
[DP-fwdX] L=32 states=2991 -> 3395
[DP-bwdX] L=64 states=22 -> 29
[DP-bwdX] L=48 states=495 -> 543
[DP-fwdX] L=0 states=1 -> 1
[DP-fwdX] L=16 states=186 -> 230
[DP-bwdX] L=32 states=15 -> 21
[DP-fwdX] L=0 states=1 -> 1
[DP-bwdX] L=16 states=4 -> 6
[DP-fwdX] L=0 states=1 -> 1
[DP-fwdX] L=0 states=1 -> 1
[DP-fwdX] L=0 states=1 -> 1
[DP-bwdX] L=16 states=4 -> 6
[DP-bwdX] L=16 states=4 -> 6
[DP-fwdX] L=16 states=1 -> 3
[DP-bwdX] L=32 states=15 -> 21
[DP-bwdX] L=32 states=15 -> 21
[DP-fwdX] L=32 states=3 -> 6
[DP-fwdX] L=48 states=251 -> 322
[DP-bwdX] L=64 states=22 -> 29
[DP-bwdX] L=48 states=21 -> 27
[DP-fwdX] L=48 states=7 -> 11
[DP-bwdX] L=48 states=2 -> 3
[DP-bwdX] L=64 states=22 -> 29
[DP-fwdX] L=64 states=2 -> 3
[DP-fwdX] L=64 states=2 -> 3
[DP-fwdX] L=80 states=22 -> 29
[DP-fwdX] L=96 states=495 -> 543
[DP-bwdX] L=144 states=1 -> 1
[DP-bwdX] L=128 states=186 -> 230
[DP-bwdX] L=112 states=2991 -> 3395
[DP-fwdX] L=80 states=22 -> 29
[DP-bwdX] L=96 states=251 -> 322
[DP-fwdX] L=80 states=22 -> 29
[DP-bwdX] L=80 states=2 -> 3
[DP-bwdX] L=80 states=2 -> 3
[DP-bwdX] L=80 states=2 -> 3
[DP-fwdX] L=96 states=21 -> 27
[DP-bwdX] L=96 states=7 -> 11
[DP-bwdX] L=96 states=1 -> 1
[DP-fwdX] L=96 states=1 -> 1
[DP-fwdX] L=112 states=15 -> 21
[DP-bwdX] L=144 states=1 -> 1
[DP-bwdX] L=128 states=186 -> 230
[DP-fwdX] L=112 states=15 -> 21
[DP-bwdX] L=112 states=1 -> 2
[DP-bwdX] L=112 states=1 -> 2
[DP-fwdX] L=112 states=1 -> 2
[DP-fwdX] L=112 states=1 -> 2
[DP-fwdX] L=128 states=2 -> 3
[DP-bwdX] L=144 states=1 -> 1
[DP-fwdX] L=128 states=2 -> 3
[DP-bwdX] L=128 states=1 -> 3
[DP-fwdX] L=128 states=1 -> 2
[DP-bwdX] L=144 states=1 -> 1
[DP-bwdX] L=144 states=1 -> 1
[DP-bwdX] L=144 states=1 -> 1
[DP-bwdX] L=144 states=1 -> 1
  [Round 47] T_prime=16  T_target=12  HPWL_w=1224000  HPWL_eq=1206  maxL=21  WNS(T')=-5  WNS*(T)=-9  picked=262  solve_ms=967.849
[OC-Shortest/pow2] m=18 h=8 SEG=4 bits=72 words=2 threads=24
[DP-fwdX] L=0 states=1 -> 1
[DP-fwdX] L=16 states=186 -> 230
[DP-fwdX] L=32 states=2991 -> 3395
[DP-fwdX] L=48 states=14721 -> 15765
[DP-fwdX] L=64 states=30945 -> 31590
[DP-bwdX] L=144 states=1 -> 1
[DP-bwdX] L=128 states=186 -> 230
[DP-bwdX] L=112 states=2991 -> 3395
[DP-bwdX] L=96 states=14721 -> 15765
[DP-bwdX] L=80 states=30945 -> 31590
[DP-fwdX] L=0 states=1 -> 1
[DP-fwdX] L=16 states=186 -> 230
[DP-fwdX] L=32 states=2991 -> 3395
[DP-bwdX] L=64 states=22 -> 29
[DP-bwdX] L=48 states=495 -> 543
[DP-fwdX] L=0 states=1 -> 1
[DP-fwdX] L=16 states=186 -> 230
[DP-bwdX] L=32 states=12 -> 16
[DP-fwdX] L=0 states=1 -> 1
[DP-bwdX] L=16 states=4 -> 5
[DP-fwdX] L=0 states=1 -> 1
[DP-fwdX] L=0 states=1 -> 1
[DP-fwdX] L=0 states=1 -> 1
[DP-bwdX] L=16 states=4 -> 5
[DP-bwdX] L=16 states=4 -> 5
[DP-fwdX] L=16 states=1 -> 2
[DP-bwdX] L=32 states=12 -> 16
[DP-bwdX] L=32 states=12 -> 16
[DP-fwdX] L=32 states=2 -> 3
[DP-fwdX] L=48 states=156 -> 197
[DP-bwdX] L=64 states=22 -> 29
[DP-bwdX] L=48 states=21 -> 27
[DP-fwdX] L=48 states=7 -> 11
[DP-bwdX] L=48 states=2 -> 3
[DP-bwdX] L=64 states=22 -> 29
[DP-fwdX] L=64 states=2 -> 3
[DP-fwdX] L=64 states=2 -> 3
[DP-fwdX] L=80 states=22 -> 29
[DP-fwdX] L=96 states=495 -> 543
[DP-bwdX] L=144 states=1 -> 1
[DP-bwdX] L=128 states=186 -> 230
[DP-bwdX] L=112 states=2991 -> 3395
[DP-fwdX] L=80 states=22 -> 29
[DP-bwdX] L=96 states=156 -> 197
[DP-fwdX] L=80 states=22 -> 29
[DP-bwdX] L=80 states=2 -> 3
[DP-bwdX] L=80 states=2 -> 3
[DP-bwdX] L=80 states=2 -> 3
[DP-fwdX] L=96 states=21 -> 27
[DP-bwdX] L=96 states=7 -> 11
[DP-bwdX] L=96 states=1 -> 1
[DP-fwdX] L=96 states=1 -> 1
[DP-fwdX] L=112 states=12 -> 16
[DP-bwdX] L=144 states=1 -> 1
[DP-bwdX] L=128 states=186 -> 230
[DP-fwdX] L=112 states=12 -> 16
[DP-bwdX] L=112 states=1 -> 1
[DP-bwdX] L=112 states=1 -> 1
[DP-fwdX] L=112 states=1 -> 1
[DP-fwdX] L=112 states=1 -> 1
[DP-fwdX] L=128 states=4 -> 5
[DP-bwdX] L=144 states=1 -> 1
[DP-fwdX] L=128 states=4 -> 5
[DP-bwdX] L=128 states=1 -> 2
[DP-fwdX] L=128 states=1 -> 1
[DP-bwdX] L=144 states=1 -> 1
[DP-bwdX] L=144 states=1 -> 1
[DP-bwdX] L=144 states=1 -> 1
[DP-bwdX] L=144 states=1 -> 1
  [Round 48] T_prime=16  T_target=12  HPWL_w=1224000  HPWL_eq=1203  maxL=25  WNS(T')=-9  WNS*(T)=-13  picked=262  solve_ms=950.244
[OC-Shortest/pow2] m=18 h=8 SEG=4 bits=72 words=2 threads=24
[DP-fwdX] L=0 states=1 -> 1
[DP-fwdX] L=16 states=186 -> 230
[DP-fwdX] L=32 states=2991 -> 3395
[DP-fwdX] L=48 states=14721 -> 15765
[DP-fwdX] L=64 states=30945 -> 31590
[DP-bwdX] L=144 states=1 -> 1
[DP-bwdX] L=128 states=186 -> 230
[DP-bwdX] L=112 states=2991 -> 3395
[DP-bwdX] L=96 states=14721 -> 15765
[DP-bwdX] L=80 states=30945 -> 31590
[DP-fwdX] L=0 states=1 -> 1
[DP-fwdX] L=16 states=186 -> 230
[DP-fwdX] L=32 states=2991 -> 3395
[DP-bwdX] L=64 states=22 -> 29
[DP-bwdX] L=48 states=495 -> 543
[DP-fwdX] L=0 states=1 -> 1
[DP-fwdX] L=16 states=186 -> 230
[DP-bwdX] L=32 states=15 -> 21
[DP-fwdX] L=0 states=1 -> 1
[DP-bwdX] L=16 states=4 -> 6
[DP-fwdX] L=0 states=1 -> 1
[DP-fwdX] L=0 states=1 -> 1
[DP-fwdX] L=0 states=1 -> 1
[DP-bwdX] L=16 states=4 -> 6
[DP-bwdX] L=16 states=4 -> 6
[DP-fwdX] L=16 states=1 -> 3
[DP-bwdX] L=32 states=15 -> 21
[DP-bwdX] L=32 states=15 -> 21
[DP-fwdX] L=32 states=3 -> 6
[DP-fwdX] L=48 states=251 -> 322
[DP-bwdX] L=64 states=22 -> 29
[DP-bwdX] L=48 states=21 -> 27
[DP-fwdX] L=48 states=7 -> 11
[DP-bwdX] L=48 states=2 -> 3
[DP-bwdX] L=64 states=22 -> 29
[DP-fwdX] L=64 states=2 -> 3
[DP-fwdX] L=64 states=2 -> 3
[DP-fwdX] L=80 states=22 -> 29
[DP-fwdX] L=96 states=495 -> 543
[DP-bwdX] L=144 states=1 -> 1
[DP-bwdX] L=128 states=186 -> 230
[DP-bwdX] L=112 states=2991 -> 3395
[DP-fwdX] L=80 states=22 -> 29
[DP-bwdX] L=96 states=251 -> 322
[DP-fwdX] L=80 states=22 -> 29
[DP-bwdX] L=80 states=2 -> 3
[DP-bwdX] L=80 states=2 -> 3
[DP-bwdX] L=80 states=2 -> 3
[DP-fwdX] L=96 states=21 -> 27
[DP-bwdX] L=96 states=7 -> 11
[DP-bwdX] L=96 states=1 -> 1
[DP-fwdX] L=96 states=1 -> 1
[DP-fwdX] L=112 states=15 -> 21
[DP-bwdX] L=144 states=1 -> 1
[DP-bwdX] L=128 states=186 -> 230
[DP-fwdX] L=112 states=15 -> 21
[DP-bwdX] L=112 states=1 -> 2
[DP-bwdX] L=112 states=1 -> 2
[DP-fwdX] L=112 states=1 -> 2
[DP-fwdX] L=112 states=1 -> 2
[DP-fwdX] L=128 states=2 -> 3
[DP-bwdX] L=144 states=1 -> 1
[DP-fwdX] L=128 states=2 -> 3
[DP-bwdX] L=128 states=1 -> 3
[DP-fwdX] L=128 states=1 -> 2
[DP-bwdX] L=144 states=1 -> 1
[DP-bwdX] L=144 states=1 -> 1
[DP-bwdX] L=144 states=1 -> 1
[DP-bwdX] L=144 states=1 -> 1
  [Round 49] T_prime=16  T_target=12  HPWL_w=1224000  HPWL_eq=1206  maxL=21  WNS(T')=-5  WNS*(T)=-9  picked=262  solve_ms=921.827
[OC-Shortest/pow2] m=18 h=8 SEG=4 bits=72 words=2 threads=24
[DP-fwdX] L=0 states=1 -> 1
[DP-fwdX] L=16 states=186 -> 230
[DP-fwdX] L=32 states=2991 -> 3395
[DP-fwdX] L=48 states=14721 -> 15765
[DP-fwdX] L=64 states=30945 -> 31590
[DP-bwdX] L=144 states=1 -> 1
[DP-bwdX] L=128 states=186 -> 230
[DP-bwdX] L=112 states=2991 -> 3395
[DP-bwdX] L=96 states=14721 -> 15765
[DP-bwdX] L=80 states=30945 -> 31590
[DP-fwdX] L=0 states=1 -> 1
[DP-fwdX] L=16 states=186 -> 230
[DP-fwdX] L=32 states=2991 -> 3395
[DP-bwdX] L=64 states=22 -> 29
[DP-bwdX] L=48 states=495 -> 543
[DP-fwdX] L=0 states=1 -> 1
[DP-fwdX] L=16 states=186 -> 230
[DP-bwdX] L=32 states=12 -> 16
[DP-fwdX] L=0 states=1 -> 1
[DP-bwdX] L=16 states=4 -> 5
[DP-fwdX] L=0 states=1 -> 1
[DP-fwdX] L=0 states=1 -> 1
[DP-fwdX] L=0 states=1 -> 1
[DP-bwdX] L=16 states=4 -> 5
[DP-bwdX] L=16 states=4 -> 5
[DP-fwdX] L=16 states=1 -> 2
[DP-bwdX] L=32 states=12 -> 16
[DP-bwdX] L=32 states=12 -> 16
[DP-fwdX] L=32 states=2 -> 3
[DP-fwdX] L=48 states=156 -> 197
[DP-bwdX] L=64 states=22 -> 29
[DP-bwdX] L=48 states=21 -> 27
[DP-fwdX] L=48 states=7 -> 11
[DP-bwdX] L=48 states=2 -> 3
[DP-bwdX] L=64 states=22 -> 29
[DP-fwdX] L=64 states=2 -> 3
[DP-fwdX] L=64 states=2 -> 3
[DP-fwdX] L=80 states=22 -> 29
[DP-fwdX] L=96 states=495 -> 543
[DP-bwdX] L=144 states=1 -> 1
[DP-bwdX] L=128 states=186 -> 230
[DP-bwdX] L=112 states=2991 -> 3395
[DP-fwdX] L=80 states=22 -> 29
[DP-bwdX] L=96 states=156 -> 197
[DP-fwdX] L=80 states=22 -> 29
[DP-bwdX] L=80 states=2 -> 3
[DP-bwdX] L=80 states=2 -> 3
[DP-bwdX] L=80 states=2 -> 3
[DP-fwdX] L=96 states=21 -> 27
[DP-bwdX] L=96 states=7 -> 11
[DP-bwdX] L=96 states=1 -> 1
[DP-fwdX] L=96 states=1 -> 1
[DP-fwdX] L=112 states=12 -> 16
[DP-bwdX] L=144 states=1 -> 1
[DP-bwdX] L=128 states=186 -> 230
[DP-fwdX] L=112 states=12 -> 16
[DP-bwdX] L=112 states=1 -> 1
[DP-bwdX] L=112 states=1 -> 1
[DP-fwdX] L=112 states=1 -> 1
[DP-fwdX] L=112 states=1 -> 1
[DP-fwdX] L=128 states=4 -> 5
[DP-bwdX] L=144 states=1 -> 1
[DP-fwdX] L=128 states=4 -> 5
[DP-bwdX] L=128 states=1 -> 2
[DP-fwdX] L=128 states=1 -> 1
[DP-bwdX] L=144 states=1 -> 1
[DP-bwdX] L=144 states=1 -> 1
[DP-bwdX] L=144 states=1 -> 1
[DP-bwdX] L=144 states=1 -> 1
  [Round 50] T_prime=16  T_target=12  HPWL_w=1224000  HPWL_eq=1203  maxL=25  WNS(T')=-9  WNS*(T)=-13  picked=262  solve_ms=919.717
[OC-Shortest/pow2] m=18 h=8 SEG=4 bits=72 words=2 threads=24
[DP-fwdX] L=0 states=1 -> 1
[DP-fwdX] L=16 states=186 -> 230
[DP-fwdX] L=32 states=2991 -> 3395
[DP-fwdX] L=48 states=14721 -> 15765
[DP-fwdX] L=64 states=30945 -> 31590
[DP-bwdX] L=144 states=1 -> 1
[DP-bwdX] L=128 states=186 -> 230
[DP-bwdX] L=112 states=2991 -> 3395
[DP-bwdX] L=96 states=14721 -> 15765
[DP-bwdX] L=80 states=30945 -> 31590
[DP-fwdX] L=0 states=1 -> 1
[DP-fwdX] L=16 states=186 -> 230
[DP-fwdX] L=32 states=2991 -> 3395
[DP-bwdX] L=64 states=22 -> 29
[DP-bwdX] L=48 states=495 -> 543
[DP-fwdX] L=0 states=1 -> 1
[DP-fwdX] L=16 states=186 -> 230
[DP-bwdX] L=32 states=15 -> 21
[DP-fwdX] L=0 states=1 -> 1
[DP-bwdX] L=16 states=4 -> 6
[DP-fwdX] L=0 states=1 -> 1
[DP-fwdX] L=0 states=1 -> 1
[DP-fwdX] L=0 states=1 -> 1
[DP-bwdX] L=16 states=4 -> 6
[DP-bwdX] L=16 states=4 -> 6
[DP-fwdX] L=16 states=1 -> 3
[DP-bwdX] L=32 states=15 -> 21
[DP-bwdX] L=32 states=15 -> 21
[DP-fwdX] L=32 states=3 -> 6
[DP-fwdX] L=48 states=251 -> 322
[DP-bwdX] L=64 states=22 -> 29
[DP-bwdX] L=48 states=21 -> 27
[DP-fwdX] L=48 states=7 -> 11
[DP-bwdX] L=48 states=2 -> 3
[DP-bwdX] L=64 states=22 -> 29
[DP-fwdX] L=64 states=2 -> 3
[DP-fwdX] L=64 states=2 -> 3
[DP-fwdX] L=80 states=22 -> 29
[DP-fwdX] L=96 states=495 -> 543
[DP-bwdX] L=144 states=1 -> 1
[DP-bwdX] L=128 states=186 -> 230
[DP-bwdX] L=112 states=2991 -> 3395
[DP-fwdX] L=80 states=22 -> 29
[DP-bwdX] L=96 states=251 -> 322
[DP-fwdX] L=80 states=22 -> 29
[DP-bwdX] L=80 states=2 -> 3
[DP-bwdX] L=80 states=2 -> 3
[DP-bwdX] L=80 states=2 -> 3
[DP-fwdX] L=96 states=21 -> 27
[DP-bwdX] L=96 states=7 -> 11
[DP-bwdX] L=96 states=1 -> 1
[DP-fwdX] L=96 states=1 -> 1
[DP-fwdX] L=112 states=15 -> 21
[DP-bwdX] L=144 states=1 -> 1
[DP-bwdX] L=128 states=186 -> 230
[DP-fwdX] L=112 states=15 -> 21
[DP-bwdX] L=112 states=1 -> 2
[DP-bwdX] L=112 states=1 -> 2
[DP-fwdX] L=112 states=1 -> 2
[DP-fwdX] L=112 states=1 -> 2
[DP-fwdX] L=128 states=2 -> 3
[DP-bwdX] L=144 states=1 -> 1
[DP-fwdX] L=128 states=2 -> 3
[DP-bwdX] L=128 states=1 -> 3
[DP-fwdX] L=128 states=1 -> 2
[DP-bwdX] L=144 states=1 -> 1
[DP-bwdX] L=144 states=1 -> 1
[DP-bwdX] L=144 states=1 -> 1
[DP-bwdX] L=144 states=1 -> 1
  [Round 51] T_prime=16  T_target=12  HPWL_w=1224000  HPWL_eq=1206  maxL=21  WNS(T')=-5  WNS*(T)=-9  picked=262  solve_ms=908.416
[OC-Shortest/pow2] m=18 h=8 SEG=4 bits=72 words=2 threads=24
[DP-fwdX] L=0 states=1 -> 1
[DP-fwdX] L=16 states=186 -> 230
[DP-fwdX] L=32 states=2991 -> 3395
[DP-fwdX] L=48 states=14721 -> 15765
[DP-fwdX] L=64 states=30945 -> 31590
[DP-bwdX] L=144 states=1 -> 1
[DP-bwdX] L=128 states=186 -> 230
[DP-bwdX] L=112 states=2991 -> 3395
[DP-bwdX] L=96 states=14721 -> 15765
[DP-bwdX] L=80 states=30945 -> 31590
[DP-fwdX] L=0 states=1 -> 1
[DP-fwdX] L=16 states=186 -> 230
[DP-fwdX] L=32 states=2991 -> 3395
[DP-bwdX] L=64 states=22 -> 29
[DP-bwdX] L=48 states=495 -> 543
[DP-fwdX] L=0 states=1 -> 1
[DP-fwdX] L=16 states=186 -> 230
[DP-bwdX] L=32 states=12 -> 16
[DP-fwdX] L=0 states=1 -> 1
[DP-bwdX] L=16 states=4 -> 5
[DP-fwdX] L=0 states=1 -> 1
[DP-fwdX] L=0 states=1 -> 1
[DP-fwdX] L=0 states=1 -> 1
[DP-bwdX] L=16 states=4 -> 5
[DP-bwdX] L=16 states=4 -> 5
[DP-fwdX] L=16 states=1 -> 2
[DP-bwdX] L=32 states=12 -> 16
[DP-bwdX] L=32 states=12 -> 16
[DP-fwdX] L=32 states=2 -> 3
[DP-fwdX] L=48 states=156 -> 197
[DP-bwdX] L=64 states=22 -> 29
[DP-bwdX] L=48 states=21 -> 27
[DP-fwdX] L=48 states=7 -> 11
[DP-bwdX] L=48 states=2 -> 3
[DP-bwdX] L=64 states=22 -> 29
[DP-fwdX] L=64 states=2 -> 3
[DP-fwdX] L=64 states=2 -> 3
[DP-fwdX] L=80 states=22 -> 29
[DP-fwdX] L=96 states=495 -> 543
[DP-bwdX] L=144 states=1 -> 1
[DP-bwdX] L=128 states=186 -> 230
[DP-bwdX] L=112 states=2991 -> 3395
[DP-fwdX] L=80 states=22 -> 29
[DP-bwdX] L=96 states=156 -> 197
[DP-fwdX] L=80 states=22 -> 29
[DP-bwdX] L=80 states=2 -> 3
[DP-bwdX] L=80 states=2 -> 3
[DP-bwdX] L=80 states=2 -> 3
[DP-fwdX] L=96 states=21 -> 27
[DP-bwdX] L=96 states=7 -> 11
[DP-bwdX] L=96 states=1 -> 1
[DP-fwdX] L=96 states=1 -> 1
[DP-fwdX] L=112 states=12 -> 16
[DP-bwdX] L=144 states=1 -> 1
[DP-bwdX] L=128 states=186 -> 230
[DP-fwdX] L=112 states=12 -> 16
[DP-bwdX] L=112 states=1 -> 1
[DP-bwdX] L=112 states=1 -> 1
[DP-fwdX] L=112 states=1 -> 1
[DP-fwdX] L=112 states=1 -> 1
[DP-fwdX] L=128 states=4 -> 5
[DP-bwdX] L=144 states=1 -> 1
[DP-fwdX] L=128 states=4 -> 5
[DP-bwdX] L=128 states=1 -> 2
[DP-fwdX] L=128 states=1 -> 1
[DP-bwdX] L=144 states=1 -> 1
[DP-bwdX] L=144 states=1 -> 1
[DP-bwdX] L=144 states=1 -> 1
[DP-bwdX] L=144 states=1 -> 1
  [Round 52] T_prime=16  T_target=12  HPWL_w=1224000  HPWL_eq=1203  maxL=25  WNS(T')=-9  WNS*(T)=-13  picked=262  solve_ms=912.733
[OC-Shortest/pow2] m=18 h=8 SEG=4 bits=72 words=2 threads=24
[DP-fwdX] L=0 states=1 -> 1
[DP-fwdX] L=16 states=186 -> 230
[DP-fwdX] L=32 states=2991 -> 3395
[DP-fwdX] L=48 states=14721 -> 15765
[DP-fwdX] L=64 states=30945 -> 31590
[DP-bwdX] L=144 states=1 -> 1
[DP-bwdX] L=128 states=186 -> 230
[DP-bwdX] L=112 states=2991 -> 3395
[DP-bwdX] L=96 states=14721 -> 15765
[DP-bwdX] L=80 states=30945 -> 31590
[DP-fwdX] L=0 states=1 -> 1
[DP-fwdX] L=16 states=186 -> 230
[DP-fwdX] L=32 states=2991 -> 3395
[DP-bwdX] L=64 states=22 -> 29
[DP-bwdX] L=48 states=495 -> 543
[DP-fwdX] L=0 states=1 -> 1
[DP-fwdX] L=16 states=186 -> 230
[DP-bwdX] L=32 states=15 -> 21
[DP-fwdX] L=0 states=1 -> 1
[DP-bwdX] L=16 states=4 -> 6
[DP-fwdX] L=0 states=1 -> 1
[DP-fwdX] L=0 states=1 -> 1
[DP-fwdX] L=0 states=1 -> 1
[DP-bwdX] L=16 states=4 -> 6
[DP-bwdX] L=16 states=4 -> 6
[DP-fwdX] L=16 states=1 -> 3
[DP-bwdX] L=32 states=15 -> 21
[DP-bwdX] L=32 states=15 -> 21
[DP-fwdX] L=32 states=3 -> 6
[DP-fwdX] L=48 states=251 -> 322
[DP-bwdX] L=64 states=22 -> 29
[DP-bwdX] L=48 states=21 -> 27
[DP-fwdX] L=48 states=7 -> 11
[DP-bwdX] L=48 states=2 -> 3
[DP-bwdX] L=64 states=22 -> 29
[DP-fwdX] L=64 states=2 -> 3
[DP-fwdX] L=64 states=2 -> 3
[DP-fwdX] L=80 states=22 -> 29
[DP-fwdX] L=96 states=495 -> 543
[DP-bwdX] L=144 states=1 -> 1
[DP-bwdX] L=128 states=186 -> 230
[DP-bwdX] L=112 states=2991 -> 3395
[DP-fwdX] L=80 states=22 -> 29
[DP-bwdX] L=96 states=251 -> 322
[DP-fwdX] L=80 states=22 -> 29
[DP-bwdX] L=80 states=2 -> 3
[DP-bwdX] L=80 states=2 -> 3
[DP-bwdX] L=80 states=2 -> 3
[DP-fwdX] L=96 states=21 -> 27
[DP-bwdX] L=96 states=7 -> 11
[DP-bwdX] L=96 states=1 -> 1
[DP-fwdX] L=96 states=1 -> 1
[DP-fwdX] L=112 states=15 -> 21
[DP-bwdX] L=144 states=1 -> 1
[DP-bwdX] L=128 states=186 -> 230
[DP-fwdX] L=112 states=15 -> 21
[DP-bwdX] L=112 states=1 -> 2
[DP-bwdX] L=112 states=1 -> 2
[DP-fwdX] L=112 states=1 -> 2
[DP-fwdX] L=112 states=1 -> 2
[DP-fwdX] L=128 states=2 -> 3
[DP-bwdX] L=144 states=1 -> 1
[DP-fwdX] L=128 states=2 -> 3
[DP-bwdX] L=128 states=1 -> 3
[DP-fwdX] L=128 states=1 -> 2
[DP-bwdX] L=144 states=1 -> 1
[DP-bwdX] L=144 states=1 -> 1
[DP-bwdX] L=144 states=1 -> 1
[DP-bwdX] L=144 states=1 -> 1
  [Round 53] T_prime=16  T_target=12  HPWL_w=1224000  HPWL_eq=1206  maxL=21  WNS(T')=-5  WNS*(T)=-9  picked=262  solve_ms=898.838
[OC-Shortest/pow2] m=18 h=8 SEG=4 bits=72 words=2 threads=24
[DP-fwdX] L=0 states=1 -> 1
[DP-fwdX] L=16 states=186 -> 230
[DP-fwdX] L=32 states=2991 -> 3395
[DP-fwdX] L=48 states=14721 -> 15765
[DP-fwdX] L=64 states=30945 -> 31590
[DP-bwdX] L=144 states=1 -> 1
[DP-bwdX] L=128 states=186 -> 230
[DP-bwdX] L=112 states=2991 -> 3395
[DP-bwdX] L=96 states=14721 -> 15765
[DP-bwdX] L=80 states=30945 -> 31590
[DP-fwdX] L=0 states=1 -> 1
[DP-fwdX] L=16 states=186 -> 230
[DP-fwdX] L=32 states=2991 -> 3395
[DP-bwdX] L=64 states=22 -> 29
[DP-bwdX] L=48 states=495 -> 543
[DP-fwdX] L=0 states=1 -> 1
[DP-fwdX] L=16 states=186 -> 230
[DP-bwdX] L=32 states=12 -> 16
[DP-fwdX] L=0 states=1 -> 1
[DP-bwdX] L=16 states=4 -> 5
[DP-fwdX] L=0 states=1 -> 1
[DP-fwdX] L=0 states=1 -> 1
[DP-fwdX] L=0 states=1 -> 1
[DP-bwdX] L=16 states=4 -> 5
[DP-bwdX] L=16 states=4 -> 5
[DP-fwdX] L=16 states=1 -> 2
[DP-bwdX] L=32 states=12 -> 16
[DP-bwdX] L=32 states=12 -> 16
[DP-fwdX] L=32 states=2 -> 3
[DP-fwdX] L=48 states=156 -> 197
[DP-bwdX] L=64 states=22 -> 29
[DP-bwdX] L=48 states=21 -> 27
[DP-fwdX] L=48 states=7 -> 11
[DP-bwdX] L=48 states=2 -> 3
[DP-bwdX] L=64 states=22 -> 29
[DP-fwdX] L=64 states=2 -> 3
[DP-fwdX] L=64 states=2 -> 3
[DP-fwdX] L=80 states=22 -> 29
[DP-fwdX] L=96 states=495 -> 543
[DP-bwdX] L=144 states=1 -> 1
[DP-bwdX] L=128 states=186 -> 230
[DP-bwdX] L=112 states=2991 -> 3395
[DP-fwdX] L=80 states=22 -> 29
[DP-bwdX] L=96 states=156 -> 197
[DP-fwdX] L=80 states=22 -> 29
[DP-bwdX] L=80 states=2 -> 3
[DP-bwdX] L=80 states=2 -> 3
[DP-bwdX] L=80 states=2 -> 3
[DP-fwdX] L=96 states=21 -> 27
[DP-bwdX] L=96 states=7 -> 11
[DP-bwdX] L=96 states=1 -> 1
[DP-fwdX] L=96 states=1 -> 1
[DP-fwdX] L=112 states=12 -> 16
[DP-bwdX] L=144 states=1 -> 1
[DP-bwdX] L=128 states=186 -> 230
[DP-fwdX] L=112 states=12 -> 16
[DP-bwdX] L=112 states=1 -> 1
[DP-bwdX] L=112 states=1 -> 1
[DP-fwdX] L=112 states=1 -> 1
[DP-fwdX] L=112 states=1 -> 1
[DP-fwdX] L=128 states=4 -> 5
[DP-bwdX] L=144 states=1 -> 1
[DP-fwdX] L=128 states=4 -> 5
[DP-bwdX] L=128 states=1 -> 2
[DP-fwdX] L=128 states=1 -> 1
[DP-bwdX] L=144 states=1 -> 1
[DP-bwdX] L=144 states=1 -> 1
[DP-bwdX] L=144 states=1 -> 1
[DP-bwdX] L=144 states=1 -> 1
  [Round 54] T_prime=16  T_target=12  HPWL_w=1224000  HPWL_eq=1203  maxL=25  WNS(T')=-9  WNS*(T)=-13  picked=262  solve_ms=912.677
[OC-Shortest/pow2] m=18 h=8 SEG=4 bits=72 words=2 threads=24
[DP-fwdX] L=0 states=1 -> 1
[DP-fwdX] L=16 states=186 -> 230
[DP-fwdX] L=32 states=2991 -> 3395
[DP-fwdX] L=48 states=14721 -> 15765
[DP-fwdX] L=64 states=30945 -> 31590
[DP-bwdX] L=144 states=1 -> 1
[DP-bwdX] L=128 states=186 -> 230
[DP-bwdX] L=112 states=2991 -> 3395
[DP-bwdX] L=96 states=14721 -> 15765
[DP-bwdX] L=80 states=30945 -> 31590
[DP-fwdX] L=0 states=1 -> 1
[DP-fwdX] L=16 states=186 -> 230
[DP-fwdX] L=32 states=2991 -> 3395
[DP-bwdX] L=64 states=22 -> 29
[DP-bwdX] L=48 states=495 -> 543
[DP-fwdX] L=0 states=1 -> 1
[DP-fwdX] L=16 states=186 -> 230
[DP-bwdX] L=32 states=15 -> 21
[DP-fwdX] L=0 states=1 -> 1
[DP-bwdX] L=16 states=4 -> 6
[DP-fwdX] L=0 states=1 -> 1
[DP-fwdX] L=0 states=1 -> 1
[DP-fwdX] L=0 states=1 -> 1
[DP-bwdX] L=16 states=4 -> 6
[DP-bwdX] L=16 states=4 -> 6
[DP-fwdX] L=16 states=1 -> 3
[DP-bwdX] L=32 states=15 -> 21
[DP-bwdX] L=32 states=15 -> 21
[DP-fwdX] L=32 states=3 -> 6
[DP-fwdX] L=48 states=251 -> 322
[DP-bwdX] L=64 states=22 -> 29
[DP-bwdX] L=48 states=21 -> 27
[DP-fwdX] L=48 states=7 -> 11
[DP-bwdX] L=48 states=2 -> 3
[DP-bwdX] L=64 states=22 -> 29
[DP-fwdX] L=64 states=2 -> 3
[DP-fwdX] L=64 states=2 -> 3
[DP-fwdX] L=80 states=22 -> 29
[DP-fwdX] L=96 states=495 -> 543
[DP-bwdX] L=144 states=1 -> 1
[DP-bwdX] L=128 states=186 -> 230
[DP-bwdX] L=112 states=2991 -> 3395
[DP-fwdX] L=80 states=22 -> 29
[DP-bwdX] L=96 states=251 -> 322
[DP-fwdX] L=80 states=22 -> 29
[DP-bwdX] L=80 states=2 -> 3
[DP-bwdX] L=80 states=2 -> 3
[DP-bwdX] L=80 states=2 -> 3
[DP-fwdX] L=96 states=21 -> 27
[DP-bwdX] L=96 states=7 -> 11
[DP-bwdX] L=96 states=1 -> 1
[DP-fwdX] L=96 states=1 -> 1
[DP-fwdX] L=112 states=15 -> 21
[DP-bwdX] L=144 states=1 -> 1
[DP-bwdX] L=128 states=186 -> 230
[DP-fwdX] L=112 states=15 -> 21
[DP-bwdX] L=112 states=1 -> 2
[DP-bwdX] L=112 states=1 -> 2
[DP-fwdX] L=112 states=1 -> 2
[DP-fwdX] L=112 states=1 -> 2
[DP-fwdX] L=128 states=2 -> 3
[DP-bwdX] L=144 states=1 -> 1
[DP-fwdX] L=128 states=2 -> 3
[DP-bwdX] L=128 states=1 -> 3
[DP-fwdX] L=128 states=1 -> 2
[DP-bwdX] L=144 states=1 -> 1
[DP-bwdX] L=144 states=1 -> 1
[DP-bwdX] L=144 states=1 -> 1
[DP-bwdX] L=144 states=1 -> 1
  [Round 55] T_prime=16  T_target=12  HPWL_w=1224000  HPWL_eq=1206  maxL=21  WNS(T')=-5  WNS*(T)=-9  picked=262  solve_ms=924.33
[OC-Shortest/pow2] m=18 h=8 SEG=4 bits=72 words=2 threads=24
[DP-fwdX] L=0 states=1 -> 1
[DP-fwdX] L=16 states=186 -> 230
[DP-fwdX] L=32 states=2991 -> 3395
[DP-fwdX] L=48 states=14721 -> 15765
[DP-fwdX] L=64 states=30945 -> 31590
[DP-bwdX] L=144 states=1 -> 1
[DP-bwdX] L=128 states=186 -> 230
[DP-bwdX] L=112 states=2991 -> 3395
[DP-bwdX] L=96 states=14721 -> 15765
[DP-bwdX] L=80 states=30945 -> 31590
[DP-fwdX] L=0 states=1 -> 1
[DP-fwdX] L=16 states=186 -> 230
[DP-fwdX] L=32 states=2991 -> 3395
[DP-bwdX] L=64 states=22 -> 29
[DP-bwdX] L=48 states=495 -> 543
[DP-fwdX] L=0 states=1 -> 1
[DP-fwdX] L=16 states=186 -> 230
[DP-bwdX] L=32 states=12 -> 16
[DP-fwdX] L=0 states=1 -> 1
[DP-bwdX] L=16 states=4 -> 5
[DP-fwdX] L=0 states=1 -> 1
[DP-fwdX] L=0 states=1 -> 1
[DP-fwdX] L=0 states=1 -> 1
[DP-bwdX] L=16 states=4 -> 5
[DP-bwdX] L=16 states=4 -> 5
[DP-fwdX] L=16 states=1 -> 2
[DP-bwdX] L=32 states=12 -> 16
[DP-bwdX] L=32 states=12 -> 16
[DP-fwdX] L=32 states=2 -> 3
[DP-fwdX] L=48 states=156 -> 197
[DP-bwdX] L=64 states=22 -> 29
[DP-bwdX] L=48 states=21 -> 27
[DP-fwdX] L=48 states=7 -> 11
[DP-bwdX] L=48 states=2 -> 3
[DP-bwdX] L=64 states=22 -> 29
[DP-fwdX] L=64 states=2 -> 3
[DP-fwdX] L=64 states=2 -> 3
[DP-fwdX] L=80 states=22 -> 29
[DP-fwdX] L=96 states=495 -> 543
[DP-bwdX] L=144 states=1 -> 1
[DP-bwdX] L=128 states=186 -> 230
[DP-bwdX] L=112 states=2991 -> 3395
[DP-fwdX] L=80 states=22 -> 29
[DP-bwdX] L=96 states=156 -> 197
[DP-fwdX] L=80 states=22 -> 29
[DP-bwdX] L=80 states=2 -> 3
[DP-bwdX] L=80 states=2 -> 3
[DP-bwdX] L=80 states=2 -> 3
[DP-fwdX] L=96 states=21 -> 27
[DP-bwdX] L=96 states=7 -> 11
[DP-bwdX] L=96 states=1 -> 1
[DP-fwdX] L=96 states=1 -> 1
[DP-fwdX] L=112 states=12 -> 16
[DP-bwdX] L=144 states=1 -> 1
[DP-bwdX] L=128 states=186 -> 230
[DP-fwdX] L=112 states=12 -> 16
[DP-bwdX] L=112 states=1 -> 1
[DP-bwdX] L=112 states=1 -> 1
[DP-fwdX] L=112 states=1 -> 1
[DP-fwdX] L=112 states=1 -> 1
[DP-fwdX] L=128 states=4 -> 5
[DP-bwdX] L=144 states=1 -> 1
[DP-fwdX] L=128 states=4 -> 5
[DP-bwdX] L=128 states=1 -> 2
[DP-fwdX] L=128 states=1 -> 1
[DP-bwdX] L=144 states=1 -> 1
[DP-bwdX] L=144 states=1 -> 1
[DP-bwdX] L=144 states=1 -> 1
[DP-bwdX] L=144 states=1 -> 1
  [Round 56] T_prime=16  T_target=12  HPWL_w=1224000  HPWL_eq=1203  maxL=25  WNS(T')=-9  WNS*(T)=-13  picked=262  solve_ms=942.889
[OC-Shortest/pow2] m=18 h=8 SEG=4 bits=72 words=2 threads=24
[DP-fwdX] L=0 states=1 -> 1
[DP-fwdX] L=16 states=186 -> 230
[DP-fwdX] L=32 states=2991 -> 3395
[DP-fwdX] L=48 states=14721 -> 15765
[DP-fwdX] L=64 states=30945 -> 31590
[DP-bwdX] L=144 states=1 -> 1
[DP-bwdX] L=128 states=186 -> 230
[DP-bwdX] L=112 states=2991 -> 3395
[DP-bwdX] L=96 states=14721 -> 15765
[DP-bwdX] L=80 states=30945 -> 31590
[DP-fwdX] L=0 states=1 -> 1
[DP-fwdX] L=16 states=186 -> 230
[DP-fwdX] L=32 states=2991 -> 3395
[DP-bwdX] L=64 states=22 -> 29
[DP-bwdX] L=48 states=495 -> 543
[DP-fwdX] L=0 states=1 -> 1
[DP-fwdX] L=16 states=186 -> 230
[DP-bwdX] L=32 states=15 -> 21
[DP-fwdX] L=0 states=1 -> 1
[DP-bwdX] L=16 states=4 -> 6
[DP-fwdX] L=0 states=1 -> 1
[DP-fwdX] L=0 states=1 -> 1
[DP-fwdX] L=0 states=1 -> 1
[DP-bwdX] L=16 states=4 -> 6
[DP-bwdX] L=16 states=4 -> 6
[DP-fwdX] L=16 states=1 -> 3
[DP-bwdX] L=32 states=15 -> 21
[DP-bwdX] L=32 states=15 -> 21
[DP-fwdX] L=32 states=3 -> 6
[DP-fwdX] L=48 states=251 -> 322
[DP-bwdX] L=64 states=22 -> 29
[DP-bwdX] L=48 states=21 -> 27
[DP-fwdX] L=48 states=7 -> 11
[DP-bwdX] L=48 states=2 -> 3
[DP-bwdX] L=64 states=22 -> 29
[DP-fwdX] L=64 states=2 -> 3
[DP-fwdX] L=64 states=2 -> 3
[DP-fwdX] L=80 states=22 -> 29
[DP-fwdX] L=96 states=495 -> 543
[DP-bwdX] L=144 states=1 -> 1
[DP-bwdX] L=128 states=186 -> 230
[DP-bwdX] L=112 states=2991 -> 3395
[DP-fwdX] L=80 states=22 -> 29
[DP-bwdX] L=96 states=251 -> 322
[DP-fwdX] L=80 states=22 -> 29
[DP-bwdX] L=80 states=2 -> 3
[DP-bwdX] L=80 states=2 -> 3
[DP-bwdX] L=80 states=2 -> 3
[DP-fwdX] L=96 states=21 -> 27
[DP-bwdX] L=96 states=7 -> 11
[DP-bwdX] L=96 states=1 -> 1
[DP-fwdX] L=96 states=1 -> 1
[DP-fwdX] L=112 states=15 -> 21
[DP-bwdX] L=144 states=1 -> 1
[DP-bwdX] L=128 states=186 -> 230
[DP-fwdX] L=112 states=15 -> 21
[DP-bwdX] L=112 states=1 -> 2
[DP-bwdX] L=112 states=1 -> 2
[DP-fwdX] L=112 states=1 -> 2
[DP-fwdX] L=112 states=1 -> 2
[DP-fwdX] L=128 states=2 -> 3
[DP-bwdX] L=144 states=1 -> 1
[DP-fwdX] L=128 states=2 -> 3
[DP-bwdX] L=128 states=1 -> 3
[DP-fwdX] L=128 states=1 -> 2
[DP-bwdX] L=144 states=1 -> 1
[DP-bwdX] L=144 states=1 -> 1
[DP-bwdX] L=144 states=1 -> 1
[DP-bwdX] L=144 states=1 -> 1
  [Round 57] T_prime=16  T_target=12  HPWL_w=1224000  HPWL_eq=1206  maxL=21  WNS(T')=-5  WNS*(T)=-9  picked=262  solve_ms=955.584
[OC-Shortest/pow2] m=18 h=8 SEG=4 bits=72 words=2 threads=24
[DP-fwdX] L=0 states=1 -> 1
[DP-fwdX] L=16 states=186 -> 230
[DP-fwdX] L=32 states=2991 -> 3395
[DP-fwdX] L=48 states=14721 -> 15765
[DP-fwdX] L=64 states=30945 -> 31590
[DP-bwdX] L=144 states=1 -> 1
[DP-bwdX] L=128 states=186 -> 230
[DP-bwdX] L=112 states=2991 -> 3395
[DP-bwdX] L=96 states=14721 -> 15765
[DP-bwdX] L=80 states=30945 -> 31590
[DP-fwdX] L=0 states=1 -> 1
[DP-fwdX] L=16 states=186 -> 230
[DP-fwdX] L=32 states=2991 -> 3395
[DP-bwdX] L=64 states=22 -> 29
[DP-bwdX] L=48 states=495 -> 543
[DP-fwdX] L=0 states=1 -> 1
[DP-fwdX] L=16 states=186 -> 230
[DP-bwdX] L=32 states=12 -> 16
[DP-fwdX] L=0 states=1 -> 1
[DP-bwdX] L=16 states=4 -> 5
[DP-fwdX] L=0 states=1 -> 1
[DP-fwdX] L=0 states=1 -> 1
[DP-fwdX] L=0 states=1 -> 1
[DP-bwdX] L=16 states=4 -> 5
[DP-bwdX] L=16 states=4 -> 5
[DP-fwdX] L=16 states=1 -> 2
[DP-bwdX] L=32 states=12 -> 16
[DP-bwdX] L=32 states=12 -> 16
[DP-fwdX] L=32 states=2 -> 3
[DP-fwdX] L=48 states=156 -> 197
[DP-bwdX] L=64 states=22 -> 29
[DP-bwdX] L=48 states=21 -> 27
[DP-fwdX] L=48 states=7 -> 11
[DP-bwdX] L=48 states=2 -> 3
[DP-bwdX] L=64 states=22 -> 29
[DP-fwdX] L=64 states=2 -> 3
[DP-fwdX] L=64 states=2 -> 3
[DP-fwdX] L=80 states=22 -> 29
[DP-fwdX] L=96 states=495 -> 543
[DP-bwdX] L=144 states=1 -> 1
[DP-bwdX] L=128 states=186 -> 230
[DP-bwdX] L=112 states=2991 -> 3395
[DP-fwdX] L=80 states=22 -> 29
[DP-bwdX] L=96 states=156 -> 197
[DP-fwdX] L=80 states=22 -> 29
[DP-bwdX] L=80 states=2 -> 3
[DP-bwdX] L=80 states=2 -> 3
[DP-bwdX] L=80 states=2 -> 3
[DP-fwdX] L=96 states=21 -> 27
[DP-bwdX] L=96 states=7 -> 11
[DP-bwdX] L=96 states=1 -> 1
[DP-fwdX] L=96 states=1 -> 1
[DP-fwdX] L=112 states=12 -> 16
[DP-bwdX] L=144 states=1 -> 1
[DP-bwdX] L=128 states=186 -> 230
[DP-fwdX] L=112 states=12 -> 16
[DP-bwdX] L=112 states=1 -> 1
[DP-bwdX] L=112 states=1 -> 1
[DP-fwdX] L=112 states=1 -> 1
[DP-fwdX] L=112 states=1 -> 1
[DP-fwdX] L=128 states=4 -> 5
[DP-bwdX] L=144 states=1 -> 1
[DP-fwdX] L=128 states=4 -> 5
[DP-bwdX] L=128 states=1 -> 2
[DP-fwdX] L=128 states=1 -> 1
[DP-bwdX] L=144 states=1 -> 1
[DP-bwdX] L=144 states=1 -> 1
[DP-bwdX] L=144 states=1 -> 1
[DP-bwdX] L=144 states=1 -> 1
  [Round 58] T_prime=16  T_target=12  HPWL_w=1224000  HPWL_eq=1203  maxL=25  WNS(T')=-9  WNS*(T)=-13  picked=262  solve_ms=920.088
[OC-Shortest/pow2] m=18 h=8 SEG=4 bits=72 words=2 threads=24
[DP-fwdX] L=0 states=1 -> 1
[DP-fwdX] L=16 states=186 -> 230
[DP-fwdX] L=32 states=2991 -> 3395
[DP-fwdX] L=48 states=14721 -> 15765
[DP-fwdX] L=64 states=30945 -> 31590
[DP-bwdX] L=144 states=1 -> 1
[DP-bwdX] L=128 states=186 -> 230
[DP-bwdX] L=112 states=2991 -> 3395
[DP-bwdX] L=96 states=14721 -> 15765
[DP-bwdX] L=80 states=30945 -> 31590
[DP-fwdX] L=0 states=1 -> 1
[DP-fwdX] L=16 states=186 -> 230
[DP-fwdX] L=32 states=2991 -> 3395
[DP-bwdX] L=64 states=22 -> 29
[DP-bwdX] L=48 states=495 -> 543
[DP-fwdX] L=0 states=1 -> 1
[DP-fwdX] L=16 states=186 -> 230
[DP-bwdX] L=32 states=15 -> 21
[DP-fwdX] L=0 states=1 -> 1
[DP-bwdX] L=16 states=4 -> 6
[DP-fwdX] L=0 states=1 -> 1
[DP-fwdX] L=0 states=1 -> 1
[DP-fwdX] L=0 states=1 -> 1
[DP-bwdX] L=16 states=4 -> 6
[DP-bwdX] L=16 states=4 -> 6
[DP-fwdX] L=16 states=1 -> 3
[DP-bwdX] L=32 states=15 -> 21
[DP-bwdX] L=32 states=15 -> 21
[DP-fwdX] L=32 states=3 -> 6
[DP-fwdX] L=48 states=251 -> 322
[DP-bwdX] L=64 states=22 -> 29
[DP-bwdX] L=48 states=21 -> 27
[DP-fwdX] L=48 states=7 -> 11
[DP-bwdX] L=48 states=2 -> 3
[DP-bwdX] L=64 states=22 -> 29
[DP-fwdX] L=64 states=2 -> 3
[DP-fwdX] L=64 states=2 -> 3
[DP-fwdX] L=80 states=22 -> 29
[DP-fwdX] L=96 states=495 -> 543
[DP-bwdX] L=144 states=1 -> 1
[DP-bwdX] L=128 states=186 -> 230
[DP-bwdX] L=112 states=2991 -> 3395
[DP-fwdX] L=80 states=22 -> 29
[DP-bwdX] L=96 states=251 -> 322
[DP-fwdX] L=80 states=22 -> 29
[DP-bwdX] L=80 states=2 -> 3
[DP-bwdX] L=80 states=2 -> 3
[DP-bwdX] L=80 states=2 -> 3
[DP-fwdX] L=96 states=21 -> 27
[DP-bwdX] L=96 states=7 -> 11
[DP-bwdX] L=96 states=1 -> 1
[DP-fwdX] L=96 states=1 -> 1
[DP-fwdX] L=112 states=15 -> 21
[DP-bwdX] L=144 states=1 -> 1
[DP-bwdX] L=128 states=186 -> 230
[DP-fwdX] L=112 states=15 -> 21
[DP-bwdX] L=112 states=1 -> 2
[DP-bwdX] L=112 states=1 -> 2
[DP-fwdX] L=112 states=1 -> 2
[DP-fwdX] L=112 states=1 -> 2
[DP-fwdX] L=128 states=2 -> 3
[DP-bwdX] L=144 states=1 -> 1
[DP-fwdX] L=128 states=2 -> 3
[DP-bwdX] L=128 states=1 -> 3
[DP-fwdX] L=128 states=1 -> 2
[DP-bwdX] L=144 states=1 -> 1
[DP-bwdX] L=144 states=1 -> 1
[DP-bwdX] L=144 states=1 -> 1
[DP-bwdX] L=144 states=1 -> 1
  [Round 59] T_prime=16  T_target=12  HPWL_w=1224000  HPWL_eq=1206  maxL=21  WNS(T')=-5  WNS*(T)=-9  picked=262  solve_ms=912.77
[OC-Shortest/pow2] m=18 h=8 SEG=4 bits=72 words=2 threads=24
[DP-fwdX] L=0 states=1 -> 1
[DP-fwdX] L=16 states=186 -> 230
[DP-fwdX] L=32 states=2991 -> 3395
[DP-fwdX] L=48 states=14721 -> 15765
[DP-fwdX] L=64 states=30945 -> 31590
[DP-bwdX] L=144 states=1 -> 1
[DP-bwdX] L=128 states=186 -> 230
[DP-bwdX] L=112 states=2991 -> 3395
[DP-bwdX] L=96 states=14721 -> 15765
[DP-bwdX] L=80 states=30945 -> 31590
[DP-fwdX] L=0 states=1 -> 1
[DP-fwdX] L=16 states=186 -> 230
[DP-fwdX] L=32 states=2991 -> 3395
[DP-bwdX] L=64 states=22 -> 29
[DP-bwdX] L=48 states=495 -> 543
[DP-fwdX] L=0 states=1 -> 1
[DP-fwdX] L=16 states=186 -> 230
[DP-bwdX] L=32 states=12 -> 16
[DP-fwdX] L=0 states=1 -> 1
[DP-bwdX] L=16 states=4 -> 5
[DP-fwdX] L=0 states=1 -> 1
[DP-fwdX] L=0 states=1 -> 1
[DP-fwdX] L=0 states=1 -> 1
[DP-bwdX] L=16 states=4 -> 5
[DP-bwdX] L=16 states=4 -> 5
[DP-fwdX] L=16 states=1 -> 2
[DP-bwdX] L=32 states=12 -> 16
[DP-bwdX] L=32 states=12 -> 16
[DP-fwdX] L=32 states=2 -> 3
[DP-fwdX] L=48 states=156 -> 197
[DP-bwdX] L=64 states=22 -> 29
[DP-bwdX] L=48 states=21 -> 27
[DP-fwdX] L=48 states=7 -> 11
[DP-bwdX] L=48 states=2 -> 3
[DP-bwdX] L=64 states=22 -> 29
[DP-fwdX] L=64 states=2 -> 3
[DP-fwdX] L=64 states=2 -> 3
[DP-fwdX] L=80 states=22 -> 29
[DP-fwdX] L=96 states=495 -> 543
[DP-bwdX] L=144 states=1 -> 1
[DP-bwdX] L=128 states=186 -> 230
[DP-bwdX] L=112 states=2991 -> 3395
[DP-fwdX] L=80 states=22 -> 29
[DP-bwdX] L=96 states=156 -> 197
[DP-fwdX] L=80 states=22 -> 29
[DP-bwdX] L=80 states=2 -> 3
[DP-bwdX] L=80 states=2 -> 3
[DP-bwdX] L=80 states=2 -> 3
[DP-fwdX] L=96 states=21 -> 27
[DP-bwdX] L=96 states=7 -> 11
[DP-bwdX] L=96 states=1 -> 1
[DP-fwdX] L=96 states=1 -> 1
[DP-fwdX] L=112 states=12 -> 16
[DP-bwdX] L=144 states=1 -> 1
[DP-bwdX] L=128 states=186 -> 230
[DP-fwdX] L=112 states=12 -> 16
[DP-bwdX] L=112 states=1 -> 1
[DP-bwdX] L=112 states=1 -> 1
[DP-fwdX] L=112 states=1 -> 1
[DP-fwdX] L=112 states=1 -> 1
[DP-fwdX] L=128 states=4 -> 5
[DP-bwdX] L=144 states=1 -> 1
[DP-fwdX] L=128 states=4 -> 5
[DP-bwdX] L=128 states=1 -> 2
[DP-fwdX] L=128 states=1 -> 1
[DP-bwdX] L=144 states=1 -> 1
[DP-bwdX] L=144 states=1 -> 1
[DP-bwdX] L=144 states=1 -> 1
[DP-bwdX] L=144 states=1 -> 1
  [Round 60] T_prime=16  T_target=12  HPWL_w=1224000  HPWL_eq=1203  maxL=25  WNS(T')=-9  WNS*(T)=-13  picked=262  solve_ms=1015.72
[OC-Shortest/pow2] m=18 h=8 SEG=4 bits=72 words=2 threads=24
[DP-fwdX] L=0 states=1 -> 1
[DP-fwdX] L=16 states=186 -> 230
[DP-fwdX] L=32 states=2991 -> 3395
[DP-fwdX] L=48 states=14721 -> 15765
[DP-fwdX] L=64 states=30945 -> 31590
[DP-bwdX] L=144 states=1 -> 1
[DP-bwdX] L=128 states=186 -> 230
[DP-bwdX] L=112 states=2991 -> 3395
[DP-bwdX] L=96 states=14721 -> 15765
[DP-bwdX] L=80 states=30945 -> 31590
[DP-fwdX] L=0 states=1 -> 1
[DP-fwdX] L=16 states=186 -> 230
[DP-fwdX] L=32 states=2991 -> 3395
[DP-bwdX] L=64 states=22 -> 29
[DP-bwdX] L=48 states=495 -> 543
[DP-fwdX] L=0 states=1 -> 1
[DP-fwdX] L=16 states=186 -> 230
[DP-bwdX] L=32 states=15 -> 21
[DP-fwdX] L=0 states=1 -> 1
[DP-bwdX] L=16 states=4 -> 6
[DP-fwdX] L=0 states=1 -> 1
[DP-fwdX] L=0 states=1 -> 1
[DP-fwdX] L=0 states=1 -> 1
[DP-bwdX] L=16 states=4 -> 6
[DP-bwdX] L=16 states=4 -> 6
[DP-fwdX] L=16 states=1 -> 3
[DP-bwdX] L=32 states=15 -> 21
[DP-bwdX] L=32 states=15 -> 21
[DP-fwdX] L=32 states=3 -> 6
[DP-fwdX] L=48 states=251 -> 322
[DP-bwdX] L=64 states=22 -> 29
[DP-bwdX] L=48 states=21 -> 27
[DP-fwdX] L=48 states=7 -> 11
[DP-bwdX] L=48 states=2 -> 3
[DP-bwdX] L=64 states=22 -> 29
[DP-fwdX] L=64 states=2 -> 3
[DP-fwdX] L=64 states=2 -> 3
[DP-fwdX] L=80 states=22 -> 29
[DP-fwdX] L=96 states=495 -> 543
[DP-bwdX] L=144 states=1 -> 1
[DP-bwdX] L=128 states=186 -> 230
[DP-bwdX] L=112 states=2991 -> 3395
[DP-fwdX] L=80 states=22 -> 29
[DP-bwdX] L=96 states=251 -> 322
[DP-fwdX] L=80 states=22 -> 29
[DP-bwdX] L=80 states=2 -> 3
[DP-bwdX] L=80 states=2 -> 3
[DP-bwdX] L=80 states=2 -> 3
[DP-fwdX] L=96 states=21 -> 27
[DP-bwdX] L=96 states=7 -> 11
[DP-bwdX] L=96 states=1 -> 1
[DP-fwdX] L=96 states=1 -> 1
[DP-fwdX] L=112 states=15 -> 21
[DP-bwdX] L=144 states=1 -> 1
[DP-bwdX] L=128 states=186 -> 230
[DP-fwdX] L=112 states=15 -> 21
[DP-bwdX] L=112 states=1 -> 2
[DP-bwdX] L=112 states=1 -> 2
[DP-fwdX] L=112 states=1 -> 2
[DP-fwdX] L=112 states=1 -> 2
[DP-fwdX] L=128 states=2 -> 3
[DP-bwdX] L=144 states=1 -> 1
[DP-fwdX] L=128 states=2 -> 3
[DP-bwdX] L=128 states=1 -> 3
[DP-fwdX] L=128 states=1 -> 2
[DP-bwdX] L=144 states=1 -> 1
[DP-bwdX] L=144 states=1 -> 1
[DP-bwdX] L=144 states=1 -> 1
[DP-bwdX] L=144 states=1 -> 1
  [Round 61] T_prime=16  T_target=12  HPWL_w=1224000  HPWL_eq=1206  maxL=21  WNS(T')=-5  WNS*(T)=-9  picked=262  solve_ms=949.697
[OC-Shortest/pow2] m=18 h=8 SEG=4 bits=72 words=2 threads=24
[DP-fwdX] L=0 states=1 -> 1
[DP-fwdX] L=16 states=186 -> 230
[DP-fwdX] L=32 states=2991 -> 3395
[DP-fwdX] L=48 states=14721 -> 15765
[DP-fwdX] L=64 states=30945 -> 31590
[DP-bwdX] L=144 states=1 -> 1
[DP-bwdX] L=128 states=186 -> 230
[DP-bwdX] L=112 states=2991 -> 3395
[DP-bwdX] L=96 states=14721 -> 15765
[DP-bwdX] L=80 states=30945 -> 31590
[DP-fwdX] L=0 states=1 -> 1
[DP-fwdX] L=16 states=186 -> 230
[DP-fwdX] L=32 states=2991 -> 3395
[DP-bwdX] L=64 states=22 -> 29
[DP-bwdX] L=48 states=495 -> 543
[DP-fwdX] L=0 states=1 -> 1
[DP-fwdX] L=16 states=186 -> 230
[DP-bwdX] L=32 states=12 -> 16
[DP-fwdX] L=0 states=1 -> 1
[DP-bwdX] L=16 states=4 -> 5
[DP-fwdX] L=0 states=1 -> 1
[DP-fwdX] L=0 states=1 -> 1
[DP-fwdX] L=0 states=1 -> 1
[DP-bwdX] L=16 states=4 -> 5
[DP-bwdX] L=16 states=4 -> 5
[DP-fwdX] L=16 states=1 -> 2
[DP-bwdX] L=32 states=12 -> 16
[DP-bwdX] L=32 states=12 -> 16
[DP-fwdX] L=32 states=2 -> 3
[DP-fwdX] L=48 states=156 -> 197
[DP-bwdX] L=64 states=22 -> 29
[DP-bwdX] L=48 states=21 -> 27
[DP-fwdX] L=48 states=7 -> 11
[DP-bwdX] L=48 states=2 -> 3
[DP-bwdX] L=64 states=22 -> 29
[DP-fwdX] L=64 states=2 -> 3
[DP-fwdX] L=64 states=2 -> 3
[DP-fwdX] L=80 states=22 -> 29
[DP-fwdX] L=96 states=495 -> 543
[DP-bwdX] L=144 states=1 -> 1
[DP-bwdX] L=128 states=186 -> 230
[DP-bwdX] L=112 states=2991 -> 3395
[DP-fwdX] L=80 states=22 -> 29
[DP-bwdX] L=96 states=156 -> 197
[DP-fwdX] L=80 states=22 -> 29
[DP-bwdX] L=80 states=2 -> 3
[DP-bwdX] L=80 states=2 -> 3
[DP-bwdX] L=80 states=2 -> 3
[DP-fwdX] L=96 states=21 -> 27
[DP-bwdX] L=96 states=7 -> 11
[DP-bwdX] L=96 states=1 -> 1
[DP-fwdX] L=96 states=1 -> 1
[DP-fwdX] L=112 states=12 -> 16
[DP-bwdX] L=144 states=1 -> 1
[DP-bwdX] L=128 states=186 -> 230
[DP-fwdX] L=112 states=12 -> 16
[DP-bwdX] L=112 states=1 -> 1
[DP-bwdX] L=112 states=1 -> 1
[DP-fwdX] L=112 states=1 -> 1
[DP-fwdX] L=112 states=1 -> 1
[DP-fwdX] L=128 states=4 -> 5
[DP-bwdX] L=144 states=1 -> 1
[DP-fwdX] L=128 states=4 -> 5
[DP-bwdX] L=128 states=1 -> 2
[DP-fwdX] L=128 states=1 -> 1
[DP-bwdX] L=144 states=1 -> 1
[DP-bwdX] L=144 states=1 -> 1
[DP-bwdX] L=144 states=1 -> 1
[DP-bwdX] L=144 states=1 -> 1
  [Round 62] T_prime=16  T_target=12  HPWL_w=1224000  HPWL_eq=1203  maxL=25  WNS(T')=-9  WNS*(T)=-13  picked=262  solve_ms=916.687
[OC-Shortest/pow2] m=18 h=8 SEG=4 bits=72 words=2 threads=24
[DP-fwdX] L=0 states=1 -> 1
[DP-fwdX] L=16 states=186 -> 230
[DP-fwdX] L=32 states=2991 -> 3395
[DP-fwdX] L=48 states=14721 -> 15765
[DP-fwdX] L=64 states=30945 -> 31590
[DP-bwdX] L=144 states=1 -> 1
[DP-bwdX] L=128 states=186 -> 230
[DP-bwdX] L=112 states=2991 -> 3395
[DP-bwdX] L=96 states=14721 -> 15765
[DP-bwdX] L=80 states=30945 -> 31590
[DP-fwdX] L=0 states=1 -> 1
[DP-fwdX] L=16 states=186 -> 230
[DP-fwdX] L=32 states=2991 -> 3395
[DP-bwdX] L=64 states=22 -> 29
[DP-bwdX] L=48 states=495 -> 543
[DP-fwdX] L=0 states=1 -> 1
[DP-fwdX] L=16 states=186 -> 230
[DP-bwdX] L=32 states=15 -> 21
[DP-fwdX] L=0 states=1 -> 1
[DP-bwdX] L=16 states=4 -> 6
[DP-fwdX] L=0 states=1 -> 1
[DP-fwdX] L=0 states=1 -> 1
[DP-fwdX] L=0 states=1 -> 1
[DP-bwdX] L=16 states=4 -> 6
[DP-bwdX] L=16 states=4 -> 6
[DP-fwdX] L=16 states=1 -> 3
[DP-bwdX] L=32 states=15 -> 21
[DP-bwdX] L=32 states=15 -> 21
[DP-fwdX] L=32 states=3 -> 6
[DP-fwdX] L=48 states=251 -> 322
[DP-bwdX] L=64 states=22 -> 29
[DP-bwdX] L=48 states=21 -> 27
[DP-fwdX] L=48 states=7 -> 11
[DP-bwdX] L=48 states=2 -> 3
[DP-bwdX] L=64 states=22 -> 29
[DP-fwdX] L=64 states=2 -> 3
[DP-fwdX] L=64 states=2 -> 3
[DP-fwdX] L=80 states=22 -> 29
[DP-fwdX] L=96 states=495 -> 543
[DP-bwdX] L=144 states=1 -> 1
[DP-bwdX] L=128 states=186 -> 230
[DP-bwdX] L=112 states=2991 -> 3395
[DP-fwdX] L=80 states=22 -> 29
[DP-bwdX] L=96 states=251 -> 322
[DP-fwdX] L=80 states=22 -> 29
[DP-bwdX] L=80 states=2 -> 3
[DP-bwdX] L=80 states=2 -> 3
[DP-bwdX] L=80 states=2 -> 3
[DP-fwdX] L=96 states=21 -> 27
[DP-bwdX] L=96 states=7 -> 11
[DP-bwdX] L=96 states=1 -> 1
[DP-fwdX] L=96 states=1 -> 1
[DP-fwdX] L=112 states=15 -> 21
[DP-bwdX] L=144 states=1 -> 1
[DP-bwdX] L=128 states=186 -> 230
[DP-fwdX] L=112 states=15 -> 21
[DP-bwdX] L=112 states=1 -> 2
[DP-bwdX] L=112 states=1 -> 2
[DP-fwdX] L=112 states=1 -> 2
[DP-fwdX] L=112 states=1 -> 2
[DP-fwdX] L=128 states=2 -> 3
[DP-bwdX] L=144 states=1 -> 1
[DP-fwdX] L=128 states=2 -> 3
[DP-bwdX] L=128 states=1 -> 3
[DP-fwdX] L=128 states=1 -> 2
[DP-bwdX] L=144 states=1 -> 1
[DP-bwdX] L=144 states=1 -> 1
[DP-bwdX] L=144 states=1 -> 1
[DP-bwdX] L=144 states=1 -> 1
  [Round 63] T_prime=16  T_target=12  HPWL_w=1224000  HPWL_eq=1206  maxL=21  WNS(T')=-5  WNS*(T)=-9  picked=262  solve_ms=929.651
[OC-Shortest/pow2] m=18 h=8 SEG=4 bits=72 words=2 threads=24
[DP-fwdX] L=0 states=1 -> 1
[DP-fwdX] L=16 states=186 -> 230
[DP-fwdX] L=32 states=2991 -> 3395
[DP-fwdX] L=48 states=14721 -> 15765
[DP-fwdX] L=64 states=30945 -> 31590
[DP-bwdX] L=144 states=1 -> 1
[DP-bwdX] L=128 states=186 -> 230
[DP-bwdX] L=112 states=2991 -> 3395
[DP-bwdX] L=96 states=14721 -> 15765
[DP-bwdX] L=80 states=30945 -> 31590
[DP-fwdX] L=0 states=1 -> 1
[DP-fwdX] L=16 states=186 -> 230
[DP-fwdX] L=32 states=2991 -> 3395
[DP-bwdX] L=64 states=22 -> 29
[DP-bwdX] L=48 states=495 -> 543
[DP-fwdX] L=0 states=1 -> 1
[DP-fwdX] L=16 states=186 -> 230
[DP-bwdX] L=32 states=12 -> 16
[DP-fwdX] L=0 states=1 -> 1
[DP-bwdX] L=16 states=4 -> 5
[DP-fwdX] L=0 states=1 -> 1
[DP-fwdX] L=0 states=1 -> 1
[DP-fwdX] L=0 states=1 -> 1
[DP-bwdX] L=16 states=4 -> 5
[DP-bwdX] L=16 states=4 -> 5
[DP-fwdX] L=16 states=1 -> 2
[DP-bwdX] L=32 states=12 -> 16
[DP-bwdX] L=32 states=12 -> 16
[DP-fwdX] L=32 states=2 -> 3
[DP-fwdX] L=48 states=156 -> 197
[DP-bwdX] L=64 states=22 -> 29
[DP-bwdX] L=48 states=21 -> 27
[DP-fwdX] L=48 states=7 -> 11
[DP-bwdX] L=48 states=2 -> 3
[DP-bwdX] L=64 states=22 -> 29
[DP-fwdX] L=64 states=2 -> 3
[DP-fwdX] L=64 states=2 -> 3
[DP-fwdX] L=80 states=22 -> 29
[DP-fwdX] L=96 states=495 -> 543
[DP-bwdX] L=144 states=1 -> 1
[DP-bwdX] L=128 states=186 -> 230
[DP-bwdX] L=112 states=2991 -> 3395
[DP-fwdX] L=80 states=22 -> 29
[DP-bwdX] L=96 states=156 -> 197
[DP-fwdX] L=80 states=22 -> 29
[DP-bwdX] L=80 states=2 -> 3
[DP-bwdX] L=80 states=2 -> 3
[DP-bwdX] L=80 states=2 -> 3
[DP-fwdX] L=96 states=21 -> 27
[DP-bwdX] L=96 states=7 -> 11
[DP-bwdX] L=96 states=1 -> 1
[DP-fwdX] L=96 states=1 -> 1
[DP-fwdX] L=112 states=12 -> 16
[DP-bwdX] L=144 states=1 -> 1
[DP-bwdX] L=128 states=186 -> 230
[DP-fwdX] L=112 states=12 -> 16
[DP-bwdX] L=112 states=1 -> 1
[DP-bwdX] L=112 states=1 -> 1
[DP-fwdX] L=112 states=1 -> 1
[DP-fwdX] L=112 states=1 -> 1
[DP-fwdX] L=128 states=4 -> 5
[DP-bwdX] L=144 states=1 -> 1
[DP-fwdX] L=128 states=4 -> 5
[DP-bwdX] L=128 states=1 -> 2
[DP-fwdX] L=128 states=1 -> 1
[DP-bwdX] L=144 states=1 -> 1
[DP-bwdX] L=144 states=1 -> 1
[DP-bwdX] L=144 states=1 -> 1
[DP-bwdX] L=144 states=1 -> 1
  [Round 64] T_prime=16  T_target=12  HPWL_w=1224000  HPWL_eq=1203  maxL=25  WNS(T')=-9  WNS*(T)=-13  picked=262  solve_ms=968.65
[OC-Shortest/pow2] m=18 h=8 SEG=4 bits=72 words=2 threads=24
[DP-fwdX] L=0 states=1 -> 1
[DP-fwdX] L=16 states=186 -> 230
[DP-fwdX] L=32 states=2991 -> 3395
[DP-fwdX] L=48 states=14721 -> 15765
[DP-fwdX] L=64 states=30945 -> 31590
[DP-bwdX] L=144 states=1 -> 1
[DP-bwdX] L=128 states=186 -> 230
[DP-bwdX] L=112 states=2991 -> 3395
[DP-bwdX] L=96 states=14721 -> 15765
[DP-bwdX] L=80 states=30945 -> 31590
[DP-fwdX] L=0 states=1 -> 1
[DP-fwdX] L=16 states=186 -> 230
[DP-fwdX] L=32 states=2991 -> 3395
[DP-bwdX] L=64 states=22 -> 29
[DP-bwdX] L=48 states=495 -> 543
[DP-fwdX] L=0 states=1 -> 1
[DP-fwdX] L=16 states=186 -> 230
[DP-bwdX] L=32 states=15 -> 21
[DP-fwdX] L=0 states=1 -> 1
[DP-bwdX] L=16 states=4 -> 6
[DP-fwdX] L=0 states=1 -> 1
[DP-fwdX] L=0 states=1 -> 1
[DP-fwdX] L=0 states=1 -> 1
[DP-bwdX] L=16 states=4 -> 6
[DP-bwdX] L=16 states=4 -> 6
[DP-fwdX] L=16 states=1 -> 3
[DP-bwdX] L=32 states=15 -> 21
[DP-bwdX] L=32 states=15 -> 21
[DP-fwdX] L=32 states=3 -> 6
[DP-fwdX] L=48 states=251 -> 322
[DP-bwdX] L=64 states=22 -> 29
[DP-bwdX] L=48 states=21 -> 27
[DP-fwdX] L=48 states=7 -> 11
[DP-bwdX] L=48 states=2 -> 3
[DP-bwdX] L=64 states=22 -> 29
[DP-fwdX] L=64 states=2 -> 3
[DP-fwdX] L=64 states=2 -> 3
[DP-fwdX] L=80 states=22 -> 29
[DP-fwdX] L=96 states=495 -> 543
[DP-bwdX] L=144 states=1 -> 1
[DP-bwdX] L=128 states=186 -> 230
[DP-bwdX] L=112 states=2991 -> 3395
[DP-fwdX] L=80 states=22 -> 29
[DP-bwdX] L=96 states=251 -> 322
[DP-fwdX] L=80 states=22 -> 29
[DP-bwdX] L=80 states=2 -> 3
[DP-bwdX] L=80 states=2 -> 3
[DP-bwdX] L=80 states=2 -> 3
[DP-fwdX] L=96 states=21 -> 27
[DP-bwdX] L=96 states=7 -> 11
[DP-bwdX] L=96 states=1 -> 1
[DP-fwdX] L=96 states=1 -> 1
[DP-fwdX] L=112 states=15 -> 21
[DP-bwdX] L=144 states=1 -> 1
[DP-bwdX] L=128 states=186 -> 230
[DP-fwdX] L=112 states=15 -> 21
[DP-bwdX] L=112 states=1 -> 2
[DP-bwdX] L=112 states=1 -> 2
[DP-fwdX] L=112 states=1 -> 2
[DP-fwdX] L=112 states=1 -> 2
[DP-fwdX] L=128 states=2 -> 3
[DP-bwdX] L=144 states=1 -> 1
[DP-fwdX] L=128 states=2 -> 3
[DP-bwdX] L=128 states=1 -> 3
[DP-fwdX] L=128 states=1 -> 2
[DP-bwdX] L=144 states=1 -> 1
[DP-bwdX] L=144 states=1 -> 1
[DP-bwdX] L=144 states=1 -> 1
[DP-bwdX] L=144 states=1 -> 1
  [Round 65] T_prime=16  T_target=12  HPWL_w=1224000  HPWL_eq=1206  maxL=21  WNS(T')=-5  WNS*(T)=-9  picked=262  solve_ms=921.104
[OC-Shortest/pow2] m=18 h=8 SEG=4 bits=72 words=2 threads=24
[DP-fwdX] L=0 states=1 -> 1
[DP-fwdX] L=16 states=186 -> 230
[DP-fwdX] L=32 states=2991 -> 3395
[DP-fwdX] L=48 states=14721 -> 15765
[DP-fwdX] L=64 states=30945 -> 31590
[DP-bwdX] L=144 states=1 -> 1
[DP-bwdX] L=128 states=186 -> 230
[DP-bwdX] L=112 states=2991 -> 3395
[DP-bwdX] L=96 states=14721 -> 15765
[DP-bwdX] L=80 states=30945 -> 31590
[DP-fwdX] L=0 states=1 -> 1
[DP-fwdX] L=16 states=186 -> 230
[DP-fwdX] L=32 states=2991 -> 3395
[DP-bwdX] L=64 states=22 -> 29
[DP-bwdX] L=48 states=495 -> 543
[DP-fwdX] L=0 states=1 -> 1
[DP-fwdX] L=16 states=186 -> 230
[DP-bwdX] L=32 states=12 -> 16
[DP-fwdX] L=0 states=1 -> 1
[DP-bwdX] L=16 states=4 -> 5
[DP-fwdX] L=0 states=1 -> 1
[DP-fwdX] L=0 states=1 -> 1
[DP-fwdX] L=0 states=1 -> 1
[DP-bwdX] L=16 states=4 -> 5
[DP-bwdX] L=16 states=4 -> 5
[DP-fwdX] L=16 states=1 -> 2
[DP-bwdX] L=32 states=12 -> 16
[DP-bwdX] L=32 states=12 -> 16
[DP-fwdX] L=32 states=2 -> 3
[DP-fwdX] L=48 states=156 -> 197
[DP-bwdX] L=64 states=22 -> 29
[DP-bwdX] L=48 states=21 -> 27
[DP-fwdX] L=48 states=7 -> 11
[DP-bwdX] L=48 states=2 -> 3
[DP-bwdX] L=64 states=22 -> 29
[DP-fwdX] L=64 states=2 -> 3
[DP-fwdX] L=64 states=2 -> 3
[DP-fwdX] L=80 states=22 -> 29
[DP-fwdX] L=96 states=495 -> 543
[DP-bwdX] L=144 states=1 -> 1
[DP-bwdX] L=128 states=186 -> 230
[DP-bwdX] L=112 states=2991 -> 3395
[DP-fwdX] L=80 states=22 -> 29
[DP-bwdX] L=96 states=156 -> 197
[DP-fwdX] L=80 states=22 -> 29
[DP-bwdX] L=80 states=2 -> 3
[DP-bwdX] L=80 states=2 -> 3
[DP-bwdX] L=80 states=2 -> 3
[DP-fwdX] L=96 states=21 -> 27
[DP-bwdX] L=96 states=7 -> 11
[DP-bwdX] L=96 states=1 -> 1
[DP-fwdX] L=96 states=1 -> 1
[DP-fwdX] L=112 states=12 -> 16
[DP-bwdX] L=144 states=1 -> 1
[DP-bwdX] L=128 states=186 -> 230
[DP-fwdX] L=112 states=12 -> 16
[DP-bwdX] L=112 states=1 -> 1
[DP-bwdX] L=112 states=1 -> 1
[DP-fwdX] L=112 states=1 -> 1
[DP-fwdX] L=112 states=1 -> 1
[DP-fwdX] L=128 states=4 -> 5
[DP-bwdX] L=144 states=1 -> 1
[DP-fwdX] L=128 states=4 -> 5
[DP-bwdX] L=128 states=1 -> 2
[DP-fwdX] L=128 states=1 -> 1
[DP-bwdX] L=144 states=1 -> 1
[DP-bwdX] L=144 states=1 -> 1
[DP-bwdX] L=144 states=1 -> 1
[DP-bwdX] L=144 states=1 -> 1
  [Round 66] T_prime=16  T_target=12  HPWL_w=1224000  HPWL_eq=1203  maxL=25  WNS(T')=-9  WNS*(T)=-13  picked=262  solve_ms=904.331
[OC-Shortest/pow2] m=18 h=8 SEG=4 bits=72 words=2 threads=24
[DP-fwdX] L=0 states=1 -> 1
[DP-fwdX] L=16 states=186 -> 230
[DP-fwdX] L=32 states=2991 -> 3395
[DP-fwdX] L=48 states=14721 -> 15765
[DP-fwdX] L=64 states=30945 -> 31590
[DP-bwdX] L=144 states=1 -> 1
[DP-bwdX] L=128 states=186 -> 230
[DP-bwdX] L=112 states=2991 -> 3395
[DP-bwdX] L=96 states=14721 -> 15765
[DP-bwdX] L=80 states=30945 -> 31590
[DP-fwdX] L=0 states=1 -> 1
[DP-fwdX] L=16 states=186 -> 230
[DP-fwdX] L=32 states=2991 -> 3395
[DP-bwdX] L=64 states=22 -> 29
[DP-bwdX] L=48 states=495 -> 543
[DP-fwdX] L=0 states=1 -> 1
[DP-fwdX] L=16 states=186 -> 230
[DP-bwdX] L=32 states=15 -> 21
[DP-fwdX] L=0 states=1 -> 1
[DP-bwdX] L=16 states=4 -> 6
[DP-fwdX] L=0 states=1 -> 1
[DP-fwdX] L=0 states=1 -> 1
[DP-fwdX] L=0 states=1 -> 1
[DP-bwdX] L=16 states=4 -> 6
[DP-bwdX] L=16 states=4 -> 6
[DP-fwdX] L=16 states=1 -> 3
[DP-bwdX] L=32 states=15 -> 21
[DP-bwdX] L=32 states=15 -> 21
[DP-fwdX] L=32 states=3 -> 6
[DP-fwdX] L=48 states=251 -> 322
[DP-bwdX] L=64 states=22 -> 29
[DP-bwdX] L=48 states=21 -> 27
[DP-fwdX] L=48 states=7 -> 11
[DP-bwdX] L=48 states=2 -> 3
[DP-bwdX] L=64 states=22 -> 29
[DP-fwdX] L=64 states=2 -> 3
[DP-fwdX] L=64 states=2 -> 3
[DP-fwdX] L=80 states=22 -> 29
[DP-fwdX] L=96 states=495 -> 543
[DP-bwdX] L=144 states=1 -> 1
[DP-bwdX] L=128 states=186 -> 230
[DP-bwdX] L=112 states=2991 -> 3395
[DP-fwdX] L=80 states=22 -> 29
[DP-bwdX] L=96 states=251 -> 322
[DP-fwdX] L=80 states=22 -> 29
[DP-bwdX] L=80 states=2 -> 3
[DP-bwdX] L=80 states=2 -> 3
[DP-bwdX] L=80 states=2 -> 3
[DP-fwdX] L=96 states=21 -> 27
[DP-bwdX] L=96 states=7 -> 11
[DP-bwdX] L=96 states=1 -> 1
[DP-fwdX] L=96 states=1 -> 1
[DP-fwdX] L=112 states=15 -> 21
[DP-bwdX] L=144 states=1 -> 1
[DP-bwdX] L=128 states=186 -> 230
[DP-fwdX] L=112 states=15 -> 21
[DP-bwdX] L=112 states=1 -> 2
[DP-bwdX] L=112 states=1 -> 2
[DP-fwdX] L=112 states=1 -> 2
[DP-fwdX] L=112 states=1 -> 2
[DP-fwdX] L=128 states=2 -> 3
[DP-bwdX] L=144 states=1 -> 1
[DP-fwdX] L=128 states=2 -> 3
[DP-bwdX] L=128 states=1 -> 3
[DP-fwdX] L=128 states=1 -> 2
[DP-bwdX] L=144 states=1 -> 1
[DP-bwdX] L=144 states=1 -> 1
[DP-bwdX] L=144 states=1 -> 1
[DP-bwdX] L=144 states=1 -> 1
  [Round 67] T_prime=16  T_target=12  HPWL_w=1224000  HPWL_eq=1206  maxL=21  WNS(T')=-5  WNS*(T)=-9  picked=262  solve_ms=927.081
[OC-Shortest/pow2] m=18 h=8 SEG=4 bits=72 words=2 threads=24
[DP-fwdX] L=0 states=1 -> 1
[DP-fwdX] L=16 states=186 -> 230
[DP-fwdX] L=32 states=2991 -> 3395
[DP-fwdX] L=48 states=14721 -> 15765
[DP-fwdX] L=64 states=30945 -> 31590
[DP-bwdX] L=144 states=1 -> 1
[DP-bwdX] L=128 states=186 -> 230
[DP-bwdX] L=112 states=2991 -> 3395
[DP-bwdX] L=96 states=14721 -> 15765
[DP-bwdX] L=80 states=30945 -> 31590
[DP-fwdX] L=0 states=1 -> 1
[DP-fwdX] L=16 states=186 -> 230
[DP-fwdX] L=32 states=2991 -> 3395
[DP-bwdX] L=64 states=22 -> 29
[DP-bwdX] L=48 states=495 -> 543
[DP-fwdX] L=0 states=1 -> 1
[DP-fwdX] L=16 states=186 -> 230
[DP-bwdX] L=32 states=12 -> 16
[DP-fwdX] L=0 states=1 -> 1
[DP-bwdX] L=16 states=4 -> 5
[DP-fwdX] L=0 states=1 -> 1
[DP-fwdX] L=0 states=1 -> 1
[DP-fwdX] L=0 states=1 -> 1
[DP-bwdX] L=16 states=4 -> 5
[DP-bwdX] L=16 states=4 -> 5
[DP-fwdX] L=16 states=1 -> 2
[DP-bwdX] L=32 states=12 -> 16
[DP-bwdX] L=32 states=12 -> 16
[DP-fwdX] L=32 states=2 -> 3
[DP-fwdX] L=48 states=156 -> 197
[DP-bwdX] L=64 states=22 -> 29
[DP-bwdX] L=48 states=21 -> 27
[DP-fwdX] L=48 states=7 -> 11
[DP-bwdX] L=48 states=2 -> 3
[DP-bwdX] L=64 states=22 -> 29
[DP-fwdX] L=64 states=2 -> 3
[DP-fwdX] L=64 states=2 -> 3
[DP-fwdX] L=80 states=22 -> 29
[DP-fwdX] L=96 states=495 -> 543
[DP-bwdX] L=144 states=1 -> 1
[DP-bwdX] L=128 states=186 -> 230
[DP-bwdX] L=112 states=2991 -> 3395
[DP-fwdX] L=80 states=22 -> 29
[DP-bwdX] L=96 states=156 -> 197
[DP-fwdX] L=80 states=22 -> 29
[DP-bwdX] L=80 states=2 -> 3
[DP-bwdX] L=80 states=2 -> 3
[DP-bwdX] L=80 states=2 -> 3
[DP-fwdX] L=96 states=21 -> 27
[DP-bwdX] L=96 states=7 -> 11
[DP-bwdX] L=96 states=1 -> 1
[DP-fwdX] L=96 states=1 -> 1
[DP-fwdX] L=112 states=12 -> 16
[DP-bwdX] L=144 states=1 -> 1
[DP-bwdX] L=128 states=186 -> 230
[DP-fwdX] L=112 states=12 -> 16
[DP-bwdX] L=112 states=1 -> 1
[DP-bwdX] L=112 states=1 -> 1
[DP-fwdX] L=112 states=1 -> 1
[DP-fwdX] L=112 states=1 -> 1
[DP-fwdX] L=128 states=4 -> 5
[DP-bwdX] L=144 states=1 -> 1
[DP-fwdX] L=128 states=4 -> 5
[DP-bwdX] L=128 states=1 -> 2
[DP-fwdX] L=128 states=1 -> 1
[DP-bwdX] L=144 states=1 -> 1
[DP-bwdX] L=144 states=1 -> 1
[DP-bwdX] L=144 states=1 -> 1
[DP-bwdX] L=144 states=1 -> 1
  [Round 68] T_prime=16  T_target=12  HPWL_w=1224000  HPWL_eq=1203  maxL=25  WNS(T')=-9  WNS*(T)=-13  picked=262  solve_ms=912.897
[OC-Shortest/pow2] m=18 h=8 SEG=4 bits=72 words=2 threads=24
[DP-fwdX] L=0 states=1 -> 1
[DP-fwdX] L=16 states=186 -> 230
[DP-fwdX] L=32 states=2991 -> 3395
[DP-fwdX] L=48 states=14721 -> 15765
[DP-fwdX] L=64 states=30945 -> 31590
[DP-bwdX] L=144 states=1 -> 1
[DP-bwdX] L=128 states=186 -> 230
[DP-bwdX] L=112 states=2991 -> 3395
[DP-bwdX] L=96 states=14721 -> 15765
[DP-bwdX] L=80 states=30945 -> 31590
[DP-fwdX] L=0 states=1 -> 1
[DP-fwdX] L=16 states=186 -> 230
[DP-fwdX] L=32 states=2991 -> 3395
[DP-bwdX] L=64 states=22 -> 29
[DP-bwdX] L=48 states=495 -> 543
[DP-fwdX] L=0 states=1 -> 1
[DP-fwdX] L=16 states=186 -> 230
[DP-bwdX] L=32 states=15 -> 21
[DP-fwdX] L=0 states=1 -> 1
[DP-bwdX] L=16 states=4 -> 6
[DP-fwdX] L=0 states=1 -> 1
[DP-fwdX] L=0 states=1 -> 1
[DP-fwdX] L=0 states=1 -> 1
[DP-bwdX] L=16 states=4 -> 6
[DP-bwdX] L=16 states=4 -> 6
[DP-fwdX] L=16 states=1 -> 3
[DP-bwdX] L=32 states=15 -> 21
[DP-bwdX] L=32 states=15 -> 21
[DP-fwdX] L=32 states=3 -> 6
[DP-fwdX] L=48 states=251 -> 322
[DP-bwdX] L=64 states=22 -> 29
[DP-bwdX] L=48 states=21 -> 27
[DP-fwdX] L=48 states=7 -> 11
[DP-bwdX] L=48 states=2 -> 3
[DP-bwdX] L=64 states=22 -> 29
[DP-fwdX] L=64 states=2 -> 3
[DP-fwdX] L=64 states=2 -> 3
[DP-fwdX] L=80 states=22 -> 29
[DP-fwdX] L=96 states=495 -> 543
[DP-bwdX] L=144 states=1 -> 1
[DP-bwdX] L=128 states=186 -> 230
[DP-bwdX] L=112 states=2991 -> 3395
[DP-fwdX] L=80 states=22 -> 29
[DP-bwdX] L=96 states=251 -> 322
[DP-fwdX] L=80 states=22 -> 29
[DP-bwdX] L=80 states=2 -> 3
[DP-bwdX] L=80 states=2 -> 3
[DP-bwdX] L=80 states=2 -> 3
[DP-fwdX] L=96 states=21 -> 27
[DP-bwdX] L=96 states=7 -> 11
[DP-bwdX] L=96 states=1 -> 1
[DP-fwdX] L=96 states=1 -> 1
[DP-fwdX] L=112 states=15 -> 21
[DP-bwdX] L=144 states=1 -> 1
[DP-bwdX] L=128 states=186 -> 230
[DP-fwdX] L=112 states=15 -> 21
[DP-bwdX] L=112 states=1 -> 2
[DP-bwdX] L=112 states=1 -> 2
[DP-fwdX] L=112 states=1 -> 2
[DP-fwdX] L=112 states=1 -> 2
[DP-fwdX] L=128 states=2 -> 3
[DP-bwdX] L=144 states=1 -> 1
[DP-fwdX] L=128 states=2 -> 3
[DP-bwdX] L=128 states=1 -> 3
[DP-fwdX] L=128 states=1 -> 2
[DP-bwdX] L=144 states=1 -> 1
[DP-bwdX] L=144 states=1 -> 1
[DP-bwdX] L=144 states=1 -> 1
[DP-bwdX] L=144 states=1 -> 1
  [Round 69] T_prime=16  T_target=12  HPWL_w=1224000  HPWL_eq=1206  maxL=21  WNS(T')=-5  WNS*(T)=-9  picked=262  solve_ms=921.481
[OC-Shortest/pow2] m=18 h=8 SEG=4 bits=72 words=2 threads=24
[DP-fwdX] L=0 states=1 -> 1
[DP-fwdX] L=16 states=186 -> 230
[DP-fwdX] L=32 states=2991 -> 3395
[DP-fwdX] L=48 states=14721 -> 15765
[DP-fwdX] L=64 states=30945 -> 31590
[DP-bwdX] L=144 states=1 -> 1
[DP-bwdX] L=128 states=186 -> 230
[DP-bwdX] L=112 states=2991 -> 3395
[DP-bwdX] L=96 states=14721 -> 15765
[DP-bwdX] L=80 states=30945 -> 31590
[DP-fwdX] L=0 states=1 -> 1
[DP-fwdX] L=16 states=186 -> 230
[DP-fwdX] L=32 states=2991 -> 3395
[DP-bwdX] L=64 states=22 -> 29
[DP-bwdX] L=48 states=495 -> 543
[DP-fwdX] L=0 states=1 -> 1
[DP-fwdX] L=16 states=186 -> 230
[DP-bwdX] L=32 states=12 -> 16
[DP-fwdX] L=0 states=1 -> 1
[DP-bwdX] L=16 states=4 -> 5
[DP-fwdX] L=0 states=1 -> 1
[DP-fwdX] L=0 states=1 -> 1
[DP-fwdX] L=0 states=1 -> 1
[DP-bwdX] L=16 states=4 -> 5
[DP-bwdX] L=16 states=4 -> 5
[DP-fwdX] L=16 states=1 -> 2
[DP-bwdX] L=32 states=12 -> 16
[DP-bwdX] L=32 states=12 -> 16
[DP-fwdX] L=32 states=2 -> 3
[DP-fwdX] L=48 states=156 -> 197
[DP-bwdX] L=64 states=22 -> 29
[DP-bwdX] L=48 states=21 -> 27
[DP-fwdX] L=48 states=7 -> 11
[DP-bwdX] L=48 states=2 -> 3
[DP-bwdX] L=64 states=22 -> 29
[DP-fwdX] L=64 states=2 -> 3
[DP-fwdX] L=64 states=2 -> 3
[DP-fwdX] L=80 states=22 -> 29
[DP-fwdX] L=96 states=495 -> 543
[DP-bwdX] L=144 states=1 -> 1
[DP-bwdX] L=128 states=186 -> 230
[DP-bwdX] L=112 states=2991 -> 3395
[DP-fwdX] L=80 states=22 -> 29
[DP-bwdX] L=96 states=156 -> 197
[DP-fwdX] L=80 states=22 -> 29
[DP-bwdX] L=80 states=2 -> 3
[DP-bwdX] L=80 states=2 -> 3
[DP-bwdX] L=80 states=2 -> 3
[DP-fwdX] L=96 states=21 -> 27
[DP-bwdX] L=96 states=7 -> 11
[DP-bwdX] L=96 states=1 -> 1
[DP-fwdX] L=96 states=1 -> 1
[DP-fwdX] L=112 states=12 -> 16
[DP-bwdX] L=144 states=1 -> 1
[DP-bwdX] L=128 states=186 -> 230
[DP-fwdX] L=112 states=12 -> 16
[DP-bwdX] L=112 states=1 -> 1
[DP-bwdX] L=112 states=1 -> 1
[DP-fwdX] L=112 states=1 -> 1
[DP-fwdX] L=112 states=1 -> 1
[DP-fwdX] L=128 states=4 -> 5
[DP-bwdX] L=144 states=1 -> 1
[DP-fwdX] L=128 states=4 -> 5
[DP-bwdX] L=128 states=1 -> 2
[DP-fwdX] L=128 states=1 -> 1
[DP-bwdX] L=144 states=1 -> 1
[DP-bwdX] L=144 states=1 -> 1
[DP-bwdX] L=144 states=1 -> 1
[DP-bwdX] L=144 states=1 -> 1
  [Round 70] T_prime=16  T_target=12  HPWL_w=1224000  HPWL_eq=1203  maxL=25  WNS(T')=-9  WNS*(T)=-13  picked=262  solve_ms=908.141
[OC-Shortest/pow2] m=18 h=8 SEG=4 bits=72 words=2 threads=24
[DP-fwdX] L=0 states=1 -> 1
[DP-fwdX] L=16 states=186 -> 230
[DP-fwdX] L=32 states=2991 -> 3395
[DP-fwdX] L=48 states=14721 -> 15765
[DP-fwdX] L=64 states=30945 -> 31590
[DP-bwdX] L=144 states=1 -> 1
[DP-bwdX] L=128 states=186 -> 230
[DP-bwdX] L=112 states=2991 -> 3395
[DP-bwdX] L=96 states=14721 -> 15765
[DP-bwdX] L=80 states=30945 -> 31590
[DP-fwdX] L=0 states=1 -> 1
[DP-fwdX] L=16 states=186 -> 230
[DP-fwdX] L=32 states=2991 -> 3395
[DP-bwdX] L=64 states=22 -> 29
[DP-bwdX] L=48 states=495 -> 543
[DP-fwdX] L=0 states=1 -> 1
[DP-fwdX] L=16 states=186 -> 230
[DP-bwdX] L=32 states=15 -> 21
[DP-fwdX] L=0 states=1 -> 1
[DP-bwdX] L=16 states=4 -> 6
[DP-fwdX] L=0 states=1 -> 1
[DP-fwdX] L=0 states=1 -> 1
[DP-fwdX] L=0 states=1 -> 1
[DP-bwdX] L=16 states=4 -> 6
[DP-bwdX] L=16 states=4 -> 6
[DP-fwdX] L=16 states=1 -> 3
[DP-bwdX] L=32 states=15 -> 21
[DP-bwdX] L=32 states=15 -> 21
[DP-fwdX] L=32 states=3 -> 6
[DP-fwdX] L=48 states=251 -> 322
[DP-bwdX] L=64 states=22 -> 29
[DP-bwdX] L=48 states=21 -> 27
[DP-fwdX] L=48 states=7 -> 11
[DP-bwdX] L=48 states=2 -> 3
[DP-bwdX] L=64 states=22 -> 29
[DP-fwdX] L=64 states=2 -> 3
[DP-fwdX] L=64 states=2 -> 3
[DP-fwdX] L=80 states=22 -> 29
[DP-fwdX] L=96 states=495 -> 543
[DP-bwdX] L=144 states=1 -> 1
[DP-bwdX] L=128 states=186 -> 230
[DP-bwdX] L=112 states=2991 -> 3395
[DP-fwdX] L=80 states=22 -> 29
[DP-bwdX] L=96 states=251 -> 322
[DP-fwdX] L=80 states=22 -> 29
[DP-bwdX] L=80 states=2 -> 3
[DP-bwdX] L=80 states=2 -> 3
[DP-bwdX] L=80 states=2 -> 3
[DP-fwdX] L=96 states=21 -> 27
[DP-bwdX] L=96 states=7 -> 11
[DP-bwdX] L=96 states=1 -> 1
[DP-fwdX] L=96 states=1 -> 1
[DP-fwdX] L=112 states=15 -> 21
[DP-bwdX] L=144 states=1 -> 1
[DP-bwdX] L=128 states=186 -> 230
[DP-fwdX] L=112 states=15 -> 21
[DP-bwdX] L=112 states=1 -> 2
[DP-bwdX] L=112 states=1 -> 2
[DP-fwdX] L=112 states=1 -> 2
[DP-fwdX] L=112 states=1 -> 2
[DP-fwdX] L=128 states=2 -> 3
[DP-bwdX] L=144 states=1 -> 1
[DP-fwdX] L=128 states=2 -> 3
[DP-bwdX] L=128 states=1 -> 3
[DP-fwdX] L=128 states=1 -> 2
[DP-bwdX] L=144 states=1 -> 1
[DP-bwdX] L=144 states=1 -> 1
[DP-bwdX] L=144 states=1 -> 1
[DP-bwdX] L=144 states=1 -> 1
  [Round 71] T_prime=16  T_target=12  HPWL_w=1224000  HPWL_eq=1206  maxL=21  WNS(T')=-5  WNS*(T)=-9  picked=262  solve_ms=910.213
[OC-Shortest/pow2] m=18 h=8 SEG=4 bits=72 words=2 threads=24
[DP-fwdX] L=0 states=1 -> 1
[DP-fwdX] L=16 states=186 -> 230
[DP-fwdX] L=32 states=2991 -> 3395
[DP-fwdX] L=48 states=14721 -> 15765
[DP-fwdX] L=64 states=30945 -> 31590
[DP-bwdX] L=144 states=1 -> 1
[DP-bwdX] L=128 states=186 -> 230
[DP-bwdX] L=112 states=2991 -> 3395
[DP-bwdX] L=96 states=14721 -> 15765
[DP-bwdX] L=80 states=30945 -> 31590
[DP-fwdX] L=0 states=1 -> 1
[DP-fwdX] L=16 states=186 -> 230
[DP-fwdX] L=32 states=2991 -> 3395
[DP-bwdX] L=64 states=22 -> 29
[DP-bwdX] L=48 states=495 -> 543
[DP-fwdX] L=0 states=1 -> 1
[DP-fwdX] L=16 states=186 -> 230
[DP-bwdX] L=32 states=12 -> 16
[DP-fwdX] L=0 states=1 -> 1
[DP-bwdX] L=16 states=4 -> 5
[DP-fwdX] L=0 states=1 -> 1
[DP-fwdX] L=0 states=1 -> 1
[DP-fwdX] L=0 states=1 -> 1
[DP-bwdX] L=16 states=4 -> 5
[DP-bwdX] L=16 states=4 -> 5
[DP-fwdX] L=16 states=1 -> 2
[DP-bwdX] L=32 states=12 -> 16
[DP-bwdX] L=32 states=12 -> 16
[DP-fwdX] L=32 states=2 -> 3
[DP-fwdX] L=48 states=156 -> 197
[DP-bwdX] L=64 states=22 -> 29
[DP-bwdX] L=48 states=21 -> 27
[DP-fwdX] L=48 states=7 -> 11
[DP-bwdX] L=48 states=2 -> 3
[DP-bwdX] L=64 states=22 -> 29
[DP-fwdX] L=64 states=2 -> 3
[DP-fwdX] L=64 states=2 -> 3
[DP-fwdX] L=80 states=22 -> 29
[DP-fwdX] L=96 states=495 -> 543
[DP-bwdX] L=144 states=1 -> 1
[DP-bwdX] L=128 states=186 -> 230
[DP-bwdX] L=112 states=2991 -> 3395
[DP-fwdX] L=80 states=22 -> 29
[DP-bwdX] L=96 states=156 -> 197
[DP-fwdX] L=80 states=22 -> 29
[DP-bwdX] L=80 states=2 -> 3
[DP-bwdX] L=80 states=2 -> 3
[DP-bwdX] L=80 states=2 -> 3
[DP-fwdX] L=96 states=21 -> 27
[DP-bwdX] L=96 states=7 -> 11
[DP-bwdX] L=96 states=1 -> 1
[DP-fwdX] L=96 states=1 -> 1
[DP-fwdX] L=112 states=12 -> 16
[DP-bwdX] L=144 states=1 -> 1
[DP-bwdX] L=128 states=186 -> 230
[DP-fwdX] L=112 states=12 -> 16
[DP-bwdX] L=112 states=1 -> 1
[DP-bwdX] L=112 states=1 -> 1
[DP-fwdX] L=112 states=1 -> 1
[DP-fwdX] L=112 states=1 -> 1
[DP-fwdX] L=128 states=4 -> 5
[DP-bwdX] L=144 states=1 -> 1
[DP-fwdX] L=128 states=4 -> 5
[DP-bwdX] L=128 states=1 -> 2
[DP-fwdX] L=128 states=1 -> 1
[DP-bwdX] L=144 states=1 -> 1
[DP-bwdX] L=144 states=1 -> 1
[DP-bwdX] L=144 states=1 -> 1
[DP-bwdX] L=144 states=1 -> 1
  [Round 72] T_prime=16  T_target=12  HPWL_w=1224000  HPWL_eq=1203  maxL=25  WNS(T')=-9  WNS*(T)=-13  picked=262  solve_ms=908.661
[OC-Shortest/pow2] m=18 h=8 SEG=4 bits=72 words=2 threads=24
[DP-fwdX] L=0 states=1 -> 1
[DP-fwdX] L=16 states=186 -> 230
[DP-fwdX] L=32 states=2991 -> 3395
[DP-fwdX] L=48 states=14721 -> 15765
[DP-fwdX] L=64 states=30945 -> 31590
[DP-bwdX] L=144 states=1 -> 1
[DP-bwdX] L=128 states=186 -> 230
[DP-bwdX] L=112 states=2991 -> 3395
[DP-bwdX] L=96 states=14721 -> 15765
[DP-bwdX] L=80 states=30945 -> 31590
[DP-fwdX] L=0 states=1 -> 1
[DP-fwdX] L=16 states=186 -> 230
[DP-fwdX] L=32 states=2991 -> 3395
[DP-bwdX] L=64 states=22 -> 29
[DP-bwdX] L=48 states=495 -> 543
[DP-fwdX] L=0 states=1 -> 1
[DP-fwdX] L=16 states=186 -> 230
[DP-bwdX] L=32 states=15 -> 21
[DP-fwdX] L=0 states=1 -> 1
[DP-bwdX] L=16 states=4 -> 6
[DP-fwdX] L=0 states=1 -> 1
[DP-fwdX] L=0 states=1 -> 1
[DP-fwdX] L=0 states=1 -> 1
[DP-bwdX] L=16 states=4 -> 6
[DP-bwdX] L=16 states=4 -> 6
[DP-fwdX] L=16 states=1 -> 3
[DP-bwdX] L=32 states=15 -> 21
[DP-bwdX] L=32 states=15 -> 21
[DP-fwdX] L=32 states=3 -> 6
[DP-fwdX] L=48 states=251 -> 322
[DP-bwdX] L=64 states=22 -> 29
[DP-bwdX] L=48 states=21 -> 27
[DP-fwdX] L=48 states=7 -> 11
[DP-bwdX] L=48 states=2 -> 3
[DP-bwdX] L=64 states=22 -> 29
[DP-fwdX] L=64 states=2 -> 3
[DP-fwdX] L=64 states=2 -> 3
[DP-fwdX] L=80 states=22 -> 29
[DP-fwdX] L=96 states=495 -> 543
[DP-bwdX] L=144 states=1 -> 1
[DP-bwdX] L=128 states=186 -> 230
[DP-bwdX] L=112 states=2991 -> 3395
[DP-fwdX] L=80 states=22 -> 29
[DP-bwdX] L=96 states=251 -> 322
[DP-fwdX] L=80 states=22 -> 29
[DP-bwdX] L=80 states=2 -> 3
[DP-bwdX] L=80 states=2 -> 3
[DP-bwdX] L=80 states=2 -> 3
[DP-fwdX] L=96 states=21 -> 27
[DP-bwdX] L=96 states=7 -> 11
[DP-bwdX] L=96 states=1 -> 1
[DP-fwdX] L=96 states=1 -> 1
[DP-fwdX] L=112 states=15 -> 21
[DP-bwdX] L=144 states=1 -> 1
[DP-bwdX] L=128 states=186 -> 230
[DP-fwdX] L=112 states=15 -> 21
[DP-bwdX] L=112 states=1 -> 2
[DP-bwdX] L=112 states=1 -> 2
[DP-fwdX] L=112 states=1 -> 2
[DP-fwdX] L=112 states=1 -> 2
[DP-fwdX] L=128 states=2 -> 3
[DP-bwdX] L=144 states=1 -> 1
[DP-fwdX] L=128 states=2 -> 3
[DP-bwdX] L=128 states=1 -> 3
[DP-fwdX] L=128 states=1 -> 2
[DP-bwdX] L=144 states=1 -> 1
[DP-bwdX] L=144 states=1 -> 1
[DP-bwdX] L=144 states=1 -> 1
[DP-bwdX] L=144 states=1 -> 1
  [Round 73] T_prime=16  T_target=12  HPWL_w=1224000  HPWL_eq=1206  maxL=21  WNS(T')=-5  WNS*(T)=-9  picked=262  solve_ms=909.373
[OC-Shortest/pow2] m=18 h=8 SEG=4 bits=72 words=2 threads=24
[DP-fwdX] L=0 states=1 -> 1
[DP-fwdX] L=16 states=186 -> 230
[DP-fwdX] L=32 states=2991 -> 3395
[DP-fwdX] L=48 states=14721 -> 15765
[DP-fwdX] L=64 states=30945 -> 31590
[DP-bwdX] L=144 states=1 -> 1
[DP-bwdX] L=128 states=186 -> 230
[DP-bwdX] L=112 states=2991 -> 3395
[DP-bwdX] L=96 states=14721 -> 15765
[DP-bwdX] L=80 states=30945 -> 31590
[DP-fwdX] L=0 states=1 -> 1
[DP-fwdX] L=16 states=186 -> 230
[DP-fwdX] L=32 states=2991 -> 3395
[DP-bwdX] L=64 states=22 -> 29
[DP-bwdX] L=48 states=495 -> 543
[DP-fwdX] L=0 states=1 -> 1
[DP-fwdX] L=16 states=186 -> 230
[DP-bwdX] L=32 states=12 -> 16
[DP-fwdX] L=0 states=1 -> 1
[DP-bwdX] L=16 states=4 -> 5
[DP-fwdX] L=0 states=1 -> 1
[DP-fwdX] L=0 states=1 -> 1
[DP-fwdX] L=0 states=1 -> 1
[DP-bwdX] L=16 states=4 -> 5
[DP-bwdX] L=16 states=4 -> 5
[DP-fwdX] L=16 states=1 -> 2
[DP-bwdX] L=32 states=12 -> 16
[DP-bwdX] L=32 states=12 -> 16
[DP-fwdX] L=32 states=2 -> 3
[DP-fwdX] L=48 states=156 -> 197
[DP-bwdX] L=64 states=22 -> 29
[DP-bwdX] L=48 states=21 -> 27
[DP-fwdX] L=48 states=7 -> 11
[DP-bwdX] L=48 states=2 -> 3
[DP-bwdX] L=64 states=22 -> 29
[DP-fwdX] L=64 states=2 -> 3
[DP-fwdX] L=64 states=2 -> 3
[DP-fwdX] L=80 states=22 -> 29
[DP-fwdX] L=96 states=495 -> 543
[DP-bwdX] L=144 states=1 -> 1
[DP-bwdX] L=128 states=186 -> 230
[DP-bwdX] L=112 states=2991 -> 3395
[DP-fwdX] L=80 states=22 -> 29
[DP-bwdX] L=96 states=156 -> 197
[DP-fwdX] L=80 states=22 -> 29
[DP-bwdX] L=80 states=2 -> 3
[DP-bwdX] L=80 states=2 -> 3
[DP-bwdX] L=80 states=2 -> 3
[DP-fwdX] L=96 states=21 -> 27
[DP-bwdX] L=96 states=7 -> 11
[DP-bwdX] L=96 states=1 -> 1
[DP-fwdX] L=96 states=1 -> 1
[DP-fwdX] L=112 states=12 -> 16
[DP-bwdX] L=144 states=1 -> 1
[DP-bwdX] L=128 states=186 -> 230
[DP-fwdX] L=112 states=12 -> 16
[DP-bwdX] L=112 states=1 -> 1
[DP-bwdX] L=112 states=1 -> 1
[DP-fwdX] L=112 states=1 -> 1
[DP-fwdX] L=112 states=1 -> 1
[DP-fwdX] L=128 states=4 -> 5
[DP-bwdX] L=144 states=1 -> 1
[DP-fwdX] L=128 states=4 -> 5
[DP-bwdX] L=128 states=1 -> 2
[DP-fwdX] L=128 states=1 -> 1
[DP-bwdX] L=144 states=1 -> 1
[DP-bwdX] L=144 states=1 -> 1
[DP-bwdX] L=144 states=1 -> 1
[DP-bwdX] L=144 states=1 -> 1
  [Round 74] T_prime=16  T_target=12  HPWL_w=1224000  HPWL_eq=1203  maxL=25  WNS(T')=-9  WNS*(T)=-13  picked=262  solve_ms=924.708
[OC-Shortest/pow2] m=18 h=8 SEG=4 bits=72 words=2 threads=24
[DP-fwdX] L=0 states=1 -> 1
[DP-fwdX] L=16 states=186 -> 230
[DP-fwdX] L=32 states=2991 -> 3395
[DP-fwdX] L=48 states=14721 -> 15765
[DP-fwdX] L=64 states=30945 -> 31590
[DP-bwdX] L=144 states=1 -> 1
[DP-bwdX] L=128 states=186 -> 230
[DP-bwdX] L=112 states=2991 -> 3395
[DP-bwdX] L=96 states=14721 -> 15765
[DP-bwdX] L=80 states=30945 -> 31590
[DP-fwdX] L=0 states=1 -> 1
[DP-fwdX] L=16 states=186 -> 230
[DP-fwdX] L=32 states=2991 -> 3395
[DP-bwdX] L=64 states=22 -> 29
[DP-bwdX] L=48 states=495 -> 543
[DP-fwdX] L=0 states=1 -> 1
[DP-fwdX] L=16 states=186 -> 230
[DP-bwdX] L=32 states=15 -> 21
[DP-fwdX] L=0 states=1 -> 1
[DP-bwdX] L=16 states=4 -> 6
[DP-fwdX] L=0 states=1 -> 1
[DP-fwdX] L=0 states=1 -> 1
[DP-fwdX] L=0 states=1 -> 1
[DP-bwdX] L=16 states=4 -> 6
[DP-bwdX] L=16 states=4 -> 6
[DP-fwdX] L=16 states=1 -> 3
[DP-bwdX] L=32 states=15 -> 21
[DP-bwdX] L=32 states=15 -> 21
[DP-fwdX] L=32 states=3 -> 6
[DP-fwdX] L=48 states=251 -> 322
[DP-bwdX] L=64 states=22 -> 29
[DP-bwdX] L=48 states=21 -> 27
[DP-fwdX] L=48 states=7 -> 11
[DP-bwdX] L=48 states=2 -> 3
[DP-bwdX] L=64 states=22 -> 29
[DP-fwdX] L=64 states=2 -> 3
[DP-fwdX] L=64 states=2 -> 3
[DP-fwdX] L=80 states=22 -> 29
[DP-fwdX] L=96 states=495 -> 543
[DP-bwdX] L=144 states=1 -> 1
[DP-bwdX] L=128 states=186 -> 230
[DP-bwdX] L=112 states=2991 -> 3395
[DP-fwdX] L=80 states=22 -> 29
[DP-bwdX] L=96 states=251 -> 322
[DP-fwdX] L=80 states=22 -> 29
[DP-bwdX] L=80 states=2 -> 3
[DP-bwdX] L=80 states=2 -> 3
[DP-bwdX] L=80 states=2 -> 3
[DP-fwdX] L=96 states=21 -> 27
[DP-bwdX] L=96 states=7 -> 11
[DP-bwdX] L=96 states=1 -> 1
[DP-fwdX] L=96 states=1 -> 1
[DP-fwdX] L=112 states=15 -> 21
[DP-bwdX] L=144 states=1 -> 1
[DP-bwdX] L=128 states=186 -> 230
[DP-fwdX] L=112 states=15 -> 21
[DP-bwdX] L=112 states=1 -> 2
[DP-bwdX] L=112 states=1 -> 2
[DP-fwdX] L=112 states=1 -> 2
[DP-fwdX] L=112 states=1 -> 2
[DP-fwdX] L=128 states=2 -> 3
[DP-bwdX] L=144 states=1 -> 1
[DP-fwdX] L=128 states=2 -> 3
[DP-bwdX] L=128 states=1 -> 3
[DP-fwdX] L=128 states=1 -> 2
[DP-bwdX] L=144 states=1 -> 1
[DP-bwdX] L=144 states=1 -> 1
[DP-bwdX] L=144 states=1 -> 1
[DP-bwdX] L=144 states=1 -> 1
  [Round 75] T_prime=16  T_target=12  HPWL_w=1224000  HPWL_eq=1206  maxL=21  WNS(T')=-5  WNS*(T)=-9  picked=262  solve_ms=948.293
[OC-Shortest/pow2] m=18 h=8 SEG=4 bits=72 words=2 threads=24
[DP-fwdX] L=0 states=1 -> 1
[DP-fwdX] L=16 states=186 -> 230
[DP-fwdX] L=32 states=2991 -> 3395
[DP-fwdX] L=48 states=14721 -> 15765
[DP-fwdX] L=64 states=30945 -> 31590
[DP-bwdX] L=144 states=1 -> 1
[DP-bwdX] L=128 states=186 -> 230
[DP-bwdX] L=112 states=2991 -> 3395
[DP-bwdX] L=96 states=14721 -> 15765
[DP-bwdX] L=80 states=30945 -> 31590
[DP-fwdX] L=0 states=1 -> 1
[DP-fwdX] L=16 states=186 -> 230
[DP-fwdX] L=32 states=2991 -> 3395
[DP-bwdX] L=64 states=22 -> 29
[DP-bwdX] L=48 states=495 -> 543
[DP-fwdX] L=0 states=1 -> 1
[DP-fwdX] L=16 states=186 -> 230
[DP-bwdX] L=32 states=12 -> 16
[DP-fwdX] L=0 states=1 -> 1
[DP-bwdX] L=16 states=4 -> 5
[DP-fwdX] L=0 states=1 -> 1
[DP-fwdX] L=0 states=1 -> 1
[DP-fwdX] L=0 states=1 -> 1
[DP-bwdX] L=16 states=4 -> 5
[DP-bwdX] L=16 states=4 -> 5
[DP-fwdX] L=16 states=1 -> 2
[DP-bwdX] L=32 states=12 -> 16
[DP-bwdX] L=32 states=12 -> 16
[DP-fwdX] L=32 states=2 -> 3
[DP-fwdX] L=48 states=156 -> 197
[DP-bwdX] L=64 states=22 -> 29
[DP-bwdX] L=48 states=21 -> 27
[DP-fwdX] L=48 states=7 -> 11
[DP-bwdX] L=48 states=2 -> 3
[DP-bwdX] L=64 states=22 -> 29
[DP-fwdX] L=64 states=2 -> 3
[DP-fwdX] L=64 states=2 -> 3
[DP-fwdX] L=80 states=22 -> 29
[DP-fwdX] L=96 states=495 -> 543
[DP-bwdX] L=144 states=1 -> 1
[DP-bwdX] L=128 states=186 -> 230
[DP-bwdX] L=112 states=2991 -> 3395
[DP-fwdX] L=80 states=22 -> 29
[DP-bwdX] L=96 states=156 -> 197
[DP-fwdX] L=80 states=22 -> 29
[DP-bwdX] L=80 states=2 -> 3
[DP-bwdX] L=80 states=2 -> 3
[DP-bwdX] L=80 states=2 -> 3
[DP-fwdX] L=96 states=21 -> 27
[DP-bwdX] L=96 states=7 -> 11
[DP-bwdX] L=96 states=1 -> 1
[DP-fwdX] L=96 states=1 -> 1
[DP-fwdX] L=112 states=12 -> 16
[DP-bwdX] L=144 states=1 -> 1
[DP-bwdX] L=128 states=186 -> 230
[DP-fwdX] L=112 states=12 -> 16
[DP-bwdX] L=112 states=1 -> 1
[DP-bwdX] L=112 states=1 -> 1
[DP-fwdX] L=112 states=1 -> 1
[DP-fwdX] L=112 states=1 -> 1
[DP-fwdX] L=128 states=4 -> 5
[DP-bwdX] L=144 states=1 -> 1
[DP-fwdX] L=128 states=4 -> 5
[DP-bwdX] L=128 states=1 -> 2
[DP-fwdX] L=128 states=1 -> 1
[DP-bwdX] L=144 states=1 -> 1
[DP-bwdX] L=144 states=1 -> 1
[DP-bwdX] L=144 states=1 -> 1
[DP-bwdX] L=144 states=1 -> 1
  [Round 76] T_prime=16  T_target=12  HPWL_w=1224000  HPWL_eq=1203  maxL=25  WNS(T')=-9  WNS*(T)=-13  picked=262  solve_ms=971.189
[OC-Shortest/pow2] m=18 h=8 SEG=4 bits=72 words=2 threads=24
[DP-fwdX] L=0 states=1 -> 1
[DP-fwdX] L=16 states=186 -> 230
[DP-fwdX] L=32 states=2991 -> 3395
[DP-fwdX] L=48 states=14721 -> 15765
[DP-fwdX] L=64 states=30945 -> 31590
[DP-bwdX] L=144 states=1 -> 1
[DP-bwdX] L=128 states=186 -> 230
[DP-bwdX] L=112 states=2991 -> 3395
[DP-bwdX] L=96 states=14721 -> 15765
[DP-bwdX] L=80 states=30945 -> 31590
[DP-fwdX] L=0 states=1 -> 1
[DP-fwdX] L=16 states=186 -> 230
[DP-fwdX] L=32 states=2991 -> 3395
[DP-bwdX] L=64 states=22 -> 29
[DP-bwdX] L=48 states=495 -> 543
[DP-fwdX] L=0 states=1 -> 1
[DP-fwdX] L=16 states=186 -> 230
[DP-bwdX] L=32 states=15 -> 21
[DP-fwdX] L=0 states=1 -> 1
[DP-bwdX] L=16 states=4 -> 6
[DP-fwdX] L=0 states=1 -> 1
[DP-fwdX] L=0 states=1 -> 1
[DP-fwdX] L=0 states=1 -> 1
[DP-bwdX] L=16 states=4 -> 6
[DP-bwdX] L=16 states=4 -> 6
[DP-fwdX] L=16 states=1 -> 3
[DP-bwdX] L=32 states=15 -> 21
[DP-bwdX] L=32 states=15 -> 21
[DP-fwdX] L=32 states=3 -> 6
[DP-fwdX] L=48 states=251 -> 322
[DP-bwdX] L=64 states=22 -> 29
[DP-bwdX] L=48 states=21 -> 27
[DP-fwdX] L=48 states=7 -> 11
[DP-bwdX] L=48 states=2 -> 3
[DP-bwdX] L=64 states=22 -> 29
[DP-fwdX] L=64 states=2 -> 3
[DP-fwdX] L=64 states=2 -> 3
[DP-fwdX] L=80 states=22 -> 29
[DP-fwdX] L=96 states=495 -> 543
[DP-bwdX] L=144 states=1 -> 1
[DP-bwdX] L=128 states=186 -> 230
[DP-bwdX] L=112 states=2991 -> 3395
[DP-fwdX] L=80 states=22 -> 29
[DP-bwdX] L=96 states=251 -> 322
[DP-fwdX] L=80 states=22 -> 29
[DP-bwdX] L=80 states=2 -> 3
[DP-bwdX] L=80 states=2 -> 3
[DP-bwdX] L=80 states=2 -> 3
[DP-fwdX] L=96 states=21 -> 27
[DP-bwdX] L=96 states=7 -> 11
[DP-bwdX] L=96 states=1 -> 1
[DP-fwdX] L=96 states=1 -> 1
[DP-fwdX] L=112 states=15 -> 21
[DP-bwdX] L=144 states=1 -> 1
[DP-bwdX] L=128 states=186 -> 230
[DP-fwdX] L=112 states=15 -> 21
[DP-bwdX] L=112 states=1 -> 2
[DP-bwdX] L=112 states=1 -> 2
[DP-fwdX] L=112 states=1 -> 2
[DP-fwdX] L=112 states=1 -> 2
[DP-fwdX] L=128 states=2 -> 3
[DP-bwdX] L=144 states=1 -> 1
[DP-fwdX] L=128 states=2 -> 3
[DP-bwdX] L=128 states=1 -> 3
[DP-fwdX] L=128 states=1 -> 2
[DP-bwdX] L=144 states=1 -> 1
[DP-bwdX] L=144 states=1 -> 1
[DP-bwdX] L=144 states=1 -> 1
[DP-bwdX] L=144 states=1 -> 1
  [Round 77] T_prime=16  T_target=12  HPWL_w=1224000  HPWL_eq=1206  maxL=21  WNS(T')=-5  WNS*(T)=-9  picked=262  solve_ms=986.069
[OC-Shortest/pow2] m=18 h=8 SEG=4 bits=72 words=2 threads=24
[DP-fwdX] L=0 states=1 -> 1
[DP-fwdX] L=16 states=186 -> 230
[DP-fwdX] L=32 states=2991 -> 3395
[DP-fwdX] L=48 states=14721 -> 15765
[DP-fwdX] L=64 states=30945 -> 31590
[DP-bwdX] L=144 states=1 -> 1
[DP-bwdX] L=128 states=186 -> 230
[DP-bwdX] L=112 states=2991 -> 3395
[DP-bwdX] L=96 states=14721 -> 15765
[DP-bwdX] L=80 states=30945 -> 31590
[DP-fwdX] L=0 states=1 -> 1
[DP-fwdX] L=16 states=186 -> 230
[DP-fwdX] L=32 states=2991 -> 3395
[DP-bwdX] L=64 states=22 -> 29
[DP-bwdX] L=48 states=495 -> 543
[DP-fwdX] L=0 states=1 -> 1
[DP-fwdX] L=16 states=186 -> 230
[DP-bwdX] L=32 states=12 -> 16
[DP-fwdX] L=0 states=1 -> 1
[DP-bwdX] L=16 states=4 -> 5
[DP-fwdX] L=0 states=1 -> 1
[DP-fwdX] L=0 states=1 -> 1
[DP-fwdX] L=0 states=1 -> 1
[DP-bwdX] L=16 states=4 -> 5
[DP-bwdX] L=16 states=4 -> 5
[DP-fwdX] L=16 states=1 -> 2
[DP-bwdX] L=32 states=12 -> 16
[DP-bwdX] L=32 states=12 -> 16
[DP-fwdX] L=32 states=2 -> 3
[DP-fwdX] L=48 states=156 -> 197
[DP-bwdX] L=64 states=22 -> 29
[DP-bwdX] L=48 states=21 -> 27
[DP-fwdX] L=48 states=7 -> 11
[DP-bwdX] L=48 states=2 -> 3
[DP-bwdX] L=64 states=22 -> 29
[DP-fwdX] L=64 states=2 -> 3
[DP-fwdX] L=64 states=2 -> 3
[DP-fwdX] L=80 states=22 -> 29
[DP-fwdX] L=96 states=495 -> 543
[DP-bwdX] L=144 states=1 -> 1
[DP-bwdX] L=128 states=186 -> 230
[DP-bwdX] L=112 states=2991 -> 3395
[DP-fwdX] L=80 states=22 -> 29
[DP-bwdX] L=96 states=156 -> 197
[DP-fwdX] L=80 states=22 -> 29
[DP-bwdX] L=80 states=2 -> 3
[DP-bwdX] L=80 states=2 -> 3
[DP-bwdX] L=80 states=2 -> 3
[DP-fwdX] L=96 states=21 -> 27
[DP-bwdX] L=96 states=7 -> 11
[DP-bwdX] L=96 states=1 -> 1
[DP-fwdX] L=96 states=1 -> 1
[DP-fwdX] L=112 states=12 -> 16
[DP-bwdX] L=144 states=1 -> 1
[DP-bwdX] L=128 states=186 -> 230
[DP-fwdX] L=112 states=12 -> 16
[DP-bwdX] L=112 states=1 -> 1
[DP-bwdX] L=112 states=1 -> 1
[DP-fwdX] L=112 states=1 -> 1
[DP-fwdX] L=112 states=1 -> 1
[DP-fwdX] L=128 states=4 -> 5
[DP-bwdX] L=144 states=1 -> 1
[DP-fwdX] L=128 states=4 -> 5
[DP-bwdX] L=128 states=1 -> 2
[DP-fwdX] L=128 states=1 -> 1
[DP-bwdX] L=144 states=1 -> 1
[DP-bwdX] L=144 states=1 -> 1
[DP-bwdX] L=144 states=1 -> 1
[DP-bwdX] L=144 states=1 -> 1
  [Round 78] T_prime=16  T_target=12  HPWL_w=1224000  HPWL_eq=1203  maxL=25  WNS(T')=-9  WNS*(T)=-13  picked=262  solve_ms=975.759
[OC-Shortest/pow2] m=18 h=8 SEG=4 bits=72 words=2 threads=24
[DP-fwdX] L=0 states=1 -> 1
[DP-fwdX] L=16 states=186 -> 230
[DP-fwdX] L=32 states=2991 -> 3395
[DP-fwdX] L=48 states=14721 -> 15765
[DP-fwdX] L=64 states=30945 -> 31590
[DP-bwdX] L=144 states=1 -> 1
[DP-bwdX] L=128 states=186 -> 230
[DP-bwdX] L=112 states=2991 -> 3395
[DP-bwdX] L=96 states=14721 -> 15765
[DP-bwdX] L=80 states=30945 -> 31590
[DP-fwdX] L=0 states=1 -> 1
[DP-fwdX] L=16 states=186 -> 230
[DP-fwdX] L=32 states=2991 -> 3395
[DP-bwdX] L=64 states=22 -> 29
[DP-bwdX] L=48 states=495 -> 543
[DP-fwdX] L=0 states=1 -> 1
[DP-fwdX] L=16 states=186 -> 230
[DP-bwdX] L=32 states=15 -> 21
[DP-fwdX] L=0 states=1 -> 1
[DP-bwdX] L=16 states=4 -> 6
[DP-fwdX] L=0 states=1 -> 1
[DP-fwdX] L=0 states=1 -> 1
[DP-fwdX] L=0 states=1 -> 1
[DP-bwdX] L=16 states=4 -> 6
[DP-bwdX] L=16 states=4 -> 6
[DP-fwdX] L=16 states=1 -> 3
[DP-bwdX] L=32 states=15 -> 21
[DP-bwdX] L=32 states=15 -> 21
[DP-fwdX] L=32 states=3 -> 6
[DP-fwdX] L=48 states=251 -> 322
[DP-bwdX] L=64 states=22 -> 29
[DP-bwdX] L=48 states=21 -> 27
[DP-fwdX] L=48 states=7 -> 11
[DP-bwdX] L=48 states=2 -> 3
[DP-bwdX] L=64 states=22 -> 29
[DP-fwdX] L=64 states=2 -> 3
[DP-fwdX] L=64 states=2 -> 3
[DP-fwdX] L=80 states=22 -> 29
[DP-fwdX] L=96 states=495 -> 543
[DP-bwdX] L=144 states=1 -> 1
[DP-bwdX] L=128 states=186 -> 230
[DP-bwdX] L=112 states=2991 -> 3395
[DP-fwdX] L=80 states=22 -> 29
[DP-bwdX] L=96 states=251 -> 322
[DP-fwdX] L=80 states=22 -> 29
[DP-bwdX] L=80 states=2 -> 3
[DP-bwdX] L=80 states=2 -> 3
[DP-bwdX] L=80 states=2 -> 3
[DP-fwdX] L=96 states=21 -> 27
[DP-bwdX] L=96 states=7 -> 11
[DP-bwdX] L=96 states=1 -> 1
[DP-fwdX] L=96 states=1 -> 1
[DP-fwdX] L=112 states=15 -> 21
[DP-bwdX] L=144 states=1 -> 1
[DP-bwdX] L=128 states=186 -> 230
[DP-fwdX] L=112 states=15 -> 21
[DP-bwdX] L=112 states=1 -> 2
[DP-bwdX] L=112 states=1 -> 2
[DP-fwdX] L=112 states=1 -> 2
[DP-fwdX] L=112 states=1 -> 2
[DP-fwdX] L=128 states=2 -> 3
[DP-bwdX] L=144 states=1 -> 1
[DP-fwdX] L=128 states=2 -> 3
[DP-bwdX] L=128 states=1 -> 3
[DP-fwdX] L=128 states=1 -> 2
[DP-bwdX] L=144 states=1 -> 1
[DP-bwdX] L=144 states=1 -> 1
[DP-bwdX] L=144 states=1 -> 1
[DP-bwdX] L=144 states=1 -> 1
  [Round 79] T_prime=16  T_target=12  HPWL_w=1224000  HPWL_eq=1206  maxL=21  WNS(T')=-5  WNS*(T)=-9  picked=262  solve_ms=1020.75
[OC-Shortest/pow2] m=18 h=8 SEG=4 bits=72 words=2 threads=24
[DP-fwdX] L=0 states=1 -> 1
[DP-fwdX] L=16 states=186 -> 230
[DP-fwdX] L=32 states=2991 -> 3395
[DP-fwdX] L=48 states=14721 -> 15765
[DP-fwdX] L=64 states=30945 -> 31590
[DP-bwdX] L=144 states=1 -> 1
[DP-bwdX] L=128 states=186 -> 230
[DP-bwdX] L=112 states=2991 -> 3395
[DP-bwdX] L=96 states=14721 -> 15765
[DP-bwdX] L=80 states=30945 -> 31590
[DP-fwdX] L=0 states=1 -> 1
[DP-fwdX] L=16 states=186 -> 230
[DP-fwdX] L=32 states=2991 -> 3395
[DP-bwdX] L=64 states=22 -> 29
[DP-bwdX] L=48 states=495 -> 543
[DP-fwdX] L=0 states=1 -> 1
[DP-fwdX] L=16 states=186 -> 230
[DP-bwdX] L=32 states=12 -> 16
[DP-fwdX] L=0 states=1 -> 1
[DP-bwdX] L=16 states=4 -> 5
[DP-fwdX] L=0 states=1 -> 1
[DP-fwdX] L=0 states=1 -> 1
[DP-fwdX] L=0 states=1 -> 1
[DP-bwdX] L=16 states=4 -> 5
[DP-bwdX] L=16 states=4 -> 5
[DP-fwdX] L=16 states=1 -> 2
[DP-bwdX] L=32 states=12 -> 16
[DP-bwdX] L=32 states=12 -> 16
[DP-fwdX] L=32 states=2 -> 3
[DP-fwdX] L=48 states=156 -> 197
[DP-bwdX] L=64 states=22 -> 29
[DP-bwdX] L=48 states=21 -> 27
[DP-fwdX] L=48 states=7 -> 11
[DP-bwdX] L=48 states=2 -> 3
[DP-bwdX] L=64 states=22 -> 29
[DP-fwdX] L=64 states=2 -> 3
[DP-fwdX] L=64 states=2 -> 3
[DP-fwdX] L=80 states=22 -> 29
[DP-fwdX] L=96 states=495 -> 543
[DP-bwdX] L=144 states=1 -> 1
[DP-bwdX] L=128 states=186 -> 230
[DP-bwdX] L=112 states=2991 -> 3395
[DP-fwdX] L=80 states=22 -> 29
[DP-bwdX] L=96 states=156 -> 197
[DP-fwdX] L=80 states=22 -> 29
[DP-bwdX] L=80 states=2 -> 3
[DP-bwdX] L=80 states=2 -> 3
[DP-bwdX] L=80 states=2 -> 3
[DP-fwdX] L=96 states=21 -> 27
[DP-bwdX] L=96 states=7 -> 11
[DP-bwdX] L=96 states=1 -> 1
[DP-fwdX] L=96 states=1 -> 1
[DP-fwdX] L=112 states=12 -> 16
[DP-bwdX] L=144 states=1 -> 1
[DP-bwdX] L=128 states=186 -> 230
[DP-fwdX] L=112 states=12 -> 16
[DP-bwdX] L=112 states=1 -> 1
[DP-bwdX] L=112 states=1 -> 1
[DP-fwdX] L=112 states=1 -> 1
[DP-fwdX] L=112 states=1 -> 1
[DP-fwdX] L=128 states=4 -> 5
[DP-bwdX] L=144 states=1 -> 1
[DP-fwdX] L=128 states=4 -> 5
[DP-bwdX] L=128 states=1 -> 2
[DP-fwdX] L=128 states=1 -> 1
[DP-bwdX] L=144 states=1 -> 1
[DP-bwdX] L=144 states=1 -> 1
[DP-bwdX] L=144 states=1 -> 1
[DP-bwdX] L=144 states=1 -> 1
  [Round 80] T_prime=16  T_target=12  HPWL_w=1224000  HPWL_eq=1203  maxL=25  WNS(T')=-9  WNS*(T)=-13  picked=262  solve_ms=968.901
[Policy] wrote placement to: placement18_Col_1_T_12.txt
